from_node ID,to_node ID,Distance (miles),Time (minutes)
1,2,11.13,26.72
2,1,11.13,26.72
1,5,43.64,104.75
5,1,43.64,104.75
1,10,41.35,99.23
10,1,41.35,99.23
1,11,22.91,54.98
11,1,22.91,54.98
1,12,30.65,73.57
12,1,30.65,73.57
1,13,35.29,84.7
13,1,35.29,84.7
1,16,40.93,98.23
16,1,40.93,98.23
1,17,52.24,125.38
17,1,52.24,125.38
1,19,36.0,86.4
19,1,36.0,86.4
1,20,27.43,65.84
20,1,27.43,65.84
1,21,32.0,76.79
21,1,32.0,76.79
1,23,21.73,52.16
23,1,21.73,52.16
1,27,29.55,70.92
27,1,29.55,70.92
1,28,41.78,100.28
28,1,41.78,100.28
1,29,44.92,107.8
29,1,44.92,107.8
1,30,24.29,58.3
30,1,24.29,58.3
1,31,21.82,52.36
31,1,21.82,52.36
1,32,54.11,129.87
32,1,54.11,129.87
1,33,53.63,128.71
33,1,53.63,128.71
1,37,44.19,106.06
37,1,44.19,106.06
1,41,8.84,21.23
41,1,8.84,21.23
1,43,15.03,36.08
43,1,15.03,36.08
1,44,19.52,46.84
44,1,19.52,46.84
1,45,35.86,86.06
45,1,35.86,86.06
1,46,35.72,85.73
46,1,35.72,85.73
1,50,46.8,112.32
50,1,46.8,112.32
1,52,25.57,61.37
52,1,25.57,61.37
1,56,41.95,100.68
56,1,41.95,100.68
1,57,30.67,73.61
57,1,30.67,73.61
1,61,58.27,139.85
61,1,58.27,139.85
1,65,28.93,69.43
65,1,28.93,69.43
1,66,17.39,41.74
66,1,17.39,41.74
1,67,40.93,98.23
67,1,40.93,98.23
1,68,20.72,49.72
68,1,20.72,49.72
1,69,26.7,64.08
69,1,26.7,64.08
1,70,20.01,48.03
70,1,20.01,48.03
1,73,9.34,22.42
73,1,9.34,22.42
1,74,22.08,53.0
74,1,22.08,53.0
1,75,29.96,71.89
75,1,29.96,71.89
1,76,65.5,157.2
76,1,65.5,157.2
1,77,21.7,52.09
77,1,21.7,52.09
1,79,24.78,59.46
79,1,24.78,59.46
1,82,30.74,73.78
82,1,30.74,73.78
1,83,74.85,179.65
83,1,74.85,179.65
1,84,55.96,134.32
84,1,55.96,134.32
1,86,59.1,141.84
86,1,59.1,141.84
1,87,48.13,115.5
87,1,48.13,115.5
1,97,43.21,103.71
97,1,43.21,103.71
1,98,49.91,119.79
98,1,49.91,119.79
1,105,15.59,37.42
105,1,15.59,37.42
1,106,49.76,119.44
106,1,49.76,119.44
1,109,17.48,41.96
109,1,17.48,41.96
1,110,34.45,82.68
110,1,34.45,82.68
1,111,29.28,70.26
111,1,29.28,70.26
1,113,38.06,91.34
113,1,38.06,91.34
1,118,4.33,10.4
118,1,4.33,10.4
1,119,11.03,26.48
119,1,11.03,26.48
1,123,64.29,154.29
123,1,64.29,154.29
1,128,61.61,147.87
128,1,61.61,147.87
1,129,47.82,114.77
129,1,47.82,114.77
1,132,49.38,118.52
132,1,49.38,118.52
1,133,43.65,104.75
133,1,43.65,104.75
1,134,55.76,133.83
134,1,55.76,133.83
1,138,26.56,63.75
138,1,26.56,63.75
1,142,76.45,183.49
142,1,76.45,183.49
1,143,53.24,127.79
143,1,53.24,127.79
1,144,47.25,113.4
144,1,47.25,113.4
1,146,23.97,57.53
146,1,23.97,57.53
1,147,33.29,79.9
147,1,33.29,79.9
2,5,42.81,102.75
5,2,42.81,102.75
2,10,37.26,89.42
10,2,37.26,89.42
2,11,19.92,47.82
11,2,19.92,47.82
2,12,27.62,66.28
12,2,27.62,66.28
2,13,29.82,71.57
13,2,29.82,71.57
2,16,45.19,108.45
16,2,45.19,108.45
2,17,55.5,133.2
17,2,55.5,133.2
2,19,42.97,103.14
19,2,42.97,103.14
2,20,33.07,79.37
20,2,33.07,79.37
2,21,37.9,90.96
21,2,37.9,90.96
2,23,29.15,69.96
23,2,29.15,69.96
2,27,24.22,58.14
27,2,24.22,58.14
2,28,44.82,107.57
28,2,44.82,107.57
2,29,47.42,113.82
29,2,47.42,113.82
2,30,34.16,81.98
30,2,34.16,81.98
2,31,32.1,77.05
31,2,32.1,77.05
2,32,59.39,142.54
32,2,59.39,142.54
2,33,53.91,129.38
33,2,53.91,129.38
2,37,52.08,124.99
37,2,52.08,124.99
2,41,13.18,31.64
41,2,13.18,31.64
2,43,5.88,14.1
43,2,5.88,14.1
2,44,14.34,34.41
44,2,14.34,34.41
2,45,36.72,88.12
45,2,36.72,88.12
2,46,37.97,91.13
46,2,37.97,91.13
2,50,50.43,121.04
50,2,50.43,121.04
2,52,17.3,41.53
52,2,17.3,41.53
2,56,52.12,125.08
56,2,52.12,125.08
2,57,41.17,98.8
57,2,41.17,98.8
2,61,57.53,138.07
61,2,57.53,138.07
2,65,31.84,76.41
65,2,31.84,76.41
2,66,25.93,62.23
66,2,25.93,62.23
2,67,35.77,85.84
67,2,35.77,85.84
2,68,12.39,29.75
68,2,12.39,29.75
2,69,16.99,40.78
69,2,16.99,40.78
2,70,9.59,23.02
70,2,9.59,23.02
2,73,7.37,17.68
73,2,7.37,17.68
2,74,21.88,52.51
74,2,21.88,52.51
2,75,19.05,45.73
75,2,19.05,45.73
2,76,71.55,171.72
76,2,71.55,171.72
2,77,24.51,58.83
77,2,24.51,58.83
2,79,13.73,32.96
79,2,13.73,32.96
2,82,32.33,77.58
82,2,32.33,77.58
2,83,79.77,191.46
83,2,79.77,191.46
2,84,53.91,129.39
84,2,53.91,129.39
2,86,65.35,156.85
86,2,65.35,156.85
2,87,56.41,135.39
87,2,56.41,135.39
2,97,36.51,87.61
97,2,36.51,87.61
2,98,58.68,140.83
98,2,58.68,140.83
2,105,18.92,45.41
105,2,18.92,45.41
2,106,44.3,106.31
106,2,44.3,106.31
2,109,28.4,68.17
109,2,28.4,68.17
2,110,23.33,55.98
110,2,23.33,55.98
2,111,40.26,96.62
111,2,40.26,96.62
2,113,26.93,64.63
113,2,26.93,64.63
2,118,9.22,22.13
118,2,9.22,22.13
2,119,21.64,51.93
119,2,21.64,51.93
2,123,59.86,143.66
123,2,59.86,143.66
2,128,57.43,137.84
128,2,57.43,137.84
2,129,49.07,117.78
129,2,49.07,117.78
2,132,47.73,114.56
132,2,47.73,114.56
2,133,50.07,120.18
133,2,50.07,120.18
2,134,56.54,135.7
134,2,56.54,135.7
2,138,37.69,90.46
138,2,37.69,90.46
2,142,81.28,195.08
142,2,81.28,195.08
2,143,56.51,135.63
143,2,56.51,135.63
2,144,48.45,116.28
144,2,48.45,116.28
2,146,35.09,84.22
146,2,35.09,84.22
2,147,44.41,106.58
147,2,44.41,106.58
5,10,13.0,31.19
10,5,13.0,31.19
5,11,22.97,55.12
11,5,22.97,55.12
5,12,15.95,38.29
12,5,15.95,38.29
5,13,19.57,46.97
13,5,19.57,46.97
5,16,19.97,47.93
16,5,19.97,47.93
5,17,20.8,49.92
17,5,20.8,49.92
5,19,30.55,73.32
19,5,30.55,73.32
5,20,24.56,58.95
20,5,24.56,58.95
5,21,25.61,61.46
21,5,25.61,61.46
5,23,30.64,73.55
23,5,30.64,73.55
5,27,21.88,52.52
27,5,21.88,52.52
5,28,15.1,36.25
28,5,15.1,36.25
5,29,13.76,33.04
29,5,13.76,33.04
5,30,40.62,97.5
30,5,40.62,97.5
5,31,42.22,101.34
31,5,42.22,101.34
5,32,30.95,74.28
32,5,30.95,74.28
5,33,11.65,27.95
33,5,11.65,27.95
5,37,38.42,92.2
37,5,38.42,92.2
5,41,34.82,83.56
41,5,34.82,83.56
5,43,38.1,91.44
43,5,38.1,91.44
5,44,28.98,69.54
44,5,28.98,69.54
5,45,9.24,22.18
45,5,9.24,22.18
5,46,12.81,30.76
46,5,12.81,30.76
5,50,19.31,46.35
50,5,19.31,46.35
5,52,31.55,75.72
52,5,31.55,75.72
5,56,51.93,124.62
56,5,51.93,124.62
5,57,47.69,114.48
57,5,47.69,114.48
5,61,14.77,35.44
61,5,14.77,35.44
5,65,16.94,40.67
65,5,16.94,40.67
5,66,34.56,82.95
66,5,34.56,82.95
5,67,17.19,41.26
67,5,17.19,41.26
5,68,33.67,80.8
68,5,33.67,80.8
5,69,36.06,86.56
69,5,36.06,86.56
5,70,39.39,94.53
70,5,39.39,94.53
5,73,36.66,87.98
73,5,36.66,87.98
5,74,21.67,52.01
74,5,21.67,52.01
5,75,42.26,101.44
75,5,42.26,101.44
5,76,43.02,103.25
76,5,43.02,103.25
5,77,22.82,54.77
77,5,22.82,54.77
5,79,43.43,104.23
79,5,43.43,104.23
5,82,13.7,32.89
82,5,13.7,32.89
5,83,45.78,109.88
83,5,45.78,109.88
5,84,12.96,31.11
84,5,12.96,31.11
5,86,39.12,93.9
86,5,39.12,93.9
5,87,42.89,102.93
87,5,42.89,102.93
5,97,23.47,56.33
97,5,23.47,56.33
5,98,46.95,112.68
98,5,46.95,112.68
5,105,28.43,68.23
105,5,28.43,68.23
5,106,19.99,47.98
106,5,19.99,47.98
5,109,45.43,109.05
109,5,45.43,109.05
5,110,48.27,115.85
110,5,48.27,115.85
5,111,52.0,124.82
111,5,52.0,124.82
5,113,51.23,122.95
113,5,51.23,122.95
5,118,39.76,95.43
118,5,39.76,95.43
5,119,49.53,118.88
119,5,49.53,118.88
5,123,25.62,61.49
123,5,25.62,61.49
5,128,22.67,54.41
128,5,22.67,54.41
5,129,10.06,24.13
129,5,10.06,24.13
5,132,6.35,15.24
132,5,6.35,15.24
5,133,30.64,73.54
133,5,30.64,73.54
5,134,14.84,35.61
134,5,14.84,35.61
5,138,55.07,132.19
138,5,55.07,132.19
5,142,46.82,112.38
142,5,46.82,112.38
5,143,21.5,51.61
143,5,21.5,51.61
5,144,9.5,22.81
144,5,9.5,22.81
5,146,53.89,129.36
146,5,53.89,129.36
5,147,57.82,138.78
147,5,57.82,138.78
10,11,18.44,44.26
11,10,18.44,44.26
10,12,10.83,26.0
12,10,10.83,26.0
10,13,8.4,20.16
13,10,8.4,20.16
10,16,31.09,74.61
16,10,31.09,74.61
10,17,33.75,81.0
17,10,33.75,81.0
10,19,39.6,95.04
19,10,39.6,95.04
10,20,31.58,75.78
20,10,31.58,75.78
10,21,33.7,80.88
21,10,33.7,80.88
10,23,36.03,86.46
23,10,36.03,86.46
10,27,13.18,31.63
27,10,13.18,31.63
10,28,26.75,64.2
28,10,26.75,64.2
10,29,26.25,63.01
29,10,26.25,63.01
10,30,46.4,111.35
30,10,46.4,111.35
10,31,47.22,113.33
31,10,47.22,113.33
10,32,43.53,104.47
32,10,43.53,104.47
10,33,23.4,56.17
33,10,23.4,56.17
10,37,48.62,116.69
37,10,48.62,116.69
10,41,33.22,79.72
41,10,33.22,79.72
10,43,31.7,76.07
43,10,31.7,76.07
10,44,22.99,55.18
44,10,22.99,55.18
10,45,17.26,41.42
45,10,17.26,41.42
10,46,21.91,52.57
46,10,21.91,52.57
10,50,31.75,76.21
50,10,31.75,76.21
10,52,22.37,53.68
52,10,22.37,53.68
10,56,59.91,143.79
56,10,59.91,143.79
10,57,54.11,129.87
57,10,54.11,129.87
10,61,23.8,57.12
61,10,23.8,57.12
10,65,23.55,56.53
65,10,23.55,56.53
10,66,38.49,92.39
66,10,38.49,92.39
10,67,4.22,10.13
67,10,4.22,10.13
10,68,25.91,62.2
68,10,25.91,62.2
10,69,26.25,63.01
69,10,26.25,63.01
10,70,31.36,75.28
70,10,31.36,75.28
10,73,32.73,78.54
73,10,32.73,78.54
10,74,20.49,49.17
74,10,20.49,49.17
10,75,31.99,76.77
75,10,31.99,76.77
10,76,55.85,134.04
76,10,55.85,134.04
10,77,24.91,59.78
77,10,24.91,59.78
10,79,33.97,81.51
79,10,33.97,81.51
10,82,19.7,47.29
82,10,19.7,47.29
10,83,58.74,140.98
83,10,58.74,140.98
10,84,18.06,43.34
84,10,18.06,43.34
10,86,51.65,123.97
86,10,51.65,123.97
10,87,53.37,128.07
87,10,53.37,128.07
10,97,10.65,25.57
97,10,10.65,25.57
10,98,57.28,137.46
98,10,57.28,137.46
10,105,28.44,68.25
105,10,28.44,68.25
10,106,9.76,23.42
106,10,9.76,23.42
10,109,48.81,117.15
109,10,48.81,117.15
10,110,37.95,91.09
110,10,37.95,91.09
10,111,57.55,138.11
111,10,57.55,138.11
10,113,39.81,95.54
113,10,39.81,95.54
10,118,37.06,88.94
118,10,37.06,88.94
10,119,50.04,120.08
119,10,50.04,120.08
10,123,22.95,55.09
123,10,22.95,55.09
10,128,20.34,48.82
128,10,20.34,48.82
10,129,23.05,55.32
129,10,23.05,55.32
10,132,13.61,32.67
132,10,13.61,32.67
10,133,41.53,99.67
133,10,41.53,99.67
10,134,26.84,64.42
134,10,26.84,64.42
10,138,59.37,142.49
138,10,59.37,142.49
10,142,59.75,143.41
142,10,59.75,143.41
10,143,34.48,82.75
143,10,34.48,82.75
10,144,22.5,53.99
144,10,22.5,53.99
10,146,57.68,138.44
146,10,57.68,138.44
10,147,63.33,151.99
147,10,63.33,151.99
11,12,7.9,18.97
12,11,7.9,18.97
11,13,13.02,31.25
13,11,13.02,31.25
11,16,29.58,70.99
16,11,29.58,70.99
11,17,37.99,91.17
17,11,37.99,91.17
11,19,32.26,77.42
19,11,32.26,77.42
11,20,21.83,52.39
20,11,21.83,52.39
11,21,26.01,62.42
21,11,26.01,62.42
11,23,22.74,54.58
23,11,22.74,54.58
11,27,7.79,18.7
27,11,7.79,18.7
11,28,27.67,66.42
28,11,27.67,66.42
11,29,29.54,70.9
29,11,29.54,70.9
11,30,32.34,77.62
30,11,32.34,77.62
11,31,32.19,77.27
31,11,32.19,77.27
11,32,44.22,106.12
32,11,44.22,106.12
11,33,34.28,82.27
33,11,34.28,82.27
11,37,42.18,101.24
37,11,42.18,101.24
11,41,15.02,36.04
41,11,15.02,36.04
11,43,15.16,36.39
43,11,15.16,36.39
11,44,6.16,14.77
44,11,6.16,14.77
11,45,17.99,43.18
45,11,17.99,43.18
11,46,20.55,49.32
46,11,20.55,49.32
11,50,33.6,80.64
50,11,33.6,80.64
11,52,11.84,28.42
52,11,11.84,28.42
11,56,48.71,116.91
56,11,48.71,116.91
11,57,40.44,97.05
57,11,40.44,97.05
11,61,37.63,90.3
61,11,37.63,90.3
11,65,16.33,39.18
65,11,16.33,39.18
11,66,23.28,55.86
66,11,23.28,55.86
11,67,18.23,43.76
67,11,18.23,43.76
11,68,11.65,27.95
68,11,11.65,27.95
11,69,16.4,39.36
69,11,16.4,39.36
11,70,17.14,41.14
70,11,17.14,41.14
11,73,14.43,34.64
73,11,14.43,34.64
11,74,5.51,13.22
74,11,5.51,13.22
11,75,22.77,54.65
75,11,22.77,54.65
11,76,56.99,136.77
76,11,56.99,136.77
11,77,11.71,28.09
77,11,11.71,28.09
11,79,22.09,53.02
79,11,22.09,53.02
11,82,14.88,35.71
82,11,14.88,35.71
11,83,63.39,152.14
83,11,63.39,152.14
11,84,34.08,81.79
84,11,34.08,81.79
11,86,51.38,123.3
86,11,51.38,123.3
11,87,47.03,112.88
87,11,47.03,112.88
11,97,21.63,51.91
97,11,21.63,51.91
11,98,50.31,120.75
98,11,50.31,120.75
11,105,11.74,28.17
105,11,11.74,28.17
11,106,27.06,64.94
106,11,27.06,64.94
11,109,32.29,77.5
109,11,32.29,77.5
11,110,28.78,69.06
110,11,28.78,69.06
11,111,42.53,102.08
111,11,42.53,102.08
11,113,32.17,77.2
113,11,32.17,77.2
11,118,18.62,44.68
118,11,18.62,44.68
11,119,32.54,78.1
119,11,32.54,78.1
11,123,41.39,99.34
123,11,41.39,99.34
11,128,38.74,92.98
128,11,38.74,92.98
11,129,30.06,72.15
129,11,30.06,72.15
11,132,27.82,66.77
132,11,27.82,66.77
11,133,37.44,89.86
133,11,37.44,89.86
11,134,37.1,89.05
134,11,37.1,89.05
11,138,43.09,103.42
138,11,43.09,103.42
11,142,64.75,155.41
142,11,64.75,155.41
11,143,38.96,93.52
143,11,38.96,93.52
11,144,29.42,70.6
144,11,29.42,70.6
11,146,41.08,98.6
146,11,41.08,98.6
11,147,48.06,115.34
147,11,48.06,115.34
12,13,8.07,19.36
13,12,8.07,19.36
12,16,27.19,65.25
16,12,27.19,65.25
12,17,33.55,80.52
17,12,33.55,80.52
12,19,32.83,78.79
19,12,32.83,78.79
12,20,23.35,56.04
20,12,23.35,56.04
12,21,26.55,63.71
21,12,26.55,63.71
12,23,26.48,63.56
23,12,26.48,63.56
12,27,6.6,15.83
27,12,6.6,15.83
12,28,24.11,57.86
28,12,24.11,57.86
12,29,25.12,60.29
29,12,25.12,60.29
12,30,36.73,88.15
30,12,36.73,88.15
12,31,37.19,89.27
31,12,37.19,89.27
12,32,41.35,99.24
32,12,41.35,99.24
12,33,27.57,66.16
33,12,27.57,66.16
12,37,42.53,102.07
37,12,42.53,102.07
12,41,22.4,53.76
41,12,22.4,53.76
12,43,22.49,53.98
43,12,22.49,53.98
12,44,13.36,32.07
44,12,13.36,32.07
12,45,13.55,32.53
45,12,13.55,32.53
12,46,17.44,41.85
46,12,17.44,41.85
12,50,29.94,71.86
50,12,29.94,71.86
12,52,15.8,37.92
52,12,15.8,37.92
12,56,51.62,123.88
56,12,51.62,123.88
12,57,44.68,107.22
57,12,44.68,107.22
12,61,30.27,72.64
61,12,30.27,72.64
12,65,15.94,38.26
65,12,15.94,38.26
12,66,28.31,67.95
66,12,28.31,67.95
12,67,11.57,27.78
67,12,11.57,27.78
12,68,17.72,42.53
68,12,17.72,42.53
12,69,20.45,49.07
69,12,20.45,49.07
12,70,23.44,56.26
70,12,23.44,56.26
12,73,22.33,53.61
73,12,22.33,53.61
12,74,9.8,23.52
74,12,9.8,23.52
12,75,26.77,64.27
75,12,26.77,64.27
12,76,54.15,129.96
76,12,54.15,129.96
12,77,14.95,35.89
77,12,14.95,35.89
12,79,27.54,66.1
79,12,27.54,66.1
12,82,12.85,30.84
82,12,12.85,30.84
12,83,59.24,142.18
83,12,59.24,142.18
12,84,26.3,63.12
84,12,26.3,63.12
12,86,49.05,117.73
86,12,49.05,117.73
12,87,47.41,113.77
87,12,47.41,113.77
12,97,16.55,39.72
97,12,16.55,39.72
12,98,51.04,122.5
98,12,51.04,122.5
12,105,17.73,42.55
105,12,17.73,42.55
12,106,20.07,48.17
106,12,20.07,48.17
12,109,38.3,91.93
109,12,38.3,91.93
12,110,32.78,78.68
110,12,32.78,78.68
12,111,47.6,114.24
111,12,47.6,114.24
12,113,36.17,86.82
113,12,36.17,86.82
12,118,26.41,63.37
118,12,26.41,63.37
12,119,39.27,94.23
119,12,39.27,94.23
12,123,33.67,80.8
123,12,33.67,80.8
12,128,30.96,74.31
128,12,30.96,74.31
12,129,24.34,58.41
129,12,24.34,58.41
12,132,20.21,48.5
132,12,20.21,48.5
12,133,36.54,87.69
133,12,36.54,87.69
12,134,30.63,73.52
134,12,30.63,73.52
12,138,48.98,117.55
138,12,48.98,117.55
12,142,60.49,145.16
142,12,60.49,145.16
12,143,34.46,82.7
143,12,34.46,82.7
12,144,23.69,56.85
144,12,23.69,56.85
12,146,47.18,113.24
146,12,47.18,113.24
12,147,53.31,127.96
147,12,53.31,127.96
13,16,34.46,82.71
16,13,34.46,82.71
13,17,39.41,94.58
17,13,39.41,94.58
13,19,40.83,98.0
19,13,40.83,98.0
13,20,31.41,75.4
20,13,31.41,75.4
13,21,34.57,82.97
21,13,34.57,82.97
13,23,34.28,82.27
23,13,34.28,82.27
13,27,5.77,13.84
27,13,5.77,13.84
13,28,30.87,74.1
28,13,30.87,74.1
13,29,31.27,75.04
29,13,31.27,75.04
13,30,44.4,106.57
30,13,44.4,106.57
13,31,44.64,107.14
31,13,44.64,107.14
13,32,48.15,115.56
32,13,48.15,115.56
13,33,30.87,74.09
33,13,30.87,74.09
13,37,50.46,121.11
37,13,50.46,121.11
13,41,27.93,67.02
41,13,27.93,67.02
13,43,24.07,57.76
43,13,24.07,57.76
13,44,16.0,38.41
44,13,16.0,38.41
13,45,20.38,48.91
45,13,20.38,48.91
13,46,24.71,59.31
46,13,24.71,59.31
13,50,36.47,87.53
50,13,36.47,87.53
13,52,14.06,33.76
52,13,14.06,33.76
13,56,59.64,143.13
56,13,59.64,143.13
13,57,52.42,125.81
57,13,52.42,125.81
13,61,31.97,76.73
61,13,31.97,76.73
13,65,23.96,57.51
65,13,23.96,57.51
13,66,35.69,85.67
66,13,35.69,85.67
13,67,5.95,14.29
67,13,5.95,14.29
13,68,17.95,43.08
68,13,17.95,43.08
13,69,17.85,42.85
69,13,17.85,42.85
13,70,23.21,55.69
70,13,23.21,55.69
13,73,26.19,62.87
73,13,26.19,62.87
13,74,16.97,40.73
74,13,16.97,40.73
13,75,23.61,56.68
75,13,23.61,56.68
13,76,60.83,146.0
76,13,60.83,146.0
13,77,22.71,54.49
77,13,22.71,54.49
13,79,25.59,61.42
79,13,25.59,61.42
13,82,20.69,49.65
82,13,20.69,49.65
13,83,64.95,155.88
83,13,64.95,155.88
13,84,26.45,63.49
84,13,26.45,63.49
13,86,56.06,134.55
86,13,56.06,134.55
13,87,55.33,132.79
87,13,55.33,132.79
13,97,8.76,21.03
97,13,8.76,21.03
13,98,59.02,141.64
98,13,59.02,141.64
13,105,24.51,58.82
105,13,24.51,58.82
13,106,14.59,35.01
106,13,14.59,35.01
13,109,45.19,108.47
109,13,45.19,108.47
13,110,29.62,71.09
110,13,29.62,71.09
13,111,55.04,132.11
111,13,55.04,132.11
13,113,31.83,76.39
113,13,31.83,76.39
13,118,30.96,74.3
118,13,30.96,74.3
13,119,45.39,108.93
119,13,45.39,108.93
13,123,30.06,72.16
123,13,30.06,72.16
13,128,27.73,66.55
128,13,27.73,66.55
13,129,29.27,70.24
129,13,29.27,70.24
13,132,21.65,51.96
132,13,21.65,51.96
13,133,44.22,106.12
133,13,44.22,106.12
13,134,34.23,82.15
134,13,34.23,82.15
13,138,55.98,134.34
138,13,55.98,134.34
13,142,66.08,158.59
142,13,66.08,158.59
13,143,40.24,96.58
143,13,40.24,96.58
13,144,28.65,68.76
144,13,28.65,68.76
13,146,54.03,129.67
146,13,54.03,129.67
13,147,60.68,145.64
147,13,60.68,145.64
16,17,11.81,28.34
17,16,11.81,28.34
16,19,12.21,29.31
19,16,12.21,29.31
16,20,13.86,33.25
20,16,13.86,33.25
16,21,10.41,24.97
21,16,10.41,24.97
16,23,20.94,50.26
23,16,20.94,50.26
16,27,32.57,78.17
27,16,32.57,78.17
16,28,5.02,12.05
28,16,5.02,12.05
16,29,7.99,19.18
29,16,7.99,19.18
16,30,27.82,66.76
30,16,27.82,66.76
16,31,30.55,73.32
31,16,30.55,73.32
16,32,14.66,35.17
32,16,14.66,35.17
16,33,20.62,49.5
33,16,20.62,49.5
16,37,18.55,44.52
37,16,18.55,44.52
16,41,33.02,79.26
41,16,33.02,79.26
16,43,42.58,102.2
43,16,42.58,102.2
16,44,35.11,84.27
44,16,35.11,84.27
16,45,14.15,33.97
45,16,14.15,33.97
16,46,9.77,23.46
46,16,9.77,23.46
16,50,6.23,14.96
50,16,6.23,14.96
16,52,40.82,97.95
52,16,40.82,97.95
16,56,33.45,80.29
56,16,33.45,80.29
16,57,32.66,78.38
57,16,32.66,78.38
16,61,27.19,65.25
61,16,27.19,65.25
16,65,13.62,32.69
65,16,13.62,32.69
16,66,26.01,62.43
66,16,26.01,62.43
16,67,34.33,82.38
67,16,34.33,82.38
16,68,40.97,98.35
68,16,40.97,98.35
16,69,45.53,109.25
69,16,45.53,109.25
16,70,46.03,110.47
70,16,46.03,110.47
16,73,37.85,90.83
73,16,37.85,90.83
16,74,24.81,59.54
74,16,24.81,59.54
16,75,51.94,124.64
75,16,51.94,124.64
16,76,27.41,65.79
76,16,27.41,65.79
16,77,20.69,49.67
77,16,20.69,49.67
16,79,51.41,123.4
79,16,51.41,123.4
16,82,14.82,35.58
82,16,14.82,35.58
16,83,34.59,83.02
83,16,34.59,83.02
16,84,30.18,72.44
84,16,30.18,72.44
16,86,21.95,52.67
86,16,21.95,52.67
16,87,22.93,55.02
87,16,22.93,55.02
16,97,40.65,97.56
97,16,40.65,97.56
16,98,27.0,64.81
98,16,27.0,64.81
16,105,26.41,63.37
105,16,26.41,63.37
16,106,39.6,95.03
106,16,39.6,95.03
16,109,35.67,85.6
109,16,35.67,85.6
16,110,57.95,139.05
110,16,57.95,139.05
16,111,38.26,91.83
111,16,38.26,91.83
16,113,61.34,147.19
113,16,61.34,147.19
16,118,38.42,92.21
118,16,38.42,92.21
16,119,44.14,105.93
119,16,44.14,105.93
16,123,44.65,107.16
123,16,44.65,107.16
16,128,41.79,100.3
128,16,41.79,100.3
16,129,13.83,33.2
129,16,13.83,33.2
16,132,25.07,60.16
132,16,25.07,60.16
16,133,10.68,25.62
133,16,10.68,25.62
16,134,20.55,49.31
134,16,20.55,49.31
16,138,43.04,103.3
138,16,43.04,103.3
16,142,36.1,86.63
142,16,36.1,86.63
16,143,12.75,30.61
143,16,12.75,30.61
16,144,13.75,33.01
144,16,13.75,33.01
16,146,42.67,102.4
146,16,42.67,102.4
16,147,43.69,104.86
147,16,43.69,104.86
17,19,22.63,54.31
19,17,22.63,54.31
17,20,25.6,61.44
20,17,25.6,61.44
17,21,22.16,53.19
21,17,22.16,53.19
17,23,32.74,78.59
23,17,32.74,78.59
17,27,39.23,94.18
27,17,39.23,94.18
17,28,10.68,25.63
28,17,10.68,25.63
17,29,8.49,20.37
29,17,8.49,20.37
17,30,39.29,94.29
30,17,39.29,94.29
17,31,42.15,101.16
31,17,42.15,101.16
17,32,11.27,27.05
32,17,11.27,27.05
17,33,14.6,35.03
33,17,14.6,35.03
17,37,25.36,60.87
37,17,25.36,60.87
17,41,44.01,105.61
41,17,44.01,105.61
17,43,50.75,121.82
43,17,50.75,121.82
17,44,42.29,101.51
44,17,42.29,101.51
17,45,20.19,48.46
45,17,20.19,48.46
17,46,17.65,42.35
46,17,17.65,42.35
17,50,5.59,13.41
50,17,5.59,13.41
17,52,47.48,113.96
52,17,47.48,113.96
17,56,42.16,101.19
56,17,42.16,101.19
17,57,43.39,104.13
57,17,43.39,104.13
17,61,20.6,49.44
61,17,20.6,49.44
17,65,23.73,56.96
65,17,23.73,56.96
17,66,37.81,90.75
66,17,37.81,90.75
17,67,37.9,90.96
67,17,37.9,90.96
17,68,47.92,115.03
68,17,47.92,115.03
17,69,52.19,125.26
69,17,52.19,125.26
17,70,53.36,128.08
70,17,53.36,128.08
17,73,47.58,114.19
73,17,47.58,114.19
17,74,32.64,78.36
74,17,32.64,78.36
17,75,58.6,140.65
75,17,58.6,140.65
17,76,22.33,53.6
76,17,22.33,53.6
17,77,31.16,74.79
77,17,31.16,74.79
17,79,58.36,140.07
79,17,58.36,140.07
17,82,22.52,54.06
82,17,22.52,54.06
17,83,25.7,61.67
83,17,25.7,61.67
17,84,26.01,62.43
84,17,26.01,62.43
17,86,19.19,46.07
86,17,19.19,46.07
17,87,28.43,68.24
87,17,28.43,68.24
17,97,44.24,106.18
97,17,44.24,106.18
17,98,32.42,77.81
98,17,32.42,77.81
17,105,37.19,89.26
105,17,37.19,89.26
17,106,40.28,96.67
106,17,40.28,96.67
17,109,47.42,113.82
109,17,47.42,113.82
17,110,64.61,155.06
110,17,64.61,155.06
17,111,49.26,118.23
111,17,49.26,118.23
17,113,68.0,163.2
113,17,68.0,163.2
17,118,49.44,118.67
118,17,49.44,118.67
17,119,55.92,134.2
119,17,55.92,134.2
17,123,40.84,98.01
123,17,40.84,98.01
17,128,38.29,91.9
128,17,38.29,91.9
17,129,10.86,26.06
129,17,10.86,26.06
17,132,23.23,55.75
132,17,23.23,55.75
17,133,17.4,41.75
133,17,17.4,41.75
17,134,12.65,30.35
134,17,12.65,30.35
17,138,54.4,130.56
138,17,54.4,130.56
17,142,26.95,64.67
142,17,26.95,64.67
17,143,1.01,2.43
143,17,1.01,2.43
17,144,11.34,27.23
144,17,11.34,27.23
17,146,54.18,130.04
146,17,54.18,130.04
17,147,54.46,130.69
147,17,54.46,130.69
19,20,10.59,25.41
20,19,10.59,25.41
19,21,6.33,15.18
21,19,6.33,15.18
19,23,14.27,34.24
23,19,14.27,34.24
19,27,38.32,91.96
27,19,38.32,91.96
19,28,16.88,40.52
28,19,16.88,40.52
19,29,20.17,48.41
29,19,20.17,48.41
19,30,17.22,41.34
30,19,17.22,41.34
19,31,20.38,48.9
31,19,20.38,48.9
19,32,19.37,46.49
32,19,19.37,46.49
19,33,32.81,78.74
33,19,32.81,78.74
19,37,9.92,23.82
37,19,9.92,23.82
19,41,29.83,71.59
41,19,29.83,71.59
19,43,41.94,100.65
43,19,41.94,100.65
19,44,36.47,87.54
44,19,36.47,87.54
19,45,22.56,54.15
45,19,22.56,54.15
19,46,18.05,43.33
46,19,18.05,43.33
19,50,17.59,42.22
50,19,17.59,42.22
19,52,43.92,105.41
52,19,43.92,105.41
19,56,21.52,51.64
56,19,21.52,51.64
19,57,20.77,49.84
57,19,20.77,49.84
19,61,39.36,94.46
61,19,39.36,94.46
19,65,16.89,40.53
65,19,16.89,40.53
19,66,18.87,45.3
66,19,18.87,45.3
19,67,42.64,102.35
67,19,42.64,102.35
19,68,42.22,101.34
68,19,42.22,101.34
19,69,48.2,115.68
69,19,48.2,115.68
19,70,46.34,111.22
70,19,46.34,111.22
19,73,35.78,85.86
73,19,35.78,85.86
19,74,26.78,64.27
74,19,26.78,64.27
19,75,54.37,130.49
75,19,54.37,130.49
19,76,29.63,71.11
76,19,29.63,71.11
19,77,20.85,50.04
77,19,20.85,50.04
19,79,52.1,125.04
79,19,52.1,125.04
19,82,20.26,48.62
82,19,20.26,48.62
19,83,39.84,95.62
83,19,39.84,95.62
19,84,41.91,100.59
84,19,41.91,100.59
19,86,23.18,55.63
86,19,23.18,55.63
19,87,14.78,35.47
87,19,14.78,35.47
19,97,48.77,117.04
97,19,48.77,117.04
19,98,18.24,43.77
98,19,18.24,43.77
19,105,24.59,59.02
105,19,24.59,59.02
19,106,48.79,117.12
106,19,48.79,117.12
19,109,26.26,63.03
109,19,26.26,63.03
19,110,60.38,144.9
110,19,60.38,144.9
19,111,26.64,63.95
111,19,26.64,63.95
19,113,63.77,153.04
113,19,63.77,153.04
19,118,33.38,80.11
118,19,33.38,80.11
19,119,36.32,87.18
119,19,36.32,87.18
19,123,55.98,134.36
123,19,55.98,134.36
19,128,53.07,127.36
128,19,53.07,127.36
19,129,25.95,62.27
129,19,25.95,62.27
19,132,36.3,87.11
132,19,36.3,87.11
19,133,7.88,18.9
133,19,7.88,18.9
19,134,32.73,78.55
134,19,32.73,78.55
19,138,31.97,76.74
138,19,31.97,76.74
19,142,41.52,99.64
142,19,41.52,99.64
19,143,23.39,56.14
143,19,23.39,56.14
19,144,25.8,61.93
144,19,25.8,61.93
19,146,32.0,76.8
146,19,32.0,76.8
19,147,31.84,76.42
147,19,31.84,76.42
20,21,4.83,11.6
21,20,4.83,11.6
20,23,7.31,17.55
23,20,7.31,17.55
20,27,28.29,67.91
27,20,28.29,67.91
20,28,16.06,38.55
28,20,16.06,38.55
20,29,19.64,47.13
29,20,19.64,47.13
20,30,16.27,39.06
30,20,16.27,39.06
20,31,18.27,43.85
31,20,18.27,43.85
20,32,26.73,64.14
32,20,26.73,64.14
20,33,31.14,74.73
33,20,31.14,74.73
20,37,20.46,49.11
37,20,20.46,49.11
20,41,20.17,48.41
41,20,20.17,48.41
20,43,31.58,75.78
43,20,31.58,75.78
20,44,25.89,62.13
44,20,25.89,62.13
20,45,16.09,38.61
45,20,16.09,38.61
20,46,12.74,30.59
46,20,12.74,30.59
20,50,20.02,48.04
50,20,20.02,48.04
20,52,33.39,80.13
52,20,33.39,80.13
20,56,28.42,68.21
56,20,28.42,68.21
20,57,23.14,55.53
57,20,23.14,55.53
20,61,37.19,89.25
61,20,37.19,89.25
20,65,8.05,19.31
65,20,8.05,19.31
20,66,12.27,29.46
66,20,12.27,29.46
20,67,34.06,81.74
67,20,34.06,81.74
20,68,31.64,75.94
68,20,31.64,75.94
20,69,37.62,90.3
69,20,37.62,90.3
20,70,35.84,86.02
70,20,35.84,86.02
20,73,25.75,61.8
73,20,25.75,61.8
20,74,16.32,39.17
74,20,16.32,39.17
20,75,43.78,105.09
75,20,43.78,105.09
20,76,38.53,92.48
76,20,38.53,92.48
20,77,10.28,24.67
77,20,10.28,24.67
20,79,41.58,99.78
79,20,41.58,99.78
20,82,11.97,28.72
82,20,11.97,28.72
20,83,47.44,113.85
83,20,47.44,113.85
20,84,37.89,90.95
84,20,37.89,90.95
20,86,32.29,77.49
86,20,32.29,77.49
20,87,25.26,60.64
87,20,25.26,60.64
20,97,39.77,95.45
97,20,39.77,95.45
20,98,28.48,68.36
98,20,28.48,68.36
20,105,14.29,34.3
105,20,14.29,34.3
20,106,41.26,99.03
106,20,41.26,99.03
20,109,22.52,54.06
109,20,22.52,54.06
20,110,49.79,119.5
110,20,49.79,119.5
20,111,27.61,66.26
111,20,27.61,66.26
20,113,53.18,127.64
113,20,53.18,127.64
20,118,24.92,59.82
118,20,24.92,59.82
20,119,30.32,72.77
119,20,30.32,72.77
20,123,50.67,121.61
123,20,50.67,121.61
20,128,47.71,114.51
128,20,47.71,114.51
20,129,24.27,58.26
129,20,24.27,58.26
20,132,31.53,75.66
132,20,31.53,75.66
20,133,17.03,40.88
133,20,17.03,40.88
20,134,32.17,77.22
134,20,32.17,77.22
20,138,31.2,74.87
138,20,31.2,74.87
20,142,49.03,117.67
142,20,49.03,117.67
20,143,26.57,63.75
143,20,26.57,63.75
20,144,23.89,57.32
144,20,23.89,57.32
20,146,30.34,72.81
146,20,30.34,72.81
20,147,33.4,80.15
147,20,33.4,80.15
21,23,10.85,26.05
23,21,10.85,26.05
21,27,31.99,76.78
27,21,31.99,76.78
21,28,13.81,33.15
28,21,13.81,33.15
21,29,17.42,41.81
29,21,17.42,41.81
21,30,17.59,42.21
30,21,17.59,42.21
21,31,20.19,48.46
31,21,20.19,48.46
21,32,22.12,53.09
32,21,22.12,53.09
21,33,29.69,71.27
33,21,29.69,71.27
21,37,16.21,38.91
37,21,16.21,38.91
21,41,24.96,59.9
41,21,24.96,59.9
21,43,36.37,87.29
43,21,36.37,87.29
21,44,30.42,73.02
44,21,30.42,73.02
21,45,17.02,40.84
45,21,17.02,40.84
21,46,12.81,30.73
46,21,12.81,30.73
21,50,16.62,39.88
50,21,16.62,39.88
21,52,37.73,90.56
52,21,37.73,90.56
21,56,26.48,63.55
56,21,26.48,63.55
21,57,23.22,55.74
57,21,23.22,55.74
21,61,36.05,86.52
61,21,36.05,86.52
21,65,10.61,25.46
65,21,10.61,25.46
21,66,15.93,38.24
66,21,15.93,38.24
21,67,36.59,87.81
67,21,36.59,87.81
21,68,36.24,86.97
68,21,36.24,86.97
21,69,42.08,100.98
69,21,42.08,100.98
21,70,40.57,97.37
70,21,40.57,97.37
21,73,30.58,73.39
73,21,30.58,73.39
21,74,20.55,49.33
74,21,20.55,49.33
21,75,48.29,115.91
75,21,48.29,115.91
21,76,33.74,80.98
76,21,33.74,80.98
21,77,14.78,35.48
77,21,14.78,35.48
21,79,46.27,111.06
79,21,46.27,111.06
21,82,14.13,33.9
82,21,14.13,33.9
21,83,42.88,102.91
83,21,42.88,102.91
21,84,37.69,90.45
84,21,37.69,90.45
21,86,27.47,65.93
86,21,27.47,65.93
21,87,21.09,50.61
87,21,21.09,50.61
21,97,42.61,102.26
97,21,42.61,102.26
21,98,24.56,58.94
98,21,24.56,58.94
21,105,19.12,45.88
105,21,19.12,45.88
21,106,43.18,103.64
106,21,43.18,103.64
21,109,25.27,60.64
109,21,25.27,60.64
21,110,54.3,130.32
110,21,54.3,130.32
21,111,28.43,68.23
111,21,28.43,68.23
21,113,57.69,138.46
113,21,57.69,138.46
21,118,29.39,70.55
118,21,29.39,70.55
21,119,34.06,81.74
119,21,34.06,81.74
21,123,51.23,122.94
123,21,51.23,122.94
21,128,48.28,115.87
128,21,48.28,115.87
21,129,22.71,54.51
129,21,22.71,54.51
21,132,31.67,76.0
132,21,31.67,76.0
21,133,12.2,29.29
133,21,12.2,29.29
21,134,30.24,72.57
134,21,30.24,72.57
21,138,32.84,78.81
138,21,32.84,78.81
21,142,44.49,106.78
142,21,44.49,106.78
21,143,23.08,55.38
143,21,23.08,55.38
21,144,22.44,53.85
144,21,22.44,53.85
21,146,32.34,77.62
146,21,32.34,77.62
21,147,34.05,81.71
147,21,34.05,81.71
23,27,30.16,72.39
27,23,30.16,72.39
23,28,23.37,56.1
28,23,23.37,56.1
23,29,26.95,64.68
29,23,26.95,64.68
23,30,10.37,24.89
30,23,10.37,24.89
23,31,11.59,27.82
31,23,11.59,27.82
23,32,32.76,78.62
32,23,32.76,78.62
23,33,38.28,91.87
33,23,38.28,91.87
23,37,22.94,55.05
37,23,22.94,55.05
23,41,15.99,38.36
41,23,15.99,38.36
23,43,28.89,69.34
43,23,28.89,69.34
23,44,25.21,60.5
44,23,25.21,60.5
23,45,22.3,53.51
45,23,22.3,53.51
23,46,19.61,47.06
46,23,19.61,47.06
23,50,27.16,65.18
50,23,27.16,65.18
23,52,33.2,79.68
52,23,33.2,79.68
23,56,26.01,62.43
56,23,26.01,62.43
23,57,18.2,43.68
57,23,18.2,43.68
23,61,44.2,106.07
61,23,44.2,106.07
23,65,13.7,32.89
65,23,13.7,32.89
23,66,5.09,12.22
66,23,5.09,12.22
23,67,37.88,90.91
67,23,37.88,90.91
23,68,30.45,73.07
68,23,30.45,73.07
23,69,36.92,88.6
69,23,36.92,88.6
23,70,33.71,80.91
70,23,33.71,80.91
23,73,22.21,53.29
73,23,22.21,53.29
23,74,17.57,42.17
74,23,17.57,42.17
23,75,42.74,102.59
75,23,42.74,102.59
23,76,43.8,105.12
76,23,43.8,105.12
23,77,11.58,27.78
77,23,11.58,27.78
23,79,39.52,94.85
79,23,39.52,94.85
23,82,17.45,41.87
82,23,17.45,41.87
23,83,53.51,128.42
83,23,53.51,128.42
23,84,44.42,106.6
84,23,44.42,106.6
23,86,37.38,89.72
86,23,37.38,89.72
23,87,27.28,65.47
87,23,27.28,65.47
23,97,42.98,103.14
97,23,42.98,103.14
23,98,29.74,71.37
98,23,29.74,71.37
23,105,12.15,29.15
105,23,12.15,29.15
23,106,45.78,109.87
106,23,45.78,109.87
23,109,15.27,36.64
109,23,15.27,36.64
23,110,48.75,117.0
110,23,48.75,117.0
23,111,21.63,51.92
111,23,21.63,51.92
23,113,52.14,125.14
113,23,52.14,125.14
23,118,19.11,45.88
118,23,19.11,45.88
23,119,23.23,55.76
119,23,23.23,55.76
23,123,56.52,135.65
123,23,56.52,135.65
23,128,53.58,128.58
128,23,53.58,128.58
23,129,31.48,75.55
129,23,31.48,75.55
23,132,37.89,90.92
132,23,37.89,90.92
23,133,21.94,52.66
133,23,21.94,52.66
23,134,39.43,94.63
134,23,39.43,94.63
23,138,24.44,58.65
138,23,24.44,58.65
23,142,55.14,132.35
142,23,55.14,132.35
23,143,33.69,80.86
143,23,33.69,80.86
23,144,31.07,74.56
144,23,31.07,74.56
23,146,23.35,56.04
146,23,23.35,56.04
23,147,27.45,65.89
147,23,27.45,65.89
27,28,30.67,73.6
28,27,30.67,73.6
27,29,31.72,76.12
29,27,31.72,76.12
27,30,39.99,95.98
30,27,39.99,95.98
27,31,39.95,95.87
31,27,39.95,95.87
27,32,47.87,114.89
32,27,47.87,114.89
27,33,33.52,80.45
33,27,33.52,80.45
27,37,48.16,115.59
37,27,48.16,115.59
27,41,22.36,53.67
41,27,22.36,53.67
27,43,18.56,44.55
43,27,18.56,44.55
27,44,10.25,24.59
44,27,10.25,24.59
27,45,20.14,48.33
45,27,20.14,48.33
27,46,23.89,57.34
46,27,23.89,57.34
27,50,36.52,87.65
50,27,36.52,87.65
27,52,9.73,23.35
52,27,9.73,23.35
27,56,55.97,134.32
56,27,55.97,134.32
27,57,48.08,115.38
57,27,48.08,115.38
27,61,35.56,85.34
61,27,35.56,85.34
27,65,21.57,51.77
65,27,21.57,51.77
27,66,31.01,74.43
66,27,31.01,74.43
27,67,11.61,27.87
67,27,11.61,27.87
27,68,12.76,30.62
68,27,12.76,30.62
27,69,14.18,34.04
69,27,14.18,34.04
27,70,18.3,43.93
70,27,18.3,43.93
27,73,20.43,49.03
73,27,20.43,49.03
27,74,12.59,30.22
74,27,12.59,30.22
27,75,20.41,48.99
75,27,20.41,48.99
27,76,60.68,145.64
76,27,60.68,145.64
27,77,18.74,44.97
77,27,18.74,44.97
27,79,21.69,52.06
79,27,21.69,52.06
27,82,18.95,45.48
82,27,18.95,45.48
27,83,65.83,158.0
83,27,65.83,158.0
27,84,30.74,73.78
84,27,30.74,73.78
27,86,55.5,133.2
86,27,55.5,133.2
27,87,53.04,127.31
87,27,53.04,127.31
27,97,13.96,33.52
97,27,13.96,33.52
27,98,56.55,135.71
98,27,56.55,135.71
27,105,19.53,46.86
105,27,19.53,46.86
27,106,20.34,48.83
106,27,20.34,48.83
27,109,40.06,96.14
109,27,40.06,96.14
27,110,26.42,63.4
110,27,26.42,63.4
27,111,50.31,120.73
111,27,50.31,120.73
27,113,29.78,71.48
113,27,29.78,71.48
27,118,25.22,60.52
118,27,25.22,60.52
27,119,39.74,95.37
119,27,39.74,95.37
27,123,35.64,85.54
123,27,35.64,85.54
27,128,33.21,79.71
128,27,33.21,79.71
27,129,30.77,73.84
129,27,30.77,73.84
27,132,25.25,60.6
132,27,25.25,60.6
27,133,42.6,102.23
133,27,42.6,102.23
27,134,36.71,88.11
134,27,36.71,88.11
27,138,50.86,122.07
138,27,50.86,122.07
27,142,67.07,160.97
142,27,67.07,160.97
27,143,41.05,98.51
143,27,41.05,98.51
27,144,30.12,72.29
144,27,30.12,72.29
27,146,48.83,117.19
146,27,48.83,117.19
27,147,55.85,134.03
147,27,55.85,134.03
28,29,3.62,8.7
29,28,3.62,8.7
28,30,31.38,75.31
30,28,31.38,75.31
28,31,33.86,81.27
31,28,33.86,81.27
28,32,17.3,41.52
32,28,17.3,41.52
28,33,16.04,38.49
33,28,16.04,38.49
28,37,23.56,56.55
37,28,23.56,56.55
28,41,33.42,80.2
41,28,33.42,80.2
28,43,40.78,97.87
43,28,40.78,97.87
28,44,32.32,77.56
44,28,32.32,77.56
28,45,10.58,25.4
45,28,10.58,25.4
28,46,7.13,17.11
46,28,7.13,17.11
28,50,5.94,14.25
50,28,5.94,14.25
28,52,37.51,90.01
52,28,37.51,90.01
28,56,38.31,91.94
56,28,38.31,91.94
28,57,36.84,88.42
57,28,36.84,88.42
28,61,22.53,54.07
61,28,22.53,54.07
28,65,13.07,31.37
65,28,13.07,31.37
28,66,28.29,67.9
66,28,28.29,67.9
28,67,30.59,73.41
67,28,30.59,73.41
28,68,37.95,91.08
68,28,37.95,91.08
28,69,42.22,101.31
69,28,42.22,101.31
28,70,43.39,104.13
70,28,43.39,104.13
28,73,37.61,90.24
73,28,37.61,90.24
28,74,22.67,54.41
74,28,22.67,54.41
28,75,48.63,116.7
75,28,48.63,116.7
28,76,30.06,72.15
76,28,30.06,72.15
28,77,20.5,49.21
77,28,20.5,49.21
28,79,48.39,116.12
79,28,48.39,116.12
28,82,12.55,30.11
82,28,12.55,30.11
28,83,35.72,85.73
83,28,35.72,85.73
28,84,25.2,60.48
84,28,25.2,60.48
28,86,25.2,60.48
86,28,25.2,60.48
28,87,27.89,66.93
87,28,27.89,66.93
28,97,37.14,89.14
97,28,37.14,89.14
28,98,31.98,76.74
98,28,31.98,76.74
28,105,26.57,63.78
105,28,26.57,63.78
28,106,34.92,83.82
106,28,34.92,83.82
28,109,38.53,92.48
109,28,38.53,92.48
28,110,54.64,131.11
110,28,54.64,131.11
28,111,42.21,101.31
111,28,42.21,101.31
28,113,58.03,139.25
113,28,58.03,139.25
28,118,38.86,93.26
118,28,38.86,93.26
28,119,45.71,109.7
119,28,45.71,109.7
28,123,39.63,95.11
123,28,39.63,95.11
28,128,36.77,88.25
128,28,36.77,88.25
28,129,9.09,21.82
129,28,9.09,21.82
28,132,20.05,48.12
132,28,20.05,48.12
28,133,15.59,37.43
133,28,15.59,37.43
28,134,16.43,39.42
134,28,16.43,39.42
28,138,46.62,111.88
138,28,46.62,111.88
28,142,37.09,89.03
142,28,37.09,89.03
28,143,11.69,28.06
143,28,11.69,28.06
28,144,8.93,21.42
144,28,8.93,21.42
28,146,46.03,110.47
146,28,46.03,110.47
28,147,47.78,114.66
147,28,47.78,114.66
29,30,35.0,83.99
30,29,35.0,83.99
29,31,37.48,89.97
31,29,37.48,89.97
29,32,17.28,41.48
32,29,17.28,41.48
29,33,12.64,30.33
33,29,12.64,30.33
29,37,26.11,62.66
37,29,26.11,62.66
29,41,35.98,86.36
41,29,35.98,86.36
29,43,42.29,101.51
43,29,42.29,101.51
29,44,33.83,81.2
44,29,33.83,81.2
29,45,11.71,28.1
45,29,11.71,28.1
29,46,9.46,22.7
46,29,9.46,22.7
29,50,5.55,13.32
50,29,5.55,13.32
29,52,39.02,93.65
52,29,39.02,93.65
29,56,41.44,99.45
56,29,41.44,99.45
29,57,40.37,96.88
57,29,40.37,96.88
29,61,19.2,46.07
61,29,19.2,46.07
29,65,16.01,38.43
65,29,16.01,38.43
29,66,31.83,76.39
66,29,31.83,76.39
29,67,30.28,72.68
67,29,30.28,72.68
29,68,39.46,94.72
68,29,39.46,94.72
29,69,43.73,104.95
69,29,43.73,104.95
29,70,44.9,107.77
70,29,44.9,107.77
29,73,39.12,93.88
73,29,39.12,93.88
29,74,24.18,58.05
74,29,24.18,58.05
29,75,50.14,120.34
75,29,50.14,120.34
29,76,29.69,71.24
76,29,29.69,71.24
29,77,23.18,55.63
77,29,23.18,55.63
29,79,49.9,119.76
79,29,49.9,119.76
29,82,14.06,33.75
82,29,14.06,33.75
29,83,34.14,81.94
83,29,34.14,81.94
29,84,22.44,53.87
84,29,22.44,53.87
29,86,25.43,61.03
86,29,25.43,61.03
29,87,30.18,72.44
87,29,30.18,72.44
29,97,36.85,88.44
97,29,36.85,88.44
29,98,34.29,82.31
98,29,34.29,82.31
29,105,29.19,70.05
105,29,29.19,70.05
29,106,33.75,81.0
106,29,33.75,81.0
29,109,42.13,101.13
109,29,42.13,101.13
29,110,56.15,134.75
110,29,56.15,134.75
29,111,45.79,109.9
111,29,45.79,109.9
29,113,59.54,142.89
113,29,59.54,142.89
29,118,41.27,99.05
118,29,41.27,99.05
29,119,49.02,117.63
119,29,49.02,117.63
29,123,37.12,89.1
123,29,37.12,89.1
29,128,34.33,82.39
128,29,34.33,82.39
29,129,5.87,14.1
129,29,5.87,14.1
29,132,17.86,42.88
132,29,17.86,42.88
29,133,17.92,43.02
133,29,17.92,43.02
29,134,12.83,30.78
134,29,12.83,30.78
29,138,50.24,120.57
138,29,50.24,120.57
29,142,35.42,85.0
142,29,35.42,85.0
29,143,9.44,22.66
143,29,9.44,22.66
29,144,5.87,14.08
144,29,5.87,14.08
29,146,49.65,119.17
146,29,49.65,119.17
29,147,51.33,123.19
147,29,51.33,123.19
30,31,3.34,8.02
31,30,3.34,8.02
30,32,36.45,87.48
32,30,36.45,87.48
30,33,47.09,113.03
33,30,47.09,113.03
30,37,22.04,52.89
37,30,22.04,52.89
30,41,21.73,52.15
41,30,21.73,52.15
30,43,34.37,82.49
43,30,34.37,82.49
30,44,33.79,81.11
44,30,33.79,81.11
30,45,32.23,77.34
45,30,32.23,77.34
30,46,29.01,69.63
46,30,29.01,69.63
30,50,33.89,81.34
50,30,33.89,81.34
30,52,41.83,100.39
52,30,41.83,100.39
30,56,17.99,43.18
56,30,17.99,43.18
30,57,8.1,19.44
57,30,8.1,19.44
30,61,53.31,127.94
61,30,53.31,127.94
30,65,23.77,57.04
65,30,23.77,57.04
30,66,9.3,22.32
66,30,9.3,22.32
30,67,48.2,115.67
67,30,48.2,115.67
30,68,38.34,92.02
68,30,38.34,92.02
30,69,44.94,107.86
69,30,44.94,107.86
30,70,39.62,95.1
70,30,39.62,95.1
30,73,27.19,65.25
73,30,27.19,65.25
30,74,27.49,65.99
74,30,27.49,65.99
30,75,49.74,119.37
75,30,49.74,119.37
30,76,45.48,109.16
76,30,45.48,109.16
30,77,21.78,52.27
77,30,21.78,52.27
30,79,45.14,108.33
79,30,45.14,108.33
30,82,27.62,66.29
82,30,27.62,66.29
30,83,56.5,135.61
83,30,56.5,135.61
30,84,54.16,130.0
84,30,54.16,130.0
30,86,39.06,93.73
86,30,39.06,93.73
30,87,25.06,60.15
87,30,25.06,60.15
30,97,53.14,127.54
97,30,53.14,127.54
30,98,26.16,62.78
98,30,26.16,62.78
30,105,20.87,50.09
105,30,20.87,50.09
30,106,56.15,134.76
106,30,56.15,134.76
30,109,9.6,23.05
109,30,9.6,23.05
30,110,54.98,131.95
110,30,54.98,131.95
30,111,11.38,27.32
111,30,11.38,27.32
30,113,58.61,140.67
113,30,58.61,140.67
30,118,23.53,56.48
118,30,23.53,56.48
30,119,20.73,49.74
119,30,20.73,49.74
30,123,66.69,160.06
123,30,66.69,160.06
30,128,63.74,152.98
128,30,63.74,152.98
30,129,40.14,96.34
129,30,40.14,96.34
30,132,47.76,114.62
132,30,47.76,114.62
30,133,24.74,59.38
133,30,24.74,59.38
30,134,47.8,114.72
134,30,47.8,114.72
30,138,15.25,36.6
138,30,15.25,36.6
30,142,58.21,139.69
142,30,58.21,139.69
30,143,40.13,96.32
143,30,40.13,96.32
30,144,39.81,95.55
144,30,39.81,95.55
30,146,14.9,35.75
146,30,14.9,35.75
30,147,17.2,41.29
147,30,17.2,41.29
31,32,39.68,95.22
32,31,39.68,95.22
31,33,49.36,118.47
33,31,49.36,118.47
31,37,25.37,60.89
37,31,25.37,60.89
31,41,20.15,48.35
41,31,20.15,48.35
31,43,32.79,78.69
43,31,32.79,78.69
31,44,33.04,79.29
44,31,33.04,79.29
31,45,33.87,81.28
45,31,33.87,81.28
31,46,30.97,74.32
46,31,30.97,74.32
31,50,36.69,88.07
50,31,36.69,88.07
31,52,40.97,98.33
52,31,40.97,98.33
31,56,20.13,48.32
56,31,20.13,48.32
31,57,9.12,21.9
57,31,9.12,21.9
31,61,55.46,133.1
61,31,55.46,133.1
31,65,25.29,60.69
65,31,25.29,60.69
31,66,8.95,21.48
66,31,8.95,21.48
31,67,48.75,117.0
67,31,48.75,117.0
31,68,36.76,88.22
68,31,36.76,88.22
31,69,43.36,104.06
69,31,43.36,104.06
31,70,38.04,91.3
70,31,38.04,91.3
31,73,25.61,61.45
73,31,25.61,61.45
31,74,27.67,66.41
74,31,27.67,66.41
31,75,48.16,115.57
75,31,48.16,115.57
31,76,48.82,117.17
76,31,48.82,117.17
31,77,22.34,53.62
77,31,22.34,53.62
31,79,43.56,104.53
79,31,43.56,104.53
31,82,29.03,69.68
82,31,29.03,69.68
31,83,59.81,143.54
83,31,59.81,143.54
31,84,55.96,134.3
84,31,55.96,134.3
31,86,42.39,101.74
86,31,42.39,101.74
31,87,28.32,67.96
87,31,28.32,67.96
31,97,53.4,128.17
97,31,53.4,128.17
31,98,29.27,70.24
98,31,29.27,70.24
31,105,20.5,49.2
105,31,20.5,49.2
31,106,56.93,136.64
106,31,56.93,136.64
31,109,6.27,15.05
109,31,6.27,15.05
31,110,53.4,128.15
110,31,53.4,128.15
31,111,10.41,24.98
111,31,10.41,24.98
31,113,57.03,136.87
113,31,57.03,136.87
31,118,21.95,52.68
118,31,21.95,52.68
31,119,17.48,41.95
119,31,17.48,41.95
31,123,68.09,163.4
123,31,68.09,163.4
31,128,65.14,156.35
128,31,65.14,156.35
31,129,42.45,101.88
129,31,42.45,101.88
31,132,49.46,118.69
132,31,49.46,118.69
31,133,27.99,67.17
133,31,27.99,67.17
31,134,50.23,120.56
134,31,50.23,120.56
31,138,12.93,31.04
138,31,12.93,31.04
31,142,61.51,147.62
142,31,61.51,147.62
31,143,43.02,103.25
143,31,43.02,103.25
31,144,42.09,101.02
144,31,42.09,101.02
31,146,12.17,29.2
146,31,12.17,29.2
31,147,16.13,38.71
147,31,16.13,38.71
32,33,25.86,62.07
33,32,25.86,62.07
32,37,17.52,42.06
37,32,17.52,42.06
32,41,46.8,112.32
41,32,46.8,112.32
32,43,57.09,137.01
43,32,57.09,137.01
32,44,49.54,118.91
44,32,49.54,118.91
32,45,27.87,66.9
45,32,27.87,66.9
32,46,24.01,57.63
46,32,24.01,57.63
32,50,11.79,28.29
50,32,11.79,28.29
32,52,54.73,131.36
52,32,54.73,131.36
32,56,34.63,83.11
56,32,34.63,83.11
32,57,38.53,92.48
57,32,38.53,92.48
32,61,31.76,76.23
61,32,31.76,76.23
32,65,28.23,67.75
65,32,28.23,67.75
32,66,37.72,90.53
66,32,37.72,90.53
32,67,47.53,114.08
67,32,47.53,114.08
32,68,55.17,132.43
68,32,55.17,132.43
32,69,59.44,142.66
69,32,59.44,142.66
32,70,60.61,145.48
70,32,60.61,145.48
32,73,52.03,124.86
73,32,52.03,124.86
32,74,39.46,94.69
74,32,39.46,94.69
32,75,65.85,158.05
75,32,65.85,158.05
32,76,12.82,30.78
76,32,12.82,30.78
32,77,35.07,84.18
77,32,35.07,84.18
32,79,65.61,157.47
79,32,65.61,157.47
32,82,29.4,70.56
82,32,29.4,70.56
32,83,20.76,49.83
83,32,20.76,49.83
32,84,37.27,89.46
84,32,37.27,89.46
32,86,8.18,19.63
86,32,8.18,19.63
32,87,19.19,46.06
87,32,19.19,46.06
32,97,54.1,129.85
97,32,54.1,129.85
32,98,22.81,54.75
98,32,22.81,54.75
32,105,40.48,97.15
105,32,40.48,97.15
32,106,50.85,122.04
106,32,50.85,122.04
32,109,45.63,109.52
109,32,45.63,109.52
32,110,71.86,172.46
110,32,71.86,172.46
32,111,44.73,107.35
111,32,44.73,107.35
32,113,75.25,180.6
113,32,75.25,180.6
32,118,51.51,123.63
118,32,51.51,123.63
32,119,55.57,133.36
119,32,55.57,133.36
32,123,52.11,125.06
123,32,52.11,125.06
32,128,49.55,118.93
128,32,49.55,118.93
32,129,21.56,51.74
129,32,21.56,51.74
32,132,34.19,82.05
132,32,34.19,82.05
32,133,11.72,28.12
133,32,11.72,28.12
32,134,23.76,57.03
134,32,23.76,57.03
32,138,50.62,121.51
138,32,50.62,121.51
32,142,22.39,53.73
142,32,22.39,53.73
32,143,11.12,26.69
143,32,11.12,26.69
32,144,21.93,52.62
144,32,21.93,52.62
32,146,50.96,122.29
146,32,50.96,122.29
32,147,49.27,118.25
147,32,49.27,118.25
33,37,38.26,91.82
37,33,38.26,91.82
33,41,43.27,103.84
41,33,43.27,103.84
33,43,49.44,118.66
43,33,49.44,118.66
33,44,40.38,96.91
44,33,40.38,96.91
33,45,17.77,42.66
45,33,17.77,42.66
33,46,18.81,45.15
46,33,18.81,45.15
33,50,16.49,39.58
50,33,16.49,39.58
33,52,43.2,103.67
52,33,43.2,103.67
33,56,54.03,129.66
56,33,54.03,129.66
33,57,52.85,126.84
57,33,52.85,126.84
33,61,6.58,15.8
61,33,6.58,15.8
33,65,24.59,59.01
65,33,24.59,59.01
33,66,42.21,101.29
66,33,42.21,101.29
33,67,27.57,66.16
67,33,27.57,66.16
33,68,45.24,108.58
68,33,45.24,108.58
33,69,47.7,114.49
69,33,47.7,114.49
33,70,50.96,122.3
70,33,50.96,122.3
33,73,46.41,111.36
73,33,46.41,111.36
33,74,31.47,75.53
74,33,31.47,75.53
33,75,53.88,129.31
75,33,53.88,129.31
33,76,36.12,86.66
76,33,36.12,86.66
33,77,30.47,73.11
77,33,30.47,73.11
33,79,55.07,132.17
79,33,55.07,132.17
33,82,21.35,51.23
82,33,21.35,51.23
33,83,36.39,87.33
83,33,36.39,87.33
33,84,11.47,27.53
84,33,11.47,27.53
33,86,33.69,80.86
86,33,33.69,80.86
33,87,41.98,100.76
87,33,41.98,100.76
33,97,32.67,78.42
97,33,32.67,78.42
33,98,46.07,110.58
98,33,46.07,110.58
33,105,36.48,87.53
105,33,36.48,87.53
33,106,27.59,66.22
106,33,27.59,66.22
33,109,53.08,127.39
109,33,53.08,127.39
33,110,59.89,143.72
110,33,59.89,143.72
33,111,58.12,139.49
111,33,58.12,139.49
33,113,62.68,150.42
113,33,62.68,150.42
33,118,48.56,116.53
118,33,48.56,116.53
33,119,57.18,137.22
119,33,57.18,137.22
33,123,26.25,62.99
123,33,26.25,62.99
33,128,23.73,56.96
128,33,23.73,56.96
33,129,6.98,16.76
129,33,6.98,16.76
33,132,10.3,24.71
132,33,10.3,24.71
33,133,30.0,72.0
133,33,30.0,72.0
33,134,3.46,8.3
134,33,3.46,8.3
33,138,62.25,149.4
138,33,62.25,149.4
33,142,37.19,89.26
142,33,37.19,89.26
33,143,14.8,35.53
143,33,14.8,35.53
33,144,7.28,17.48
144,33,7.28,17.48
33,146,61.47,147.53
146,33,61.47,147.53
33,147,63.73,152.97
147,33,63.73,152.97
37,41,38.9,93.36
41,37,38.9,93.36
37,43,51.46,123.51
43,37,51.46,123.51
37,44,46.33,111.2
44,37,46.33,111.2
37,45,31.37,75.3
45,37,31.37,75.3
37,46,26.73,64.15
46,37,26.73,64.15
37,50,21.8,52.32
50,37,21.8,52.32
37,52,53.84,129.21
52,37,53.84,129.21
37,56,17.17,41.2
56,37,17.17,41.2
37,57,21.92,52.61
57,37,21.92,52.61
37,61,44.8,107.53
61,37,44.8,107.53
37,65,26.64,63.93
65,37,26.64,63.93
37,66,26.8,64.33
66,37,26.8,64.33
37,67,51.43,123.44
67,37,51.43,123.44
37,68,52.04,124.91
68,37,52.04,124.91
37,69,58.08,139.4
69,37,58.08,139.4
37,70,56.01,134.42
70,37,56.01,134.42
37,73,45.04,108.1
73,37,45.04,108.1
37,74,36.7,88.09
74,37,36.7,88.09
37,75,64.23,154.16
75,37,64.23,154.16
37,76,23.8,57.12
76,37,23.8,57.12
37,77,30.74,73.78
77,37,30.74,73.78
37,79,61.79,148.3
79,37,61.79,148.3
37,82,29.78,71.47
82,37,29.78,71.47
37,83,35.45,85.08
83,37,35.45,85.08
37,84,48.55,116.52
84,37,48.55,116.52
37,86,17.56,42.15
86,37,17.56,42.15
37,87,4.89,11.72
87,37,4.89,11.72
37,97,57.75,138.62
97,37,57.75,138.62
37,98,8.66,20.77
98,37,8.66,20.77
37,105,34.17,82.0
105,37,34.17,82.0
37,106,57.58,138.21
106,37,57.58,138.21
37,109,31.64,75.93
109,37,31.64,75.93
37,110,70.24,168.57
110,37,70.24,168.57
37,111,28.14,67.53
111,37,28.14,67.53
37,113,73.63,176.71
113,37,73.63,176.71
37,118,41.81,100.35
118,37,41.81,100.35
37,119,42.66,102.38
119,37,42.66,102.38
37,123,63.15,151.56
123,37,63.15,151.56
37,128,60.31,144.75
128,37,60.31,144.75
37,129,31.94,76.64
129,37,31.94,76.64
37,132,43.61,104.67
132,37,43.61,104.67
37,133,8.26,19.82
133,37,8.26,19.82
37,134,37.34,89.62
134,37,37.34,89.62
37,138,34.43,82.64
138,37,34.43,82.64
37,142,37.16,89.19
142,37,37.16,89.19
37,143,25.8,61.93
143,37,25.8,61.93
37,144,31.97,76.73
144,37,31.97,76.73
37,146,35.21,84.5
146,37,35.21,84.5
37,147,32.06,76.94
147,37,32.06,76.94
41,43,13.42,32.21
43,41,13.42,32.21
41,44,13.31,31.95
44,41,13.31,31.95
41,45,27.04,64.89
45,41,27.04,64.89
41,46,27.1,65.04
46,41,27.1,65.04
41,50,38.67,92.81
50,41,38.67,92.81
41,52,20.85,50.04
52,41,20.85,50.04
41,56,40.01,96.01
56,41,40.01,96.01
41,57,29.74,71.37
57,41,29.74,71.37
41,61,49.43,118.62
61,41,49.43,118.62
41,65,20.41,48.98
65,41,20.41,48.98
41,66,13.18,31.63
66,41,13.18,31.63
41,67,33.25,79.8
67,41,33.25,79.8
41,68,16.75,40.2
68,41,16.75,40.2
41,69,23.4,56.15
69,41,23.4,56.15
41,70,18.57,44.57
70,41,18.57,44.57
41,73,6.34,15.22
73,41,6.34,15.22
41,74,13.36,32.07
74,41,13.36,32.07
41,75,28.55,68.53
75,41,28.55,68.53
41,76,58.7,140.88
76,41,58.7,140.88
41,77,13.04,31.3
77,41,13.04,31.3
41,79,24.26,58.22
79,41,24.26,58.22
41,82,21.97,52.73
82,41,21.97,52.73
41,83,67.4,161.77
83,41,67.4,161.77
41,84,47.22,113.33
84,41,47.22,113.33
41,86,52.42,125.82
86,41,52.42,125.82
41,87,43.26,103.83
87,41,43.26,103.83
41,97,36.31,87.15
97,41,36.31,87.15
41,98,45.63,109.5
98,41,45.63,109.5
41,105,6.89,16.53
105,41,6.89,16.53
41,106,42.07,100.96
106,41,42.07,100.96
41,109,18.76,45.02
109,41,18.76,45.02
41,110,34.04,81.68
110,41,34.04,81.68
41,111,30.18,72.42
111,41,30.18,72.42
41,113,37.65,90.36
113,41,37.65,90.36
41,118,5.44,13.06
118,41,5.44,13.06
41,119,17.53,42.07
119,41,17.53,42.07
41,123,56.04,134.51
123,41,56.04,134.51
41,128,53.31,127.94
128,41,53.31,127.94
41,129,39.08,93.8
129,41,39.08,93.8
41,132,40.61,97.47
132,41,40.61,97.47
41,133,37.05,88.93
133,41,37.05,88.93
41,134,46.98,112.77
134,41,46.98,112.77
41,138,29.37,70.5
138,41,29.37,70.5
41,142,68.96,165.5
142,41,68.96,165.5
41,143,45.02,108.04
143,41,45.02,108.04
41,144,38.51,92.42
144,41,38.51,92.42
41,146,27.1,65.04
146,41,27.1,65.04
41,147,35.19,84.45
147,41,35.19,84.45
43,44,9.15,21.95
44,43,9.15,21.95
43,45,32.77,78.65
45,43,32.77,78.65
43,46,34.59,83.02
46,43,34.59,83.02
43,50,47.42,113.81
50,43,47.42,113.81
43,52,11.47,27.53
52,43,11.47,27.53
43,56,53.42,128.21
56,43,53.42,128.21
43,57,43.01,103.22
57,43,43.01,103.22
43,61,52.68,126.44
61,43,52.68,126.44
43,65,28.98,69.56
65,43,28.98,69.56
43,66,26.57,63.78
66,43,26.57,63.78
43,67,30.02,72.05
67,43,30.02,72.05
43,68,6.53,15.66
68,43,6.53,15.66
43,69,11.72,28.13
69,43,11.72,28.13
43,70,5.26,12.62
70,43,5.26,12.62
43,73,7.2,17.29
73,43,7.2,17.29
43,74,18.18,43.64
74,43,18.18,43.64
43,75,15.4,36.95
75,43,15.4,36.95
43,76,69.55,166.92
76,43,69.55,166.92
43,77,22.05,52.91
77,43,22.05,52.91
43,79,10.84,26.02
79,43,10.84,26.02
43,82,28.83,69.2
82,43,28.83,69.2
43,83,77.09,185.02
83,43,77.09,185.02
43,84,48.71,116.91
84,43,48.71,116.91
43,86,63.53,152.47
86,43,63.53,152.47
43,87,56.01,134.43
87,43,56.01,134.43
43,97,30.63,73.51
97,43,30.63,73.51
43,98,58.62,140.69
98,43,58.62,140.69
43,105,17.35,41.63
105,43,17.35,41.63
43,106,38.48,92.36
106,43,38.48,92.36
43,109,31.12,74.69
109,43,31.12,74.69
43,110,20.65,49.55
110,43,20.65,49.55
43,111,42.91,102.98
111,43,42.91,102.98
43,113,24.27,58.26
113,43,24.27,58.26
43,118,11.68,28.04
118,43,11.68,28.04
43,119,26.04,62.49
119,43,26.04,62.49
43,123,54.13,129.92
123,43,54.13,129.92
43,128,51.75,124.21
128,43,51.75,124.21
43,129,45.04,108.09
129,43,45.04,108.09
43,132,42.7,102.47
132,43,42.7,102.47
43,133,48.55,116.53
133,43,48.55,116.53
43,134,52.24,125.37
134,43,52.24,125.37
43,138,41.11,98.68
138,43,41.11,98.68
43,142,78.54,188.51
142,43,78.54,188.51
43,143,53.24,127.77
143,43,53.24,127.77
43,144,44.4,106.56
144,43,44.4,106.56
43,146,38.61,92.66
146,43,38.61,92.66
43,147,47.51,114.02
147,43,47.51,114.02
44,45,24.1,57.84
45,44,24.1,57.84
44,46,26.43,63.42
46,44,26.43,63.42
44,50,39.45,94.68
50,44,39.45,94.68
44,52,8.05,19.32
52,44,8.05,19.32
44,56,51.07,122.56
56,44,51.07,122.56
44,57,41.81,100.35
57,44,41.81,100.35
44,61,43.54,104.49
61,44,43.54,104.49
44,65,21.58,51.79
65,44,21.58,51.79
44,66,24.5,58.79
66,44,24.5,58.79
44,67,21.84,52.42
67,44,21.84,52.42
44,68,5.89,14.14
68,44,5.89,14.14
44,69,11.81,28.33
69,44,11.81,28.33
44,70,11.08,26.58
70,44,11.08,26.58
44,73,10.25,24.61
73,44,10.25,24.61
44,74,10.32,24.76
74,44,10.32,24.76
44,75,17.9,42.96
75,44,17.9,42.96
44,76,62.46,149.89
76,44,62.46,149.89
44,77,15.65,37.55
77,44,15.65,37.55
44,79,16.3,39.13
79,44,16.3,39.13
44,82,20.68,49.63
82,44,20.68,49.63
44,83,69.25,166.2
83,44,69.25,166.2
44,84,39.64,95.13
84,44,39.64,95.13
44,86,56.68,136.04
86,44,56.68,136.04
44,87,51.1,122.64
87,44,51.1,122.64
44,97,23.7,56.87
97,44,23.7,56.87
44,98,54.13,129.92
98,44,54.13,129.92
44,105,13.12,31.48
105,44,13.12,31.48
44,106,30.59,73.41
106,44,30.59,73.41
44,109,31.95,76.67
109,44,31.95,76.67
44,110,23.91,57.37
110,44,23.91,57.37
44,111,43.04,103.29
111,44,43.04,103.29
44,113,27.3,65.51
113,44,27.3,65.51
44,118,15.22,36.53
118,44,15.22,36.53
44,119,30.06,72.14
119,44,30.06,72.14
44,123,45.77,109.85
123,44,45.77,109.85
44,128,43.27,103.85
128,44,43.27,103.85
44,129,36.22,86.92
129,44,36.22,86.92
44,132,33.56,80.55
132,44,33.56,80.55
44,133,42.29,101.49
133,44,42.29,101.49
44,134,43.24,103.77
134,44,43.24,103.77
44,138,42.65,102.35
138,44,42.65,102.35
44,142,70.64,169.54
142,44,70.64,169.54
44,143,44.97,107.92
143,44,44.97,107.92
44,144,35.57,85.37
144,44,35.57,85.37
44,146,40.4,96.96
146,44,40.4,96.96
44,147,48.26,115.83
147,44,48.26,115.83
45,46,4.65,11.16
46,45,4.65,11.16
45,50,16.39,39.33
50,45,16.39,39.33
45,52,28.8,69.13
52,45,28.8,69.13
45,56,43.43,104.23
56,45,43.43,104.23
45,57,38.86,93.27
57,45,38.86,93.27
45,61,22.75,54.6
61,45,22.75,54.6
45,65,8.11,19.46
65,45,8.11,19.46
45,66,25.73,61.74
66,45,25.73,61.74
45,67,20.71,49.7
67,45,20.71,49.7
45,68,29.59,71.03
68,45,29.59,71.03
45,69,33.52,80.45
69,45,33.52,80.45
45,70,35.13,84.31
70,45,35.13,84.31
45,73,29.93,71.81
73,45,29.93,71.81
45,74,14.84,35.62
74,45,14.84,35.62
45,75,39.92,95.81
75,45,39.92,95.81
45,76,40.64,97.54
76,45,40.64,97.54
45,77,13.99,33.56
77,45,13.99,33.56
45,79,39.97,95.92
79,45,39.97,95.92
45,82,4.87,11.68
82,45,4.87,11.68
45,83,45.83,109.99
83,45,45.83,109.99
45,84,22.14,53.14
84,45,22.14,53.14
45,86,35.7,85.68
86,45,35.7,85.68
45,87,36.11,86.66
87,45,36.11,86.66
45,97,27.16,65.17
97,45,27.16,65.17
45,98,40.03,96.07
98,45,40.03,96.07
45,105,20.0,47.98
105,45,20.0,47.98
45,106,26.38,63.31
106,45,26.38,63.31
45,109,36.6,87.84
109,45,36.6,87.84
45,110,45.93,110.22
110,45,45.93,110.22
45,111,43.17,103.61
111,45,43.17,103.61
45,113,49.32,118.36
113,45,49.32,118.36
45,118,32.08,76.98
118,45,32.08,76.98
45,119,40.7,97.67
119,45,40.7,97.67
45,123,34.59,83.01
123,45,34.59,83.01
45,128,31.63,75.92
128,45,31.63,75.92
45,129,12.36,29.66
129,45,12.36,29.66
45,132,15.59,37.41
132,45,15.59,37.41
45,133,24.34,58.42
133,45,24.34,58.42
45,134,20.02,48.05
134,45,20.02,48.05
45,138,46.24,110.98
138,45,46.24,110.98
45,142,47.12,113.08
142,45,47.12,113.08
45,143,21.14,50.74
143,45,21.14,50.74
45,144,11.73,28.16
144,45,11.73,28.16
45,146,45.06,108.15
146,45,45.06,108.15
45,147,48.99,117.57
147,45,48.99,117.57
46,50,13.05,31.33
50,46,13.05,31.33
46,52,31.21,74.89
52,46,31.21,74.89
46,56,39.21,94.12
56,46,39.21,94.12
46,57,35.6,85.43
57,46,35.6,85.43
46,61,24.59,59.02
61,46,24.59,59.02
46,65,6.85,16.45
65,46,6.85,16.45
46,66,24.05,57.71
66,46,24.05,57.71
46,67,24.72,59.32
67,46,24.72,59.32
46,68,31.65,75.96
68,46,31.65,75.96
46,69,35.92,86.19
69,46,35.92,86.19
46,70,37.09,89.01
70,46,37.09,89.01
46,73,30.86,74.07
73,46,30.86,74.07
46,74,16.37,39.29
74,46,16.37,39.29
46,75,42.33,101.58
75,46,42.33,101.58
46,76,36.83,88.4
76,46,36.83,88.4
46,77,14.06,33.75
77,46,14.06,33.75
46,79,42.09,101.0
79,46,42.09,101.0
46,82,5.77,13.85
82,46,5.77,13.85
46,83,42.85,102.83
83,46,42.85,102.83
46,84,25.2,60.48
84,46,25.2,60.48
46,86,31.62,75.89
86,46,31.62,75.89
46,87,31.46,75.5
87,46,31.46,75.5
46,97,31.04,74.5
97,46,31.04,74.5
46,98,35.39,84.92
98,46,35.39,84.92
46,105,20.21,48.51
105,46,20.21,48.51
46,106,30.87,74.09
106,46,30.87,74.09
46,109,34.8,83.52
109,46,34.8,83.52
46,110,48.34,115.99
110,46,48.34,115.99
46,111,40.31,96.75
111,46,40.31,96.75
46,113,51.73,124.13
113,46,51.73,124.13
46,118,32.51,78.01
118,46,32.51,78.01
46,119,40.18,96.42
119,46,40.18,96.42
46,123,38.43,92.24
123,46,38.43,92.24
46,128,35.48,85.16
128,46,35.48,85.16
46,129,12.31,29.55
129,46,12.31,29.55
46,132,18.96,45.51
132,46,18.96,45.51
46,133,19.73,47.35
133,46,19.73,47.35
46,134,20.37,48.89
134,46,20.37,48.89
46,138,43.9,105.36
138,46,43.9,105.36
46,142,44.22,106.13
142,46,44.22,106.13
46,143,18.65,44.75
143,46,18.65,44.75
46,144,11.81,28.34
144,46,11.81,28.34
46,146,42.94,103.06
146,46,42.94,103.06
46,147,46.08,110.59
147,46,46.08,110.59
50,52,43.4,104.15
52,50,43.4,104.15
50,56,37.99,91.18
56,50,37.99,91.18
50,57,38.33,92.0
57,50,38.33,92.0
50,61,23.01,55.23
61,50,23.01,55.23
50,65,18.6,44.63
65,50,18.6,44.63
50,66,32.22,77.34
66,50,32.22,77.34
50,67,35.75,85.79
67,50,35.75,85.79
50,68,43.84,105.22
68,50,43.84,105.22
50,69,48.11,115.45
69,50,48.11,115.45
50,70,49.28,118.27
70,50,49.28,118.27
50,73,43.16,103.58
73,50,43.16,103.58
50,74,28.56,68.55
74,50,28.56,68.55
50,75,54.52,130.84
75,50,54.52,130.84
50,76,24.36,58.47
76,50,24.36,58.47
50,77,25.97,62.33
77,50,25.97,62.33
50,79,54.28,130.26
79,50,54.28,130.26
50,82,18.44,44.25
82,50,18.44,44.25
50,83,29.8,71.52
83,50,29.8,71.52
50,84,27.22,65.32
84,50,27.22,65.32
50,86,19.9,47.77
86,50,19.9,47.77
50,87,25.5,61.2
87,50,25.5,61.2
50,97,42.32,101.56
97,50,42.32,101.56
50,98,29.6,71.04
98,50,29.6,71.04
50,105,31.91,76.59
105,50,31.91,76.59
50,106,39.29,94.3
106,50,39.29,94.3
50,109,41.89,100.52
109,50,41.89,100.52
50,110,60.53,145.25
110,50,60.53,145.25
50,111,44.1,105.83
111,50,44.1,105.83
50,113,63.92,153.39
113,50,63.92,153.39
50,118,44.1,105.85
118,50,44.1,105.85
50,119,50.33,120.8
119,50,50.33,120.8
50,123,42.05,100.93
123,50,42.05,100.93
50,128,39.32,94.38
128,50,39.32,94.38
50,129,10.63,25.52
129,50,10.63,25.52
50,132,23.15,55.57
132,50,23.15,55.57
50,133,13.55,32.52
133,50,13.55,32.52
50,134,15.61,37.47
134,50,15.61,37.47
50,138,49.07,117.77
138,50,49.07,117.77
50,142,31.19,74.86
142,50,31.19,74.86
50,143,6.55,15.71
143,50,6.55,15.71
50,144,10.84,26.02
144,50,10.84,26.02
50,146,48.77,117.06
146,50,48.77,117.06
50,147,49.4,118.57
147,50,49.4,118.57
52,56,59.1,141.85
56,52,59.1,141.85
52,57,49.83,119.6
57,52,49.83,119.6
52,61,45.27,108.65
61,52,45.27,108.65
52,65,28.16,67.59
65,52,28.16,67.59
52,66,32.53,78.08
66,52,32.53,78.08
52,67,19.84,47.61
67,52,19.84,47.61
52,68,4.99,11.97
68,52,4.99,11.97
52,69,4.72,11.32
69,52,4.72,11.32
52,70,9.27,22.26
70,52,9.27,22.26
52,73,16.38,39.31
73,52,16.38,39.31
52,74,17.19,41.26
74,52,17.19,41.26
52,75,11.12,26.7
75,52,11.12,26.7
52,76,68.67,164.82
76,52,68.67,164.82
52,77,23.11,55.47
77,52,23.11,55.47
52,79,11.97,28.73
79,52,11.97,28.73
52,82,26.47,63.53
82,52,26.47,63.53
52,83,74.62,179.08
83,52,74.62,179.08
52,84,40.27,96.66
84,52,40.27,96.66
52,86,63.15,151.56
86,52,63.15,151.56
52,87,58.65,140.76
87,52,58.65,140.76
52,97,19.41,46.57
97,52,19.41,46.57
52,98,61.81,148.35
98,52,61.81,148.35
52,105,21.15,50.77
105,52,21.15,50.77
52,106,27.75,66.61
106,52,27.75,66.61
52,109,39.61,95.05
109,52,39.61,95.05
52,110,17.13,41.11
110,52,17.13,41.11
52,111,50.9,122.16
111,52,50.9,122.16
52,113,20.52,49.25
113,52,20.52,49.25
52,118,21.56,51.75
118,52,21.56,51.75
52,119,36.53,87.68
119,52,36.53,87.68
52,123,43.74,104.98
123,52,43.74,104.98
52,128,41.56,99.75
128,52,41.56,99.75
52,129,40.12,96.3
129,52,40.12,96.3
52,132,34.95,83.87
132,52,34.95,83.87
52,133,49.28,118.27
133,52,49.28,118.27
52,134,46.35,111.23
134,52,46.35,111.23
52,138,50.18,120.44
138,52,50.18,120.44
52,142,75.92,182.21
142,52,75.92,182.21
52,143,49.94,119.86
143,52,49.94,119.86
52,144,39.48,94.74
144,52,39.48,94.74
52,146,47.85,114.84
146,52,47.85,114.84
52,147,56.02,134.44
147,52,56.02,134.44
56,57,10.49,25.18
57,56,10.49,25.18
56,61,60.61,145.46
61,56,60.61,145.46
56,65,36.37,87.3
65,56,36.37,87.3
56,66,26.93,64.64
66,56,26.93,64.64
56,67,62.48,149.95
67,56,62.48,149.95
56,68,56.01,134.43
68,56,56.01,134.43
56,69,62.61,150.27
69,56,62.61,150.27
56,70,57.61,138.26
70,56,57.61,138.26
56,73,45.18,108.41
73,56,45.18,108.41
56,74,43.42,104.21
74,56,43.42,104.21
56,75,67.73,162.53
75,56,67.73,162.53
56,76,38.73,92.95
76,56,38.73,92.95
56,77,37.23,89.36
77,56,37.23,89.36
56,79,63.13,151.49
79,56,63.13,151.49
56,82,40.21,96.51
82,56,40.21,96.51
56,83,50.93,122.24
83,56,50.93,122.24
56,84,63.42,152.22
84,56,63.42,152.22
56,86,33.23,79.76
86,56,33.23,79.76
56,87,16.21,38.91
87,56,16.21,38.91
56,97,68.13,163.5
97,56,68.13,163.5
56,98,14.27,34.25
98,56,14.27,34.25
56,105,37.95,91.08
105,56,37.95,91.08
56,106,69.53,166.86
106,56,69.53,166.86
56,109,23.91,57.39
109,56,23.91,57.39
56,110,72.97,175.11
110,56,72.97,175.11
56,111,14.68,35.22
111,56,14.68,35.22
56,113,76.6,183.83
113,56,76.6,183.83
56,118,41.52,99.64
118,56,41.52,99.64
56,119,34.73,83.35
119,56,34.73,83.35
56,123,77.46,185.9
123,56,77.46,185.9
56,128,74.53,178.87
128,56,74.53,178.87
56,129,47.28,113.49
129,56,47.28,113.49
56,132,57.78,138.68
132,56,57.78,138.68
56,133,24.77,59.44
133,56,24.77,59.44
56,134,53.58,128.58
134,56,53.58,128.58
56,138,21.29,51.09
138,56,21.29,51.09
56,142,52.61,126.27
142,56,52.61,126.27
56,143,42.69,102.47
143,56,42.69,102.47
56,144,47.19,113.26
144,56,47.19,113.26
56,146,22.85,54.84
146,56,22.85,54.84
56,147,17.62,42.28
147,56,17.62,42.28
57,61,59.26,142.21
61,57,59.26,142.21
57,65,31.02,74.46
65,57,31.02,74.46
57,66,17.34,41.61
66,57,17.34,41.61
57,67,56.07,134.58
67,57,56.07,134.58
57,68,45.85,110.05
68,57,45.85,110.05
57,69,52.45,125.89
69,57,52.45,125.89
57,70,47.13,113.13
70,57,47.13,113.13
57,73,34.7,83.28
73,57,34.7,83.28
57,74,35.55,85.33
74,57,35.55,85.33
57,75,57.25,137.4
75,57,57.25,137.4
57,76,45.64,109.53
76,57,45.64,109.53
57,77,29.74,71.38
77,57,29.74,71.38
57,79,52.65,126.36
79,57,52.65,126.36
57,82,34.94,83.87
82,57,34.94,83.87
57,83,57.37,137.69
83,57,57.37,137.69
57,84,60.76,145.83
84,57,60.76,145.83
57,86,39.48,94.74
86,57,39.48,94.74
57,87,23.45,56.27
87,57,23.45,56.27
57,97,61.14,146.74
97,57,61.14,146.74
57,98,23.24,55.78
98,57,23.24,55.78
57,105,28.96,69.49
105,57,28.96,69.49
57,106,63.87,153.29
106,57,63.87,153.29
57,109,13.62,32.69
109,57,13.62,32.69
57,110,62.49,149.98
110,57,62.49,149.98
57,111,6.23,14.95
111,57,6.23,14.95
57,113,66.12,158.7
113,57,66.12,158.7
57,118,31.04,74.51
118,57,31.04,74.51
57,119,24.64,59.14
119,57,24.64,59.14
57,123,73.8,177.13
123,57,73.8,177.13
57,128,70.84,170.04
128,57,70.84,170.04
57,129,45.87,110.09
129,57,45.87,110.09
57,132,54.54,130.9
132,57,54.54,130.9
57,133,27.06,64.95
133,57,27.06,64.95
57,134,53.15,127.56
134,57,53.15,127.56
57,138,12.58,30.19
138,57,12.58,30.19
57,142,59.08,141.8
142,57,59.08,141.8
57,143,44.13,105.9
143,57,44.13,105.9
57,144,45.62,109.49
144,57,45.62,109.49
57,146,13.7,32.88
146,57,13.7,32.88
57,147,11.07,26.58
147,57,11.07,26.58
61,65,29.88,71.71
65,61,29.88,71.71
61,66,47.5,113.99
66,61,47.5,113.99
61,67,27.65,66.37
67,61,27.65,66.37
61,68,47.91,114.99
68,61,47.91,114.99
61,69,49.55,118.92
69,61,49.55,118.92
61,70,53.62,128.68
70,61,53.62,128.68
61,73,51.42,123.42
73,61,51.42,123.42
61,74,36.4,87.37
74,61,36.4,87.37
61,75,55.52,133.25
75,61,55.52,133.25
61,76,40.88,98.09
76,61,40.88,98.09
61,77,35.76,85.81
77,61,35.76,85.81
61,79,57.24,137.38
79,61,57.24,137.38
61,82,26.64,63.93
82,61,26.64,63.93
61,83,39.77,95.45
83,61,39.77,95.45
61,84,7.32,17.57
84,61,7.32,17.57
61,86,39.32,94.36
86,61,39.32,94.36
61,87,48.46,116.3
87,61,48.46,116.3
61,97,31.66,75.99
97,61,31.66,75.99
61,98,52.54,126.08
98,61,52.54,126.08
61,105,41.77,100.23
105,61,41.77,100.23
61,106,25.57,61.36
106,61,25.57,61.36
61,109,58.37,140.09
109,61,58.37,140.09
61,110,61.53,147.66
110,61,61.53,147.66
61,111,64.43,154.62
111,61,64.43,154.62
61,113,63.33,151.99
113,61,63.33,151.99
61,118,53.85,129.23
118,61,53.85,129.23
61,119,62.47,149.92
119,61,62.47,149.92
61,123,20.86,50.06
123,61,20.86,50.06
61,128,18.67,44.8
128,61,18.67,44.8
61,129,13.44,32.25
129,61,13.44,32.25
61,132,10.35,24.84
132,61,10.35,24.84
61,133,36.55,87.71
133,61,36.55,87.71
61,134,8.0,19.21
134,61,8.0,19.21
61,138,68.01,163.23
138,61,68.01,163.23
61,142,40.34,96.82
142,61,40.34,96.82
61,143,20.64,49.55
143,61,20.64,49.55
61,144,13.64,32.75
144,61,13.64,32.75
61,146,66.83,160.4
146,61,66.83,160.4
61,147,70.09,168.21
147,61,70.09,168.21
65,66,17.67,42.42
66,65,17.67,42.42
65,67,26.16,62.79
67,65,26.16,62.79
65,68,27.46,65.92
68,65,27.46,65.92
65,69,32.72,78.52
69,65,32.72,78.52
65,70,32.42,77.82
70,65,32.42,77.82
65,73,24.58,58.98
73,65,24.58,58.98
65,74,11.26,27.03
74,65,11.26,27.03
65,75,39.06,93.76
75,65,39.06,93.76
65,76,40.88,98.11
76,65,40.88,98.11
65,77,7.44,17.85
77,65,7.44,17.85
65,79,37.86,90.87
79,65,37.86,90.87
65,82,3.93,9.43
82,65,3.93,9.43
65,83,48.12,115.49
83,65,48.12,115.49
65,84,30.75,73.8
84,65,30.75,73.8
65,86,35.13,84.3
86,65,35.13,84.3
65,87,31.52,75.65
87,65,31.52,75.65
65,97,32.06,76.94
97,65,32.06,76.94
65,98,35.11,84.26
98,65,35.11,84.26
65,105,13.53,32.48
105,65,13.53,32.48
65,106,33.22,79.73
106,65,33.22,79.73
65,109,28.54,68.5
109,65,28.54,68.5
65,110,45.07,108.17
110,65,45.07,108.17
65,111,35.15,84.35
111,65,35.15,84.35
65,113,48.46,116.31
113,65,48.46,116.31
65,118,25.84,62.01
118,65,25.84,62.01
65,119,33.33,79.98
119,65,33.33,79.98
65,123,42.93,103.02
123,65,42.93,103.02
65,128,39.97,95.94
128,65,39.97,95.94
65,129,19.15,45.95
129,65,19.15,45.95
65,132,24.19,58.05
132,65,24.19,58.05
65,133,21.2,50.87
133,65,21.2,50.87
65,134,27.2,65.27
134,65,27.2,65.27
65,138,38.13,91.52
138,65,38.13,91.52
65,142,49.58,119.0
142,65,49.58,119.0
65,143,24.74,59.39
143,65,24.74,59.39
65,144,18.63,44.7
144,65,18.63,44.7
65,146,36.96,88.7
146,65,36.96,88.7
65,147,40.97,98.33
147,65,40.97,98.33
66,67,39.88,95.71
67,66,39.88,95.71
66,68,29.15,69.97
68,66,29.15,69.97
66,69,35.79,85.91
69,66,35.79,85.91
66,70,31.24,74.99
70,66,31.24,74.99
66,73,18.81,45.14
73,66,18.81,45.14
66,74,18.73,44.94
74,66,18.73,44.94
66,75,41.31,99.15
75,66,41.31,99.15
66,76,48.5,116.4
76,66,48.5,116.4
66,77,13.59,32.62
77,66,13.59,32.62
66,79,36.76,88.22
79,66,36.76,88.22
66,82,21.11,50.67
82,66,21.11,50.67
66,83,58.44,140.26
83,66,58.44,140.26
66,84,48.35,116.04
84,66,48.35,116.04
66,86,42.05,100.92
86,66,42.05,100.92
66,87,30.82,73.96
87,66,30.82,73.96
66,97,44.45,106.7
97,66,44.45,106.7
66,98,32.83,78.79
98,66,32.83,78.79
66,105,11.65,27.95
105,66,11.65,27.95
66,106,48.16,115.59
106,66,48.16,115.59
66,109,10.88,26.11
109,66,10.88,26.11
66,110,46.6,111.84
110,66,46.6,111.84
66,111,19.35,46.44
111,66,19.35,46.44
66,113,50.23,120.56
113,66,50.23,120.56
66,118,15.15,36.37
118,66,15.15,36.37
66,119,18.14,43.54
119,66,18.14,43.54
66,123,59.83,143.6
123,66,59.83,143.6
66,128,56.91,136.6
128,66,56.91,136.6
66,129,36.15,86.76
129,66,36.15,86.76
66,132,41.72,100.14
132,66,41.72,100.14
66,133,26.69,64.05
133,66,26.69,64.05
66,134,44.16,105.98
134,66,44.16,105.98
66,138,20.95,50.28
138,66,20.95,50.28
66,142,60.09,144.21
142,66,60.09,144.21
66,143,38.76,93.03
143,66,38.76,93.03
66,144,35.71,85.69
144,66,35.71,85.69
66,146,19.49,46.77
146,66,19.49,46.77
66,147,25.01,60.04
147,66,25.01,60.04
67,68,23.88,57.32
68,67,23.88,57.32
67,69,23.31,55.94
69,67,23.31,55.94
67,70,29.06,69.73
70,67,29.06,69.73
67,73,31.95,76.69
73,67,31.95,76.69
67,74,21.33,51.18
74,67,21.33,51.18
67,75,28.77,69.05
75,67,28.77,69.05
67,76,59.93,143.84
76,67,59.93,143.84
67,77,26.45,63.47
77,67,26.45,63.47
67,79,30.75,73.79
79,67,30.75,73.79
67,82,22.46,53.91
82,67,22.46,53.91
67,83,62.96,151.1
83,67,62.96,151.1
67,84,21.52,51.64
84,67,21.52,51.64
67,86,55.63,133.5
86,67,55.63,133.5
67,87,56.7,136.09
87,67,56.7,136.09
67,97,6.57,15.77
97,67,6.57,15.77
67,98,60.55,145.32
98,67,60.55,145.32
67,105,29.18,70.04
105,67,29.18,70.04
67,106,8.84,21.22
106,67,8.84,21.22
67,109,49.84,119.61
109,67,49.84,119.61
67,110,34.37,82.48
110,67,34.37,82.48
67,111,59.15,141.96
111,67,59.15,141.96
67,113,36.05,86.51
113,67,36.05,86.51
67,118,36.6,87.84
118,67,36.6,87.84
67,119,50.6,121.43
119,67,50.6,121.43
67,123,24.11,57.87
123,67,24.11,57.87
67,128,21.8,52.31
128,67,21.8,52.31
67,129,27.25,65.39
129,67,27.25,65.39
67,132,17.63,42.31
132,67,17.63,42.31
67,133,45.05,108.12
133,67,45.05,108.12
67,134,31.02,74.44
134,67,31.02,74.44
67,138,60.54,145.29
138,67,60.54,145.29
67,142,63.97,153.53
142,67,63.97,153.53
67,143,38.64,92.74
143,67,38.64,92.74
67,144,26.68,64.04
144,67,26.68,64.04
67,146,58.71,140.91
146,67,58.71,140.91
67,147,64.87,155.7
147,67,64.87,155.7
68,69,6.67,16.01
69,68,6.67,16.01
68,70,5.72,13.73
70,68,5.72,13.73
68,73,11.69,28.05
73,68,11.69,28.05
68,74,16.2,38.89
74,68,16.2,38.89
68,75,12.3,29.52
75,68,12.3,29.52
68,76,68.34,164.01
76,68,68.34,164.01
68,77,21.46,51.49
77,68,21.46,51.49
68,79,10.47,25.12
79,68,10.47,25.12
68,82,26.45,63.48
82,68,26.45,63.48
68,83,75.01,180.03
83,68,75.01,180.03
68,84,43.43,104.23
84,68,43.43,104.23
68,86,62.57,150.18
86,68,62.57,150.18
68,87,56.77,136.26
87,68,56.77,136.26
68,97,24.14,57.93
97,68,24.14,57.93
68,98,59.72,143.33
98,68,59.72,143.33
68,105,18.31,43.94
105,68,18.31,43.94
68,106,32.16,77.19
106,68,32.16,77.19
68,109,35.42,85.0
109,68,35.42,85.0
68,110,18.31,43.93
110,68,18.31,43.93
68,111,46.92,112.62
111,68,46.92,112.62
68,113,21.7,52.07
113,68,21.7,52.07
68,118,16.83,40.38
118,68,16.83,40.38
68,119,31.73,76.14
119,68,31.73,76.14
68,123,47.97,115.14
123,68,47.97,115.14
68,128,45.68,109.62
128,68,45.68,109.62
68,129,41.5,99.6
129,68,41.5,99.6
68,132,37.71,90.51
132,68,37.71,90.51
68,133,48.15,115.57
133,68,48.15,115.57
68,134,48.23,115.76
134,68,48.23,115.76
68,138,45.84,110.02
138,68,45.84,110.02
68,142,76.38,183.32
142,68,76.38,183.32
68,143,50.61,121.47
143,68,50.61,121.47
68,144,40.85,98.04
144,68,40.85,98.04
68,146,43.45,104.27
146,68,43.45,104.27
68,147,51.88,124.51
147,68,51.88,124.51
69,70,7.57,18.18
70,69,7.57,18.18
69,73,18.06,43.35
73,69,18.06,43.35
69,74,21.61,51.87
74,69,21.61,51.87
69,75,6.41,15.39
75,69,6.41,15.39
69,76,73.33,176.0
76,69,73.33,176.0
69,77,27.35,65.64
77,69,27.35,65.64
69,79,8.01,19.23
79,69,8.01,19.23
69,82,31.14,74.73
82,69,31.14,74.73
69,83,79.33,190.4
83,69,79.33,190.4
69,84,44.29,106.3
84,69,44.29,106.3
69,86,67.77,162.65
86,69,67.77,162.65
69,87,62.87,150.89
87,69,62.87,150.89
69,97,21.74,52.17
97,69,21.74,52.17
69,98,65.93,158.24
98,69,65.93,158.24
69,105,24.78,59.46
105,69,24.78,59.46
69,106,30.6,73.45
106,69,30.6,73.45
69,109,42.0,100.8
109,69,42.0,100.8
69,110,12.42,29.8
110,69,12.42,29.8
69,111,53.56,128.55
111,69,53.56,128.55
69,113,15.81,37.94
113,69,15.81,37.94
69,118,23.07,55.37
118,69,23.07,55.37
69,119,37.73,90.54
119,69,37.73,90.54
69,123,46.72,112.13
123,69,46.72,112.13
69,128,44.71,107.3
128,69,44.71,107.3
69,129,44.78,107.48
129,69,44.78,107.48
69,132,39.2,94.09
132,69,39.2,94.09
69,133,53.76,129.02
133,69,53.76,129.02
69,134,50.89,122.14
134,69,50.89,122.14
69,138,52.34,125.61
138,69,52.34,125.61
69,142,80.64,193.52
142,69,80.64,193.52
69,143,54.65,131.17
143,69,54.65,131.17
69,144,44.14,105.92
144,69,44.14,105.92
69,146,49.9,119.76
146,69,49.9,119.76
69,147,58.47,140.32
147,69,58.47,140.32
70,73,12.44,29.86
73,70,12.44,29.86
70,74,21.24,50.98
74,70,21.24,50.98
70,75,10.14,24.34
75,70,10.14,24.34
70,76,73.27,175.85
76,70,73.27,175.85
70,77,25.93,62.23
77,70,25.93,62.23
70,79,5.81,13.94
79,70,5.81,13.94
70,82,31.74,76.17
82,70,31.74,76.17
70,83,80.29,192.7
83,70,80.29,192.7
70,84,49.04,117.69
84,70,49.04,117.69
70,86,67.38,161.72
86,70,67.38,161.72
70,87,60.63,145.53
87,70,60.63,145.53
70,97,28.54,68.51
97,70,28.54,68.51
70,98,63.37,152.08
98,70,63.37,152.08
70,105,21.85,52.45
105,70,21.85,52.45
70,106,37.02,88.86
106,70,37.02,88.86
70,109,36.37,87.3
109,70,36.37,87.3
70,110,15.47,37.13
110,70,15.47,37.13
70,111,48.16,115.6
111,70,48.16,115.6
70,113,19.08,45.79
113,70,19.08,45.79
70,118,16.89,40.53
118,70,16.89,40.53
70,119,30.91,74.19
119,70,30.91,74.19
70,123,53.01,127.23
123,70,53.01,127.23
70,128,50.82,121.96
128,70,50.82,121.96
70,129,47.13,113.12
129,70,47.13,113.12
70,132,43.4,104.15
132,70,43.4,104.15
70,133,52.66,126.39
133,70,52.66,126.39
70,134,53.94,129.45
134,70,53.94,129.45
70,138,46.3,111.13
138,70,46.3,111.13
70,142,81.69,196.06
142,70,81.69,196.06
70,143,56.04,134.5
143,70,56.04,134.5
70,144,46.49,111.57
144,70,46.49,111.57
70,146,43.78,105.06
146,70,43.78,105.06
70,147,52.74,126.58
147,70,52.74,126.58
73,74,15.17,36.4
74,73,15.17,36.4
73,75,22.55,54.13
75,73,22.55,54.13
73,76,64.19,154.07
76,73,64.19,154.07
73,77,17.2,41.28
77,73,17.2,41.28
73,79,18.03,43.26
79,73,18.03,43.26
73,82,25.3,60.73
82,73,25.3,60.73
73,83,72.42,173.82
83,73,72.42,173.82
73,84,48.37,116.08
84,73,48.37,116.08
73,86,58.01,139.23
86,73,58.01,139.23
73,87,49.47,118.74
87,73,49.47,118.74
73,97,33.93,81.43
97,73,33.93,81.43
73,98,51.91,124.58
98,73,51.91,124.58
73,105,11.56,27.74
105,73,11.56,27.74
73,106,40.75,97.81
106,73,40.75,97.81
73,109,24.07,57.76
109,73,24.07,57.76
73,110,27.85,66.83
110,73,27.85,66.83
73,111,35.79,85.89
111,73,35.79,85.89
73,113,31.47,75.54
113,73,31.47,75.54
73,118,5.19,12.46
118,73,5.19,12.46
73,119,20.18,48.43
119,73,20.18,48.43
73,123,55.66,133.58
123,73,55.66,133.58
73,128,53.07,127.36
128,73,53.07,127.36
73,129,42.26,101.43
129,73,42.26,101.43
73,132,41.96,100.71
132,73,41.96,100.71
73,133,42.77,102.65
133,73,42.77,102.65
73,134,49.9,119.76
134,73,49.9,119.76
73,138,34.28,82.27
138,73,34.28,82.27
73,142,73.94,177.45
142,73,73.94,177.45
73,143,49.3,118.32
143,73,49.3,118.32
73,144,41.65,99.96
144,73,41.65,99.96
73,146,31.84,76.41
146,73,31.84,76.41
73,147,40.51,97.22
147,73,40.51,97.22
74,75,27.91,66.99
75,74,27.91,66.99
74,76,52.14,125.13
76,74,52.14,125.13
74,77,6.24,14.98
77,74,6.24,14.98
74,79,26.61,63.87
79,74,26.61,63.87
74,82,10.65,25.56
82,74,10.65,25.56
74,83,59.08,141.8
83,74,59.08,141.8
74,84,33.88,81.32
84,74,33.88,81.32
74,86,46.38,111.31
86,74,46.38,111.31
74,87,41.54,99.7
87,74,41.54,99.7
74,97,25.73,61.76
97,74,25.73,61.76
74,98,44.8,107.53
98,74,44.8,107.53
74,105,7.95,19.08
105,74,7.95,19.08
74,106,29.87,71.69
106,74,29.87,71.69
74,109,28.51,68.43
109,74,28.51,68.43
74,110,33.92,81.4
110,74,33.92,81.4
74,111,38.08,91.38
111,74,38.08,91.38
74,113,37.31,89.54
113,74,37.31,89.54
74,118,18.11,43.45
118,74,18.11,43.45
74,119,29.56,70.93
119,74,29.56,70.93
74,123,42.98,103.16
123,74,42.98,103.16
74,128,40.19,96.45
128,74,40.19,96.45
74,129,27.2,65.27
129,74,27.2,65.27
74,132,27.3,65.53
132,74,27.3,65.53
74,133,32.15,77.16
133,74,32.15,77.16
74,134,34.75,83.4
134,74,34.75,83.4
74,138,39.21,94.11
138,74,39.21,94.11
74,142,60.5,145.2
142,74,60.5,145.2
74,143,35.06,84.14
143,74,35.06,84.14
74,144,26.57,63.78
144,74,26.57,63.78
74,146,37.39,89.74
146,74,37.39,89.74
74,147,43.73,104.95
147,74,43.73,104.95
75,76,80.67,193.6
76,75,80.67,193.6
75,77,34.26,82.23
77,75,34.26,82.23
75,79,5.5,13.2
79,75,5.5,13.2
75,82,38.49,92.39
82,75,38.49,92.39
75,83,86.73,208.16
83,75,86.73,208.16
75,84,50.82,121.97
84,75,50.82,121.97
75,86,75.05,180.12
86,75,75.05,180.12
75,87,69.63,167.13
87,75,69.63,167.13
75,97,26.67,64.01
97,75,26.67,64.01
75,98,72.57,174.17
98,75,72.57,174.17
75,105,31.08,74.6
105,75,31.08,74.6
75,106,35.85,86.05
106,75,35.85,86.05
75,109,46.51,111.63
109,75,46.51,111.63
75,110,6.15,14.75
110,75,6.15,14.75
75,111,58.3,139.93
111,75,58.3,139.93
75,113,9.44,22.66
113,75,9.44,22.66
75,118,27.01,64.82
118,75,27.01,64.82
75,119,40.68,97.64
119,75,40.68,97.64
75,123,51.89,124.53
123,75,51.89,124.53
75,128,50.12,120.29
128,75,50.12,120.29
75,129,52.11,125.07
129,75,52.11,125.07
75,132,46.05,110.52
132,75,46.05,110.52
75,133,60.87,146.1
133,75,60.87,146.1
75,134,58.07,139.37
134,75,58.07,139.37
75,138,56.39,135.33
138,75,56.39,135.33
75,142,88.04,211.29
142,75,88.04,211.29
75,143,62.05,148.93
143,75,62.05,148.93
75,144,51.47,123.52
144,75,51.47,123.52
75,146,53.84,129.22
146,75,53.84,129.22
75,147,62.87,150.89
147,75,62.87,150.89
76,77,47.5,114.01
77,76,47.5,114.01
76,79,78.41,188.18
79,76,78.41,188.18
76,82,42.2,101.29
82,76,42.2,101.29
76,83,12.25,29.41
83,76,12.25,29.41
76,84,47.52,114.04
84,76,47.52,114.04
76,86,6.47,15.53
86,76,6.47,15.53
76,87,21.9,52.56
87,76,21.9,52.56
76,97,66.49,159.57
97,76,66.49,159.57
76,98,22.65,54.36
98,76,22.65,54.36
76,105,52.65,126.35
105,76,52.65,126.35
76,106,62.61,150.27
106,76,62.61,150.27
76,109,55.04,132.09
109,76,55.04,132.09
76,110,84.66,203.17
110,76,84.66,203.17
76,111,50.57,121.34
111,76,50.57,121.34
76,113,88.05,211.31
113,76,88.05,211.31
76,118,62.85,150.85
118,76,62.85,150.85
76,119,65.69,157.65
119,76,65.69,157.65
76,123,61.96,148.71
123,76,61.96,148.71
76,128,59.65,143.16
128,76,59.65,143.16
76,129,33.19,79.65
129,76,33.19,79.65
76,132,45.48,109.15
132,76,45.48,109.15
76,133,21.86,52.46
133,76,21.86,52.46
76,134,33.34,80.03
134,76,33.34,80.03
76,138,57.18,137.21
138,76,57.18,137.21
76,142,13.91,33.38
142,76,13.91,33.38
76,143,21.77,52.26
143,76,21.77,52.26
76,144,33.65,80.76
144,76,33.65,80.76
76,146,58.74,140.96
146,76,58.74,140.96
76,147,53.96,129.49
147,76,53.96,129.49
77,79,31.57,75.77
79,77,31.57,75.77
77,82,9.12,21.88
82,77,9.12,21.88
77,83,55.28,132.69
83,77,55.28,132.69
77,84,35.77,85.85
84,77,35.77,85.85
77,86,41.51,99.63
86,77,41.51,99.63
77,87,35.54,85.3
87,77,35.54,85.3
77,97,31.41,75.37
97,77,31.41,75.37
77,98,38.71,92.9
98,77,38.71,92.9
77,105,6.15,14.77
105,77,6.15,14.77
77,106,34.6,83.03
106,77,34.6,83.03
77,109,24.11,57.87
109,77,24.11,57.87
77,110,39.54,94.89
110,77,39.54,94.89
77,111,32.72,78.52
111,77,32.72,78.52
77,113,42.93,103.03
113,77,42.93,103.03
77,118,18.45,44.28
118,77,18.45,44.28
77,119,26.81,64.33
119,77,26.81,64.33
77,123,46.45,111.48
123,77,46.45,111.48
77,128,43.56,104.54
128,77,43.56,104.54
77,129,26.12,62.69
129,77,26.12,62.69
77,132,29.08,69.79
132,77,29.08,69.79
77,133,26.76,64.21
133,77,26.76,64.21
77,134,34.09,81.81
134,77,34.09,81.81
77,138,34.51,82.83
138,77,34.51,82.83
77,142,56.78,136.28
142,77,56.78,136.28
77,143,32.17,77.22
143,77,32.17,77.22
77,144,25.56,61.33
144,77,25.56,61.33
77,146,32.93,79.03
146,77,32.93,79.03
77,147,38.47,92.33
147,77,38.47,92.33
79,82,36.92,88.6
82,79,36.92,88.6
79,83,85.48,205.14
83,79,85.48,205.14
79,84,52.17,125.21
84,79,52.17,125.21
79,86,72.93,175.02
86,79,72.93,175.02
79,87,66.43,159.44
87,79,66.43,159.44
79,97,29.59,71.01
97,79,29.59,71.01
79,98,69.18,166.02
98,79,69.18,166.02
79,105,27.65,66.36
105,79,27.65,66.36
79,106,38.56,92.54
106,79,38.56,92.54
79,109,41.66,99.98
109,79,41.66,99.98
79,110,9.84,23.63
110,79,9.84,23.63
79,111,53.5,128.41
111,79,53.5,128.41
79,113,13.48,32.36
113,79,13.48,32.36
79,118,22.11,53.06
118,79,22.11,53.06
79,119,35.36,84.86
119,79,35.36,84.86
79,123,54.68,131.23
123,79,54.68,131.23
79,128,52.7,126.48
128,79,52.7,126.48
79,129,51.7,124.08
129,79,51.7,124.08
79,132,46.92,112.6
132,79,46.92,112.6
79,133,58.33,139.98
133,79,58.33,139.98
79,134,58.17,139.62
134,79,58.17,139.62
79,138,51.31,123.14
138,79,51.31,123.14
79,142,86.84,208.43
142,79,86.84,208.43
79,143,61.04,146.49
143,79,61.04,146.49
79,144,51.05,122.52
144,79,51.05,122.52
79,146,48.73,116.96
146,79,48.73,116.96
79,147,57.91,138.97
147,79,57.91,138.97
82,83,48.57,116.57
83,82,48.57,116.57
82,84,27.25,65.4
84,82,27.25,65.4
82,86,36.75,88.21
86,82,36.75,88.21
82,87,34.64,83.15
87,82,34.64,83.15
82,97,28.51,68.43
97,82,28.51,68.43
82,98,38.36,92.06
98,82,38.36,92.06
82,105,15.15,36.36
105,82,15.15,36.36
82,106,29.33,70.4
106,82,29.33,70.4
82,109,31.99,76.77
109,82,31.99,76.77
82,110,43.55,104.51
110,82,43.55,104.51
82,111,38.99,93.58
111,82,38.99,93.58
82,113,46.94,112.65
113,82,46.94,112.65
82,118,27.29,65.5
118,82,27.29,65.5
82,119,35.83,85.99
119,82,35.83,85.99
82,123,39.09,93.81
123,82,39.09,93.81
82,128,36.14,86.73
128,82,36.14,86.73
82,129,17.13,41.1
129,82,17.13,41.1
82,132,20.61,49.47
132,82,20.61,49.47
82,133,23.7,56.89
133,82,23.7,56.89
82,134,25.02,60.05
134,82,25.02,60.05
82,138,41.8,100.33
138,82,41.8,100.33
82,142,49.96,119.91
142,82,49.96,119.91
82,143,24.41,58.58
143,82,24.41,58.58
82,144,16.54,39.7
144,82,16.54,39.7
82,146,40.54,97.3
146,82,40.54,97.3
82,147,44.82,107.56
147,82,44.82,107.56
83,84,46.91,112.57
84,83,46.91,112.57
83,86,17.52,42.04
86,83,17.52,42.04
83,87,34.15,81.96
87,83,34.15,81.96
83,97,68.75,164.99
97,83,68.75,164.99
83,98,34.9,83.76
98,83,34.9,83.76
83,105,59.47,142.71
105,83,59.47,142.71
83,106,63.97,153.52
106,83,63.97,153.52
83,109,63.93,153.43
109,83,63.93,153.43
83,110,90.15,216.34
110,83,90.15,216.34
83,111,62.03,148.86
111,83,62.03,148.86
83,113,93.54,224.48
113,83,93.54,224.48
83,118,70.42,169.02
118,83,70.42,169.02
83,119,74.14,177.94
119,83,74.14,177.94
83,123,60.17,144.4
123,83,60.17,144.4
83,128,58.28,139.86
128,83,58.28,139.86
83,129,35.78,85.86
129,83,35.78,85.86
83,132,46.6,111.83
132,83,46.6,111.83
83,133,29.97,71.91
133,83,29.97,71.91
83,134,33.07,79.36
134,83,33.07,79.36
83,138,68.18,163.62
138,83,68.18,163.62
83,142,1.71,4.11
142,83,1.71,4.11
83,143,24.8,59.51
143,83,24.8,59.51
83,144,36.37,87.29
144,83,36.37,87.29
83,146,68.72,164.93
146,83,68.72,164.93
83,147,66.01,158.41
147,83,66.01,158.41
84,86,45.15,108.37
86,84,45.15,108.37
84,87,52.58,126.2
87,84,52.58,126.2
84,97,24.87,59.68
97,84,24.87,59.68
84,98,56.69,136.07
98,84,56.69,136.07
84,105,41.08,98.6
105,84,41.08,98.6
84,106,18.4,44.17
106,84,18.4,44.17
84,109,58.2,139.68
109,84,58.2,139.68
84,110,55.24,132.56
110,84,55.24,132.56
84,111,64.77,155.45
111,84,64.77,155.45
84,113,56.54,135.68
113,84,56.54,135.68
84,118,51.93,124.62
118,84,51.93,124.62
84,119,62.3,149.51
119,84,62.3,149.51
84,123,14.88,35.72
123,84,14.88,35.72
84,128,12.28,29.47
128,84,12.28,29.47
84,129,16.66,39.99
129,84,16.66,39.99
84,132,6.69,16.06
132,84,6.69,16.06
84,133,40.36,96.87
133,84,40.36,96.87
84,134,14.22,34.12
134,84,14.22,34.12
84,138,67.84,162.82
138,84,67.84,162.82
84,142,47.53,114.08
142,84,47.53,114.08
84,143,26.26,63.03
143,84,26.26,63.03
84,144,16.59,39.8
144,84,16.59,39.8
84,146,66.66,159.99
146,84,66.66,159.99
84,147,70.59,169.41
147,84,70.59,169.41
86,87,17.02,40.86
87,86,17.02,40.86
86,97,62.2,149.27
97,86,62.2,149.27
86,98,18.13,43.52
98,86,18.13,43.52
86,105,46.49,111.57
105,86,46.49,111.57
86,106,59.03,141.66
106,86,59.03,141.66
86,109,48.6,116.63
109,86,48.6,116.63
86,110,79.62,191.07
110,86,79.62,191.07
86,111,45.68,109.64
111,86,45.68,109.64
86,113,83.01,199.21
113,86,83.01,199.21
86,118,56.45,135.49
118,86,56.45,135.49
86,119,59.22,142.12
119,86,59.22,142.12
86,123,59.91,143.79
123,86,59.91,143.79
86,128,57.42,137.82
128,86,57.42,137.82
86,129,29.7,71.29
129,86,29.7,71.29
86,132,42.31,101.54
132,86,42.31,101.54
86,133,15.45,37.09
133,86,15.45,37.09
86,134,31.33,75.2
134,86,31.33,75.2
86,138,51.99,124.79
138,86,51.99,124.79
86,142,19.63,47.12
142,86,19.63,47.12
86,143,18.89,45.34
143,86,18.89,45.34
86,144,30.09,72.21
144,86,30.09,72.21
86,146,52.73,126.55
146,86,52.73,126.55
86,147,49.27,118.25
147,86,49.27,118.25
87,97,62.49,149.99
97,87,62.49,149.99
87,98,4.11,9.87
98,87,4.11,9.87
87,105,38.78,93.08
105,87,38.78,93.08
87,106,62.29,149.51
106,87,62.29,149.51
87,109,34.55,82.92
109,87,34.55,82.92
87,110,75.0,179.99
110,87,75.0,179.99
87,111,29.12,69.88
111,87,29.12,69.88
87,113,78.39,188.13
113,87,78.39,188.13
87,118,45.92,110.22
118,87,45.92,110.22
87,119,45.79,109.89
119,87,45.79,109.89
87,123,67.3,161.53
123,87,67.3,161.53
87,128,64.5,154.8
128,87,64.5,154.8
87,129,35.92,86.21
129,87,35.92,86.21
87,132,47.89,114.94
132,87,47.89,114.94
87,133,12.3,29.52
133,87,12.3,29.52
87,134,40.79,97.9
134,87,40.79,97.9
87,138,35.73,85.75
138,87,35.73,85.75
87,142,36.49,87.57
142,87,36.49,87.57
87,143,28.74,68.98
143,87,28.74,68.98
87,144,36.01,86.43
144,87,36.01,86.43
87,146,37.1,89.03
146,87,37.1,89.03
87,147,32.51,78.03
147,87,32.51,78.03
97,98,66.8,160.32
98,97,66.8,160.32
97,105,33.24,79.76
105,97,33.24,79.76
97,106,9.22,22.12
106,97,9.22,22.12
97,109,53.9,129.35
109,97,53.9,129.35
97,110,30.81,73.94
110,97,30.81,73.94
97,111,63.8,153.14
111,97,63.8,153.14
97,113,31.95,76.67
113,97,31.95,76.67
97,118,38.91,93.38
118,97,38.91,93.38
97,119,53.62,128.68
119,97,53.62,128.68
97,123,25.22,60.53
123,97,25.22,60.53
97,128,23.48,56.36
128,97,23.48,56.36
97,129,33.69,80.85
129,97,33.69,80.85
97,132,23.35,56.05
132,97,23.35,56.05
97,133,51.47,123.53
133,97,51.47,123.53
97,134,37.0,88.8
134,97,37.0,88.8
97,138,64.69,155.25
138,97,64.69,155.25
97,142,70.29,168.69
142,97,70.29,168.69
97,143,45.13,108.31
143,97,45.13,108.31
97,144,33.14,79.53
144,97,33.14,79.53
97,146,62.71,150.5
146,97,62.71,150.5
97,147,69.44,166.67
147,97,69.44,166.67
98,105,41.55,99.73
105,98,41.55,99.73
98,106,66.24,158.98
106,98,66.24,158.98
98,109,35.36,84.86
109,98,35.36,84.86
98,110,77.99,187.18
110,98,77.99,187.18
98,111,28.07,67.36
111,98,28.07,67.36
98,113,81.38,195.32
113,98,81.38,195.32
98,118,47.98,115.16
118,98,47.98,115.16
98,119,46.7,112.09
119,98,46.7,112.09
98,123,71.41,171.4
123,98,71.41,171.4
98,128,68.61,164.67
128,98,68.61,164.67
98,129,40.03,96.08
129,98,40.03,96.08
98,132,52.0,124.79
132,98,52.0,124.79
98,133,16.41,39.37
133,98,16.41,39.37
98,134,44.84,107.62
134,98,44.84,107.62
98,138,34.68,83.23
138,98,34.68,83.23
98,142,38.57,92.57
142,98,38.57,92.57
98,143,32.69,78.47
143,98,32.69,78.47
98,144,40.12,96.3
144,98,40.12,96.3
98,146,36.24,86.98
146,98,36.24,86.98
98,147,31.46,75.51
147,98,31.46,75.51
105,106,37.8,90.71
106,105,37.8,90.71
105,109,20.7,49.68
109,105,20.7,49.68
105,110,36.62,87.87
110,105,36.62,87.87
105,111,30.8,73.93
111,105,30.8,73.93
105,113,40.01,96.01
113,105,40.01,96.01
105,118,12.31,29.54
118,105,12.31,29.54
105,119,21.65,51.94
119,105,21.65,51.94
105,123,50.83,121.99
123,105,50.83,121.99
105,128,48.01,115.21
128,105,48.01,115.21
105,129,32.23,77.36
129,105,32.23,77.36
105,132,34.41,82.6
132,105,34.41,82.6
105,133,31.32,75.17
133,105,31.32,75.17
105,134,40.17,96.41
134,105,40.17,96.41
105,138,31.47,75.52
138,105,31.47,75.52
105,142,62.46,149.91
142,105,62.46,149.91
105,143,38.2,91.69
143,105,38.2,91.69
105,144,31.66,75.99
144,105,31.66,75.99
105,146,29.56,70.94
146,105,29.56,70.94
105,147,36.32,87.17
147,105,36.32,87.17
106,109,58.25,139.79
109,106,58.25,139.79
106,110,38.78,93.06
110,106,38.78,93.06
106,111,67.28,161.47
111,106,67.28,161.47
106,113,40.08,96.18
113,106,40.08,96.18
106,118,44.3,106.3
118,106,44.3,106.3
106,119,58.73,140.95
119,106,58.73,140.95
106,123,16.12,38.69
123,106,16.12,38.69
106,128,14.27,34.25
128,106,14.27,34.25
106,129,29.45,70.67
129,106,29.45,70.67
106,132,17.4,41.75
132,106,17.4,41.75
106,133,50.23,120.54
133,106,50.23,120.54
106,134,30.97,74.32
134,106,30.97,74.32
106,138,68.98,165.54
138,106,68.98,165.54
106,142,64.78,155.48
142,106,64.78,155.48
106,143,40.86,98.06
143,106,40.86,98.06
106,144,29.01,69.62
144,106,29.01,69.62
106,146,67.11,161.06
146,106,67.11,161.06
106,147,73.05,175.33
147,106,73.05,175.33
109,110,51.48,123.55
110,109,51.48,123.55
109,111,11.86,28.47
111,109,11.86,28.47
109,113,55.12,132.28
113,109,55.12,132.28
109,118,19.55,46.93
118,109,19.55,46.93
109,119,11.35,27.25
119,109,11.35,27.25
109,123,70.55,169.32
123,109,70.55,169.32
109,128,67.65,162.35
128,109,67.65,162.35
109,129,46.75,112.19
129,109,46.75,112.19
109,132,52.6,126.24
132,109,52.6,126.24
109,133,34.0,81.61
133,109,34.0,81.61
109,134,54.69,131.25
134,109,54.69,131.25
109,138,10.81,25.93
138,109,10.81,25.93
109,142,67.61,162.27
142,109,67.61,162.27
109,143,48.33,115.99
143,109,48.33,115.99
109,144,46.33,111.2
144,109,46.33,111.2
109,146,8.88,21.31
146,109,8.88,21.31
109,147,16.47,39.52
147,109,16.47,39.52
110,111,63.33,151.99
111,110,63.33,151.99
110,113,3.64,8.73
113,110,3.64,8.73
110,118,31.93,76.64
118,110,31.93,76.64
110,119,44.8,107.51
119,110,44.8,107.51
110,123,55.79,133.9
123,110,55.79,133.9
110,128,54.24,130.18
128,110,54.24,130.18
110,129,57.99,139.18
129,110,57.99,139.18
110,132,51.42,123.4
132,110,51.42,123.4
110,133,67.0,160.8
133,110,67.0,160.8
110,134,63.75,153.0
134,110,63.75,153.0
110,138,61.01,146.43
138,110,61.01,146.43
110,142,94.08,225.79
142,110,94.08,225.79
110,143,68.07,163.38
143,110,68.07,163.38
110,144,57.34,137.63
144,110,57.34,137.63
110,146,58.42,140.2
146,110,58.42,140.2
110,147,67.67,162.42
147,110,67.67,162.42
111,113,66.55,159.73
113,111,66.55,159.73
111,118,31.4,75.35
118,111,31.4,75.35
111,119,21.37,51.3
119,111,21.37,51.3
111,123,78.07,187.37
123,111,78.07,187.37
111,128,75.12,180.29
128,111,75.12,180.29
111,129,51.14,122.73
129,111,51.14,122.73
111,132,59.12,141.89
132,111,59.12,141.89
111,133,33.2,79.69
133,111,33.2,79.69
111,134,58.62,140.68
134,111,58.62,140.68
111,138,6.61,15.87
138,111,6.61,15.87
111,142,65.3,156.71
142,111,65.3,156.71
111,143,50.03,120.08
143,111,50.03,120.08
111,144,50.84,122.03
144,111,50.84,122.03
111,146,8.3,19.91
146,111,8.3,19.91
111,147,5.83,13.98
147,111,5.83,13.98
113,118,35.57,85.37
118,113,35.57,85.37
113,119,48.34,116.02
119,113,48.34,116.02
113,123,56.55,135.73
123,113,56.55,135.73
113,128,55.17,132.4
128,113,55.17,132.4
113,129,60.5,145.2
129,113,60.5,145.2
113,132,53.38,128.11
132,113,53.38,128.11
113,133,70.25,168.6
133,113,70.25,168.6
113,134,66.0,158.41
134,113,66.0,158.41
113,138,64.62,155.09
138,113,64.62,155.09
113,142,96.82,232.36
142,113,96.82,232.36
113,143,70.79,169.9
143,113,70.79,169.9
113,144,59.86,143.66
144,113,59.86,143.66
113,146,62.02,148.85
146,113,62.02,148.85
113,147,71.3,171.12
147,113,71.3,171.12
118,119,14.99,35.98
119,118,14.99,35.98
118,123,60.01,144.01
123,118,60.01,144.01
118,128,57.34,137.63
128,118,57.34,137.63
118,129,44.41,106.6
129,118,44.41,106.6
118,132,45.39,108.92
132,118,45.39,108.92
118,133,42.08,101.0
133,118,42.08,101.0
118,134,52.27,125.45
134,118,52.27,125.45
118,138,29.43,70.64
138,118,29.43,70.64
118,142,74.29,178.3
142,118,74.29,178.3
118,143,50.45,121.09
143,118,50.45,121.09
118,144,43.83,105.19
144,118,43.83,105.19
118,146,26.93,64.64
146,118,26.93,64.64
118,147,35.86,86.07
147,118,35.86,86.07
119,123,73.42,176.2
123,119,73.42,176.2
119,128,70.64,169.53
128,119,70.64,169.53
119,129,53.46,128.31
129,119,53.46,128.31
119,132,57.11,137.07
132,119,57.11,137.07
119,133,44.19,106.07
133,119,44.19,106.07
119,134,61.52,147.65
134,119,61.52,147.65
119,138,17.05,40.91
138,119,17.05,40.91
119,142,77.83,186.8
142,119,77.83,186.8
119,143,56.88,136.5
143,119,56.88,136.5
119,144,52.96,127.11
144,119,52.96,127.11
119,146,14.38,34.51
146,119,14.38,34.51
119,147,24.15,57.97
147,119,24.15,57.97
123,128,2.96,7.1
128,123,2.96,7.1
123,129,31.45,75.47
129,123,31.45,75.47
123,132,19.69,47.26
132,123,19.69,47.26
123,133,55.03,132.08
133,123,55.03,132.08
123,134,28.67,68.8
134,123,28.67,68.8
123,138,80.58,193.41
138,123,80.58,193.41
123,142,60.58,145.4
142,123,60.58,145.4
123,143,41.05,98.51
143,123,41.05,98.51
123,144,31.31,75.15
144,123,31.31,75.15
123,146,79.31,190.35
146,123,79.31,190.35
123,147,83.33,200.0
147,123,83.33,200.0
128,129,28.7,68.88
129,128,28.7,68.88
128,132,16.79,40.28
132,128,16.79,40.28
128,133,52.22,125.32
133,128,52.22,125.32
128,134,26.31,63.14
134,128,26.31,63.14
128,138,77.63,186.31
138,128,77.63,186.31
128,142,58.75,141.01
142,128,58.75,141.01
128,143,38.53,92.49
143,128,38.53,92.49
128,144,28.54,68.51
144,128,28.54,68.51
128,146,76.39,183.35
146,128,76.39,183.35
128,147,80.38,192.9
147,128,80.38,192.9
129,132,12.65,30.37
132,129,12.65,30.37
129,133,23.72,56.93
133,129,23.72,56.93
129,134,8.06,19.34
134,129,8.06,19.34
129,138,55.32,132.76
138,129,55.32,132.76
129,142,36.85,88.45
142,129,36.85,88.45
129,143,11.5,27.6
143,129,11.5,27.6
129,144,0.65,1.56
144,129,0.65,1.56
129,146,54.58,130.99
146,129,54.58,130.99
129,147,56.75,136.21
147,129,56.75,136.21
132,133,35.59,85.42
133,132,35.59,85.42
132,134,13.74,32.97
134,132,13.74,32.97
132,138,61.38,147.33
138,132,61.38,147.33
132,142,47.44,113.87
142,132,47.44,113.87
132,143,23.72,56.92
143,132,23.72,56.92
132,144,12.35,29.64
144,132,12.35,29.64
132,146,60.2,144.5
146,132,60.2,144.5
132,147,64.13,153.92
147,132,64.13,153.92
133,134,29.13,69.9
134,133,29.13,69.9
133,138,38.97,93.54
138,133,38.97,93.54
133,142,33.66,80.79
142,133,33.66,80.79
133,143,17.93,43.04
143,133,17.93,43.04
133,144,23.78,57.07
144,133,23.78,57.07
133,146,39.25,94.2
146,133,39.25,94.2
133,147,37.97,91.12
147,133,37.97,91.12
134,138,63.03,151.27
138,134,63.03,151.27
134,142,33.83,81.2
142,134,33.83,81.2
134,143,12.65,30.36
143,134,12.65,30.36
134,144,8.57,20.57
144,134,8.57,20.57
134,146,62.39,149.74
146,134,62.39,149.74
134,147,64.14,153.93
147,134,64.14,153.93
138,142,71.57,171.76
142,138,71.57,171.76
138,143,55.22,132.52
143,138,55.22,132.52
138,144,54.97,131.93
144,138,54.97,131.93
138,146,2.67,6.4
146,138,2.67,6.4
138,147,7.15,17.16
147,138,7.15,17.16
142,143,26.03,62.46
143,142,26.03,62.46
142,144,37.46,89.89
144,142,37.46,89.89
142,146,70.37,168.89
146,142,70.37,168.89
142,147,67.66,162.37
147,142,67.66,162.37
143,144,12.01,28.83
144,143,12.01,28.83
143,146,55.03,132.07
146,143,55.03,132.07
143,147,55.19,132.46
147,143,55.19,132.46
144,146,54.21,130.1
146,144,54.21,130.1
144,147,56.48,135.55
147,144,56.48,135.55
146,147,9.79,23.5
147,146,9.79,23.5
151,1,58.4,140.17
1,151,58.4,140.17
151,2,59.76,143.42
2,151,59.76,143.42
151,5,20.19,48.45
5,151,20.19,48.45
151,10,32.22,77.33
10,151,32.22,77.33
151,11,41.55,99.71
11,151,41.55,99.71
151,12,35.88,86.11
12,151,35.88,86.11
151,13,39.62,95.1
13,151,39.62,95.1
151,16,22.54,54.09
16,151,22.54,54.09
151,17,12.23,29.35
17,151,12.23,29.35
151,19,34.34,82.41
19,151,34.34,82.41
151,20,35.31,84.73
20,151,35.31,84.73
151,21,32.77,78.64
21,151,32.77,78.64
151,23,42.62,102.28
23,151,42.62,102.28
151,27,42.03,100.87
27,151,42.03,100.87
151,28,19.25,46.19
28,151,19.25,46.19
151,29,15.68,37.63
29,151,15.68,37.63
151,30,50.32,120.77
30,151,50.32,120.77
151,31,52.96,127.09
31,151,52.96,127.09
151,32,22.22,53.32
32,151,22.22,53.32
151,33,8.82,21.16
33,151,8.82,21.16
151,37,37.59,90.21
37,151,37.59,90.21
151,41,49.71,119.3
41,151,49.71,119.3
151,43,56.02,134.45
43,151,56.02,134.45
151,44,47.56,114.14
44,151,47.56,114.14
151,45,24.66,59.19
45,151,24.66,59.19
151,46,24.34,58.42
46,151,24.34,58.42
151,50,16.75,40.2
50,151,16.75,40.2
151,52,51.63,123.92
52,151,51.63,123.92
151,56,54.37,130.49
56,151,54.37,130.49
151,57,55.07,132.16
57,151,55.07,132.16
151,61,11.38,27.32
61,151,11.38,27.32
151,65,31.03,74.47
65,151,31.03,74.47
151,66,47.51,114.02
66,151,47.51,114.02
151,67,36.38,87.31
67,151,36.38,87.31
151,68,53.19,127.66
68,151,53.19,127.66
151,69,56.2,134.89
69,151,56.2,134.89
151,70,58.63,140.71
70,151,58.63,140.71
151,73,52.85,126.82
73,151,52.85,126.82
151,74,37.91,90.99
74,151,37.91,90.99
151,75,62.43,149.85
75,151,62.43,149.85
151,76,29.79,71.48
76,151,29.79,71.48
151,77,36.91,88.57
77,151,36.91,88.57
151,79,63.42,152.2
79,151,63.42,152.2
151,82,27.79,66.69
82,151,27.79,66.69
151,83,28.43,68.24
83,151,28.43,68.24
151,84,18.48,44.34
84,151,18.48,44.34
151,86,29.06,69.74
86,151,29.06,69.74
151,87,40.53,97.26
87,151,40.53,97.26
151,97,41.36,99.27
97,151,41.36,99.27
151,98,44.45,106.68
98,151,44.45,106.68
151,105,42.92,102.99
105,151,42.92,102.99
151,106,35.99,86.37
106,151,35.99,86.37
151,109,57.77,138.65
109,151,57.77,138.65
151,110,68.44,164.26
110,151,68.44,164.26
151,111,60.77,145.85
111,151,60.77,145.85
151,113,71.39,171.33
113,151,71.39,171.33
151,118,55.0,131.99
118,151,55.0,131.99
151,119,63.62,152.68
119,151,63.62,152.68
151,123,32.12,77.08
123,151,32.12,77.08
151,128,30.03,72.06
128,151,30.03,72.06
151,129,12.32,29.57
129,151,12.32,29.57
151,132,18.97,45.53
132,151,18.97,45.53
151,133,29.61,71.07
133,151,29.61,71.07
151,134,5.4,12.95
134,151,5.4,12.95
151,138,65.56,157.34
138,151,65.56,157.34
151,142,29.07,69.76
142,151,29.07,69.76
151,143,11.8,28.33
143,151,11.8,28.33
151,144,12.93,31.04
144,151,12.93,31.04
151,146,65.11,156.26
146,151,65.11,156.26
151,147,66.13,158.72
147,151,66.13,158.72
158,159,0.0,0.0
164,165,0.0,0.0
162,163,0.0,0.0
160,161,0.0,0.0
166,167,0.0,0.0
152,153,0.0,0.0
170,171,0.0,0.0
1,152,35.63,85.52
1,158,28.61,68.66
1,160,35.66,85.58
1,162,45.31,108.75
1,164,55.31,132.75
1,166,63.88,153.31
1,170,9.91,23.78
2,152,36.99,88.79
2,158,18.07,43.38
2,160,46.22,110.93
2,162,39.57,94.96
2,164,63.15,151.55
2,166,69.04,165.69
2,170,18.09,43.42
5,152,10.47,25.14
5,158,40.13,96.32
5,160,51.6,123.85
5,162,19.86,47.66
5,164,44.92,107.81
5,166,37.56,90.15
5,170,36.62,87.9
10,152,18.89,45.34
10,158,29.86,71.65
10,160,58.16,139.59
10,162,7.47,17.93
10,164,56.42,135.4
10,166,50.52,121.25
10,170,36.97,88.72
11,152,18.71,44.9
11,158,20.64,49.53
11,160,45.13,108.32
11,162,22.82,54.77
11,164,52.27,125.45
11,166,53.27,127.84
11,170,19.57,46.96
12,152,14.81,35.54
12,158,24.64,59.15
12,160,49.03,117.67
12,162,16.35,39.24
12,164,51.68,124.03
12,166,49.73,119.35
12,170,26.2,62.87
13,152,21.85,52.44
13,158,21.48,51.56
13,160,56.88,136.51
13,162,10.02,24.05
13,164,59.36,142.47
13,166,56.0,134.41
13,170,32.57,78.18
16,152,12.63,30.3
16,158,50.19,120.45
16,160,34.75,83.4
16,162,38.53,92.48
16,164,25.33,60.8
16,166,23.98,57.56
16,170,31.35,75.25
17,152,19.29,46.31
17,158,57.98,139.14
17,160,44.79,107.49
17,162,40.63,97.51
17,164,27.55,66.13
17,166,16.77,40.25
17,170,42.88,102.9
19,152,20.94,50.27
19,158,52.24,125.37
19,160,22.56,54.14
19,162,46.99,112.77
19,164,20.43,49.04
19,166,28.87,69.28
19,170,26.12,62.68
20,152,14.76,35.42
20,158,41.65,99.97
20,160,26.77,64.24
20,162,38.65,92.77
20,164,30.97,74.33
20,166,36.49,87.58
20,170,17.66,42.39
21,152,15.46,37.11
21,158,46.16,110.79
21,160,26.1,62.63
21,162,41.01,98.43
21,164,26.38,63.3
21,166,31.89,76.53
21,170,22.13,53.12
23,152,21.19,50.85
23,158,40.61,97.47
23,160,22.6,54.25
23,162,42.63,102.31
23,164,34.03,81.68
23,166,42.49,101.98
23,170,11.85,28.45
27,152,21.35,51.25
27,158,18.28,43.87
27,160,52.7,126.48
27,162,15.78,37.88
27,164,57.69,138.46
27,166,56.32,135.16
27,170,27.26,65.42
28,152,9.32,22.36
28,158,48.01,115.21
28,160,39.25,94.2
28,162,34.13,81.92
28,164,29.88,71.71
28,166,25.73,61.75
28,170,32.64,78.34
29,152,10.83,26.0
29,158,49.49,118.78
29,160,42.66,102.38
29,162,33.45,80.28
29,164,31.4,75.36
29,166,24.75,59.39
29,170,35.95,86.27
30,152,30.98,74.34
30,158,48.36,116.07
30,160,12.93,31.04
30,162,52.95,127.09
30,164,32.67,78.42
30,166,45.67,109.62
30,170,16.27,39.05
31,152,32.72,78.53
31,158,47.08,112.99
31,160,14.19,34.06
31,162,53.53,128.47
31,164,35.95,86.29
31,166,48.96,117.49
31,170,14.69,35.25
32,152,26.54,63.71
32,158,64.81,155.54
32,160,38.74,92.98
32,162,50.72,121.74
32,164,16.7,40.08
32,166,9.77,23.45
32,170,44.25,106.2
33,152,18.12,43.48
33,158,51.75,124.19
33,160,55.27,132.66
33,162,29.06,69.75
33,164,41.97,100.73
33,166,29.91,71.77
33,170,45.64,109.53
37,152,29.73,71.36
37,158,62.1,149.04
37,160,21.41,51.38
37,162,56.07,134.58
37,164,11.13,26.71
37,166,25.18,60.44
37,170,34.55,82.92
41,152,26.86,64.47
41,158,26.42,63.41
41,160,34.78,83.48
41,162,37.82,90.78
41,164,49.96,119.91
41,166,56.53,135.68
41,170,6.0,14.39
43,152,33.25,79.8
43,158,13.68,32.83
43,160,48.07,115.38
43,162,33.74,80.97
43,164,62.35,149.64
43,166,66.56,159.75
43,170,19.25,46.19
44,152,24.75,59.4
44,158,15.77,37.84
44,160,46.73,112.14
44,162,26.0,62.39
44,164,56.8,136.32
44,166,58.98,141.56
44,170,18.96,45.51
45,152,1.64,3.93
45,158,37.79,90.69
45,160,42.69,102.45
45,162,24.72,59.33
45,164,39.36,94.46
45,166,36.18,86.83
45,170,28.06,67.33
46,152,3.02,7.24
46,158,40.94,98.27
46,160,38.8,93.12
46,162,29.37,70.49
46,164,34.79,83.5
46,166,32.78,78.66
46,170,27.11,65.06
50,152,15.21,36.5
50,158,53.94,129.46
50,160,40.05,96.11
50,162,38.98,93.56
50,164,26.09,62.62
50,166,19.81,47.55
50,170,37.36,89.66
52,152,29.79,71.5
52,158,8.99,21.58
52,160,54.76,131.43
52,162,22.96,55.11
52,164,64.06,153.75
52,166,64.74,155.37
52,170,26.71,64.11
56,152,41.94,100.66
56,158,66.09,158.61
56,160,7.42,17.81
56,162,67.06,160.96
56,164,22.91,54.99
56,166,41.5,99.6
56,170,34.26,82.21
57,152,37.85,90.84
57,158,56.14,134.73
57,160,5.07,12.16
57,162,60.81,145.95
57,164,31.08,74.59
57,166,46.98,112.76
57,170,23.78,57.08
61,152,23.41,56.18
61,158,53.39,128.13
61,160,61.78,148.27
61,162,28.05,67.32
61,164,48.15,115.55
61,166,34.67,83.2
61,170,50.8,121.92
65,152,7.63,18.31
65,158,36.93,88.64
65,160,34.79,83.49
65,162,30.7,73.68
65,164,36.19,86.85
65,166,37.6,90.24
65,170,20.26,48.62
66,152,25.3,60.71
66,158,39.18,94.03
66,160,22.23,53.35
66,162,44.66,107.18
66,164,37.93,91.03
66,166,47.42,113.82
66,170,7.89,18.94
67,152,22.32,53.57
67,158,26.64,63.93
67,160,60.31,144.74
67,162,4.78,11.47
67,164,60.05,144.12
67,166,54.67,131.2
67,170,37.53,90.07
68,152,30.35,72.84
68,158,10.17,24.4
68,160,51.27,123.06
68,162,27.39,65.74
68,164,62.59,150.23
68,166,64.81,155.54
68,170,22.73,54.55
69,152,34.51,82.82
69,158,4.28,10.27
69,160,57.94,139.05
69,162,25.85,62.04
69,164,68.44,164.26
69,166,69.44,166.65
69,170,29.39,70.52
70,152,35.82,85.96
70,158,8.6,20.65
70,160,53.3,127.91
70,162,32.23,77.35
70,164,66.77,160.26
70,166,69.96,167.91
70,170,24.46,58.7
73,152,30.07,72.17
73,158,20.64,49.54
73,160,40.87,98.09
73,162,36.21,86.91
73,164,56.05,134.53
73,166,61.67,148.02
73,170,12.05,28.92
74,152,15.15,36.36
74,158,25.78,61.87
74,160,40.13,96.31
74,162,26.09,62.62
74,164,46.87,112.49
74,166,48.72,116.93
74,170,16.49,39.57
75,152,41.91,100.58
75,158,3.14,7.54
75,160,63.34,152.01
75,162,31.27,75.05
75,164,75.42,181.0
75,166,76.83,184.38
75,170,34.51,82.82
76,152,39.34,94.42
76,158,77.6,186.23
76,160,44.5,106.81
76,162,62.88,150.91
76,164,16.06,38.54
76,166,6.61,15.86
76,170,55.59,133.42
77,152,13.98,33.55
77,158,31.4,75.36
77,160,34.18,82.02
77,162,31.22,74.92
77,164,41.15,98.77
77,166,44.62,107.1
77,170,13.74,32.97
79,152,40.77,97.86
79,158,5.82,13.98
79,160,58.88,141.31
79,162,33.82,81.17
79,164,72.53,174.07
79,166,75.27,180.65
79,170,30.08,72.18
82,152,4.89,11.74
82,158,35.41,84.98
82,160,38.72,92.92
82,162,26.93,64.63
82,164,38.84,93.21
82,166,38.39,92.14
82,170,22.76,54.63
83,152,44.83,107.59
83,158,83.61,200.65
83,160,56.53,135.67
83,162,65.14,156.32
83,164,28.31,67.94
83,166,11.02,26.44
83,170,65.01,156.02
84,152,23.24,55.77
84,158,47.91,114.99
84,160,63.78,153.07
84,162,21.26,51.01
84,164,53.15,127.55
84,166,41.21,98.91
84,170,49.42,118.62
86,152,34.3,82.32
86,158,72.01,172.83
86,160,38.62,92.69
86,162,58.88,141.31
86,164,11.54,27.7
86,166,8.51,20.43
86,170,49.19,118.06
87,152,34.47,82.73
87,158,66.86,160.46
87,160,21.86,52.47
87,162,60.83,145.99
87,164,7.7,18.48
87,166,25.32,60.76
87,170,38.66,92.79
97,152,28.75,69.0
97,158,24.25,58.21
97,160,65.56,157.34
97,162,4.99,11.98
97,164,66.52,159.64
97,166,61.17,146.82
97,170,41.18,98.84
98,152,38.39,92.14
98,158,69.85,167.65
98,160,20.81,49.95
98,162,64.73,155.35
98,164,8.67,20.82
98,166,28.09,67.41
98,170,40.72,97.73
105,152,20.04,48.1
105,158,28.48,68.34
105,160,33.78,81.07
105,162,33.93,81.42
105,164,45.01,108.02
105,166,50.15,120.35
105,170,8.58,20.58
106,152,28.01,67.22
106,158,33.37,80.08
106,160,67.9,162.97
106,162,4.8,11.51
106,164,64.8,155.53
106,166,56.83,136.38
106,170,46.23,110.95
109,152,36.16,86.78
109,158,44.7,107.29
109,160,18.42,44.22
109,162,54.59,131.03
109,164,42.2,101.28
109,166,55.02,132.05
109,170,13.0,31.19
110,152,47.98,115.15
110,158,9.22,22.12
110,160,68.71,164.91
110,162,35.64,85.53
110,164,81.51,195.61
110,166,82.93,199.04
110,170,39.89,95.74
111,152,42.34,101.62
111,158,56.42,135.4
111,160,8.55,20.52
111,162,63.92,153.42
111,164,37.04,88.89
111,166,53.21,127.71
111,170,24.21,58.11
113,152,50.82,121.97
113,158,12.33,29.59
113,160,72.34,173.63
113,162,36.88,88.51
113,164,84.84,203.62
113,166,85.83,205.99
113,170,43.52,104.45
118,152,32.17,77.22
118,158,25.36,60.86
118,160,37.06,88.95
118,162,40.98,98.35
118,164,54.54,130.89
118,166,61.82,148.38
118,170,8.99,21.59
119,152,41.8,100.32
119,158,39.51,94.83
119,160,29.13,69.92
119,162,55.33,132.79
119,164,53.4,128.15
119,166,65.17,156.42
119,170,14.39,34.53
123,152,35.98,86.36
123,158,49.46,118.7
123,160,77.21,185.3
123,162,20.87,50.09
123,164,68.02,163.26
123,166,55.53,133.26
123,170,59.4,142.57
128,152,33.03,79.26
128,158,47.6,114.25
128,160,74.26,178.21
128,162,18.9,45.36
128,164,65.35,156.83
128,166,53.27,127.84
128,170,56.58,135.79
129,152,12.25,29.4
129,158,48.98,117.55
129,160,48.34,116.02
129,162,29.8,71.52
129,164,36.71,88.1
129,166,27.56,66.15
129,170,39.41,94.58
132,152,16.78,40.28
132,158,43.04,103.3
132,160,57.74,138.57
132,162,18.78,45.08
132,164,49.23,118.14
132,166,39.54,94.89
132,170,42.74,102.57
133,152,22.73,54.55
133,158,57.92,139.02
133,160,27.77,66.66
133,162,49.0,117.59
133,164,15.15,36.35
133,166,21.03,50.47
133,170,33.74,80.98
134,152,20.13,48.31
134,158,54.97,131.93
134,160,55.29,132.69
134,162,32.51,78.03
134,164,40.2,96.48
134,166,27.0,64.8
134,170,47.45,113.89
138,152,45.62,109.48
138,158,54.79,131.5
138,160,15.07,36.17
138,162,65.3,156.73
138,164,43.6,104.64
138,166,59.35,142.45
138,170,23.75,57.0
142,152,46.15,110.76
142,158,84.91,203.77
142,160,58.23,139.75
142,162,66.06,158.54
142,164,29.95,71.89
142,166,12.67,30.4
142,170,66.62,159.88
143,152,20.26,48.64
143,158,58.92,141.4
143,160,45.45,109.08
143,162,41.3,99.12
143,164,27.59,66.22
143,166,16.07,38.56
143,170,43.87,105.29
144,152,11.66,27.98
144,158,48.33,115.99
144,160,48.15,115.56
144,162,29.29,70.3
144,164,36.93,88.64
144,166,28.08,67.39
144,170,38.88,93.32
146,152,44.52,106.84
146,158,52.29,125.5
146,160,16.84,40.42
146,162,63.47,152.32
146,164,44.76,107.41
146,166,59.88,143.72
146,170,21.61,51.87
147,152,48.14,115.54
147,158,61.13,146.72
147,160,10.95,26.28
147,162,69.65,167.17
147,164,40.1,96.24
147,166,57.36,137.66
147,170,29.32,70.36
151,152,24.56,58.94
151,158,60.3,144.73
151,160,56.77,136.24
151,162,37.75,90.6
151,164,38.92,93.4
151,166,23.58,56.59
151,170,51.39,123.34
153,1,33.94,81.45
153,2,35.2,84.48
153,5,11.37,27.28
153,10,18.49,44.38
153,11,16.99,40.77
153,12,13.47,32.33
153,13,20.79,49.91
153,16,13.73,32.96
153,17,21.0,50.41
153,19,21.12,50.68
153,20,14.09,33.81
153,21,15.35,36.84
153,23,20.17,48.41
153,27,19.94,47.87
153,28,10.84,26.01
153,29,12.57,30.16
153,30,30.15,72.36
153,31,31.75,76.2
153,32,27.93,67.04
153,33,19.73,47.36
153,37,30.21,72.5
153,41,25.15,60.36
153,43,31.46,75.51
153,44,23.0,55.2
153,45,2.15,5.17
153,46,3.97,9.52
153,50,16.77,40.24
153,52,28.19,67.65
153,56,41.79,100.3
153,57,37.23,89.34
153,61,24.85,59.63
153,65,6.47,15.53
153,66,24.09,57.81
153,67,21.7,52.08
153,68,28.63,68.72
153,69,32.9,78.95
153,70,34.07,81.77
153,73,28.29,67.88
153,74,13.35,32.05
153,75,40.3,96.71
153,76,40.75,97.8
153,77,12.35,29.63
153,79,39.07,93.76
153,82,3.23,7.75
153,83,46.47,111.54
153,84,24.29,58.29
153,86,35.58,85.39
153,87,35.0,84.01
153,97,28.02,67.26
153,98,38.86,93.26
153,105,18.36,44.05
153,106,27.85,66.85
153,109,34.96,83.91
153,110,46.38,111.32
153,111,41.53,99.68
153,113,49.26,118.23
153,118,30.44,73.05
153,119,40.3,96.72
153,123,36.6,87.83
153,128,33.64,80.73
153,129,14.01,33.62
153,132,17.72,42.52
153,133,23.5,56.4
153,134,21.84,52.41
153,138,44.6,107.05
153,142,47.81,114.75
153,143,21.98,52.76
153,144,13.41,32.18
153,146,43.42,104.22
153,147,47.35,113.64
153,151,26.32,63.18
159,1,28.0,67.19
159,2,17.2,41.27
159,5,41.84,100.42
159,10,31.76,76.23
159,11,21.79,52.31
159,12,26.22,62.94
159,13,23.37,56.1
159,16,51.37,123.29
159,17,59.4,142.57
159,19,53.01,127.22
159,20,42.43,101.82
159,21,47.01,112.81
159,23,41.05,98.52
159,27,19.96,47.9
159,28,49.33,118.4
159,29,50.92,122.2
159,30,48.49,116.37
159,31,47.07,112.98
159,32,66.01,158.43
159,33,53.47,128.33
159,37,62.83,150.79
159,41,26.44,63.45
159,43,13.32,31.97
159,44,16.59,39.82
159,45,39.21,94.11
159,46,42.24,101.38
159,50,55.27,132.65
159,52,10.44,25.07
159,56,66.31,159.14
159,57,56.17,134.8
159,61,55.22,132.53
159,65,38.01,91.21
159,66,39.38,94.5
159,67,28.6,68.63
159,68,10.79,25.89
159,69,5.78,13.88
159,70,8.08,19.39
159,73,20.45,49.09
159,74,26.78,64.28
159,75,2.13,5.12
159,76,78.78,189.07
159,77,32.22,77.34
159,79,4.11,9.86
159,82,36.65,87.95
159,83,84.99,203.98
159,84,49.82,119.57
159,86,73.13,175.5
159,87,67.55,162.13
159,97,26.27,63.05
159,98,70.47,169.13
159,105,28.97,69.52
159,106,35.38,84.91
159,109,44.44,106.67
159,110,8.14,19.53
159,111,56.22,134.93
159,113,11.53,27.67
159,118,24.96,59.92
159,119,38.79,93.09
159,123,51.47,123.54
159,128,49.61,119.07
159,129,50.56,121.34
159,132,44.87,107.7
159,133,58.87,141.29
159,134,56.67,136.01
159,138,54.37,130.49
159,142,86.31,207.14
159,143,60.35,144.85
159,144,49.91,119.78
159,146,51.83,124.4
159,147,60.82,145.97
159,151,61.98,148.76
161,1,33.68,80.83
161,2,44.22,106.13
161,5,50.32,120.76
161,10,56.59,135.81
161,11,43.3,103.91
161,12,47.33,113.59
161,13,55.14,132.33
161,16,33.91,81.39
161,17,44.23,106.16
161,19,21.79,52.3
161,20,25.32,60.77
161,21,24.93,59.84
161,23,20.86,50.07
161,27,50.89,122.14
161,28,38.3,91.91
161,29,41.76,100.21
161,30,11.02,26.45
161,31,12.19,29.26
161,32,38.65,92.75
161,33,54.33,130.4
161,37,21.54,51.69
161,41,32.8,78.71
161,43,46.08,110.59
161,44,44.8,107.52
161,45,41.33,99.19
161,46,37.54,90.09
161,50,39.36,94.47
161,52,52.83,126.79
161,56,9.0,21.59
161,57,3.07,7.37
161,61,60.8,145.93
161,65,33.31,79.93
161,66,20.31,48.74
161,67,58.66,140.78
161,68,49.31,118.35
161,69,55.98,134.34
161,70,51.3,123.13
161,73,38.88,93.3
161,74,38.34,92.01
161,75,61.35,147.25
161,76,44.95,107.88
161,77,32.44,77.84
161,79,56.88,136.52
161,82,37.24,89.37
161,83,56.87,136.49
161,84,62.61,150.26
161,86,38.95,93.47
161,87,22.43,53.83
161,97,63.84,153.21
161,98,21.72,52.13
161,105,31.89,76.53
161,106,66.34,159.21
161,109,16.49,39.58
161,110,66.72,160.12
161,111,7.26,17.41
161,113,70.35,168.84
161,118,35.06,84.15
161,119,27.31,65.54
161,123,75.89,182.15
161,128,72.94,175.05
161,129,47.38,113.7
161,132,56.5,135.59
161,133,27.45,65.88
161,134,54.46,130.7
161,138,13.87,33.28
161,142,58.58,140.59
161,143,44.93,107.82
161,144,47.16,113.19
161,146,15.43,37.03
161,147,10.65,25.56
161,151,56.11,134.66
163,1,43.83,105.19
163,2,37.91,90.99
163,5,20.34,48.81
163,10,7.52,18.05
163,11,21.49,51.58
163,12,15.35,36.84
163,13,8.55,20.53
163,16,38.54,92.49
163,17,41.14,98.73
163,19,46.62,111.9
163,20,38.04,91.3
163,21,40.57,97.38
163,23,41.77,100.25
163,27,14.28,34.27
163,28,34.26,82.22
163,29,33.76,81.02
163,30,52.06,124.94
163,31,52.54,126.1
163,32,51.04,122.49
163,33,29.99,71.97
163,37,55.84,134.02
163,41,36.46,87.5
163,43,32.07,76.97
163,44,24.45,58.67
163,45,24.57,58.98
163,46,29.21,70.11
163,50,39.27,94.24
163,52,21.24,50.97
163,56,66.46,159.51
163,57,59.97,143.93
163,61,29.28,70.28
163,65,30.16,72.37
163,66,43.64,104.74
163,67,3.99,9.58
163,68,25.7,61.69
163,69,24.11,57.86
163,70,30.5,73.21
163,73,34.68,83.24
163,74,24.99,59.97
163,75,29.55,70.93
163,76,63.31,151.95
163,77,30.29,72.69
163,79,32.08,76.99
163,82,26.45,63.49
163,83,65.87,158.1
163,84,22.62,54.29
163,86,59.17,142.01
163,87,60.63,145.5
163,97,3.61,8.67
163,98,64.49,154.78
163,105,32.75,78.61
163,106,6.53,15.66
163,109,53.45,128.28
163,110,33.98,81.55
163,111,62.95,151.08
163,113,35.28,84.67
163,118,39.5,94.79
163,119,53.93,129.44
163,123,22.62,54.28
163,128,20.64,49.53
163,129,30.36,72.86
163,132,19.77,47.45
163,133,48.91,117.38
163,134,33.45,80.27
163,138,64.19,154.05
163,142,66.83,160.39
163,143,41.84,100.41
163,144,29.83,71.58
163,146,62.31,149.55
163,147,68.65,164.77
163,151,38.73,92.96
165,1,53.8,129.13
165,2,61.84,148.43
165,5,45.09,108.22
165,10,56.33,135.19
165,11,51.5,123.61
165,12,51.22,122.93
165,13,58.99,141.57
165,16,25.3,60.72
165,17,28.41,68.18
165,19,19.42,46.6
165,20,30.0,72.0
165,21,25.52,61.24
165,23,32.7,78.47
165,27,57.12,137.1
165,28,30.0,71.99
165,29,31.74,76.17
165,30,30.9,74.17
165,31,34.16,81.99
165,32,17.84,42.83
165,33,42.67,102.42
165,37,9.77,23.44
165,41,48.67,116.8
165,43,61.21,146.89
165,44,55.88,134.12
165,45,39.17,94.01
165,46,34.56,82.94
165,50,26.55,63.73
165,52,63.25,151.8
165,56,20.82,49.97
165,57,29.08,69.8
165,61,48.94,117.46
165,65,35.57,85.36
165,66,36.44,87.47
165,67,59.88,143.71
165,68,61.64,147.94
165,69,67.58,162.19
165,70,65.71,157.7
165,73,54.81,131.55
165,74,46.07,110.56
165,75,74.49,178.77
165,76,18.09,43.43
165,77,40.24,96.58
165,79,71.48,171.56
165,82,38.37,92.09
165,83,30.35,72.84
165,84,53.73,128.95
165,86,13.34,32.01
165,87,5.84,14.02
165,97,66.3,159.13
165,98,6.59,15.82
165,105,43.89,105.34
165,106,64.88,155.72
165,109,40.39,96.94
165,110,80.55,193.33
165,111,35.01,84.03
165,113,83.92,201.41
165,118,53.15,127.55
165,119,51.63,123.91
165,123,68.59,164.62
165,128,65.88,158.11
165,129,37.19,89.25
165,132,49.6,119.04
165,133,14.83,35.6
165,134,41.04,98.5
165,138,41.58,99.8
165,142,32.0,76.8
165,143,28.51,68.43
165,144,37.37,89.7
165,146,42.77,102.66
165,147,38.02,91.25
165,151,40.0,96.01
167,1,62.01,148.82
167,2,67.36,161.66
167,5,36.98,88.75
167,10,49.87,119.69
167,11,51.92,124.61
167,12,48.64,116.74
167,13,55.1,132.24
167,16,22.47,53.93
167,17,16.22,38.92
167,19,26.8,64.33
167,20,34.66,83.19
167,21,30.01,72.03
167,23,40.54,97.3
167,27,55.21,132.51
167,28,24.55,58.93
167,29,23.85,57.23
167,30,43.54,104.49
167,31,46.83,112.38
167,32,7.97,19.12
167,33,29.92,71.8
167,37,22.97,55.14
167,41,54.76,131.43
167,43,65.01,156.02
167,44,57.56,138.15
167,45,35.09,84.22
167,46,31.51,75.64
167,50,18.71,44.89
167,52,63.48,152.34
167,56,39.32,94.37
167,57,44.78,107.47
167,61,34.98,83.94
167,65,36.09,86.61
167,66,45.44,109.06
167,67,53.99,129.57
167,68,63.41,152.19
167,69,68.17,163.6
167,70,68.5,164.4
167,73,59.99,143.98
167,74,47.27,113.45
167,75,75.54,181.29
167,76,6.21,14.89
167,77,43.01,103.23
167,79,73.86,177.27
167,82,37.05,88.93
167,83,13.04,31.29
167,84,41.32,99.17
167,86,6.5,15.6
167,87,23.15,55.55
167,97,60.52,145.25
167,98,25.98,62.36
167,105,48.45,116.27
167,106,56.47,135.54
167,109,52.91,126.99
167,110,81.66,195.98
167,111,51.01,122.43
167,113,84.6,203.05
167,118,60.03,144.06
167,119,63.13,151.5
167,123,55.81,133.94
167,128,53.47,128.34
167,129,27.08,64.98
167,132,39.3,94.31
167,133,18.95,45.47
167,134,27.17,65.2
167,138,57.16,137.18
167,142,14.72,35.32
167,143,15.62,37.48
167,144,27.56,66.14
167,146,57.7,138.49
167,147,55.15,132.36
167,151,24.11,57.87
171,1,7.85,18.85
171,2,16.47,39.52
171,5,38.06,91.34
171,10,37.81,90.74
171,11,20.01,48.03
171,12,26.99,64.77
171,13,33.02,79.25
171,16,33.36,80.05
171,17,44.84,107.62
171,19,28.16,67.58
171,20,19.7,47.28
171,21,24.19,58.05
171,23,13.89,33.34
171,27,27.57,66.16
171,28,34.55,82.92
171,29,37.82,90.77
171,30,17.71,42.5
171,31,15.84,38.01
171,32,46.31,111.14
171,33,47.31,113.53
171,37,36.51,87.62
171,41,5.46,13.1
171,43,18.1,43.44
171,44,18.76,45.03
171,45,29.64,71.15
171,46,28.89,69.33
171,50,39.34,94.41
171,52,26.28,63.08
171,56,35.69,85.65
171,57,24.96,59.9
171,61,52.36,125.67
171,65,22.03,52.88
171,66,9.76,23.42
171,67,38.16,91.58
171,68,22.07,52.97
171,69,28.67,68.81
171,70,23.35,56.05
171,73,10.92,26.2
171,74,17.43,41.84
171,75,33.47,80.32
171,76,57.64,138.35
171,77,15.28,36.67
171,79,28.87,69.28
171,82,24.37,58.5
171,83,67.06,160.95
171,84,50.78,121.87
171,86,51.25,122.99
171,87,40.57,97.37
171,97,41.53,99.67
171,98,42.56,102.14
171,105,9.71,23.31
171,106,46.92,112.61
171,109,13.35,32.04
171,110,38.71,92.9
171,111,24.92,59.82
171,113,42.34,101.62
171,118,7.26,17.43
171,119,13.07,31.36
171,123,60.42,145.0
171,128,57.62,138.28
171,129,41.16,98.78
171,132,44.1,105.84
171,133,35.79,85.91
171,134,49.19,118.06
171,138,23.92,57.4
171,142,68.67,164.81
171,143,45.84,110.01
171,144,40.62,97.5
171,146,21.64,51.94
171,147,29.81,71.54
171,151,53.21,127.69
