state,Period 1 Value,Period 2 Value,Period 3 Value,Period 4 Value,Period 5 Value,Period 6 Value,Period 7 Value,Period 8 Value,Period 9 Value,Period 10 Value
"({1, 2, 3, 4, 5, 6, 7}, 20)",24352810.917000,35662438.497000,47790033.080000,62231232.040000,77091172.000000,93537745.500000,111617923.700000,131986305.120000,154012672.620000,179026341.700000
"({1, 2, 3, 4, 5, 6, 7}, 19)",23702810.917000,35017438.497000,47150033.080000,61596232.040000,76461172.000000,92912745.500000,110997923.700000,131371305.120000,153402672.620000,178421341.700000
"({1, 2, 3, 4, 5, 6, 7}, 18)",23052810.917000,34372438.497000,46510033.080000,60961232.040000,75831172.000000,92287745.500000,110377923.700000,130756305.120000,152792672.620000,177816341.700000
"({1, 2, 3, 4, 5, 6, 7}, 17)",22402810.917000,33727438.497000,45870033.080000,60326232.040000,75201172.000000,91662745.500000,109757923.700000,130141305.120000,152182672.620000,177211341.700000
"({1, 2, 3, 4, 5, 6, 7}, 16)",21752810.917000,33082438.497000,45230033.080000,59691232.040000,74571172.000000,91037745.500000,109137923.700000,129526305.120000,151572672.620000,176606341.700000
"({1, 2, 3, 4, 5, 6, 7}, 15)",21102810.917000,32437438.497000,44590033.080000,59056232.040000,73941172.000000,90412745.500000,108517923.700000,128911305.120000,150962672.620000,176001341.700000
"({1, 2, 3, 4, 5, 6, 7}, 14)",20452810.917000,31792438.497000,43950033.080000,58421232.040000,73311172.000000,89787745.500000,107897923.700000,128296305.120000,,
"({1, 2, 3, 4, 5, 6, 7}, 13)",19802810.917000,31147438.497000,43310033.080000,57786232.040000,72681172.000000,89162745.500000,107277923.700000,,,
"({1, 2, 3, 4, 5, 6, 7}, 12)",19152810.917000,30502438.497000,42670033.080000,57151232.040000,72051172.000000,88537745.500000,106657923.700000,,,
"({1, 2, 3, 4, 5, 6, 7}, 11)",18502810.917000,29857438.497000,42030033.080000,56516232.040000,71421172.000000,87912745.500000,,,,
"({1, 2, 3, 4, 5, 6, 7}, 10)",17852810.917000,29212438.497000,41390033.080000,55881232.040000,70791172.000000,87287745.500000,,,,
"({1, 2, 3, 4, 5, 6, 7}, 9)",17202810.917000,28567438.497000,40750033.080000,55246232.040000,,,,,,
"({1, 2, 3, 4, 5, 6, 7}, 8)",16552810.917000,27922438.497000,40110033.080000,54611232.040000,,,,,,
"({1, 2, 3, 4, 5, 6, 7}, 7)",15902810.917000,27277438.497000,39470033.080000,,,,,,,
"({1, 2, 3, 4, 5, 6, 7}, 6)",15252810.917000,26632438.497000,,,,,,,,
"({1, 2, 3, 4, 5, 6, 7}, 5)",14602810.917000,25987438.497000,,,,,,,,
"({1, 3, 4, 5, 6, 7}, 20)",23644490.417000,34870126.400000,47441233.833000,62010227.680000,76981960.263000,93812864.013000,112897339.133000,133734900.373000,155530917.283000,181097411.953000
"({1, 3, 4, 5, 6, 7}, 19)",22994490.417000,34225126.400000,46801233.833000,61375227.680000,76351960.263000,93187864.013000,112277339.133000,133119900.373000,154920917.283000,180492411.953000
"({1, 3, 4, 5, 6, 7}, 18)",22344490.417000,33580126.400000,46161233.833000,60740227.680000,75721960.263000,92562864.013000,111657339.133000,132504900.373000,154310917.283000,179887411.953000
"({1, 3, 4, 5, 6, 7}, 17)",21694490.417000,32935126.400000,45521233.833000,60105227.680000,75091960.263000,91937864.013000,111037339.133000,131889900.373000,153700917.283000,179282411.953000
"({1, 3, 4, 5, 6, 7}, 16)",21044490.417000,32290126.400000,44881233.833000,59470227.680000,74461960.263000,91312864.013000,110417339.133000,131274900.373000,153090917.283000,178677411.953000
"({1, 3, 4, 5, 6, 7}, 15)",20394490.417000,31645126.400000,44241233.833000,58835227.680000,73831960.263000,90687864.013000,109797339.133000,130659900.373000,152480917.283000,178072411.953000
"({1, 3, 4, 5, 6, 7}, 14)",19744490.417000,31000126.400000,43601233.833000,58200227.680000,73201960.263000,90062864.013000,109177339.133000,130044900.373000,,
"({1, 3, 4, 5, 6, 7}, 13)",19094490.417000,30355126.400000,42961233.833000,57565227.680000,72571960.263000,89437864.013000,108557339.133000,,,
"({1, 3, 4, 5, 6, 7}, 12)",18444490.417000,29710126.400000,42321233.833000,56930227.680000,71941960.263000,88812864.013000,107937339.133000,,,
"({1, 3, 4, 5, 6, 7}, 11)",17794490.417000,29065126.400000,41681233.833000,56295227.680000,71311960.263000,88187864.013000,,,,
"({1, 3, 4, 5, 6, 7}, 10)",17144490.417000,28420126.400000,41041233.833000,55660227.680000,70681960.263000,87562864.013000,,,,
"({1, 3, 4, 5, 6, 7}, 9)",16494490.417000,27775126.400000,40401233.833000,55025227.680000,,,,,,
"({1, 3, 4, 5, 6, 7}, 8)",15844490.417000,27130126.400000,39761233.833000,54390227.680000,,,,,,
"({1, 3, 4, 5, 6, 7}, 7)",15194490.417000,26485126.400000,39121233.833000,,,,,,,
"({1, 3, 4, 5, 6, 7}, 6)",14544490.417000,25840126.400000,,,,,,,,
"({1, 3, 4, 5, 6, 7}, 5)",13894490.417000,25195126.400000,,,,,,,,
"({1, 2, 4, 5, 6, 7}, 20)",23748416.750000,35109068.737000,46951431.160000,61718439.990000,76858096.990000,93458352.910000,112254718.720000,132942832.580000,155657730.340000,180926973.060000
"({1, 2, 4, 5, 6, 7}, 19)",23098416.750000,34464068.737000,46311431.160000,61083439.990000,76228096.990000,92833352.910000,111634718.720000,132327832.580000,155047730.340000,180321973.060000
"({1, 2, 4, 5, 6, 7}, 18)",22448416.750000,33819068.737000,45671431.160000,60448439.990000,75598096.990000,92208352.910000,111014718.720000,131712832.580000,154437730.340000,179716973.060000
"({1, 2, 4, 5, 6, 7}, 17)",21798416.750000,33174068.737000,45031431.160000,59813439.990000,74968096.990000,91583352.910000,110394718.720000,131097832.580000,153827730.340000,179111973.060000
"({1, 2, 4, 5, 6, 7}, 16)",21148416.750000,32529068.737000,44391431.160000,59178439.990000,74338096.990000,90958352.910000,109774718.720000,130482832.580000,153217730.340000,178506973.060000
"({1, 2, 4, 5, 6, 7}, 15)",20498416.750000,31884068.737000,43751431.160000,58543439.990000,73708096.990000,90333352.910000,109154718.720000,129867832.580000,152607730.340000,177901973.060000
"({1, 2, 4, 5, 6, 7}, 14)",19848416.750000,31239068.737000,43111431.160000,57908439.990000,73078096.990000,89708352.910000,108534718.720000,129252832.580000,,
"({1, 2, 4, 5, 6, 7}, 13)",19198416.750000,30594068.737000,42471431.160000,57273439.990000,72448096.990000,89083352.910000,107914718.720000,,,
"({1, 2, 4, 5, 6, 7}, 12)",18548416.750000,29949068.737000,41831431.160000,56638439.990000,71818096.990000,88458352.910000,107294718.720000,,,
"({1, 2, 4, 5, 6, 7}, 11)",17898416.750000,29304068.737000,41191431.160000,56003439.990000,71188096.990000,87833352.910000,,,,
"({1, 2, 4, 5, 6, 7}, 10)",17248416.750000,28659068.737000,40551431.160000,55368439.990000,70558096.990000,87208352.910000,,,,
"({1, 2, 4, 5, 6, 7}, 9)",16598416.750000,28014068.737000,39911431.160000,54733439.990000,,,,,,
"({1, 2, 4, 5, 6, 7}, 8)",15948416.750000,27369068.737000,39271431.160000,54098439.990000,,,,,,
"({1, 2, 4, 5, 6, 7}, 7)",15298416.750000,26724068.737000,38631431.160000,,,,,,,
"({1, 2, 4, 5, 6, 7}, 6)",14648416.750000,26079068.737000,,,,,,,,
"({1, 2, 4, 5, 6, 7}, 5)",13998416.750000,25434068.737000,,,,,,,,
"({1, 2, 3, 5, 6, 7}, 20)",23458040.917000,34767668.497000,46938033.080000,61381831.800000,76239172.000000,92688475.500000,110782417.450000,131145907.620000,153127571.370000,178174341.700000
"({1, 2, 3, 5, 6, 7}, 19)",22808040.917000,34122668.497000,46298033.080000,60746831.800000,75609172.000000,92063475.500000,110162417.450000,130530907.620000,152517571.370000,177569341.700000
"({1, 2, 3, 5, 6, 7}, 18)",22158040.917000,33477668.497000,45658033.080000,60111831.800000,74979172.000000,91438475.500000,109542417.450000,129915907.620000,151907571.370000,176964341.700000
"({1, 2, 3, 5, 6, 7}, 17)",21508040.917000,32832668.497000,45018033.080000,59476831.800000,74349172.000000,90813475.500000,108922417.450000,129300907.620000,151297571.370000,176359341.700000
"({1, 2, 3, 5, 6, 7}, 16)",20858040.917000,32187668.497000,44378033.080000,58841831.800000,73719172.000000,90188475.500000,108302417.450000,128685907.620000,150687571.370000,175754341.700000
"({1, 2, 3, 5, 6, 7}, 15)",20208040.917000,31542668.497000,43738033.080000,58206831.800000,73089172.000000,89563475.500000,107682417.450000,128070907.620000,150077571.370000,175149341.700000
"({1, 2, 3, 5, 6, 7}, 14)",19558040.917000,30897668.497000,43098033.080000,57571831.800000,72459172.000000,88938475.500000,107062417.450000,127455907.620000,,
"({1, 2, 3, 5, 6, 7}, 13)",18908040.917000,30252668.497000,42458033.080000,56936831.800000,71829172.000000,88313475.500000,106442417.450000,,,
"({1, 2, 3, 5, 6, 7}, 12)",18258040.917000,29607668.497000,41818033.080000,56301831.800000,71199172.000000,87688475.500000,105822417.450000,,,
"({1, 2, 3, 5, 6, 7}, 11)",17608040.917000,28962668.497000,41178033.080000,55666831.800000,70569172.000000,87063475.500000,,,,
"({1, 2, 3, 5, 6, 7}, 10)",16958040.917000,28317668.497000,40538033.080000,55031831.800000,69939172.000000,86438475.500000,,,,
"({1, 2, 3, 5, 6, 7}, 9)",16308040.917000,27672668.497000,39898033.080000,54396831.800000,,,,,,
"({1, 2, 3, 5, 6, 7}, 8)",15658040.917000,27027668.497000,39258033.080000,53761831.800000,,,,,,
"({1, 2, 3, 5, 6, 7}, 7)",15008040.917000,26382668.497000,38618033.080000,,,,,,,
"({1, 2, 3, 5, 6, 7}, 6)",14358040.917000,25737668.497000,,,,,,,,
"({1, 2, 3, 5, 6, 7}, 5)",13708040.917000,25092668.497000,,,,,,,,
"({1, 2, 3, 4, 6, 7}, 20)",23496040.917000,34805668.497000,46976033.080000,61417232.160000,76277172.000000,92723745.500000,110810521.200000,131193576.370000,153165571.370000,178276269.200000
"({1, 2, 3, 4, 6, 7}, 19)",22846040.917000,34160668.497000,46336033.080000,60782232.160000,75647172.000000,92098745.500000,110190521.200000,130578576.370000,152555571.370000,177671269.200000
"({1, 2, 3, 4, 6, 7}, 18)",22196040.917000,33515668.497000,45696033.080000,60147232.160000,75017172.000000,91473745.500000,109570521.200000,129963576.370000,151945571.370000,177066269.200000
"({1, 2, 3, 4, 6, 7}, 17)",21546040.917000,32870668.497000,45056033.080000,59512232.160000,74387172.000000,90848745.500000,108950521.200000,129348576.370000,151335571.370000,176461269.200000
"({1, 2, 3, 4, 6, 7}, 16)",20896040.917000,32225668.497000,44416033.080000,58877232.160000,73757172.000000,90223745.500000,108330521.200000,128733576.370000,150725571.370000,175856269.200000
"({1, 2, 3, 4, 6, 7}, 15)",20246040.917000,31580668.497000,43776033.080000,58242232.160000,73127172.000000,89598745.500000,107710521.200000,128118576.370000,150115571.370000,175251269.200000
"({1, 2, 3, 4, 6, 7}, 14)",19596040.917000,30935668.497000,43136033.080000,57607232.160000,72497172.000000,88973745.500000,107090521.200000,127503576.370000,,
"({1, 2, 3, 4, 6, 7}, 13)",18946040.917000,30290668.497000,42496033.080000,56972232.160000,71867172.000000,88348745.500000,106470521.200000,,,
"({1, 2, 3, 4, 6, 7}, 12)",18296040.917000,29645668.497000,41856033.080000,56337232.160000,71237172.000000,87723745.500000,105850521.200000,,,
"({1, 2, 3, 4, 6, 7}, 11)",17646040.917000,29000668.497000,41216033.080000,55702232.160000,70607172.000000,87098745.500000,,,,
"({1, 2, 3, 4, 6, 7}, 10)",16996040.917000,28355668.497000,40576033.080000,55067232.160000,69977172.000000,86473745.500000,,,,
"({1, 2, 3, 4, 6, 7}, 9)",16346040.917000,27710668.497000,39936033.080000,54432232.160000,,,,,,
"({1, 2, 3, 4, 6, 7}, 8)",15696040.917000,27065668.497000,39296033.080000,53797232.160000,,,,,,
"({1, 2, 3, 4, 6, 7}, 7)",15046040.917000,26420668.497000,38656033.080000,,,,,,,
"({1, 2, 3, 4, 6, 7}, 6)",14396040.917000,25775668.497000,,,,,,,,
"({1, 2, 3, 4, 6, 7}, 5)",13746040.917000,25130668.497000,,,,,,,,
"({1, 2, 3, 4, 5, 7}, 20)",23356810.917000,34666438.897000,46794033.080000,61235232.160000,76095172.000000,92529460.500000,110621923.700000,131010893.870000,153028843.870000,178117132.950000
"({1, 2, 3, 4, 5, 7}, 19)",22706810.917000,34021438.897000,46154033.080000,60600232.160000,75465172.000000,91904460.500000,110001923.700000,130395893.870000,152418843.870000,177512132.950000
"({1, 2, 3, 4, 5, 7}, 18)",22056810.917000,33376438.897000,45514033.080000,59965232.160000,74835172.000000,91279460.500000,109381923.700000,129780893.870000,151808843.870000,176907132.950000
"({1, 2, 3, 4, 5, 7}, 17)",21406810.917000,32731438.897000,44874033.080000,59330232.160000,74205172.000000,90654460.500000,108761923.700000,129165893.870000,151198843.870000,176302132.950000
"({1, 2, 3, 4, 5, 7}, 16)",20756810.917000,32086438.897000,44234033.080000,58695232.160000,73575172.000000,90029460.500000,108141923.700000,128550893.870000,150588843.870000,175697132.950000
"({1, 2, 3, 4, 5, 7}, 15)",20106810.917000,31441438.897000,43594033.080000,58060232.160000,72945172.000000,89404460.500000,107521923.700000,127935893.870000,149978843.870000,175092132.950000
"({1, 2, 3, 4, 5, 7}, 14)",19456810.917000,30796438.897000,42954033.080000,57425232.160000,72315172.000000,88779460.500000,106901923.700000,127320893.870000,,
"({1, 2, 3, 4, 5, 7}, 13)",18806810.917000,30151438.897000,42314033.080000,56790232.160000,71685172.000000,88154460.500000,106281923.700000,,,
"({1, 2, 3, 4, 5, 7}, 12)",18156810.917000,29506438.897000,41674033.080000,56155232.160000,71055172.000000,87529460.500000,105661923.700000,,,
"({1, 2, 3, 4, 5, 7}, 11)",17506810.917000,28861438.897000,41034033.080000,55520232.160000,70425172.000000,86904460.500000,,,,
"({1, 2, 3, 4, 5, 7}, 10)",16856810.917000,28216438.897000,40394033.080000,54885232.160000,69795172.000000,86279460.500000,,,,
"({1, 2, 3, 4, 5, 7}, 9)",16206810.917000,27571438.897000,39754033.080000,54250232.160000,,,,,,
"({1, 2, 3, 4, 5, 7}, 8)",15556810.917000,26926438.897000,39114033.080000,53615232.160000,,,,,,
"({1, 2, 3, 4, 5, 7}, 7)",14906810.917000,26281438.897000,38474033.080000,,,,,,,
"({1, 2, 3, 4, 5, 7}, 6)",14256810.917000,25636438.897000,,,,,,,,
"({1, 2, 3, 4, 5, 7}, 5)",13606810.917000,24991438.897000,,,,,,,,
"({1, 2, 3, 4, 5, 6}, 20)",23799063.083000,34780614.080000,46950192.580000,61454748.080000,76164773.000000,92660036.750000,111242326.000000,131920912.750000,153986629.920000,179382053.900000
"({1, 2, 3, 4, 5, 6}, 19)",23149063.083000,34135614.080000,46310192.580000,60819748.080000,75534773.000000,92035036.750000,110622326.000000,131305912.750000,153376629.920000,178777053.900000
"({1, 2, 3, 4, 5, 6}, 18)",22499063.083000,33490614.080000,45670192.580000,60184748.080000,74904773.000000,91410036.750000,110002326.000000,130690912.750000,152766629.920000,178172053.900000
"({1, 2, 3, 4, 5, 6}, 17)",21849063.083000,32845614.080000,45030192.580000,59549748.080000,74274773.000000,90785036.750000,109382326.000000,130075912.750000,152156629.920000,177567053.900000
"({1, 2, 3, 4, 5, 6}, 16)",21199063.083000,32200614.080000,44390192.580000,58914748.080000,73644773.000000,90160036.750000,108762326.000000,129460912.750000,151546629.920000,176962053.900000
"({1, 2, 3, 4, 5, 6}, 15)",20549063.083000,31555614.080000,43750192.580000,58279748.080000,73014773.000000,89535036.750000,108142326.000000,128845912.750000,150936629.920000,176357053.900000
"({1, 2, 3, 4, 5, 6}, 14)",19899063.083000,30910614.080000,43110192.580000,57644748.080000,72384773.000000,88910036.750000,107522326.000000,128230912.750000,,
"({1, 2, 3, 4, 5, 6}, 13)",19249063.083000,30265614.080000,42470192.580000,57009748.080000,71754773.000000,88285036.750000,106902326.000000,,,
"({1, 2, 3, 4, 5, 6}, 12)",18599063.083000,29620614.080000,41830192.580000,56374748.080000,71124773.000000,87660036.750000,106282326.000000,,,
"({1, 2, 3, 4, 5, 6}, 11)",17949063.083000,28975614.080000,41190192.580000,55739748.080000,70494773.000000,87035036.750000,,,,
"({1, 2, 3, 4, 5, 6}, 10)",17299063.083000,28330614.080000,40550192.580000,55104748.080000,69864773.000000,86410036.750000,,,,
"({1, 2, 3, 4, 5, 6}, 9)",16649063.083000,27685614.080000,39910192.580000,54469748.080000,,,,,,
"({1, 2, 3, 4, 5, 6}, 8)",15999063.083000,27040614.080000,39270192.580000,53834748.080000,,,,,,
"({1, 2, 3, 4, 5, 6}, 7)",15349063.083000,26395614.080000,38630192.580000,,,,,,,
"({1, 2, 3, 4, 5, 6}, 6)",14699063.083000,25750614.080000,,,,,,,,
"({1, 2, 3, 4, 5, 6}, 5)",14049063.083000,25105614.080000,,,,,,,,
"({1, 4, 5, 6, 7}, 20)",23082864.767000,34359525.820000,46753426.680000,61497435.510000,76539213.133000,93273883.013000,113077275.843000,134216255.823000,156941385.243000,182324159.163000
"({1, 4, 5, 6, 7}, 19)",22432864.767000,33714525.820000,46113426.680000,60862435.510000,75909213.133000,92648883.013000,112457275.843000,133601255.823000,156331385.243000,181719159.163000
"({1, 4, 5, 6, 7}, 18)",21782864.767000,33069525.820000,45473426.680000,60227435.510000,75279213.133000,92023883.013000,111837275.843000,132986255.823000,155721385.243000,181114159.163000
"({1, 4, 5, 6, 7}, 17)",21132864.767000,32424525.820000,44833426.680000,59592435.510000,74649213.133000,91398883.013000,111217275.843000,132371255.823000,155111385.243000,180509159.163000
"({1, 4, 5, 6, 7}, 16)",20482864.767000,31779525.820000,44193426.680000,58957435.510000,74019213.133000,90773883.013000,110597275.843000,131756255.823000,154501385.243000,179904159.163000
"({1, 4, 5, 6, 7}, 15)",19832864.767000,31134525.820000,43553426.680000,58322435.510000,73389213.133000,90148883.013000,109977275.843000,131141255.823000,153891385.243000,179299159.163000
"({1, 4, 5, 6, 7}, 14)",19182864.767000,30489525.820000,42913426.680000,57687435.510000,72759213.133000,89523883.013000,109357275.843000,130526255.823000,,
"({1, 4, 5, 6, 7}, 13)",18532864.767000,29844525.820000,42273426.680000,57052435.510000,72129213.133000,88898883.013000,108737275.843000,,,
"({1, 4, 5, 6, 7}, 12)",17882864.767000,29199525.820000,41633426.680000,56417435.510000,71499213.133000,88273883.013000,108117275.843000,,,
"({1, 4, 5, 6, 7}, 11)",17232864.767000,28554525.820000,40993426.680000,55782435.510000,70869213.133000,87648883.013000,,,,
"({1, 4, 5, 6, 7}, 10)",16582864.767000,27909525.820000,40353426.680000,55147435.510000,70239213.133000,87023883.013000,,,,
"({1, 4, 5, 6, 7}, 9)",15932864.767000,27264525.820000,39713426.680000,54512435.510000,,,,,,
"({1, 4, 5, 6, 7}, 8)",15282864.767000,26619525.820000,39073426.680000,53877435.510000,,,,,,
"({1, 4, 5, 6, 7}, 7)",14632864.767000,25974525.820000,38433426.680000,,,,,,,
"({1, 4, 5, 6, 7}, 6)",13982864.767000,25329525.820000,,,,,,,,
"({1, 4, 5, 6, 7}, 5)",13332864.767000,24684525.820000,,,,,,,,
"({1, 3, 5, 6, 7}, 20)",22891566.667000,34018126.400000,46589233.833000,61160829.600000,76129960.263000,92960864.013000,112045339.133000,132913158.033000,154712018.533000,180153501.953000
"({1, 3, 5, 6, 7}, 19)",22241566.667000,33373126.400000,45949233.833000,60525829.600000,75499960.263000,92335864.013000,111425339.133000,132298158.033000,154102018.533000,179548501.953000
"({1, 3, 5, 6, 7}, 18)",21591566.667000,32728126.400000,45309233.833000,59890829.600000,74869960.263000,91710864.013000,110805339.133000,131683158.033000,153492018.533000,178943501.953000
"({1, 3, 5, 6, 7}, 17)",20941566.667000,32083126.400000,44669233.833000,59255829.600000,74239960.263000,91085864.013000,110185339.133000,131068158.033000,152882018.533000,178338501.953000
"({1, 3, 5, 6, 7}, 16)",20291566.667000,31438126.400000,44029233.833000,58620829.600000,73609960.263000,90460864.013000,109565339.133000,130453158.033000,152272018.533000,177733501.953000
"({1, 3, 5, 6, 7}, 15)",19641566.667000,30793126.400000,43389233.833000,57985829.600000,72979960.263000,89835864.013000,108945339.133000,129838158.033000,151662018.533000,177128501.953000
"({1, 3, 5, 6, 7}, 14)",18991566.667000,30148126.400000,42749233.833000,57350829.600000,72349960.263000,89210864.013000,108325339.133000,129223158.033000,,
"({1, 3, 5, 6, 7}, 13)",18341566.667000,29503126.400000,42109233.833000,56715829.600000,71719960.263000,88585864.013000,107705339.133000,,,
"({1, 3, 5, 6, 7}, 12)",17691566.667000,28858126.400000,41469233.833000,56080829.600000,71089960.263000,87960864.013000,107085339.133000,,,
"({1, 3, 5, 6, 7}, 11)",17041566.667000,28213126.400000,40829233.833000,55445829.600000,70459960.263000,87335864.013000,,,,
"({1, 3, 5, 6, 7}, 10)",16391566.667000,27568126.400000,40189233.833000,54810829.600000,69829960.263000,86710864.013000,,,,
"({1, 3, 5, 6, 7}, 9)",15741566.667000,26923126.400000,39549233.833000,54175829.600000,,,,,,
"({1, 3, 5, 6, 7}, 8)",15091566.667000,26278126.400000,38909233.833000,53540829.600000,,,,,,
"({1, 3, 5, 6, 7}, 7)",14441566.667000,25633126.400000,38269233.833000,,,,,,,
"({1, 3, 5, 6, 7}, 6)",13791566.667000,24988126.400000,,,,,,,,
"({1, 3, 5, 6, 7}, 5)",13141566.667000,24343126.400000,,,,,,,,
"({1, 3, 4, 6, 7}, 20)",23175105.083000,34143741.083000,46891484.413000,61317125.913000,76458120.093000,93322462.333000,112149937.453000,132978116.783000,154762189.783000,180127574.453000
"({1, 3, 4, 6, 7}, 19)",22525105.083000,33498741.083000,46251484.413000,60682125.913000,75828120.093000,92697462.333000,111529937.453000,132363116.783000,154152189.783000,179522574.453000
"({1, 3, 4, 6, 7}, 18)",21875105.083000,32853741.083000,45611484.413000,60047125.913000,75198120.093000,92072462.333000,110909937.453000,131748116.783000,153542189.783000,178917574.453000
"({1, 3, 4, 6, 7}, 17)",21225105.083000,32208741.083000,44971484.413000,59412125.913000,74568120.093000,91447462.333000,110289937.453000,131133116.783000,152932189.783000,178312574.453000
"({1, 3, 4, 6, 7}, 16)",20575105.083000,31563741.083000,44331484.413000,58777125.913000,73938120.093000,90822462.333000,109669937.453000,130518116.783000,152322189.783000,177707574.453000
"({1, 3, 4, 6, 7}, 15)",19925105.083000,30918741.083000,43691484.413000,58142125.913000,73308120.093000,90197462.333000,109049937.453000,129903116.783000,151712189.783000,177102574.453000
"({1, 3, 4, 6, 7}, 14)",19275105.083000,30273741.083000,43051484.413000,57507125.913000,72678120.093000,89572462.333000,108429937.453000,129288116.783000,,
"({1, 3, 4, 6, 7}, 13)",18625105.083000,29628741.083000,42411484.413000,56872125.913000,72048120.093000,88947462.333000,107809937.453000,,,
"({1, 3, 4, 6, 7}, 12)",17975105.083000,28983741.083000,41771484.413000,56237125.913000,71418120.093000,88322462.333000,107189937.453000,,,
"({1, 3, 4, 6, 7}, 11)",17325105.083000,28338741.083000,41131484.413000,55602125.913000,70788120.093000,87697462.333000,,,,
"({1, 3, 4, 6, 7}, 10)",16675105.083000,27693741.083000,40491484.413000,54967125.913000,70158120.093000,87072462.333000,,,,
"({1, 3, 4, 6, 7}, 9)",16025105.083000,27048741.083000,39851484.413000,54332125.913000,,,,,,
"({1, 3, 4, 6, 7}, 8)",15375105.083000,26403741.083000,39211484.413000,53697125.913000,,,,,,
"({1, 3, 4, 6, 7}, 7)",14725105.083000,25758741.083000,38571484.413000,,,,,,,
"({1, 3, 4, 6, 7}, 6)",14075105.083000,25113741.083000,,,,,,,,
"({1, 3, 4, 6, 7}, 5)",13425105.083000,24468741.083000,,,,,,,,
"({1, 3, 4, 5, 7}, 20)",22648490.417000,33874126.400000,46445233.833000,61014227.680000,75985960.263000,92816864.013000,111901339.133000,132662915.533000,154577801.033000,179945574.453000
"({1, 3, 4, 5, 7}, 19)",21998490.417000,33229126.400000,45805233.833000,60379227.680000,75355960.263000,92191864.013000,111281339.133000,132047915.533000,153967801.033000,179340574.453000
"({1, 3, 4, 5, 7}, 18)",21348490.417000,32584126.400000,45165233.833000,59744227.680000,74725960.263000,91566864.013000,110661339.133000,131432915.533000,153357801.033000,178735574.453000
"({1, 3, 4, 5, 7}, 17)",20698490.417000,31939126.400000,44525233.833000,59109227.680000,74095960.263000,90941864.013000,110041339.133000,130817915.533000,152747801.033000,178130574.453000
"({1, 3, 4, 5, 7}, 16)",20048490.417000,31294126.400000,43885233.833000,58474227.680000,73465960.263000,90316864.013000,109421339.133000,130202915.533000,152137801.033000,177525574.453000
"({1, 3, 4, 5, 7}, 15)",19398490.417000,30649126.400000,43245233.833000,57839227.680000,72835960.263000,89691864.013000,108801339.133000,129587915.533000,151527801.033000,176920574.453000
"({1, 3, 4, 5, 7}, 14)",18748490.417000,30004126.400000,42605233.833000,57204227.680000,72205960.263000,89066864.013000,108181339.133000,128972915.533000,,
"({1, 3, 4, 5, 7}, 13)",18098490.417000,29359126.400000,41965233.833000,56569227.680000,71575960.263000,88441864.013000,107561339.133000,,,
"({1, 3, 4, 5, 7}, 12)",17448490.417000,28714126.400000,41325233.833000,55934227.680000,70945960.263000,87816864.013000,106941339.133000,,,
"({1, 3, 4, 5, 7}, 11)",16798490.417000,28069126.400000,40685233.833000,55299227.680000,70315960.263000,87191864.013000,,,,
"({1, 3, 4, 5, 7}, 10)",16148490.417000,27424126.400000,40045233.833000,54664227.680000,69685960.263000,86566864.013000,,,,
"({1, 3, 4, 5, 7}, 9)",15498490.417000,26779126.400000,39405233.833000,54029227.680000,,,,,,
"({1, 3, 4, 5, 7}, 8)",14848490.417000,26134126.400000,38765233.833000,53394227.680000,,,,,,
"({1, 3, 4, 5, 7}, 7)",14198490.417000,25489126.400000,38125233.833000,,,,,,,
"({1, 3, 4, 5, 7}, 6)",13548490.417000,24844126.400000,,,,,,,,
"({1, 3, 4, 5, 7}, 5)",12898490.417000,24199126.400000,,,,,,,,
"({1, 3, 4, 5, 6}, 20)",23510593.850000,34295859.600000,46752188.100000,62390687.400000,77152723.950000,93736243.950000,113441643.390000,135984257.490000,159504220.150000,186368700.550000
"({1, 3, 4, 5, 6}, 19)",22860593.850000,33650859.600000,46112188.100000,61755687.400000,76522723.950000,93111243.950000,112821643.390000,135369257.490000,158894220.150000,185763700.550000
"({1, 3, 4, 5, 6}, 18)",22210593.850000,33005859.600000,45472188.100000,61120687.400000,75892723.950000,92486243.950000,112201643.390000,134754257.490000,158284220.150000,185158700.550000
"({1, 3, 4, 5, 6}, 17)",21560593.850000,32360859.600000,44832188.100000,60485687.400000,75262723.950000,91861243.950000,111581643.390000,134139257.490000,157674220.150000,184553700.550000
"({1, 3, 4, 5, 6}, 16)",20910593.850000,31715859.600000,44192188.100000,59850687.400000,74632723.950000,91236243.950000,110961643.390000,133524257.490000,157064220.150000,183948700.550000
"({1, 3, 4, 5, 6}, 15)",20260593.850000,31070859.600000,43552188.100000,59215687.400000,74002723.950000,90611243.950000,110341643.390000,132909257.490000,156454220.150000,183343700.550000
"({1, 3, 4, 5, 6}, 14)",19610593.850000,30425859.600000,42912188.100000,58580687.400000,73372723.950000,89986243.950000,109721643.390000,132294257.490000,,
"({1, 3, 4, 5, 6}, 13)",18960593.850000,29780859.600000,42272188.100000,57945687.400000,72742723.950000,89361243.950000,109101643.390000,,,
"({1, 3, 4, 5, 6}, 12)",18310593.850000,29135859.600000,41632188.100000,57310687.400000,72112723.950000,88736243.950000,108481643.390000,,,
"({1, 3, 4, 5, 6}, 11)",17660593.850000,28490859.600000,40992188.100000,56675687.400000,71482723.950000,88111243.950000,,,,
"({1, 3, 4, 5, 6}, 10)",17010593.850000,27845859.600000,40352188.100000,56040687.400000,70852723.950000,87486243.950000,,,,
"({1, 3, 4, 5, 6}, 9)",16360593.850000,27200859.600000,39712188.100000,55405687.400000,,,,,,
"({1, 3, 4, 5, 6}, 8)",15710593.850000,26555859.600000,39072188.100000,54770687.400000,,,,,,
"({1, 3, 4, 5, 6}, 7)",15060593.850000,25910859.600000,38432188.100000,,,,,,,
"({1, 3, 4, 5, 6}, 6)",14410593.850000,25265859.600000,,,,,,,,
"({1, 3, 4, 5, 6}, 5)",13760593.850000,24620859.600000,,,,,,,,
"({1, 2, 5, 6, 7}, 20)",22716755.917000,34423371.587000,46336081.910000,61088931.240000,76067130.070000,93467959.400000,112232979.070000,132753025.820000,155253141.180000,180996744.740000
"({1, 2, 5, 6, 7}, 19)",22066755.917000,33778371.587000,45696081.910000,60453931.240000,75437130.070000,92842959.400000,111612979.070000,132138025.820000,154643141.180000,180391744.740000
"({1, 2, 5, 6, 7}, 18)",21416755.917000,33133371.587000,45056081.910000,59818931.240000,74807130.070000,92217959.400000,110992979.070000,131523025.820000,154033141.180000,179786744.740000
"({1, 2, 5, 6, 7}, 17)",20766755.917000,32488371.587000,44416081.910000,59183931.240000,74177130.070000,91592959.400000,110372979.070000,130908025.820000,153423141.180000,179181744.740000
"({1, 2, 5, 6, 7}, 16)",20116755.917000,31843371.587000,43776081.910000,58548931.240000,73547130.070000,90967959.400000,109752979.070000,130293025.820000,152813141.180000,178576744.740000
"({1, 2, 5, 6, 7}, 15)",19466755.917000,31198371.587000,43136081.910000,57913931.240000,72917130.070000,90342959.400000,109132979.070000,129678025.820000,152203141.180000,177971744.740000
"({1, 2, 5, 6, 7}, 14)",18816755.917000,30553371.587000,42496081.910000,57278931.240000,72287130.070000,89717959.400000,108512979.070000,129063025.820000,,
"({1, 2, 5, 6, 7}, 13)",18166755.917000,29908371.587000,41856081.910000,56643931.240000,71657130.070000,89092959.400000,107892979.070000,,,
"({1, 2, 5, 6, 7}, 12)",17516755.917000,29263371.587000,41216081.910000,56008931.240000,71027130.070000,88467959.400000,107272979.070000,,,
"({1, 2, 5, 6, 7}, 11)",16866755.917000,28618371.587000,40576081.910000,55373931.240000,70397130.070000,87842959.400000,,,,
"({1, 2, 5, 6, 7}, 10)",16216755.917000,27973371.587000,39936081.910000,54738931.240000,69767130.070000,87217959.400000,,,,
"({1, 2, 5, 6, 7}, 9)",15566755.917000,27328371.587000,39296081.910000,54103931.240000,,,,,,
"({1, 2, 5, 6, 7}, 8)",14916755.917000,26683371.587000,38656081.910000,53468931.240000,,,,,,
"({1, 2, 5, 6, 7}, 7)",14266755.917000,26038371.587000,38016081.910000,,,,,,,
"({1, 2, 5, 6, 7}, 6)",13616755.917000,25393371.587000,,,,,,,,
"({1, 2, 5, 6, 7}, 5)",12966755.917000,24748371.587000,,,,,,,,
"({1, 2, 4, 6, 7}, 20)",22934416.750000,34295067.917000,46137431.160000,60904440.180000,76044096.990000,92654931.660000,111440718.820000,132089930.080000,154843730.340000,180112973.060000
"({1, 2, 4, 6, 7}, 19)",22284416.750000,33650067.917000,45497431.160000,60269440.180000,75414096.990000,92029931.660000,110820718.820000,131474930.080000,154233730.340000,179507973.060000
"({1, 2, 4, 6, 7}, 18)",21634416.750000,33005067.917000,44857431.160000,59634440.180000,74784096.990000,91404931.660000,110200718.820000,130859930.080000,153623730.340000,178902973.060000
"({1, 2, 4, 6, 7}, 17)",20984416.750000,32360067.917000,44217431.160000,58999440.180000,74154096.990000,90779931.660000,109580718.820000,130244930.080000,153013730.340000,178297973.060000
"({1, 2, 4, 6, 7}, 16)",20334416.750000,31715067.917000,43577431.160000,58364440.180000,73524096.990000,90154931.660000,108960718.820000,129629930.080000,152403730.340000,177692973.060000
"({1, 2, 4, 6, 7}, 15)",19684416.750000,31070067.917000,42937431.160000,57729440.180000,72894096.990000,89529931.660000,108340718.820000,129014930.080000,151793730.340000,177087973.060000
"({1, 2, 4, 6, 7}, 14)",19034416.750000,30425067.917000,42297431.160000,57094440.180000,72264096.990000,88904931.660000,107720718.820000,128399930.080000,,
"({1, 2, 4, 6, 7}, 13)",18384416.750000,29780067.917000,41657431.160000,56459440.180000,71634096.990000,88279931.660000,107100718.820000,,,
"({1, 2, 4, 6, 7}, 12)",17734416.750000,29135067.917000,41017431.160000,55824440.180000,71004096.990000,87654931.660000,106480718.820000,,,
"({1, 2, 4, 6, 7}, 11)",17084416.750000,28490067.917000,40377431.160000,55189440.180000,70374096.990000,87029931.660000,,,,
"({1, 2, 4, 6, 7}, 10)",16434416.750000,27845067.917000,39737431.160000,54554440.180000,69744096.990000,86404931.660000,,,,
"({1, 2, 4, 6, 7}, 9)",15784416.750000,27200067.917000,39097431.160000,53919440.180000,,,,,,
"({1, 2, 4, 6, 7}, 8)",15134416.750000,26555067.917000,38457431.160000,53284440.180000,,,,,,
"({1, 2, 4, 6, 7}, 7)",14484416.750000,25910067.917000,37817431.160000,,,,,,,
"({1, 2, 4, 6, 7}, 6)",13834416.750000,25265067.917000,,,,,,,,
"({1, 2, 4, 6, 7}, 5)",13184416.750000,24620067.917000,,,,,,,,
"({1, 2, 4, 5, 7}, 20)",22752416.750000,34113067.917000,45955431.160000,60722439.990000,75862096.990000,92465082.910000,111258718.560000,131946832.580000,154661730.340000,180058031.810000
"({1, 2, 4, 5, 7}, 19)",22102416.750000,33468067.917000,45315431.160000,60087439.990000,75232096.990000,91840082.910000,110638718.560000,131331832.580000,154051730.340000,179453031.810000
"({1, 2, 4, 5, 7}, 18)",21452416.750000,32823067.917000,44675431.160000,59452439.990000,74602096.990000,91215082.910000,110018718.560000,130716832.580000,153441730.340000,178848031.810000
"({1, 2, 4, 5, 7}, 17)",20802416.750000,32178067.917000,44035431.160000,58817439.990000,73972096.990000,90590082.910000,109398718.560000,130101832.580000,152831730.340000,178243031.810000
"({1, 2, 4, 5, 7}, 16)",20152416.750000,31533067.917000,43395431.160000,58182439.990000,73342096.990000,89965082.910000,108778718.560000,129486832.580000,152221730.340000,177638031.810000
"({1, 2, 4, 5, 7}, 15)",19502416.750000,30888067.917000,42755431.160000,57547439.990000,72712096.990000,89340082.910000,108158718.560000,128871832.580000,151611730.340000,177033031.810000
"({1, 2, 4, 5, 7}, 14)",18852416.750000,30243067.917000,42115431.160000,56912439.990000,72082096.990000,88715082.910000,107538718.560000,128256832.580000,,
"({1, 2, 4, 5, 7}, 13)",18202416.750000,29598067.917000,41475431.160000,56277439.990000,71452096.990000,88090082.910000,106918718.560000,,,
"({1, 2, 4, 5, 7}, 12)",17552416.750000,28953067.917000,40835431.160000,55642439.990000,70822096.990000,87465082.910000,106298718.560000,,,
"({1, 2, 4, 5, 7}, 11)",16902416.750000,28308067.917000,40195431.160000,55007439.990000,70192096.990000,86840082.910000,,,,
"({1, 2, 4, 5, 7}, 10)",16252416.750000,27663067.917000,39555431.160000,54372439.990000,69562096.990000,86215082.910000,,,,
"({1, 2, 4, 5, 7}, 9)",15602416.750000,27018067.917000,38915431.160000,53737439.990000,,,,,,
"({1, 2, 4, 5, 7}, 8)",14952416.750000,26373067.917000,38275431.160000,53102439.990000,,,,,,
"({1, 2, 4, 5, 7}, 7)",14302416.750000,25728067.917000,37635431.160000,,,,,,,
"({1, 2, 4, 5, 7}, 6)",13652416.750000,25083067.917000,,,,,,,,
"({1, 2, 4, 5, 7}, 5)",13002416.750000,24438067.917000,,,,,,,,
"({1, 2, 4, 5, 6}, 20)",23194670.900000,34270012.570000,46111590.660000,61051982.090000,75931697.990000,92582919.160000,112144397.910000,133308848.580000,156083230.910000,182348633.530000
"({1, 2, 4, 5, 6}, 19)",22544670.900000,33625012.570000,45471590.660000,60416982.090000,75301697.990000,91957919.160000,111524397.910000,132693848.580000,155473230.910000,181743633.530000
"({1, 2, 4, 5, 6}, 18)",21894670.900000,32980012.570000,44831590.660000,59781982.090000,74671697.990000,91332919.160000,110904397.910000,132078848.580000,154863230.910000,181138633.530000
"({1, 2, 4, 5, 6}, 17)",21244670.900000,32335012.570000,44191590.660000,59146982.090000,74041697.990000,90707919.160000,110284397.910000,131463848.580000,154253230.910000,180533633.530000
"({1, 2, 4, 5, 6}, 16)",20594670.900000,31690012.570000,43551590.660000,58511982.090000,73411697.990000,90082919.160000,109664397.910000,130848848.580000,153643230.910000,179928633.530000
"({1, 2, 4, 5, 6}, 15)",19944670.900000,31045012.570000,42911590.660000,57876982.090000,72781697.990000,89457919.160000,109044397.910000,130233848.580000,153033230.910000,179323633.530000
"({1, 2, 4, 5, 6}, 14)",19294670.900000,30400012.570000,42271590.660000,57241982.090000,72151697.990000,88832919.160000,108424397.910000,129618848.580000,,
"({1, 2, 4, 5, 6}, 13)",18644670.900000,29755012.570000,41631590.660000,56606982.090000,71521697.990000,88207919.160000,107804397.910000,,,
"({1, 2, 4, 5, 6}, 12)",17994670.900000,29110012.570000,40991590.660000,55971982.090000,70891697.990000,87582919.160000,107184397.910000,,,
"({1, 2, 4, 5, 6}, 11)",17344670.900000,28465012.570000,40351590.660000,55336982.090000,70261697.990000,86957919.160000,,,,
"({1, 2, 4, 5, 6}, 10)",16694670.900000,27820012.570000,39711590.660000,54701982.090000,69631697.990000,86332919.160000,,,,
"({1, 2, 4, 5, 6}, 9)",16044670.900000,27175012.570000,39071590.660000,54066982.090000,,,,,,
"({1, 2, 4, 5, 6}, 8)",15394670.900000,26530012.570000,38431590.660000,53431982.090000,,,,,,
"({1, 2, 4, 5, 6}, 7)",14744670.900000,25885012.570000,37791590.660000,,,,,,,
"({1, 2, 4, 5, 6}, 6)",14094670.900000,25240012.570000,,,,,,,,
"({1, 2, 4, 5, 6}, 5)",13444670.900000,24595012.570000,,,,,,,,
"({1, 2, 3, 6, 7}, 20)",22743117.167000,33953668.497000,46124033.080000,60567834.080000,75425172.000000,91819420.500000,109949193.700000,130368535.120000,152356455.120000,177470110.450000
"({1, 2, 3, 6, 7}, 19)",22093117.167000,33308668.497000,45484033.080000,59932834.080000,74795172.000000,91194420.500000,109329193.700000,129753535.120000,151746455.120000,176865110.450000
"({1, 2, 3, 6, 7}, 18)",21443117.167000,32663668.497000,44844033.080000,59297834.080000,74165172.000000,90569420.500000,108709193.700000,129138535.120000,151136455.120000,176260110.450000
"({1, 2, 3, 6, 7}, 17)",20793117.167000,32018668.497000,44204033.080000,58662834.080000,73535172.000000,89944420.500000,108089193.700000,128523535.120000,150526455.120000,175655110.450000
"({1, 2, 3, 6, 7}, 16)",20143117.167000,31373668.497000,43564033.080000,58027834.080000,72905172.000000,89319420.500000,107469193.700000,127908535.120000,149916455.120000,175050110.450000
"({1, 2, 3, 6, 7}, 15)",19493117.167000,30728668.497000,42924033.080000,57392834.080000,72275172.000000,88694420.500000,106849193.700000,127293535.120000,149306455.120000,174445110.450000
"({1, 2, 3, 6, 7}, 14)",18843117.167000,30083668.497000,42284033.080000,56757834.080000,71645172.000000,88069420.500000,106229193.700000,126678535.120000,,
"({1, 2, 3, 6, 7}, 13)",18193117.167000,29438668.497000,41644033.080000,56122834.080000,71015172.000000,87444420.500000,105609193.700000,,,
"({1, 2, 3, 6, 7}, 12)",17543117.167000,28793668.497000,41004033.080000,55487834.080000,70385172.000000,86819420.500000,104989193.700000,,,
"({1, 2, 3, 6, 7}, 11)",16893117.167000,28148668.497000,40364033.080000,54852834.080000,69755172.000000,86194420.500000,,,,
"({1, 2, 3, 6, 7}, 10)",16243117.167000,27503668.497000,39724033.080000,54217834.080000,69125172.000000,85569420.500000,,,,
"({1, 2, 3, 6, 7}, 9)",15593117.167000,26858668.497000,39084033.080000,53582834.080000,,,,,,
"({1, 2, 3, 6, 7}, 8)",14943117.167000,26213668.497000,38444033.080000,52947834.080000,,,,,,
"({1, 2, 3, 6, 7}, 7)",14293117.167000,25568668.497000,37804033.080000,,,,,,,
"({1, 2, 3, 6, 7}, 6)",13643117.167000,24923668.497000,,,,,,,,
"({1, 2, 3, 6, 7}, 5)",12993117.167000,24278668.497000,,,,,,,,
"({1, 2, 3, 5, 7}, 20)",22504810.917000,33771668.497000,45942033.080000,60385834.080000,75243172.000000,91692475.500000,109767193.700000,130129318.870000,152131571.370000,177339980.450000
"({1, 2, 3, 5, 7}, 19)",21854810.917000,33126668.497000,45302033.080000,59750834.080000,74613172.000000,91067475.500000,109147193.700000,129514318.870000,151521571.370000,176734980.450000
"({1, 2, 3, 5, 7}, 18)",21204810.917000,32481668.497000,44662033.080000,59115834.080000,73983172.000000,90442475.500000,108527193.700000,128899318.870000,150911571.370000,176129980.450000
"({1, 2, 3, 5, 7}, 17)",20554810.917000,31836668.497000,44022033.080000,58480834.080000,73353172.000000,89817475.500000,107907193.700000,128284318.870000,150301571.370000,175524980.450000
"({1, 2, 3, 5, 7}, 16)",19904810.917000,31191668.497000,43382033.080000,57845834.080000,72723172.000000,89192475.500000,107287193.700000,127669318.870000,149691571.370000,174919980.450000
"({1, 2, 3, 5, 7}, 15)",19254810.917000,30546668.497000,42742033.080000,57210834.080000,72093172.000000,88567475.500000,106667193.700000,127054318.870000,149081571.370000,174314980.450000
"({1, 2, 3, 5, 7}, 14)",18604810.917000,29901668.497000,42102033.080000,56575834.080000,71463172.000000,87942475.500000,106047193.700000,126439318.870000,,
"({1, 2, 3, 5, 7}, 13)",17954810.917000,29256668.497000,41462033.080000,55940834.080000,70833172.000000,87317475.500000,105427193.700000,,,
"({1, 2, 3, 5, 7}, 12)",17304810.917000,28611668.497000,40822033.080000,55305834.080000,70203172.000000,86692475.500000,104807193.700000,,,
"({1, 2, 3, 5, 7}, 11)",16654810.917000,27966668.497000,40182033.080000,54670834.080000,69573172.000000,86067475.500000,,,,
"({1, 2, 3, 5, 7}, 10)",16004810.917000,27321668.497000,39542033.080000,54035834.080000,68943172.000000,85442475.500000,,,,
"({1, 2, 3, 5, 7}, 9)",15354810.917000,26676668.497000,38902033.080000,53400834.080000,,,,,,
"({1, 2, 3, 5, 7}, 8)",14704810.917000,26031668.497000,38262033.080000,52765834.080000,,,,,,
"({1, 2, 3, 5, 7}, 7)",14054810.917000,25386668.497000,37622033.080000,,,,,,,
"({1, 2, 3, 5, 7}, 6)",13404810.917000,24741668.497000,,,,,,,,
"({1, 2, 3, 5, 7}, 5)",12754810.917000,24096668.497000,,,,,,,,
"({1, 2, 3, 5, 6}, 20)",22904296.100000,33928614.080000,46098192.580000,60605350.000000,75312773.000000,91860361.750000,110390326.000000,131090184.000000,153091746.170000,178426313.900000
"({1, 2, 3, 5, 6}, 19)",22254296.100000,33283614.080000,45458192.580000,59970350.000000,74682773.000000,91235361.750000,109770326.000000,130475184.000000,152481746.170000,177821313.900000
"({1, 2, 3, 5, 6}, 18)",21604296.100000,32638614.080000,44818192.580000,59335350.000000,74052773.000000,90610361.750000,109150326.000000,129860184.000000,151871746.170000,177216313.900000
"({1, 2, 3, 5, 6}, 17)",20954296.100000,31993614.080000,44178192.580000,58700350.000000,73422773.000000,89985361.750000,108530326.000000,129245184.000000,151261746.170000,176611313.900000
"({1, 2, 3, 5, 6}, 16)",20304296.100000,31348614.080000,43538192.580000,58065350.000000,72792773.000000,89360361.750000,107910326.000000,128630184.000000,150651746.170000,176006313.900000
"({1, 2, 3, 5, 6}, 15)",19654296.100000,30703614.080000,42898192.580000,57430350.000000,72162773.000000,88735361.750000,107290326.000000,128015184.000000,150041746.170000,175401313.900000
"({1, 2, 3, 5, 6}, 14)",19004296.100000,30058614.080000,42258192.580000,56795350.000000,71532773.000000,88110361.750000,106670326.000000,127400184.000000,,
"({1, 2, 3, 5, 6}, 13)",18354296.100000,29413614.080000,41618192.580000,56160350.000000,70902773.000000,87485361.750000,106050326.000000,,,
"({1, 2, 3, 5, 6}, 12)",17704296.100000,28768614.080000,40978192.580000,55525350.000000,70272773.000000,86860361.750000,105430326.000000,,,
"({1, 2, 3, 5, 6}, 11)",17054296.100000,28123614.080000,40338192.580000,54890350.000000,69642773.000000,86235361.750000,,,,
"({1, 2, 3, 5, 6}, 10)",16404296.100000,27478614.080000,39698192.580000,54255350.000000,69012773.000000,85610361.750000,,,,
"({1, 2, 3, 5, 6}, 9)",15754296.100000,26833614.080000,39058192.580000,53620350.000000,,,,,,
"({1, 2, 3, 5, 6}, 8)",15104296.100000,26188614.080000,38418192.580000,52985350.000000,,,,,,
"({1, 2, 3, 5, 6}, 7)",14454296.100000,25543614.080000,37778192.580000,,,,,,,
"({1, 2, 3, 5, 6}, 6)",13804296.100000,24898614.080000,,,,,,,,
"({1, 2, 3, 5, 6}, 5)",13154296.100000,24253614.080000,,,,,,,,
"({1, 2, 3, 4, 7}, 20)",22542810.917000,33809668.497000,45980033.080000,60421232.160000,75281172.000000,91727745.500000,109805193.700000,130188590.120000,152212455.120000,177349997.950000
"({1, 2, 3, 4, 7}, 19)",21892810.917000,33164668.497000,45340033.080000,59786232.160000,74651172.000000,91102745.500000,109185193.700000,129573590.120000,151602455.120000,176744997.950000
"({1, 2, 3, 4, 7}, 18)",21242810.917000,32519668.497000,44700033.080000,59151232.160000,74021172.000000,90477745.500000,108565193.700000,128958590.120000,150992455.120000,176139997.950000
"({1, 2, 3, 4, 7}, 17)",20592810.917000,31874668.497000,44060033.080000,58516232.160000,73391172.000000,89852745.500000,107945193.700000,128343590.120000,150382455.120000,175534997.950000
"({1, 2, 3, 4, 7}, 16)",19942810.917000,31229668.497000,43420033.080000,57881232.160000,72761172.000000,89227745.500000,107325193.700000,127728590.120000,149772455.120000,174929997.950000
"({1, 2, 3, 4, 7}, 15)",19292810.917000,30584668.497000,42780033.080000,57246232.160000,72131172.000000,88602745.500000,106705193.700000,127113590.120000,149162455.120000,174324997.950000
"({1, 2, 3, 4, 7}, 14)",18642810.917000,29939668.497000,42140033.080000,56611232.160000,71501172.000000,87977745.500000,106085193.700000,126498590.120000,,
"({1, 2, 3, 4, 7}, 13)",17992810.917000,29294668.497000,41500033.080000,55976232.160000,70871172.000000,87352745.500000,105465193.700000,,,
"({1, 2, 3, 4, 7}, 12)",17342810.917000,28649668.497000,40860033.080000,55341232.160000,70241172.000000,86727745.500000,104845193.700000,,,
"({1, 2, 3, 4, 7}, 11)",16692810.917000,28004668.497000,40220033.080000,54706232.160000,69611172.000000,86102745.500000,,,,
"({1, 2, 3, 4, 7}, 10)",16042810.917000,27359668.497000,39580033.080000,54071232.160000,68981172.000000,85477745.500000,,,,
"({1, 2, 3, 4, 7}, 9)",15392810.917000,26714668.497000,38940033.080000,53436232.160000,,,,,,
"({1, 2, 3, 4, 7}, 8)",14742810.917000,26069668.497000,38300033.080000,52801232.160000,,,,,,
"({1, 2, 3, 4, 7}, 7)",14092810.917000,25424668.497000,37660033.080000,,,,,,,
"({1, 2, 3, 4, 7}, 6)",13442810.917000,24779668.497000,,,,,,,,
"({1, 2, 3, 4, 7}, 5)",12792810.917000,24134668.497000,,,,,,,,
"({1, 2, 3, 4, 6}, 20)",22942296.250000,33966614.080000,46136192.580000,60640748.080000,75350773.000000,91848311.750000,110428326.000000,131097585.250000,153172629.920000,178528241.400000
"({1, 2, 3, 4, 6}, 19)",22292296.250000,33321614.080000,45496192.580000,60005748.080000,74720773.000000,91223311.750000,109808326.000000,130482585.250000,152562629.920000,177923241.400000
"({1, 2, 3, 4, 6}, 18)",21642296.250000,32676614.080000,44856192.580000,59370748.080000,74090773.000000,90598311.750000,109188326.000000,129867585.250000,151952629.920000,177318241.400000
"({1, 2, 3, 4, 6}, 17)",20992296.250000,32031614.080000,44216192.580000,58735748.080000,73460773.000000,89973311.750000,108568326.000000,129252585.250000,151342629.920000,176713241.400000
"({1, 2, 3, 4, 6}, 16)",20342296.250000,31386614.080000,43576192.580000,58100748.080000,72830773.000000,89348311.750000,107948326.000000,128637585.250000,150732629.920000,176108241.400000
"({1, 2, 3, 4, 6}, 15)",19692296.250000,30741614.080000,42936192.580000,57465748.080000,72200773.000000,88723311.750000,107328326.000000,128022585.250000,150122629.920000,175503241.400000
"({1, 2, 3, 4, 6}, 14)",19042296.250000,30096614.080000,42296192.580000,56830748.080000,71570773.000000,88098311.750000,106708326.000000,127407585.250000,,
"({1, 2, 3, 4, 6}, 13)",18392296.250000,29451614.080000,41656192.580000,56195748.080000,70940773.000000,87473311.750000,106088326.000000,,,
"({1, 2, 3, 4, 6}, 12)",17742296.250000,28806614.080000,41016192.580000,55560748.080000,70310773.000000,86848311.750000,105468326.000000,,,
"({1, 2, 3, 4, 6}, 11)",17092296.250000,28161614.080000,40376192.580000,54925748.080000,69680773.000000,86223311.750000,,,,
"({1, 2, 3, 4, 6}, 10)",16442296.250000,27516614.080000,39736192.580000,54290748.080000,69050773.000000,85598311.750000,,,,
"({1, 2, 3, 4, 6}, 9)",15792296.250000,26871614.080000,39096192.580000,53655748.080000,,,,,,
"({1, 2, 3, 4, 6}, 8)",15142296.250000,26226614.080000,38456192.580000,53020748.080000,,,,,,
"({1, 2, 3, 4, 6}, 7)",14492296.250000,25581614.080000,37816192.580000,,,,,,,
"({1, 2, 3, 4, 6}, 6)",13842296.250000,24936614.080000,,,,,,,,
"({1, 2, 3, 4, 6}, 5)",13192296.250000,24291614.080000,,,,,,,,
"({1, 2, 3, 4, 5}, 20)",22760296.250000,33784614.080000,45954192.580000,60458748.080000,75168773.000000,91704076.750000,110260658.500000,130949710.250000,152993018.670000,178414036.400000
"({1, 2, 3, 4, 5}, 19)",22110296.250000,33139614.080000,45314192.580000,59823748.080000,74538773.000000,91079076.750000,109640658.500000,130334710.250000,152383018.670000,177809036.400000
"({1, 2, 3, 4, 5}, 18)",21460296.250000,32494614.080000,44674192.580000,59188748.080000,73908773.000000,90454076.750000,109020658.500000,129719710.250000,151773018.670000,177204036.400000
"({1, 2, 3, 4, 5}, 17)",20810296.250000,31849614.080000,44034192.580000,58553748.080000,73278773.000000,89829076.750000,108400658.500000,129104710.250000,151163018.670000,176599036.400000
"({1, 2, 3, 4, 5}, 16)",20160296.250000,31204614.080000,43394192.580000,57918748.080000,72648773.000000,89204076.750000,107780658.500000,128489710.250000,150553018.670000,175994036.400000
"({1, 2, 3, 4, 5}, 15)",19510296.250000,30559614.080000,42754192.580000,57283748.080000,72018773.000000,88579076.750000,107160658.500000,127874710.250000,149943018.670000,175389036.400000
"({1, 2, 3, 4, 5}, 14)",18860296.250000,29914614.080000,42114192.580000,56648748.080000,71388773.000000,87954076.750000,106540658.500000,127259710.250000,,
"({1, 2, 3, 4, 5}, 13)",18210296.250000,29269614.080000,41474192.580000,56013748.080000,70758773.000000,87329076.750000,105920658.500000,,,
"({1, 2, 3, 4, 5}, 12)",17560296.250000,28624614.080000,40834192.580000,55378748.080000,70128773.000000,86704076.750000,105300658.500000,,,
"({1, 2, 3, 4, 5}, 11)",16910296.250000,27979614.080000,40194192.580000,54743748.080000,69498773.000000,86079076.750000,,,,
"({1, 2, 3, 4, 5}, 10)",16260296.250000,27334614.080000,39554192.580000,54108748.080000,68868773.000000,85454076.750000,,,,
"({1, 2, 3, 4, 5}, 9)",15610296.250000,26689614.080000,38914192.580000,53473748.080000,,,,,,
"({1, 2, 3, 4, 5}, 8)",14960296.250000,26044614.080000,38274192.580000,52838748.080000,,,,,,
"({1, 2, 3, 4, 5}, 7)",14310296.250000,25399614.080000,37634192.580000,,,,,,,
"({1, 2, 3, 4, 5}, 6)",13660296.250000,24754614.080000,,,,,,,,
"({1, 2, 3, 4, 5}, 5)",13010296.250000,24109614.080000,,,,,,,,
"({1, 5, 6, 7}, 20)",22051205.300000,33673828.010000,46138077.430000,60867926.760000,75713296.843000,93147327.423000,112674720.253000,133675208.243000,156137665.663000,182184640.743000
"({1, 5, 6, 7}, 19)",21401205.300000,33028828.010000,45498077.430000,60232926.760000,75083296.843000,92522327.423000,112054720.253000,133060208.243000,155527665.663000,181579640.743000
"({1, 5, 6, 7}, 18)",20751205.300000,32383828.010000,44858077.430000,59597926.760000,74453296.843000,91897327.423000,111434720.253000,132445208.243000,154917665.663000,180974640.743000
"({1, 5, 6, 7}, 17)",20101205.300000,31738828.010000,44218077.430000,58962926.760000,73823296.843000,91272327.423000,110814720.253000,131830208.243000,154307665.663000,180369640.743000
"({1, 5, 6, 7}, 16)",19451205.300000,31093828.010000,43578077.430000,58327926.760000,73193296.843000,90647327.423000,110194720.253000,131215208.243000,153697665.663000,179764640.743000
"({1, 5, 6, 7}, 15)",18801205.300000,30448828.010000,42938077.430000,57692926.760000,72563296.843000,90022327.423000,109574720.253000,130600208.243000,153087665.663000,179159640.743000
"({1, 5, 6, 7}, 14)",18151205.300000,29803828.010000,42298077.430000,57057926.760000,71933296.843000,89397327.423000,108954720.253000,129985208.243000,,
"({1, 5, 6, 7}, 13)",17501205.300000,29158828.010000,41658077.430000,56422926.760000,71303296.843000,88772327.423000,108334720.253000,,,
"({1, 5, 6, 7}, 12)",16851205.300000,28513828.010000,41018077.430000,55787926.760000,70673296.843000,88147327.423000,107714720.253000,,,
"({1, 5, 6, 7}, 11)",16201205.300000,27868828.010000,40378077.430000,55152926.760000,70043296.843000,87522327.423000,,,,
"({1, 5, 6, 7}, 10)",15551205.300000,27223828.010000,39738077.430000,54517926.760000,69413296.843000,86897327.423000,,,,
"({1, 5, 6, 7}, 9)",14901205.300000,26578828.010000,39098077.430000,53882926.760000,,,,,,
"({1, 5, 6, 7}, 8)",14251205.300000,25933828.010000,38458077.430000,53247926.760000,,,,,,
"({1, 5, 6, 7}, 7)",13601205.300000,25288828.010000,37818077.430000,,,,,,,
"({1, 5, 6, 7}, 6)",12951205.300000,24643828.010000,,,,,,,,
"({1, 5, 6, 7}, 5)",12301205.300000,23998828.010000,,,,,,,,
"({1, 4, 6, 7}, 20)",22613481.217000,33633140.503000,46268585.583000,60978085.663000,76015373.243000,92783481.323000,112329874.153000,133411242.073000,156127385.243000,181510159.163000
"({1, 4, 6, 7}, 19)",21963481.217000,32988140.503000,45628585.583000,60343085.663000,75385373.243000,92158481.323000,111709874.153000,132796242.073000,155517385.243000,180905159.163000
"({1, 4, 6, 7}, 18)",21313481.217000,32343140.503000,44988585.583000,59708085.663000,74755373.243000,91533481.323000,111089874.153000,132181242.073000,154907385.243000,180300159.163000
"({1, 4, 6, 7}, 17)",20663481.217000,31698140.503000,44348585.583000,59073085.663000,74125373.243000,90908481.323000,110469874.153000,131566242.073000,154297385.243000,179695159.163000
"({1, 4, 6, 7}, 16)",20013481.217000,31053140.503000,43708585.583000,58438085.663000,73495373.243000,90283481.323000,109849874.153000,130951242.073000,153687385.243000,179090159.163000
"({1, 4, 6, 7}, 15)",19363481.217000,30408140.503000,43068585.583000,57803085.663000,72865373.243000,89658481.323000,109229874.153000,130336242.073000,153077385.243000,178485159.163000
"({1, 4, 6, 7}, 14)",18713481.217000,29763140.503000,42428585.583000,57168085.663000,72235373.243000,89033481.323000,108609874.153000,129721242.073000,,
"({1, 4, 6, 7}, 13)",18063481.217000,29118140.503000,41788585.583000,56533085.663000,71605373.243000,88408481.323000,107989874.153000,,,
"({1, 4, 6, 7}, 12)",17413481.217000,28473140.503000,41148585.583000,55898085.663000,70975373.243000,87783481.323000,107369874.153000,,,
"({1, 4, 6, 7}, 11)",16763481.217000,27828140.503000,40508585.583000,55263085.663000,70345373.243000,87158481.323000,,,,
"({1, 4, 6, 7}, 10)",16113481.217000,27183140.503000,39868585.583000,54628085.663000,69715373.243000,86533481.323000,,,,
"({1, 4, 6, 7}, 9)",15463481.217000,26538140.503000,39228585.583000,53993085.663000,,,,,,
"({1, 4, 6, 7}, 8)",14813481.217000,25893140.503000,38588585.583000,53358085.663000,,,,,,
"({1, 4, 6, 7}, 7)",14163481.217000,25248140.503000,37948585.583000,,,,,,,
"({1, 4, 6, 7}, 6)",13513481.217000,24603140.503000,,,,,,,,
"({1, 4, 6, 7}, 5)",12863481.217000,23958140.503000,,,,,,,,
"({1, 4, 5, 7}, 20)",22086866.250000,33363525.820000,45757426.460000,60501435.510000,75543213.093000,92277883.013000,112081274.883000,133220255.823000,155945385.243000,181328159.163000
"({1, 4, 5, 7}, 19)",21436866.250000,32718525.820000,45117426.460000,59866435.510000,74913213.093000,91652883.013000,111461274.883000,132605255.823000,155335385.243000,180723159.163000
"({1, 4, 5, 7}, 18)",20786866.250000,32073525.820000,44477426.460000,59231435.510000,74283213.093000,91027883.013000,110841274.883000,131990255.823000,154725385.243000,180118159.163000
"({1, 4, 5, 7}, 17)",20136866.250000,31428525.820000,43837426.460000,58596435.510000,73653213.093000,90402883.013000,110221274.883000,131375255.823000,154115385.243000,179513159.163000
"({1, 4, 5, 7}, 16)",19486866.250000,30783525.820000,43197426.460000,57961435.510000,73023213.093000,89777883.013000,109601274.883000,130760255.823000,153505385.243000,178908159.163000
"({1, 4, 5, 7}, 15)",18836866.250000,30138525.820000,42557426.460000,57326435.510000,72393213.093000,89152883.013000,108981274.883000,130145255.823000,152895385.243000,178303159.163000
"({1, 4, 5, 7}, 14)",18186866.250000,29493525.820000,41917426.460000,56691435.510000,71763213.093000,88527883.013000,108361274.883000,129530255.823000,,
"({1, 4, 5, 7}, 13)",17536866.250000,28848525.820000,41277426.460000,56056435.510000,71133213.093000,87902883.013000,107741274.883000,,,
"({1, 4, 5, 7}, 12)",16886866.250000,28203525.820000,40637426.460000,55421435.510000,70503213.093000,87277883.013000,107121274.883000,,,
"({1, 4, 5, 7}, 11)",16236866.250000,27558525.820000,39997426.460000,54786435.510000,69873213.093000,86652883.013000,,,,
"({1, 4, 5, 7}, 10)",15586866.250000,26913525.820000,39357426.460000,54151435.510000,69243213.093000,86027883.013000,,,,
"({1, 4, 5, 7}, 9)",14936866.250000,26268525.820000,38717426.460000,53516435.510000,,,,,,
"({1, 4, 5, 7}, 8)",14286866.250000,25623525.820000,38077426.460000,52881435.510000,,,,,,
"({1, 4, 5, 7}, 7)",13636866.250000,24978525.820000,37437426.460000,,,,,,,
"({1, 4, 5, 7}, 6)",12986866.250000,24333525.820000,,,,,,,,
"({1, 4, 5, 7}, 5)",12336866.250000,23688525.820000,,,,,,,,
"({1, 4, 5, 6}, 20)",22793909.180000,33785259.020000,45913586.180000,62355007.510000,77286735.940000,94023938.360000,115565559.040000,139188822.610000,163789140.030000,191534519.200000
"({1, 4, 5, 6}, 19)",22143909.180000,33140259.020000,45273586.180000,61720007.510000,76656735.940000,93398938.360000,114945559.040000,138573822.610000,163179140.030000,190929519.200000
"({1, 4, 5, 6}, 18)",21493909.180000,32495259.020000,44633586.180000,61085007.510000,76026735.940000,92773938.360000,114325559.040000,137958822.610000,162569140.030000,190324519.200000
"({1, 4, 5, 6}, 17)",20843909.180000,31850259.020000,43993586.180000,60450007.510000,75396735.940000,92148938.360000,113705559.040000,137343822.610000,161959140.030000,189719519.200000
"({1, 4, 5, 6}, 16)",20193909.180000,31205259.020000,43353586.180000,59815007.510000,74766735.940000,91523938.360000,113085559.040000,136728822.610000,161349140.030000,189114519.200000
"({1, 4, 5, 6}, 15)",19543909.180000,30560259.020000,42713586.180000,59180007.510000,74136735.940000,90898938.360000,112465559.040000,136113822.610000,160739140.030000,188509519.200000
"({1, 4, 5, 6}, 14)",18893909.180000,29915259.020000,42073586.180000,58545007.510000,73506735.940000,90273938.360000,111845559.040000,135498822.610000,,
"({1, 4, 5, 6}, 13)",18243909.180000,29270259.020000,41433586.180000,57910007.510000,72876735.940000,89648938.360000,111225559.040000,,,
"({1, 4, 5, 6}, 12)",17593909.180000,28625259.020000,40793586.180000,57275007.510000,72246735.940000,89023938.360000,110605559.040000,,,
"({1, 4, 5, 6}, 11)",16943909.180000,27980259.020000,40153586.180000,56640007.510000,71616735.940000,88398938.360000,,,,
"({1, 4, 5, 6}, 10)",16293909.180000,27335259.020000,39513586.180000,56005007.510000,70986735.940000,87773938.360000,,,,
"({1, 4, 5, 6}, 9)",15643909.180000,26690259.020000,38873586.180000,55370007.510000,,,,,,
"({1, 4, 5, 6}, 8)",14993909.180000,26045259.020000,38233586.180000,54735007.510000,,,,,,
"({1, 4, 5, 6}, 7)",14343909.180000,25400259.020000,37593586.180000,,,,,,,
"({1, 4, 5, 6}, 6)",13693909.180000,24755259.020000,,,,,,,,
"({1, 4, 5, 6}, 5)",13043909.180000,24110259.020000,,,,,,,,
"({1, 3, 6, 7}, 20)",22365875.083000,33334511.083000,46039484.413000,60465125.913000,75606120.413000,92470462.333000,111297937.453000,132077884.713000,153947727.283000,179379314.453000
"({1, 3, 6, 7}, 19)",21715875.083000,32689511.083000,45399484.413000,59830125.913000,74976120.413000,91845462.333000,110677937.453000,131462884.713000,153337727.283000,178774314.453000
"({1, 3, 6, 7}, 18)",21065875.083000,32044511.083000,44759484.413000,59195125.913000,74346120.413000,91220462.333000,110057937.453000,130847884.713000,152727727.283000,178169314.453000
"({1, 3, 6, 7}, 17)",20415875.083000,31399511.083000,44119484.413000,58560125.913000,73716120.413000,90595462.333000,109437937.453000,130232884.713000,152117727.283000,177564314.453000
"({1, 3, 6, 7}, 16)",19765875.083000,30754511.083000,43479484.413000,57925125.913000,73086120.413000,89970462.333000,108817937.453000,129617884.713000,151507727.283000,176959314.453000
"({1, 3, 6, 7}, 15)",19115875.083000,30109511.083000,42839484.413000,57290125.913000,72456120.413000,89345462.333000,108197937.453000,129002884.713000,150897727.283000,176354314.453000
"({1, 3, 6, 7}, 14)",18465875.083000,29464511.083000,42199484.413000,56655125.913000,71826120.413000,88720462.333000,107577937.453000,128387884.713000,,
"({1, 3, 6, 7}, 13)",17815875.083000,28819511.083000,41559484.413000,56020125.913000,71196120.413000,88095462.333000,106957937.453000,,,
"({1, 3, 6, 7}, 12)",17165875.083000,28174511.083000,40919484.413000,55385125.913000,70566120.413000,87470462.333000,106337937.453000,,,
"({1, 3, 6, 7}, 11)",16515875.083000,27529511.083000,40279484.413000,54750125.913000,69936120.413000,86845462.333000,,,,
"({1, 3, 6, 7}, 10)",15865875.083000,26884511.083000,39639484.413000,54115125.913000,69306120.413000,86220462.333000,,,,
"({1, 3, 6, 7}, 9)",15215875.083000,26239511.083000,38999484.413000,53480125.913000,,,,,,
"({1, 3, 6, 7}, 8)",14565875.083000,25594511.083000,38359484.413000,52845125.913000,,,,,,
"({1, 3, 6, 7}, 7)",13915875.083000,24949511.083000,37719484.413000,,,,,,,
"({1, 3, 6, 7}, 6)",13265875.083000,24304511.083000,,,,,,,,
"({1, 3, 6, 7}, 5)",12615875.083000,23659511.083000,,,,,,,,
"({1, 3, 5, 7}, 20)",21839260.417000,33022126.400000,45593233.833000,60164829.600000,75133960.263000,91964864.013000,111049339.133000,131886900.533000,153765727.283000,179157501.953000
"({1, 3, 5, 7}, 19)",21189260.417000,32377126.400000,44953233.833000,59529829.600000,74503960.263000,91339864.013000,110429339.133000,131271900.533000,153155727.283000,178552501.953000
"({1, 3, 5, 7}, 18)",20539260.417000,31732126.400000,44313233.833000,58894829.600000,73873960.263000,90714864.013000,109809339.133000,130656900.533000,152545727.283000,177947501.953000
"({1, 3, 5, 7}, 17)",19889260.417000,31087126.400000,43673233.833000,58259829.600000,73243960.263000,90089864.013000,109189339.133000,130041900.533000,151935727.283000,177342501.953000
"({1, 3, 5, 7}, 16)",19239260.417000,30442126.400000,43033233.833000,57624829.600000,72613960.263000,89464864.013000,108569339.133000,129426900.533000,151325727.283000,176737501.953000
"({1, 3, 5, 7}, 15)",18589260.417000,29797126.400000,42393233.833000,56989829.600000,71983960.263000,88839864.013000,107949339.133000,128811900.533000,150715727.283000,176132501.953000
"({1, 3, 5, 7}, 14)",17939260.417000,29152126.400000,41753233.833000,56354829.600000,71353960.263000,88214864.013000,107329339.133000,128196900.533000,,
"({1, 3, 5, 7}, 13)",17289260.417000,28507126.400000,41113233.833000,55719829.600000,70723960.263000,87589864.013000,106709339.133000,,,
"({1, 3, 5, 7}, 12)",16639260.417000,27862126.400000,40473233.833000,55084829.600000,70093960.263000,86964864.013000,106089339.133000,,,
"({1, 3, 5, 7}, 11)",15989260.417000,27217126.400000,39833233.833000,54449829.600000,69463960.263000,86339864.013000,,,,
"({1, 3, 5, 7}, 10)",15339260.417000,26572126.400000,39193233.833000,53814829.600000,68833960.263000,85714864.013000,,,,
"({1, 3, 5, 7}, 9)",14689260.417000,25927126.400000,38553233.833000,53179829.600000,,,,,,
"({1, 3, 5, 7}, 8)",14039260.417000,25282126.400000,37913233.833000,52544829.600000,,,,,,
"({1, 3, 5, 7}, 7)",13389260.417000,24637126.400000,37273233.833000,,,,,,,
"({1, 3, 5, 7}, 6)",12739260.417000,23992126.400000,,,,,,,,
"({1, 3, 5, 7}, 5)",12089260.417000,23347126.400000,,,,,,,,
"({1, 3, 5, 6}, 20)",22602287.600000,33443859.600000,45900188.100000,61541288.600000,76300723.950000,92884243.950000,112589643.550000,135270919.000000,158652220.150000,185620668.050000
"({1, 3, 5, 6}, 19)",21952287.600000,32798859.600000,45260188.100000,60906288.600000,75670723.950000,92259243.950000,111969643.550000,134655919.000000,158042220.150000,185015668.050000
"({1, 3, 5, 6}, 18)",21302287.600000,32153859.600000,44620188.100000,60271288.600000,75040723.950000,91634243.950000,111349643.550000,134040919.000000,157432220.150000,184410668.050000
"({1, 3, 5, 6}, 17)",20652287.600000,31508859.600000,43980188.100000,59636288.600000,74410723.950000,91009243.950000,110729643.550000,133425919.000000,156822220.150000,183805668.050000
"({1, 3, 5, 6}, 16)",20002287.600000,30863859.600000,43340188.100000,59001288.600000,73780723.950000,90384243.950000,110109643.550000,132810919.000000,156212220.150000,183200668.050000
"({1, 3, 5, 6}, 15)",19352287.600000,30218859.600000,42700188.100000,58366288.600000,73150723.950000,89759243.950000,109489643.550000,132195919.000000,155602220.150000,182595668.050000
"({1, 3, 5, 6}, 14)",18702287.600000,29573859.600000,42060188.100000,57731288.600000,72520723.950000,89134243.950000,108869643.550000,131580919.000000,,
"({1, 3, 5, 6}, 13)",18052287.600000,28928859.600000,41420188.100000,57096288.600000,71890723.950000,88509243.950000,108249643.550000,,,
"({1, 3, 5, 6}, 12)",17402287.600000,28283859.600000,40780188.100000,56461288.600000,71260723.950000,87884243.950000,107629643.550000,,,
"({1, 3, 5, 6}, 11)",16752287.600000,27638859.600000,40140188.100000,55826288.600000,70630723.950000,87259243.950000,,,,
"({1, 3, 5, 6}, 10)",16102287.600000,26993859.600000,39500188.100000,55191288.600000,70000723.950000,86634243.950000,,,,
"({1, 3, 5, 6}, 9)",15452287.600000,26348859.600000,38860188.100000,54556288.600000,,,,,,
"({1, 3, 5, 6}, 8)",14802287.600000,25703859.600000,38220188.100000,53921288.600000,,,,,,
"({1, 3, 5, 6}, 7)",14152287.600000,25058859.600000,37580188.100000,,,,,,,
"({1, 3, 5, 6}, 6)",13502287.600000,24413859.600000,,,,,,,,
"({1, 3, 5, 6}, 5)",12852287.600000,23768859.600000,,,,,,,,
"({1, 3, 4, 7}, 20)",22179105.083000,33147741.083000,45895484.413000,60321125.913000,75462120.413000,92326462.333000,111153937.453000,131924900.533000,153754018.533000,179183444.453000
"({1, 3, 4, 7}, 19)",21529105.083000,32502741.083000,45255484.413000,59686125.913000,74832120.413000,91701462.333000,110533937.453000,131309900.533000,153144018.533000,178578444.453000
"({1, 3, 4, 7}, 18)",20879105.083000,31857741.083000,44615484.413000,59051125.913000,74202120.413000,91076462.333000,109913937.453000,130694900.533000,152534018.533000,177973444.453000
"({1, 3, 4, 7}, 17)",20229105.083000,31212741.083000,43975484.413000,58416125.913000,73572120.413000,90451462.333000,109293937.453000,130079900.533000,151924018.533000,177368444.453000
"({1, 3, 4, 7}, 16)",19579105.083000,30567741.083000,43335484.413000,57781125.913000,72942120.413000,89826462.333000,108673937.453000,129464900.533000,151314018.533000,176763444.453000
"({1, 3, 4, 7}, 15)",18929105.083000,29922741.083000,42695484.413000,57146125.913000,72312120.413000,89201462.333000,108053937.453000,128849900.533000,150704018.533000,176158444.453000
"({1, 3, 4, 7}, 14)",18279105.083000,29277741.083000,42055484.413000,56511125.913000,71682120.413000,88576462.333000,107433937.453000,128234900.533000,,
"({1, 3, 4, 7}, 13)",17629105.083000,28632741.083000,41415484.413000,55876125.913000,71052120.413000,87951462.333000,106813937.453000,,,
"({1, 3, 4, 7}, 12)",16979105.083000,27987741.083000,40775484.413000,55241125.913000,70422120.413000,87326462.333000,106193937.453000,,,
"({1, 3, 4, 7}, 11)",16329105.083000,27342741.083000,40135484.413000,54606125.913000,69792120.413000,86701462.333000,,,,
"({1, 3, 4, 7}, 10)",15679105.083000,26697741.083000,39495484.413000,53971125.913000,69162120.413000,86076462.333000,,,,
"({1, 3, 4, 7}, 9)",15029105.083000,26052741.083000,38855484.413000,53336125.913000,,,,,,
"({1, 3, 4, 7}, 8)",14379105.083000,25407741.083000,38215484.413000,52701125.913000,,,,,,
"({1, 3, 4, 7}, 7)",13729105.083000,24762741.083000,37575484.413000,,,,,,,
"({1, 3, 4, 7}, 6)",13079105.083000,24117741.083000,,,,,,,,
"({1, 3, 4, 7}, 5)",12429105.083000,23472741.083000,,,,,,,,
"({1, 3, 4, 6}, 20)",23507806.380000,34706881.350000,48448343.150000,63762643.830000,80306358.650000,97299558.650000,118508085.850000,142427968.980000,166453374.250000,194036028.500000
"({1, 3, 4, 6}, 19)",22857806.380000,34061881.350000,47808343.150000,63127643.830000,79676358.650000,96674558.650000,117888085.850000,141812968.980000,165843374.250000,193431028.500000
"({1, 3, 4, 6}, 18)",22207806.380000,33416881.350000,47168343.150000,62492643.830000,79046358.650000,96049558.650000,117268085.850000,141197968.980000,165233374.250000,192826028.500000
"({1, 3, 4, 6}, 17)",21557806.380000,32771881.350000,46528343.150000,61857643.830000,78416358.650000,95424558.650000,116648085.850000,140582968.980000,164623374.250000,192221028.500000
"({1, 3, 4, 6}, 16)",20907806.380000,32126881.350000,45888343.150000,61222643.830000,77786358.650000,94799558.650000,116028085.850000,139967968.980000,164013374.250000,191616028.500000
"({1, 3, 4, 6}, 15)",20257806.380000,31481881.350000,45248343.150000,60587643.830000,77156358.650000,94174558.650000,115408085.850000,139352968.980000,163403374.250000,191011028.500000
"({1, 3, 4, 6}, 14)",19607806.380000,30836881.350000,44608343.150000,59952643.830000,76526358.650000,93549558.650000,114788085.850000,138737968.980000,,
"({1, 3, 4, 6}, 13)",18957806.380000,30191881.350000,43968343.150000,59317643.830000,75896358.650000,92924558.650000,114168085.850000,,,
"({1, 3, 4, 6}, 12)",18307806.380000,29546881.350000,43328343.150000,58682643.830000,75266358.650000,92299558.650000,113548085.850000,,,
"({1, 3, 4, 6}, 11)",17657806.380000,28901881.350000,42688343.150000,58047643.830000,74636358.650000,91674558.650000,,,,
"({1, 3, 4, 6}, 10)",17007806.380000,28256881.350000,42048343.150000,57412643.830000,74006358.650000,91049558.650000,,,,
"({1, 3, 4, 6}, 9)",16357806.380000,27611881.350000,41408343.150000,56777643.830000,,,,,,
"({1, 3, 4, 6}, 8)",15707806.380000,26966881.350000,40768343.150000,56142643.830000,,,,,,
"({1, 3, 4, 6}, 7)",15057806.380000,26321881.350000,40128343.150000,,,,,,,
"({1, 3, 4, 6}, 6)",14407806.380000,25676881.350000,,,,,,,,
"({1, 3, 4, 6}, 5)",13757806.380000,25031881.350000,,,,,,,,
"({1, 3, 4, 5}, 20)",22415517.600000,33299859.600000,45756188.100000,61394686.680000,76156723.950000,92740243.950000,112445643.550000,135126919.000000,158541321.400000,185372700.550000
"({1, 3, 4, 5}, 19)",21765517.600000,32654859.600000,45116188.100000,60759686.680000,75526723.950000,92115243.950000,111825643.550000,134511919.000000,157931321.400000,184767700.550000
"({1, 3, 4, 5}, 18)",21115517.600000,32009859.600000,44476188.100000,60124686.680000,74896723.950000,91490243.950000,111205643.550000,133896919.000000,157321321.400000,184162700.550000
"({1, 3, 4, 5}, 17)",20465517.600000,31364859.600000,43836188.100000,59489686.680000,74266723.950000,90865243.950000,110585643.550000,133281919.000000,156711321.400000,183557700.550000
"({1, 3, 4, 5}, 16)",19815517.600000,30719859.600000,43196188.100000,58854686.680000,73636723.950000,90240243.950000,109965643.550000,132666919.000000,156101321.400000,182952700.550000
"({1, 3, 4, 5}, 15)",19165517.600000,30074859.600000,42556188.100000,58219686.680000,73006723.950000,89615243.950000,109345643.550000,132051919.000000,155491321.400000,182347700.550000
"({1, 3, 4, 5}, 14)",18515517.600000,29429859.600000,41916188.100000,57584686.680000,72376723.950000,88990243.950000,108725643.550000,131436919.000000,,
"({1, 3, 4, 5}, 13)",17865517.600000,28784859.600000,41276188.100000,56949686.680000,71746723.950000,88365243.950000,108105643.550000,,,
"({1, 3, 4, 5}, 12)",17215517.600000,28139859.600000,40636188.100000,56314686.680000,71116723.950000,87740243.950000,107485643.550000,,,
"({1, 3, 4, 5}, 11)",16565517.600000,27494859.600000,39996188.100000,55679686.680000,70486723.950000,87115243.950000,,,,
"({1, 3, 4, 5}, 10)",15915517.600000,26849859.600000,39356188.100000,55044686.680000,69856723.950000,86490243.950000,,,,
"({1, 3, 4, 5}, 9)",15265517.600000,26204859.600000,38716188.100000,54409686.680000,,,,,,
"({1, 3, 4, 5}, 8)",14615517.600000,25559859.600000,38076188.100000,53774686.680000,,,,,,
"({1, 3, 4, 5}, 7)",13965517.600000,24914859.600000,37436188.100000,,,,,,,
"({1, 3, 4, 5}, 6)",13315517.600000,24269859.600000,,,,,,,,
"({1, 3, 4, 5}, 5)",12665517.600000,23624859.600000,,,,,,,,
"({1, 2, 6, 7}, 20)",21902755.917000,33609371.357000,45522081.910000,60274931.240000,75253130.070000,92653959.400000,111438202.820000,131950628.320000,154439141.490000,180274995.990000
"({1, 2, 6, 7}, 19)",21252755.917000,32964371.357000,44882081.910000,59639931.240000,74623130.070000,92028959.400000,110818202.820000,131335628.320000,153829141.490000,179669995.990000
"({1, 2, 6, 7}, 18)",20602755.917000,32319371.357000,44242081.910000,59004931.240000,73993130.070000,91403959.400000,110198202.820000,130720628.320000,153219141.490000,179064995.990000
"({1, 2, 6, 7}, 17)",19952755.917000,31674371.357000,43602081.910000,58369931.240000,73363130.070000,90778959.400000,109578202.820000,130105628.320000,152609141.490000,178459995.990000
"({1, 2, 6, 7}, 16)",19302755.917000,31029371.357000,42962081.910000,57734931.240000,72733130.070000,90153959.400000,108958202.820000,129490628.320000,151999141.490000,177854995.990000
"({1, 2, 6, 7}, 15)",18652755.917000,30384371.357000,42322081.910000,57099931.240000,72103130.070000,89528959.400000,108338202.820000,128875628.320000,151389141.490000,177249995.990000
"({1, 2, 6, 7}, 14)",18002755.917000,29739371.357000,41682081.910000,56464931.240000,71473130.070000,88903959.400000,107718202.820000,128260628.320000,,
"({1, 2, 6, 7}, 13)",17352755.917000,29094371.357000,41042081.910000,55829931.240000,70843130.070000,88278959.400000,107098202.820000,,,
"({1, 2, 6, 7}, 12)",16702755.917000,28449371.357000,40402081.910000,55194931.240000,70213130.070000,87653959.400000,106478202.820000,,,
"({1, 2, 6, 7}, 11)",16052755.917000,27804371.357000,39762081.910000,54559931.240000,69583130.070000,87028959.400000,,,,
"({1, 2, 6, 7}, 10)",15402755.917000,27159371.357000,39122081.910000,53924931.240000,68953130.070000,86403959.400000,,,,
"({1, 2, 6, 7}, 9)",14752755.917000,26514371.357000,38482081.910000,53289931.240000,,,,,,
"({1, 2, 6, 7}, 8)",14102755.917000,25869371.357000,37842081.910000,52654931.240000,,,,,,
"({1, 2, 6, 7}, 7)",13452755.917000,25224371.357000,37202081.910000,,,,,,,
"({1, 2, 6, 7}, 6)",12802755.917000,24579371.357000,,,,,,,,
"({1, 2, 6, 7}, 5)",12152755.917000,23934371.357000,,,,,,,,
"({1, 2, 5, 7}, 20)",21720755.917000,33427371.587000,45340081.910000,60092931.240000,75071130.070000,92469229.400000,111236979.070000,131768628.320000,154257141.490000,180089924.740000
"({1, 2, 5, 7}, 19)",21070755.917000,32782371.587000,44700081.910000,59457931.240000,74441130.070000,91844229.400000,110616979.070000,131153628.320000,153647141.490000,179484924.740000
"({1, 2, 5, 7}, 18)",20420755.917000,32137371.587000,44060081.910000,58822931.240000,73811130.070000,91219229.400000,109996979.070000,130538628.320000,153037141.490000,178879924.740000
"({1, 2, 5, 7}, 17)",19770755.917000,31492371.587000,43420081.910000,58187931.240000,73181130.070000,90594229.400000,109376979.070000,129923628.320000,152427141.490000,178274924.740000
"({1, 2, 5, 7}, 16)",19120755.917000,30847371.587000,42780081.910000,57552931.240000,72551130.070000,89969229.400000,108756979.070000,129308628.320000,151817141.490000,177669924.740000
"({1, 2, 5, 7}, 15)",18470755.917000,30202371.587000,42140081.910000,56917931.240000,71921130.070000,89344229.400000,108136979.070000,128693628.320000,151207141.490000,177064924.740000
"({1, 2, 5, 7}, 14)",17820755.917000,29557371.587000,41500081.910000,56282931.240000,71291130.070000,88719229.400000,107516979.070000,128078628.320000,,
"({1, 2, 5, 7}, 13)",17170755.917000,28912371.587000,40860081.910000,55647931.240000,70661130.070000,88094229.400000,106896979.070000,,,
"({1, 2, 5, 7}, 12)",16520755.917000,28267371.587000,40220081.910000,55012931.240000,70031130.070000,87469229.400000,106276979.070000,,,
"({1, 2, 5, 7}, 11)",15870755.917000,27622371.587000,39580081.910000,54377931.240000,69401130.070000,86844229.400000,,,,
"({1, 2, 5, 7}, 10)",15220755.917000,26977371.587000,38940081.910000,53742931.240000,68771130.070000,86219229.400000,,,,
"({1, 2, 5, 7}, 9)",14570755.917000,26332371.587000,38300081.910000,53107931.240000,,,,,,
"({1, 2, 5, 7}, 8)",13920755.917000,25687371.587000,37660081.910000,52472931.240000,,,,,,
"({1, 2, 5, 7}, 7)",13270755.917000,25042371.587000,37020081.910000,,,,,,,
"({1, 2, 5, 7}, 6)",12620755.917000,24397371.587000,,,,,,,,
"({1, 2, 5, 7}, 5)",11970755.917000,23752371.587000,,,,,,,,
"({1, 2, 5, 6}, 20)",22163011.250000,33346290.330000,46720379.830000,62249316.000000,76823447.750000,94911798.170000,115094949.920000,136784992.750000,160498017.350000,188191736.420000
"({1, 2, 5, 6}, 19)",21513011.250000,32701290.330000,46080379.830000,61614316.000000,76193447.750000,94286798.170000,114474949.920000,136169992.750000,159888017.350000,187586736.420000
"({1, 2, 5, 6}, 18)",20863011.250000,32056290.330000,45440379.830000,60979316.000000,75563447.750000,93661798.170000,113854949.920000,135554992.750000,159278017.350000,186981736.420000
"({1, 2, 5, 6}, 17)",20213011.250000,31411290.330000,44800379.830000,60344316.000000,74933447.750000,93036798.170000,113234949.920000,134939992.750000,158668017.350000,186376736.420000
"({1, 2, 5, 6}, 16)",19563011.250000,30766290.330000,44160379.830000,59709316.000000,74303447.750000,92411798.170000,112614949.920000,134324992.750000,158058017.350000,185771736.420000
"({1, 2, 5, 6}, 15)",18913011.250000,30121290.330000,43520379.830000,59074316.000000,73673447.750000,91786798.170000,111994949.920000,133709992.750000,157448017.350000,185166736.420000
"({1, 2, 5, 6}, 14)",18263011.250000,29476290.330000,42880379.830000,58439316.000000,73043447.750000,91161798.170000,111374949.920000,133094992.750000,,
"({1, 2, 5, 6}, 13)",17613011.250000,28831290.330000,42240379.830000,57804316.000000,72413447.750000,90536798.170000,110754949.920000,,,
"({1, 2, 5, 6}, 12)",16963011.250000,28186290.330000,41600379.830000,57169316.000000,71783447.750000,89911798.170000,110134949.920000,,,
"({1, 2, 5, 6}, 11)",16313011.250000,27541290.330000,40960379.830000,56534316.000000,71153447.750000,89286798.170000,,,,
"({1, 2, 5, 6}, 10)",15663011.250000,26896290.330000,40320379.830000,55899316.000000,70523447.750000,88661798.170000,,,,
"({1, 2, 5, 6}, 9)",15013011.250000,26251290.330000,39680379.830000,55264316.000000,,,,,,
"({1, 2, 5, 6}, 8)",14363011.250000,25606290.330000,39040379.830000,54629316.000000,,,,,,
"({1, 2, 5, 6}, 7)",13713011.250000,24961290.330000,38400379.830000,,,,,,,
"({1, 2, 5, 6}, 6)",13063011.250000,24316290.330000,,,,,,,,
"({1, 2, 5, 6}, 5)",12413011.250000,23671290.330000,,,,,,,,
"({1, 2, 4, 7}, 20)",21938416.750000,33299067.917000,45141431.160000,59908439.990000,75048096.990000,91651082.910000,110444718.830000,131093928.920000,153847730.140000,179116973.060000
"({1, 2, 4, 7}, 19)",21288416.750000,32654067.917000,44501431.160000,59273439.990000,74418096.990000,91026082.910000,109824718.830000,130478928.920000,153237730.140000,178511973.060000
"({1, 2, 4, 7}, 18)",20638416.750000,32009067.917000,43861431.160000,58638439.990000,73788096.990000,90401082.910000,109204718.830000,129863928.920000,152627730.140000,177906973.060000
"({1, 2, 4, 7}, 17)",19988416.750000,31364067.917000,43221431.160000,58003439.990000,73158096.990000,89776082.910000,108584718.830000,129248928.920000,152017730.140000,177301973.060000
"({1, 2, 4, 7}, 16)",19338416.750000,30719067.917000,42581431.160000,57368439.990000,72528096.990000,89151082.910000,107964718.830000,128633928.920000,151407730.140000,176696973.060000
"({1, 2, 4, 7}, 15)",18688416.750000,30074067.917000,41941431.160000,56733439.990000,71898096.990000,88526082.910000,107344718.830000,128018928.920000,150797730.140000,176091973.060000
"({1, 2, 4, 7}, 14)",18038416.750000,29429067.917000,41301431.160000,56098439.990000,71268096.990000,87901082.910000,106724718.830000,127403928.920000,,
"({1, 2, 4, 7}, 13)",17388416.750000,28784067.917000,40661431.160000,55463439.990000,70638096.990000,87276082.910000,106104718.830000,,,
"({1, 2, 4, 7}, 12)",16738416.750000,28139067.917000,40021431.160000,54828439.990000,70008096.990000,86651082.910000,105484718.830000,,,
"({1, 2, 4, 7}, 11)",16088416.750000,27494067.917000,39381431.160000,54193439.990000,69378096.990000,86026082.910000,,,,
"({1, 2, 4, 7}, 10)",15438416.750000,26849067.917000,38741431.160000,53558439.990000,68748096.990000,85401082.910000,,,,
"({1, 2, 4, 7}, 9)",14788416.750000,26204067.917000,38101431.160000,52923439.990000,,,,,,
"({1, 2, 4, 7}, 8)",14138416.750000,25559067.917000,37461431.160000,52288439.990000,,,,,,
"({1, 2, 4, 7}, 7)",13488416.750000,24914067.917000,36821431.160000,,,,,,,
"({1, 2, 4, 7}, 6)",12838416.750000,24269067.917000,,,,,,,,
"({1, 2, 4, 7}, 5)",12188416.750000,23624067.917000,,,,,,,,
"({1, 2, 4, 6}, 20)",22380672.083000,33456013.500000,45297590.660000,60237981.910000,75117697.990000,91768919.160000,111330397.910000,132464929.970000,155269230.910000,181534633.660000
"({1, 2, 4, 6}, 19)",21730672.083000,32811013.500000,44657590.660000,59602981.910000,74487697.990000,91143919.160000,110710397.910000,131849929.970000,154659230.910000,180929633.660000
"({1, 2, 4, 6}, 18)",21080672.083000,32166013.500000,44017590.660000,58967981.910000,73857697.990000,90518919.160000,110090397.910000,131234929.970000,154049230.910000,180324633.660000
"({1, 2, 4, 6}, 17)",20430672.083000,31521013.500000,43377590.660000,58332981.910000,73227697.990000,89893919.160000,109470397.910000,130619929.970000,153439230.910000,179719633.660000
"({1, 2, 4, 6}, 16)",19780672.083000,30876013.500000,42737590.660000,57697981.910000,72597697.990000,89268919.160000,108850397.910000,130004929.970000,152829230.910000,179114633.660000
"({1, 2, 4, 6}, 15)",19130672.083000,30231013.500000,42097590.660000,57062981.910000,71967697.990000,88643919.160000,108230397.910000,129389929.970000,152219230.910000,178509633.660000
"({1, 2, 4, 6}, 14)",18480672.083000,29586013.500000,41457590.660000,56427981.910000,71337697.990000,88018919.160000,107610397.910000,128774929.970000,,
"({1, 2, 4, 6}, 13)",17830672.083000,28941013.500000,40817590.660000,55792981.910000,70707697.990000,87393919.160000,106990397.910000,,,
"({1, 2, 4, 6}, 12)",17180672.083000,28296013.500000,40177590.660000,55157981.910000,70077697.990000,86768919.160000,106370397.910000,,,
"({1, 2, 4, 6}, 11)",16530672.083000,27651013.500000,39537590.660000,54522981.910000,69447697.990000,86143919.160000,,,,
"({1, 2, 4, 6}, 10)",15880672.083000,27006013.500000,38897590.660000,53887981.910000,68817697.990000,85518919.160000,,,,
"({1, 2, 4, 6}, 9)",15230672.083000,26361013.500000,38257590.660000,53252981.910000,,,,,,
"({1, 2, 4, 6}, 8)",14580672.083000,25716013.500000,37617590.660000,52617981.910000,,,,,,
"({1, 2, 4, 6}, 7)",13930672.083000,25071013.500000,36977590.660000,,,,,,,
"({1, 2, 4, 6}, 6)",13280672.083000,24426013.500000,,,,,,,,
"({1, 2, 4, 6}, 5)",12630672.083000,23781013.500000,,,,,,,,
"({1, 2, 4, 5}, 20)",22198672.083000,33274013.500000,45115590.660000,60055981.910000,74935697.990000,91586919.160000,111157725.930000,132303521.080000,155087230.910000,181399839.910000
"({1, 2, 4, 5}, 19)",21548672.083000,32629013.500000,44475590.660000,59420981.910000,74305697.990000,90961919.160000,110537725.930000,131688521.080000,154477230.910000,180794839.910000
"({1, 2, 4, 5}, 18)",20898672.083000,31984013.500000,43835590.660000,58785981.910000,73675697.990000,90336919.160000,109917725.930000,131073521.080000,153867230.910000,180189839.910000
"({1, 2, 4, 5}, 17)",20248672.083000,31339013.500000,43195590.660000,58150981.910000,73045697.990000,89711919.160000,109297725.930000,130458521.080000,153257230.910000,179584839.910000
"({1, 2, 4, 5}, 16)",19598672.083000,30694013.500000,42555590.660000,57515981.910000,72415697.990000,89086919.160000,108677725.930000,129843521.080000,152647230.910000,178979839.910000
"({1, 2, 4, 5}, 15)",18948672.083000,30049013.500000,41915590.660000,56880981.910000,71785697.990000,88461919.160000,108057725.930000,129228521.080000,152037230.910000,178374839.910000
"({1, 2, 4, 5}, 14)",18298672.083000,29404013.500000,41275590.660000,56245981.910000,71155697.990000,87836919.160000,107437725.930000,128613521.080000,,
"({1, 2, 4, 5}, 13)",17648672.083000,28759013.500000,40635590.660000,55610981.910000,70525697.990000,87211919.160000,106817725.930000,,,
"({1, 2, 4, 5}, 12)",16998672.083000,28114013.500000,39995590.660000,54975981.910000,69895697.990000,86586919.160000,106197725.930000,,,
"({1, 2, 4, 5}, 11)",16348672.083000,27469013.500000,39355590.660000,54340981.910000,69265697.990000,85961919.160000,,,,
"({1, 2, 4, 5}, 10)",15698672.083000,26824013.500000,38715590.660000,53705981.910000,68635697.990000,85336919.160000,,,,
"({1, 2, 4, 5}, 9)",15048672.083000,26179013.500000,38075590.660000,53070981.910000,,,,,,
"({1, 2, 4, 5}, 8)",14398672.083000,25534013.500000,37435590.660000,52435981.910000,,,,,,
"({1, 2, 4, 5}, 7)",13748672.083000,24889013.500000,36795590.660000,,,,,,,
"({1, 2, 4, 5}, 6)",13098672.083000,24244013.500000,,,,,,,,
"({1, 2, 4, 5}, 5)",12448672.083000,23599013.500000,,,,,,,,
"({1, 2, 3, 7}, 20)",21690810.917000,32957668.497000,45128033.080000,59571834.080000,74429172.000000,90886324.250000,108967526.200000,129345235.120000,151360455.120000,176488670.450000
"({1, 2, 3, 7}, 19)",21040810.917000,32312668.497000,44488033.080000,58936834.080000,73799172.000000,90261324.250000,108347526.200000,128730235.120000,150750455.120000,175883670.450000
"({1, 2, 3, 7}, 18)",20390810.917000,31667668.497000,43848033.080000,58301834.080000,73169172.000000,89636324.250000,107727526.200000,128115235.120000,150140455.120000,175278670.450000
"({1, 2, 3, 7}, 17)",19740810.917000,31022668.497000,43208033.080000,57666834.080000,72539172.000000,89011324.250000,107107526.200000,127500235.120000,149530455.120000,174673670.450000
"({1, 2, 3, 7}, 16)",19090810.917000,30377668.497000,42568033.080000,57031834.080000,71909172.000000,88386324.250000,106487526.200000,126885235.120000,148920455.120000,174068670.450000
"({1, 2, 3, 7}, 15)",18440810.917000,29732668.497000,41928033.080000,56396834.080000,71279172.000000,87761324.250000,105867526.200000,126270235.120000,148310455.120000,173463670.450000
"({1, 2, 3, 7}, 14)",17790810.917000,29087668.497000,41288033.080000,55761834.080000,70649172.000000,87136324.250000,105247526.200000,125655235.120000,,
"({1, 2, 3, 7}, 13)",17140810.917000,28442668.497000,40648033.080000,55126834.080000,70019172.000000,86511324.250000,104627526.200000,,,
"({1, 2, 3, 7}, 12)",16490810.917000,27797668.497000,40008033.080000,54491834.080000,69389172.000000,85886324.250000,104007526.200000,,,
"({1, 2, 3, 7}, 11)",15840810.917000,27152668.497000,39368033.080000,53856834.080000,68759172.000000,85261324.250000,,,,
"({1, 2, 3, 7}, 10)",15190810.917000,26507668.497000,38728033.080000,53221834.080000,68129172.000000,84636324.250000,,,,
"({1, 2, 3, 7}, 9)",14540810.917000,25862668.497000,38088033.080000,52586834.080000,,,,,,
"({1, 2, 3, 7}, 8)",13890810.917000,25217668.497000,37448033.080000,51951834.080000,,,,,,
"({1, 2, 3, 7}, 7)",13240810.917000,24572668.497000,36808033.080000,,,,,,,
"({1, 2, 3, 7}, 6)",12590810.917000,23927668.497000,,,,,,,,
"({1, 2, 3, 7}, 5)",11940810.917000,23282668.497000,,,,,,,,
"({1, 2, 3, 6}, 20)",22090296.250000,33157384.080000,45284192.580000,59791350.000000,74498773.000000,91049091.750000,109576326.000000,130245585.250000,152320629.920000,177681246.400000
"({1, 2, 3, 6}, 19)",21440296.250000,32512384.080000,44644192.580000,59156350.000000,73868773.000000,90424091.750000,108956326.000000,129630585.250000,151710629.920000,177076246.400000
"({1, 2, 3, 6}, 18)",20790296.250000,31867384.080000,44004192.580000,58521350.000000,73238773.000000,89799091.750000,108336326.000000,129015585.250000,151100629.920000,176471246.400000
"({1, 2, 3, 6}, 17)",20140296.250000,31222384.080000,43364192.580000,57886350.000000,72608773.000000,89174091.750000,107716326.000000,128400585.250000,150490629.920000,175866246.400000
"({1, 2, 3, 6}, 16)",19490296.250000,30577384.080000,42724192.580000,57251350.000000,71978773.000000,88549091.750000,107096326.000000,127785585.250000,149880629.920000,175261246.400000
"({1, 2, 3, 6}, 15)",18840296.250000,29932384.080000,42084192.580000,56616350.000000,71348773.000000,87924091.750000,106476326.000000,127170585.250000,149270629.920000,174656246.400000
"({1, 2, 3, 6}, 14)",18190296.250000,29287384.080000,41444192.580000,55981350.000000,70718773.000000,87299091.750000,105856326.000000,126555585.250000,,
"({1, 2, 3, 6}, 13)",17540296.250000,28642384.080000,40804192.580000,55346350.000000,70088773.000000,86674091.750000,105236326.000000,,,
"({1, 2, 3, 6}, 12)",16890296.250000,27997384.080000,40164192.580000,54711350.000000,69458773.000000,86049091.750000,104616326.000000,,,
"({1, 2, 3, 6}, 11)",16240296.250000,27352384.080000,39524192.580000,54076350.000000,68828773.000000,85424091.750000,,,,
"({1, 2, 3, 6}, 10)",15590296.250000,26707384.080000,38884192.580000,53441350.000000,68198773.000000,84799091.750000,,,,
"({1, 2, 3, 6}, 9)",14940296.250000,26062384.080000,38244192.580000,52806350.000000,,,,,,
"({1, 2, 3, 6}, 8)",14290296.250000,25417384.080000,37604192.580000,52171350.000000,,,,,,
"({1, 2, 3, 6}, 7)",13640296.250000,24772384.080000,36964192.580000,,,,,,,
"({1, 2, 3, 6}, 6)",12990296.250000,24127384.080000,,,,,,,,
"({1, 2, 3, 6}, 5)",12340296.250000,23482384.080000,,,,,,,,
"({1, 2, 3, 5}, 20)",21951066.250000,32932614.080000,45102192.580000,59609350.000000,74316773.000000,90864361.750000,109394326.000000,130072912.750000,152095746.170000,177482183.900000
"({1, 2, 3, 5}, 19)",21301066.250000,32287614.080000,44462192.580000,58974350.000000,73686773.000000,90239361.750000,108774326.000000,129457912.750000,151485746.170000,176877183.900000
"({1, 2, 3, 5}, 18)",20651066.250000,31642614.080000,43822192.580000,58339350.000000,73056773.000000,89614361.750000,108154326.000000,128842912.750000,150875746.170000,176272183.900000
"({1, 2, 3, 5}, 17)",20001066.250000,30997614.080000,43182192.580000,57704350.000000,72426773.000000,88989361.750000,107534326.000000,128227912.750000,150265746.170000,175667183.900000
"({1, 2, 3, 5}, 16)",19351066.250000,30352614.080000,42542192.580000,57069350.000000,71796773.000000,88364361.750000,106914326.000000,127612912.750000,149655746.170000,175062183.900000
"({1, 2, 3, 5}, 15)",18701066.250000,29707614.080000,41902192.580000,56434350.000000,71166773.000000,87739361.750000,106294326.000000,126997912.750000,149045746.170000,174457183.900000
"({1, 2, 3, 5}, 14)",18051066.250000,29062614.080000,41262192.580000,55799350.000000,70536773.000000,87114361.750000,105674326.000000,126382912.750000,,
"({1, 2, 3, 5}, 13)",17401066.250000,28417614.080000,40622192.580000,55164350.000000,69906773.000000,86489361.750000,105054326.000000,,,
"({1, 2, 3, 5}, 12)",16751066.250000,27772614.080000,39982192.580000,54529350.000000,69276773.000000,85864361.750000,104434326.000000,,,
"({1, 2, 3, 5}, 11)",16101066.250000,27127614.080000,39342192.580000,53894350.000000,68646773.000000,85239361.750000,,,,
"({1, 2, 3, 5}, 10)",15451066.250000,26482614.080000,38702192.580000,53259350.000000,68016773.000000,84614361.750000,,,,
"({1, 2, 3, 5}, 9)",14801066.250000,25837614.080000,38062192.580000,52624350.000000,,,,,,
"({1, 2, 3, 5}, 8)",14151066.250000,25192614.080000,37422192.580000,51989350.000000,,,,,,
"({1, 2, 3, 5}, 7)",13501066.250000,24547614.080000,36782192.580000,,,,,,,
"({1, 2, 3, 5}, 6)",12851066.250000,23902614.080000,,,,,,,,
"({1, 2, 3, 5}, 5)",12201066.250000,23257614.080000,,,,,,,,
"({1, 2, 3, 4}, 20)",21989066.250000,32970614.080000,45140192.580000,59644748.080000,74354773.000000,90902361.750000,109432326.000000,130110912.750000,152216556.170000,177624151.400000
"({1, 2, 3, 4}, 19)",21339066.250000,32325614.080000,44500192.580000,59009748.080000,73724773.000000,90277361.750000,108812326.000000,129495912.750000,151606556.170000,177019151.400000
"({1, 2, 3, 4}, 18)",20689066.250000,31680614.080000,43860192.580000,58374748.080000,73094773.000000,89652361.750000,108192326.000000,128880912.750000,150996556.170000,176414151.400000
"({1, 2, 3, 4}, 17)",20039066.250000,31035614.080000,43220192.580000,57739748.080000,72464773.000000,89027361.750000,107572326.000000,128265912.750000,150386556.170000,175809151.400000
"({1, 2, 3, 4}, 16)",19389066.250000,30390614.080000,42580192.580000,57104748.080000,71834773.000000,88402361.750000,106952326.000000,127650912.750000,149776556.170000,175204151.400000
"({1, 2, 3, 4}, 15)",18739066.250000,29745614.080000,41940192.580000,56469748.080000,71204773.000000,87777361.750000,106332326.000000,127035912.750000,149166556.170000,174599151.400000
"({1, 2, 3, 4}, 14)",18089066.250000,29100614.080000,41300192.580000,55834748.080000,70574773.000000,87152361.750000,105712326.000000,126420912.750000,,
"({1, 2, 3, 4}, 13)",17439066.250000,28455614.080000,40660192.580000,55199748.080000,69944773.000000,86527361.750000,105092326.000000,,,
"({1, 2, 3, 4}, 12)",16789066.250000,27810614.080000,40020192.580000,54564748.080000,69314773.000000,85902361.750000,104472326.000000,,,
"({1, 2, 3, 4}, 11)",16139066.250000,27165614.080000,39380192.580000,53929748.080000,68684773.000000,85277361.750000,,,,
"({1, 2, 3, 4}, 10)",15489066.250000,26520614.080000,38740192.580000,53294748.080000,68054773.000000,84652361.750000,,,,
"({1, 2, 3, 4}, 9)",14839066.250000,25875614.080000,38100192.580000,52659748.080000,,,,,,
"({1, 2, 3, 4}, 8)",14189066.250000,25230614.080000,37460192.580000,52024748.080000,,,,,,
"({1, 2, 3, 4}, 7)",13539066.250000,24585614.080000,36820192.580000,,,,,,,
"({1, 2, 3, 4}, 6)",12889066.250000,23940614.080000,,,,,,,,
"({1, 2, 3, 4}, 5)",12239066.250000,23295614.080000,,,,,,,,
"({1, 6, 7}, 20)",21581820.083000,32947444.163000,45653236.333000,60126085.663000,75189456.993000,92656925.743000,111927318.573000,132852221.993000,155323665.663000,181370640.743000
"({1, 6, 7}, 19)",20931820.083000,32302444.163000,45013236.333000,59491085.663000,74559456.993000,92031925.743000,111307318.573000,132237221.993000,154713665.663000,180765640.743000
"({1, 6, 7}, 18)",20281820.083000,31657444.163000,44373236.333000,58856085.663000,73929456.993000,91406925.743000,110687318.573000,131622221.993000,154103665.663000,180160640.743000
"({1, 6, 7}, 17)",19631820.083000,31012444.163000,43733236.333000,58221085.663000,73299456.993000,90781925.743000,110067318.573000,131007221.993000,153493665.663000,179555640.743000
"({1, 6, 7}, 16)",18981820.083000,30367444.163000,43093236.333000,57586085.663000,72669456.993000,90156925.743000,109447318.573000,130392221.993000,152883665.663000,178950640.743000
"({1, 6, 7}, 15)",18331820.083000,29722444.163000,42453236.333000,56951085.663000,72039456.993000,89531925.743000,108827318.573000,129777221.993000,152273665.663000,178345640.743000
"({1, 6, 7}, 14)",17681820.083000,29077444.163000,41813236.333000,56316085.663000,71409456.993000,88906925.743000,108207318.573000,129162221.993000,,
"({1, 6, 7}, 13)",17031820.083000,28432444.163000,41173236.333000,55681085.663000,70779456.993000,88281925.743000,107587318.573000,,,
"({1, 6, 7}, 12)",16381820.083000,27787444.163000,40533236.333000,55046085.663000,70149456.993000,87656925.743000,106967318.573000,,,
"({1, 6, 7}, 11)",15731820.083000,27142444.163000,39893236.333000,54411085.663000,69519456.993000,87031925.743000,,,,
"({1, 6, 7}, 10)",15081820.083000,26497444.163000,39253236.333000,53776085.663000,68889456.993000,86406925.743000,,,,
"({1, 6, 7}, 9)",14431820.083000,25852444.163000,38613236.333000,53141085.663000,,,,,,
"({1, 6, 7}, 8)",13781820.083000,25207444.163000,37973236.333000,52506085.663000,,,,,,
"({1, 6, 7}, 7)",13131820.083000,24562444.163000,37333236.333000,,,,,,,
"({1, 6, 7}, 6)",12481820.083000,23917444.163000,,,,,,,,
"({1, 6, 7}, 5)",11831820.083000,23272444.163000,,,,,,,,
"({1, 5, 7}, 20)",21055205.400000,32677829.480000,45142077.430000,59871926.760000,74717296.843000,92151327.423000,111678720.253000,132670221.993000,155141665.663000,181188640.743000
"({1, 5, 7}, 19)",20405205.400000,32032829.480000,44502077.430000,59236926.760000,74087296.843000,91526327.423000,111058720.253000,132055221.993000,154531665.663000,180583640.743000
"({1, 5, 7}, 18)",19755205.400000,31387829.480000,43862077.430000,58601926.760000,73457296.843000,90901327.423000,110438720.253000,131440221.993000,153921665.663000,179978640.743000
"({1, 5, 7}, 17)",19105205.400000,30742829.480000,43222077.430000,57966926.760000,72827296.843000,90276327.423000,109818720.253000,130825221.993000,153311665.663000,179373640.743000
"({1, 5, 7}, 16)",18455205.400000,30097829.480000,42582077.430000,57331926.760000,72197296.843000,89651327.423000,109198720.253000,130210221.993000,152701665.663000,178768640.743000
"({1, 5, 7}, 15)",17805205.400000,29452829.480000,41942077.430000,56696926.760000,71567296.843000,89026327.423000,108578720.253000,129595221.993000,152091665.663000,178163640.743000
"({1, 5, 7}, 14)",17155205.400000,28807829.480000,41302077.430000,56061926.760000,70937296.843000,88401327.423000,107958720.253000,128980221.993000,,
"({1, 5, 7}, 13)",16505205.400000,28162829.480000,40662077.430000,55426926.760000,70307296.843000,87776327.423000,107338720.253000,,,
"({1, 5, 7}, 12)",15855205.400000,27517829.480000,40022077.430000,54791926.760000,69677296.843000,87151327.423000,106718720.253000,,,
"({1, 5, 7}, 11)",15205205.400000,26872829.480000,39382077.430000,54156926.760000,69047296.843000,86526327.423000,,,,
"({1, 5, 7}, 10)",14555205.400000,26227829.480000,38742077.430000,53521926.760000,68417296.843000,85901327.423000,,,,
"({1, 5, 7}, 9)",13905205.400000,25582829.480000,38102077.430000,52886926.760000,,,,,,
"({1, 5, 7}, 8)",13255205.400000,24937829.480000,37462077.430000,52251926.760000,,,,,,
"({1, 5, 7}, 7)",12605205.400000,24292829.480000,36822077.430000,,,,,,,
"({1, 5, 7}, 6)",11955205.400000,23647829.480000,,,,,,,,
"({1, 5, 7}, 5)",11305205.400000,23002829.480000,,,,,,,,
"({1, 5, 6}, 20)",21762248.350000,32861535.850000,46522375.350000,63552341.600000,78178485.700000,95798090.700000,118105788.200000,142122175.350000,167601302.600000,197295629.550000
"({1, 5, 6}, 19)",21112248.350000,32216535.850000,45882375.350000,62917341.600000,77548485.700000,95173090.700000,117485788.200000,141507175.350000,166991302.600000,196690629.550000
"({1, 5, 6}, 18)",20462248.350000,31571535.850000,45242375.350000,62282341.600000,76918485.700000,94548090.700000,116865788.200000,140892175.350000,166381302.600000,196085629.550000
"({1, 5, 6}, 17)",19812248.350000,30926535.850000,44602375.350000,61647341.600000,76288485.700000,93923090.700000,116245788.200000,140277175.350000,165771302.600000,195480629.550000
"({1, 5, 6}, 16)",19162248.350000,30281535.850000,43962375.350000,61012341.600000,75658485.700000,93298090.700000,115625788.200000,139662175.350000,165161302.600000,194875629.550000
"({1, 5, 6}, 15)",18512248.350000,29636535.850000,43322375.350000,60377341.600000,75028485.700000,92673090.700000,115005788.200000,139047175.350000,164551302.600000,194270629.550000
"({1, 5, 6}, 14)",17862248.350000,28991535.850000,42682375.350000,59742341.600000,74398485.700000,92048090.700000,114385788.200000,138432175.350000,,
"({1, 5, 6}, 13)",17212248.350000,28346535.850000,42042375.350000,59107341.600000,73768485.700000,91423090.700000,113765788.200000,,,
"({1, 5, 6}, 12)",16562248.350000,27701535.850000,41402375.350000,58472341.600000,73138485.700000,90798090.700000,113145788.200000,,,
"({1, 5, 6}, 11)",15912248.350000,27056535.850000,40762375.350000,57837341.600000,72508485.700000,90173090.700000,,,,
"({1, 5, 6}, 10)",15262248.350000,26411535.850000,40122375.350000,57202341.600000,71878485.700000,89548090.700000,,,,
"({1, 5, 6}, 9)",14612248.350000,25766535.850000,39482375.350000,56567341.600000,,,,,,
"({1, 5, 6}, 8)",13962248.350000,25121535.850000,38842375.350000,55932341.600000,,,,,,
"({1, 5, 6}, 7)",13312248.350000,24476535.850000,38202375.350000,,,,,,,
"({1, 5, 6}, 6)",12662248.350000,23831535.850000,,,,,,,,
"({1, 5, 6}, 5)",12012248.350000,23186535.850000,,,,,,,,
"({1, 4, 7}, 20)",21617480.917000,32637140.503000,45272585.583000,59982085.663000,75019373.243000,91787481.323000,111333874.153000,132415242.073000,155131385.243000,180514159.163000
"({1, 4, 7}, 19)",20967480.917000,31992140.503000,44632585.583000,59347085.663000,74389373.243000,91162481.323000,110713874.153000,131800242.073000,154521385.243000,179909159.163000
"({1, 4, 7}, 18)",20317480.917000,31347140.503000,43992585.583000,58712085.663000,73759373.243000,90537481.323000,110093874.153000,131185242.073000,153911385.243000,179304159.163000
"({1, 4, 7}, 17)",19667480.917000,30702140.503000,43352585.583000,58077085.663000,73129373.243000,89912481.323000,109473874.153000,130570242.073000,153301385.243000,178699159.163000
"({1, 4, 7}, 16)",19017480.917000,30057140.503000,42712585.583000,57442085.663000,72499373.243000,89287481.323000,108853874.153000,129955242.073000,152691385.243000,178094159.163000
"({1, 4, 7}, 15)",18367480.917000,29412140.503000,42072585.583000,56807085.663000,71869373.243000,88662481.323000,108233874.153000,129340242.073000,152081385.243000,177489159.163000
"({1, 4, 7}, 14)",17717480.917000,28767140.503000,41432585.583000,56172085.663000,71239373.243000,88037481.323000,107613874.153000,128725242.073000,,
"({1, 4, 7}, 13)",17067480.917000,28122140.503000,40792585.583000,55537085.663000,70609373.243000,87412481.323000,106993874.153000,,,
"({1, 4, 7}, 12)",16417480.917000,27477140.503000,40152585.583000,54902085.663000,69979373.243000,86787481.323000,106373874.153000,,,
"({1, 4, 7}, 11)",15767480.917000,26832140.503000,39512585.583000,54267085.663000,69349373.243000,86162481.323000,,,,
"({1, 4, 7}, 10)",15117480.917000,26187140.503000,38872585.583000,53632085.663000,68719373.243000,85537481.323000,,,,
"({1, 4, 7}, 9)",14467480.917000,25542140.503000,38232585.583000,52997085.663000,,,,,,
"({1, 4, 7}, 8)",13817480.917000,24897140.503000,37592585.583000,52362085.663000,,,,,,
"({1, 4, 7}, 7)",13167480.917000,24252140.503000,36952585.583000,,,,,,,
"({1, 4, 7}, 6)",12517480.917000,23607140.503000,,,,,,,,
"({1, 4, 7}, 5)",11867480.917000,22962140.503000,,,,,,,,
"({1, 4, 6}, 20)",23075354.580000,34157704.420000,47542543.330000,63726964.660000,80373172.740000,97520055.160000,119833470.740000,142518459.660000,168063249.490000,197042064.570000
"({1, 4, 6}, 19)",22425354.580000,33512704.420000,46902543.330000,63091964.660000,79743172.740000,96895055.160000,119213470.740000,141903459.660000,167453249.490000,196437064.570000
"({1, 4, 6}, 18)",21775354.580000,32867704.420000,46262543.330000,62456964.660000,79113172.740000,96270055.160000,118593470.740000,141288459.660000,166843249.490000,195832064.570000
"({1, 4, 6}, 17)",21125354.580000,32222704.420000,45622543.330000,61821964.660000,78483172.740000,95645055.160000,117973470.740000,140673459.660000,166233249.490000,195227064.570000
"({1, 4, 6}, 16)",20475354.580000,31577704.420000,44982543.330000,61186964.660000,77853172.740000,95020055.160000,117353470.740000,140058459.660000,165623249.490000,194622064.570000
"({1, 4, 6}, 15)",19825354.580000,30932704.420000,44342543.330000,60551964.660000,77223172.740000,94395055.160000,116733470.740000,139443459.660000,165013249.490000,194017064.570000
"({1, 4, 6}, 14)",19175354.580000,30287704.420000,43702543.330000,59916964.660000,76593172.740000,93770055.160000,116113470.740000,138828459.660000,,
"({1, 4, 6}, 13)",18525354.580000,29642704.420000,43062543.330000,59281964.660000,75963172.740000,93145055.160000,115493470.740000,,,
"({1, 4, 6}, 12)",17875354.580000,28997704.420000,42422543.330000,58646964.660000,75333172.740000,92520055.160000,114873470.740000,,,
"({1, 4, 6}, 11)",17225354.580000,28352704.420000,41782543.330000,58011964.660000,74703172.740000,91895055.160000,,,,
"({1, 4, 6}, 10)",16575354.580000,27707704.420000,41142543.330000,57376964.660000,74073172.740000,91270055.160000,,,,
"({1, 4, 6}, 9)",15925354.580000,27062704.420000,40502543.330000,56741964.660000,,,,,,
"({1, 4, 6}, 8)",15275354.580000,26417704.420000,39862543.330000,56106964.660000,,,,,,
"({1, 4, 6}, 7)",14625354.580000,25772704.420000,39222543.330000,,,,,,,
"({1, 4, 6}, 6)",13975354.580000,25127704.420000,,,,,,,,
"({1, 4, 6}, 5)",13325354.580000,24482704.420000,,,,,,,,
"({1, 4, 5}, 20)",21797909.180000,32789259.020000,44917586.180000,61359007.510000,76290735.940000,93027938.360000,114569559.040000,138192822.610000,162793140.030000,190538519.200000
"({1, 4, 5}, 19)",21147909.180000,32144259.020000,44277586.180000,60724007.510000,75660735.940000,92402938.360000,113949559.040000,137577822.610000,162183140.030000,189933519.200000
"({1, 4, 5}, 18)",20497909.180000,31499259.020000,43637586.180000,60089007.510000,75030735.940000,91777938.360000,113329559.040000,136962822.610000,161573140.030000,189328519.200000
"({1, 4, 5}, 17)",19847909.180000,30854259.020000,42997586.180000,59454007.510000,74400735.940000,91152938.360000,112709559.040000,136347822.610000,160963140.030000,188723519.200000
"({1, 4, 5}, 16)",19197909.180000,30209259.020000,42357586.180000,58819007.510000,73770735.940000,90527938.360000,112089559.040000,135732822.610000,160353140.030000,188118519.200000
"({1, 4, 5}, 15)",18547909.180000,29564259.020000,41717586.180000,58184007.510000,73140735.940000,89902938.360000,111469559.040000,135117822.610000,159743140.030000,187513519.200000
"({1, 4, 5}, 14)",17897909.180000,28919259.020000,41077586.180000,57549007.510000,72510735.940000,89277938.360000,110849559.040000,134502822.610000,,
"({1, 4, 5}, 13)",17247909.180000,28274259.020000,40437586.180000,56914007.510000,71880735.940000,88652938.360000,110229559.040000,,,
"({1, 4, 5}, 12)",16597909.180000,27629259.020000,39797586.180000,56279007.510000,71250735.940000,88027938.360000,109609559.040000,,,
"({1, 4, 5}, 11)",15947909.180000,26984259.020000,39157586.180000,55644007.510000,70620735.940000,87402938.360000,,,,
"({1, 4, 5}, 10)",15297909.180000,26339259.020000,38517586.180000,55009007.510000,69990735.940000,86777938.360000,,,,
"({1, 4, 5}, 9)",14647909.180000,25694259.020000,37877586.180000,54374007.510000,,,,,,
"({1, 4, 5}, 8)",13997909.180000,25049259.020000,37237586.180000,53739007.510000,,,,,,
"({1, 4, 5}, 7)",13347909.180000,24404259.020000,36597586.180000,,,,,,,
"({1, 4, 5}, 6)",12697909.180000,23759259.020000,,,,,,,,
"({1, 4, 5}, 5)",12047909.180000,23114259.020000,,,,,,,,
"({1, 3, 7}, 20)",21369875.083000,32295741.083000,45043484.413000,59469125.913000,74610120.413000,91474462.333000,110301937.453000,130934239.283000,152951727.283000,178343501.953000
"({1, 3, 7}, 19)",20719875.083000,31650741.083000,44403484.413000,58834125.913000,73980120.413000,90849462.333000,109681937.453000,130319239.283000,152341727.283000,177738501.953000
"({1, 3, 7}, 18)",20069875.083000,31005741.083000,43763484.413000,58199125.913000,73350120.413000,90224462.333000,109061937.453000,129704239.283000,151731727.283000,177133501.953000
"({1, 3, 7}, 17)",19419875.083000,30360741.083000,43123484.413000,57564125.913000,72720120.413000,89599462.333000,108441937.453000,129089239.283000,151121727.283000,176528501.953000
"({1, 3, 7}, 16)",18769875.083000,29715741.083000,42483484.413000,56929125.913000,72090120.413000,88974462.333000,107821937.453000,128474239.283000,150511727.283000,175923501.953000
"({1, 3, 7}, 15)",18119875.083000,29070741.083000,41843484.413000,56294125.913000,71460120.413000,88349462.333000,107201937.453000,127859239.283000,149901727.283000,175318501.953000
"({1, 3, 7}, 14)",17469875.083000,28425741.083000,41203484.413000,55659125.913000,70830120.413000,87724462.333000,106581937.453000,127244239.283000,,
"({1, 3, 7}, 13)",16819875.083000,27780741.083000,40563484.413000,55024125.913000,70200120.413000,87099462.333000,105961937.453000,,,
"({1, 3, 7}, 12)",16169875.083000,27135741.083000,39923484.413000,54389125.913000,69570120.413000,86474462.333000,105341937.453000,,,
"({1, 3, 7}, 11)",15519875.083000,26490741.083000,39283484.413000,53754125.913000,68940120.413000,85849462.333000,,,,
"({1, 3, 7}, 10)",14869875.083000,25845741.083000,38643484.413000,53119125.913000,68310120.413000,85224462.333000,,,,
"({1, 3, 7}, 9)",14219875.083000,25200741.083000,38003484.413000,52484125.913000,,,,,,
"({1, 3, 7}, 8)",13569875.083000,24555741.083000,37363484.413000,51849125.913000,,,,,,
"({1, 3, 7}, 7)",12919875.083000,23910741.083000,36723484.413000,,,,,,,
"({1, 3, 7}, 6)",12269875.083000,23265741.083000,,,,,,,,
"({1, 3, 7}, 5)",11619875.083000,22620741.083000,,,,,,,,
"({1, 3, 6}, 20)",22599500.100000,33854881.270000,47596343.150000,62980443.650000,79454358.240000,96447558.650000,117656085.850000,141575973.600000,165601374.250000,193196086.000000
"({1, 3, 6}, 19)",21949500.100000,33209881.270000,46956343.150000,62345443.650000,78824358.240000,95822558.650000,117036085.850000,140960973.600000,164991374.250000,192591086.000000
"({1, 3, 6}, 18)",21299500.100000,32564881.270000,46316343.150000,61710443.650000,78194358.240000,95197558.650000,116416085.850000,140345973.600000,164381374.250000,191986086.000000
"({1, 3, 6}, 17)",20649500.100000,31919881.270000,45676343.150000,61075443.650000,77564358.240000,94572558.650000,115796085.850000,139730973.600000,163771374.250000,191381086.000000
"({1, 3, 6}, 16)",19999500.100000,31274881.270000,45036343.150000,60440443.650000,76934358.240000,93947558.650000,115176085.850000,139115973.600000,163161374.250000,190776086.000000
"({1, 3, 6}, 15)",19349500.100000,30629881.270000,44396343.150000,59805443.650000,76304358.240000,93322558.650000,114556085.850000,138500973.600000,162551374.250000,190171086.000000
"({1, 3, 6}, 14)",18699500.100000,29984881.270000,43756343.150000,59170443.650000,75674358.240000,92697558.650000,113936085.850000,137885973.600000,,
"({1, 3, 6}, 13)",18049500.100000,29339881.270000,43116343.150000,58535443.650000,75044358.240000,92072558.650000,113316085.850000,,,
"({1, 3, 6}, 12)",17399500.100000,28694881.270000,42476343.150000,57900443.650000,74414358.240000,91447558.650000,112696085.850000,,,
"({1, 3, 6}, 11)",16749500.100000,28049881.270000,41836343.150000,57265443.650000,73784358.240000,90822558.650000,,,,
"({1, 3, 6}, 10)",16099500.100000,27404881.270000,41196343.150000,56630443.650000,73154358.240000,90197558.650000,,,,
"({1, 3, 6}, 9)",15449500.100000,26759881.270000,40556343.150000,55995443.650000,,,,,,
"({1, 3, 6}, 8)",14799500.100000,26114881.270000,39916343.150000,55360443.650000,,,,,,
"({1, 3, 6}, 7)",14149500.100000,25469881.270000,39276343.150000,,,,,,,
"({1, 3, 6}, 6)",13499500.100000,24824881.270000,,,,,,,,
"({1, 3, 6}, 5)",12849500.100000,24179881.270000,,,,,,,,
"({1, 3, 5}, 20)",21662593.850000,32447859.530000,44904188.100000,60545288.600000,75304723.950000,91888243.950000,111593643.550000,134274919.000000,157701492.650000,184520700.550000
"({1, 3, 5}, 19)",21012593.850000,31802859.530000,44264188.100000,59910288.600000,74674723.950000,91263243.950000,110973643.550000,133659919.000000,157091492.650000,183915700.550000
"({1, 3, 5}, 18)",20362593.850000,31157859.530000,43624188.100000,59275288.600000,74044723.950000,90638243.950000,110353643.550000,133044919.000000,156481492.650000,183310700.550000
"({1, 3, 5}, 17)",19712593.850000,30512859.530000,42984188.100000,58640288.600000,73414723.950000,90013243.950000,109733643.550000,132429919.000000,155871492.650000,182705700.550000
"({1, 3, 5}, 16)",19062593.850000,29867859.530000,42344188.100000,58005288.600000,72784723.950000,89388243.950000,109113643.550000,131814919.000000,155261492.650000,182100700.550000
"({1, 3, 5}, 15)",18412593.850000,29222859.530000,41704188.100000,57370288.600000,72154723.950000,88763243.950000,108493643.550000,131199919.000000,154651492.650000,181495700.550000
"({1, 3, 5}, 14)",17762593.850000,28577859.530000,41064188.100000,56735288.600000,71524723.950000,88138243.950000,107873643.550000,130584919.000000,,
"({1, 3, 5}, 13)",17112593.850000,27932859.530000,40424188.100000,56100288.600000,70894723.950000,87513243.950000,107253643.550000,,,
"({1, 3, 5}, 12)",16462593.850000,27287859.530000,39784188.100000,55465288.600000,70264723.950000,86888243.950000,106633643.550000,,,
"({1, 3, 5}, 11)",15812593.850000,26642859.530000,39144188.100000,54830288.600000,69634723.950000,86263243.950000,,,,
"({1, 3, 5}, 10)",15162593.850000,25997859.530000,38504188.100000,54195288.600000,69004723.950000,85638243.950000,,,,
"({1, 3, 5}, 9)",14512593.850000,25352859.530000,37864188.100000,53560288.600000,,,,,,
"({1, 3, 5}, 8)",13862593.850000,24707859.530000,37224188.100000,52925288.600000,,,,,,
"({1, 3, 5}, 7)",13212593.850000,24062859.530000,36584188.100000,,,,,,,
"({1, 3, 5}, 6)",12562593.850000,23417859.530000,,,,,,,,
"({1, 3, 5}, 5)",11912593.850000,22772859.530000,,,,,,,,
"({1, 3, 4}, 20)",23412380.150000,33912760.000000,47452343.150000,62766643.830000,79310358.650000,96303558.650000,117512085.850000,141431973.600000,165374564.250000,192988158.500000
"({1, 3, 4}, 19)",22762380.150000,33267760.000000,46812343.150000,62131643.830000,78680358.650000,95678558.650000,116892085.850000,140816973.600000,164764564.250000,192383158.500000
"({1, 3, 4}, 18)",22112380.150000,32622760.000000,46172343.150000,61496643.830000,78050358.650000,95053558.650000,116272085.850000,140201973.600000,164154564.250000,191778158.500000
"({1, 3, 4}, 17)",21462380.150000,31977760.000000,45532343.150000,60861643.830000,77420358.650000,94428558.650000,115652085.850000,139586973.600000,163544564.250000,191173158.500000
"({1, 3, 4}, 16)",20812380.150000,31332760.000000,44892343.150000,60226643.830000,76790358.650000,93803558.650000,115032085.850000,138971973.600000,162934564.250000,190568158.500000
"({1, 3, 4}, 15)",20162380.150000,30687760.000000,44252343.150000,59591643.830000,76160358.650000,93178558.650000,114412085.850000,138356973.600000,162324564.250000,189963158.500000
"({1, 3, 4}, 14)",19512380.150000,30042760.000000,43612343.150000,58956643.830000,75530358.650000,92553558.650000,113792085.850000,137741973.600000,,
"({1, 3, 4}, 13)",18862380.150000,29397760.000000,42972343.150000,58321643.830000,74900358.650000,91928558.650000,113172085.850000,,,
"({1, 3, 4}, 12)",18212380.150000,28752760.000000,42332343.150000,57686643.830000,74270358.650000,91303558.650000,112552085.850000,,,
"({1, 3, 4}, 11)",17562380.150000,28107760.000000,41692343.150000,57051643.830000,73640358.650000,90678558.650000,,,,
"({1, 3, 4}, 10)",16912380.150000,27462760.000000,41052343.150000,56416643.830000,73010358.650000,90053558.650000,,,,
"({1, 3, 4}, 9)",16262380.150000,26817760.000000,40412343.150000,55781643.830000,,,,,,
"({1, 3, 4}, 8)",15612380.150000,26172760.000000,39772343.150000,55146643.830000,,,,,,
"({1, 3, 4}, 7)",14962380.150000,25527760.000000,39132343.150000,,,,,,,
"({1, 3, 4}, 6)",14312380.150000,24882760.000000,,,,,,,,
"({1, 3, 4}, 5)",13662380.150000,24237760.000000,,,,,,,,
"({1, 2, 7}, 20)",20906755.917000,32613371.587000,44526081.910000,59278931.240000,74257130.070000,91655229.400000,110432306.570000,130934039.570000,153443141.490000,179201077.240000
"({1, 2, 7}, 19)",20256755.917000,31968371.587000,43886081.910000,58643931.240000,73627130.070000,91030229.400000,109812306.570000,130319039.570000,152833141.490000,178596077.240000
"({1, 2, 7}, 18)",19606755.917000,31323371.587000,43246081.910000,58008931.240000,72997130.070000,90405229.400000,109192306.570000,129704039.570000,152223141.490000,177991077.240000
"({1, 2, 7}, 17)",18956755.917000,30678371.587000,42606081.910000,57373931.240000,72367130.070000,89780229.400000,108572306.570000,129089039.570000,151613141.490000,177386077.240000
"({1, 2, 7}, 16)",18306755.917000,30033371.587000,41966081.910000,56738931.240000,71737130.070000,89155229.400000,107952306.570000,128474039.570000,151003141.490000,176781077.240000
"({1, 2, 7}, 15)",17656755.917000,29388371.587000,41326081.910000,56103931.240000,71107130.070000,88530229.400000,107332306.570000,127859039.570000,150393141.490000,176176077.240000
"({1, 2, 7}, 14)",17006755.917000,28743371.587000,40686081.910000,55468931.240000,70477130.070000,87905229.400000,106712306.570000,127244039.570000,,
"({1, 2, 7}, 13)",16356755.917000,28098371.587000,40046081.910000,54833931.240000,69847130.070000,87280229.400000,106092306.570000,,,
"({1, 2, 7}, 12)",15706755.917000,27453371.587000,39406081.910000,54198931.240000,69217130.070000,86655229.400000,105472306.570000,,,
"({1, 2, 7}, 11)",15056755.917000,26808371.587000,38766081.910000,53563931.240000,68587130.070000,86030229.400000,,,,
"({1, 2, 7}, 10)",14406755.917000,26163371.587000,38126081.910000,52928931.240000,67957130.070000,85405229.400000,,,,
"({1, 2, 7}, 9)",13756755.917000,25518371.587000,37486081.910000,52293931.240000,,,,,,
"({1, 2, 7}, 8)",13106755.917000,24873371.587000,36846081.910000,51658931.240000,,,,,,
"({1, 2, 7}, 7)",12456755.917000,24228371.587000,36206081.910000,,,,,,,
"({1, 2, 7}, 6)",11806755.917000,23583371.587000,,,,,,,,
"({1, 2, 7}, 5)",11156755.917000,22938371.587000,,,,,,,,
"({1, 2, 6}, 20)",21349011.250000,32532290.330000,45906379.830000,61435316.000000,76009447.750000,94097798.170000,114295282.420000,135970992.750000,159684017.420000,187424942.670000
"({1, 2, 6}, 19)",20699011.250000,31887290.330000,45266379.830000,60800316.000000,75379447.750000,93472798.170000,113675282.420000,135355992.750000,159074017.420000,186819942.670000
"({1, 2, 6}, 18)",20049011.250000,31242290.330000,44626379.830000,60165316.000000,74749447.750000,92847798.170000,113055282.420000,134740992.750000,158464017.420000,186214942.670000
"({1, 2, 6}, 17)",19399011.250000,30597290.330000,43986379.830000,59530316.000000,74119447.750000,92222798.170000,112435282.420000,134125992.750000,157854017.420000,185609942.670000
"({1, 2, 6}, 16)",18749011.250000,29952290.330000,43346379.830000,58895316.000000,73489447.750000,91597798.170000,111815282.420000,133510992.750000,157244017.420000,185004942.670000
"({1, 2, 6}, 15)",18099011.250000,29307290.330000,42706379.830000,58260316.000000,72859447.750000,90972798.170000,111195282.420000,132895992.750000,156634017.420000,184399942.670000
"({1, 2, 6}, 14)",17449011.250000,28662290.330000,42066379.830000,57625316.000000,72229447.750000,90347798.170000,110575282.420000,132280992.750000,,
"({1, 2, 6}, 13)",16799011.250000,28017290.330000,41426379.830000,56990316.000000,71599447.750000,89722798.170000,109955282.420000,,,
"({1, 2, 6}, 12)",16149011.250000,27372290.330000,40786379.830000,56355316.000000,70969447.750000,89097798.170000,109335282.420000,,,
"({1, 2, 6}, 11)",15499011.250000,26727290.330000,40146379.830000,55720316.000000,70339447.750000,88472798.170000,,,,
"({1, 2, 6}, 10)",14849011.250000,26082290.330000,39506379.830000,55085316.000000,69709447.750000,87847798.170000,,,,
"({1, 2, 6}, 9)",14199011.250000,25437290.330000,38866379.830000,54450316.000000,,,,,,
"({1, 2, 6}, 8)",13549011.250000,24792290.330000,38226379.830000,53815316.000000,,,,,,
"({1, 2, 6}, 7)",12899011.250000,24147290.330000,37586379.830000,,,,,,,
"({1, 2, 6}, 6)",12249011.250000,23502290.330000,,,,,,,,
"({1, 2, 6}, 5)",11599011.250000,22857290.330000,,,,,,,,
"({1, 2, 5}, 20)",21167011.250000,32350290.330000,45724379.830000,61253316.000000,75827447.750000,93913068.170000,114108277.420000,135818909.000000,159502017.420000,187242942.670000
"({1, 2, 5}, 19)",20517011.250000,31705290.330000,45084379.830000,60618316.000000,75197447.750000,93288068.170000,113488277.420000,135203909.000000,158892017.420000,186637942.670000
"({1, 2, 5}, 18)",19867011.250000,31060290.330000,44444379.830000,59983316.000000,74567447.750000,92663068.170000,112868277.420000,134588909.000000,158282017.420000,186032942.670000
"({1, 2, 5}, 17)",19217011.250000,30415290.330000,43804379.830000,59348316.000000,73937447.750000,92038068.170000,112248277.420000,133973909.000000,157672017.420000,185427942.670000
"({1, 2, 5}, 16)",18567011.250000,29770290.330000,43164379.830000,58713316.000000,73307447.750000,91413068.170000,111628277.420000,133358909.000000,157062017.420000,184822942.670000
"({1, 2, 5}, 15)",17917011.250000,29125290.330000,42524379.830000,58078316.000000,72677447.750000,90788068.170000,111008277.420000,132743909.000000,156452017.420000,184217942.670000
"({1, 2, 5}, 14)",17267011.250000,28480290.330000,41884379.830000,57443316.000000,72047447.750000,90163068.170000,110388277.420000,132128909.000000,,
"({1, 2, 5}, 13)",16617011.250000,27835290.330000,41244379.830000,56808316.000000,71417447.750000,89538068.170000,109768277.420000,,,
"({1, 2, 5}, 12)",15967011.250000,27190290.330000,40604379.830000,56173316.000000,70787447.750000,88913068.170000,109148277.420000,,,
"({1, 2, 5}, 11)",15317011.250000,26545290.330000,39964379.830000,55538316.000000,70157447.750000,88288068.170000,,,,
"({1, 2, 5}, 10)",14667011.250000,25900290.330000,39324379.830000,54903316.000000,69527447.750000,87663068.170000,,,,
"({1, 2, 5}, 9)",14017011.250000,25255290.330000,38684379.830000,54268316.000000,,,,,,
"({1, 2, 5}, 8)",13367011.250000,24610290.330000,38044379.830000,53633316.000000,,,,,,
"({1, 2, 5}, 7)",12717011.250000,23965290.330000,37404379.830000,,,,,,,
"({1, 2, 5}, 6)",12067011.250000,23320290.330000,,,,,,,,
"({1, 2, 5}, 5)",11417011.250000,22675290.330000,,,,,,,,
"({1, 2, 4}, 20)",21384672.083000,32460013.500000,44301590.660000,59241981.910000,74121697.990000,90822969.160000,110313809.160000,131468932.330000,154273230.910000,180585839.910000
"({1, 2, 4}, 19)",20734672.083000,31815013.500000,43661590.660000,58606981.910000,73491697.990000,90197969.160000,109693809.160000,130853932.330000,153663230.910000,179980839.910000
"({1, 2, 4}, 18)",20084672.083000,31170013.500000,43021590.660000,57971981.910000,72861697.990000,89572969.160000,109073809.160000,130238932.330000,153053230.910000,179375839.910000
"({1, 2, 4}, 17)",19434672.083000,30525013.500000,42381590.660000,57336981.910000,72231697.990000,88947969.160000,108453809.160000,129623932.330000,152443230.910000,178770839.910000
"({1, 2, 4}, 16)",18784672.083000,29880013.500000,41741590.660000,56701981.910000,71601697.990000,88322969.160000,107833809.160000,129008932.330000,151833230.910000,178165839.910000
"({1, 2, 4}, 15)",18134672.083000,29235013.500000,41101590.660000,56066981.910000,70971697.990000,87697969.160000,107213809.160000,128393932.330000,151223230.910000,177560839.910000
"({1, 2, 4}, 14)",17484672.083000,28590013.500000,40461590.660000,55431981.910000,70341697.990000,87072969.160000,106593809.160000,127778932.330000,,
"({1, 2, 4}, 13)",16834672.083000,27945013.500000,39821590.660000,54796981.910000,69711697.990000,86447969.160000,105973809.160000,,,
"({1, 2, 4}, 12)",16184672.083000,27300013.500000,39181590.660000,54161981.910000,69081697.990000,85822969.160000,105353809.160000,,,
"({1, 2, 4}, 11)",15534672.083000,26655013.500000,38541590.660000,53526981.910000,68451697.990000,85197969.160000,,,,
"({1, 2, 4}, 10)",14884672.083000,26010013.500000,37901590.660000,52891981.910000,67821697.990000,84572969.160000,,,,
"({1, 2, 4}, 9)",14234672.083000,25365013.500000,37261590.660000,52256981.910000,,,,,,
"({1, 2, 4}, 8)",13584672.083000,24720013.500000,36621590.660000,51621981.910000,,,,,,
"({1, 2, 4}, 7)",12934672.083000,24075013.500000,35981590.660000,,,,,,,
"({1, 2, 4}, 6)",12284672.083000,23430013.500000,,,,,,,,
"({1, 2, 4}, 5)",11634672.083000,22785013.500000,,,,,,,,
"({1, 2, 3}, 20)",21094296.250000,32161384.080000,44288192.580000,58795350.000000,73502773.000000,90050361.750000,108580326.000000,129258912.750000,151281746.170000,176668183.900000
"({1, 2, 3}, 19)",20444296.250000,31516384.080000,43648192.580000,58160350.000000,72872773.000000,89425361.750000,107960326.000000,128643912.750000,150671746.170000,176063183.900000
"({1, 2, 3}, 18)",19794296.250000,30871384.080000,43008192.580000,57525350.000000,72242773.000000,88800361.750000,107340326.000000,128028912.750000,150061746.170000,175458183.900000
"({1, 2, 3}, 17)",19144296.250000,30226384.080000,42368192.580000,56890350.000000,71612773.000000,88175361.750000,106720326.000000,127413912.750000,149451746.170000,174853183.900000
"({1, 2, 3}, 16)",18494296.250000,29581384.080000,41728192.580000,56255350.000000,70982773.000000,87550361.750000,106100326.000000,126798912.750000,148841746.170000,174248183.900000
"({1, 2, 3}, 15)",17844296.250000,28936384.080000,41088192.580000,55620350.000000,70352773.000000,86925361.750000,105480326.000000,126183912.750000,148231746.170000,173643183.900000
"({1, 2, 3}, 14)",17194296.250000,28291384.080000,40448192.580000,54985350.000000,69722773.000000,86300361.750000,104860326.000000,125568912.750000,,
"({1, 2, 3}, 13)",16544296.250000,27646384.080000,39808192.580000,54350350.000000,69092773.000000,85675361.750000,104240326.000000,,,
"({1, 2, 3}, 12)",15894296.250000,27001384.080000,39168192.580000,53715350.000000,68462773.000000,85050361.750000,103620326.000000,,,
"({1, 2, 3}, 11)",15244296.250000,26356384.080000,38528192.580000,53080350.000000,67832773.000000,84425361.750000,,,,
"({1, 2, 3}, 10)",14594296.250000,25711384.080000,37888192.580000,52445350.000000,67202773.000000,83800361.750000,,,,
"({1, 2, 3}, 9)",13944296.250000,25066384.080000,37248192.580000,51810350.000000,,,,,,
"({1, 2, 3}, 8)",13294296.250000,24421384.080000,36608192.580000,51175350.000000,,,,,,
"({1, 2, 3}, 7)",12644296.250000,23776384.080000,35968192.580000,,,,,,,
"({1, 2, 3}, 6)",11994296.250000,23131384.080000,,,,,,,,
"({1, 2, 3}, 5)",11344296.250000,22486384.080000,,,,,,,,
"({1, 7}, 20)",20585820.083000,31951444.163000,44657236.333000,59130085.663000,74193456.993000,91660925.743000,110931318.573000,131856221.993000,154327665.663000,180374640.743000
"({1, 7}, 19)",19935820.083000,31306444.163000,44017236.333000,58495085.663000,73563456.993000,91035925.743000,110311318.573000,131241221.993000,153717665.663000,179769640.743000
"({1, 7}, 18)",19285820.083000,30661444.163000,43377236.333000,57860085.663000,72933456.993000,90410925.743000,109691318.573000,130626221.993000,153107665.663000,179164640.743000
"({1, 7}, 17)",18635820.083000,30016444.163000,42737236.333000,57225085.663000,72303456.993000,89785925.743000,109071318.573000,130011221.993000,152497665.663000,178559640.743000
"({1, 7}, 16)",17985820.083000,29371444.163000,42097236.333000,56590085.663000,71673456.993000,89160925.743000,108451318.573000,129396221.993000,151887665.663000,177954640.743000
"({1, 7}, 15)",17335820.083000,28726444.163000,41457236.333000,55955085.663000,71043456.993000,88535925.743000,107831318.573000,128781221.993000,151277665.663000,177349640.743000
"({1, 7}, 14)",16685820.083000,28081444.163000,40817236.333000,55320085.663000,70413456.993000,87910925.743000,107211318.573000,128166221.993000,,
"({1, 7}, 13)",16035820.083000,27436444.163000,40177236.333000,54685085.663000,69783456.993000,87285925.743000,106591318.573000,,,
"({1, 7}, 12)",15385820.083000,26791444.163000,39537236.333000,54050085.663000,69153456.993000,86660925.743000,105971318.573000,,,
"({1, 7}, 11)",14735820.083000,26146444.163000,38897236.333000,53415085.663000,68523456.993000,86035925.743000,,,,
"({1, 7}, 10)",14085820.083000,25501444.163000,38257236.333000,52780085.663000,67893456.993000,85410925.743000,,,,
"({1, 7}, 9)",13435820.083000,24856444.163000,37617236.333000,52145085.663000,,,,,,
"({1, 7}, 8)",12785820.083000,24211444.163000,36977236.333000,51510085.663000,,,,,,
"({1, 7}, 7)",12135820.083000,23566444.163000,36337236.333000,,,,,,,
"({1, 7}, 6)",11485820.083000,22921444.163000,,,,,,,,
"({1, 7}, 5)",10835820.083000,22276444.163000,,,,,,,,
"({1, 6}, 20)",22043693.750000,33233981.250000,48151332.500000,64924298.750000,81264922.500000,99294207.500000,121851180.000000,144929292.500000,171163913.750000,201221256.250000
"({1, 6}, 19)",21393693.750000,32588981.250000,47511332.500000,64289298.750000,80634922.500000,98669207.500000,121231180.000000,144314292.500000,170553913.750000,200616256.250000
"({1, 6}, 18)",20743693.750000,31943981.250000,46871332.500000,63654298.750000,80004922.500000,98044207.500000,120611180.000000,143699292.500000,169943913.750000,200011256.250000
"({1, 6}, 17)",20093693.750000,31298981.250000,46231332.500000,63019298.750000,79374922.500000,97419207.500000,119991180.000000,143084292.500000,169333913.750000,199406256.250000
"({1, 6}, 16)",19443693.750000,30653981.250000,45591332.500000,62384298.750000,78744922.500000,96794207.500000,119371180.000000,142469292.500000,168723913.750000,198801256.250000
"({1, 6}, 15)",18793693.750000,30008981.250000,44951332.500000,61749298.750000,78114922.500000,96169207.500000,118751180.000000,141854292.500000,168113913.750000,198196256.250000
"({1, 6}, 14)",18143693.750000,29363981.250000,44311332.500000,61114298.750000,77484922.500000,95544207.500000,118131180.000000,141239292.500000,,
"({1, 6}, 13)",17493693.750000,28718981.250000,43671332.500000,60479298.750000,76854922.500000,94919207.500000,117511180.000000,,,
"({1, 6}, 12)",16843693.750000,28073981.250000,43031332.500000,59844298.750000,76224922.500000,94294207.500000,116891180.000000,,,
"({1, 6}, 11)",16193693.750000,27428981.250000,42391332.500000,59209298.750000,75594922.500000,93669207.500000,,,,
"({1, 6}, 10)",15543693.750000,26783981.250000,41751332.500000,58574298.750000,74964922.500000,93044207.500000,,,,
"({1, 6}, 9)",14893693.750000,26138981.250000,41111332.500000,57939298.750000,,,,,,
"({1, 6}, 8)",14243693.750000,25493981.250000,40471332.500000,57304298.750000,,,,,,
"({1, 6}, 7)",13593693.750000,24848981.250000,39831332.500000,,,,,,,
"({1, 6}, 6)",12943693.750000,24203981.250000,,,,,,,,
"({1, 6}, 5)",12293693.750000,23558981.250000,,,,,,,,
"({1, 5}, 20)",20766248.350000,31865535.850000,45526375.350000,62556341.600000,77182485.700000,94802090.700000,117109788.200000,141126175.350000,166605302.600000,196299629.550000
"({1, 5}, 19)",20116248.350000,31220535.850000,44886375.350000,61921341.600000,76552485.700000,94177090.700000,116489788.200000,140511175.350000,165995302.600000,195694629.550000
"({1, 5}, 18)",19466248.350000,30575535.850000,44246375.350000,61286341.600000,75922485.700000,93552090.700000,115869788.200000,139896175.350000,165385302.600000,195089629.550000
"({1, 5}, 17)",18816248.350000,29930535.850000,43606375.350000,60651341.600000,75292485.700000,92927090.700000,115249788.200000,139281175.350000,164775302.600000,194484629.550000
"({1, 5}, 16)",18166248.350000,29285535.850000,42966375.350000,60016341.600000,74662485.700000,92302090.700000,114629788.200000,138666175.350000,164165302.600000,193879629.550000
"({1, 5}, 15)",17516248.350000,28640535.850000,42326375.350000,59381341.600000,74032485.700000,91677090.700000,114009788.200000,138051175.350000,163555302.600000,193274629.550000
"({1, 5}, 14)",16866248.350000,27995535.850000,41686375.350000,58746341.600000,73402485.700000,91052090.700000,113389788.200000,137436175.350000,,
"({1, 5}, 13)",16216248.350000,27350535.850000,41046375.350000,58111341.600000,72772485.700000,90427090.700000,112769788.200000,,,
"({1, 5}, 12)",15566248.350000,26705535.850000,40406375.350000,57476341.600000,72142485.700000,89802090.700000,112149788.200000,,,
"({1, 5}, 11)",14916248.350000,26060535.850000,39766375.350000,56841341.600000,71512485.700000,89177090.700000,,,,
"({1, 5}, 10)",14266248.350000,25415535.850000,39126375.350000,56206341.600000,70882485.700000,88552090.700000,,,,
"({1, 5}, 9)",13616248.350000,24770535.850000,38486375.350000,55571341.600000,,,,,,
"({1, 5}, 8)",12966248.350000,24125535.850000,37846375.350000,54936341.600000,,,,,,
"({1, 5}, 7)",12316248.350000,23480535.850000,37206375.350000,,,,,,,
"({1, 5}, 6)",11666248.350000,22835535.850000,,,,,,,,
"({1, 5}, 5)",11016248.350000,22190535.850000,,,,,,,,
"({1, 4}, 20)",22667809.580000,33402159.420000,46546543.330000,62730964.660000,79377172.740000,96524055.160000,118837470.740000,141522459.660000,167067249.490000,196046064.570000
"({1, 4}, 19)",22017809.580000,32757159.420000,45906543.330000,62095964.660000,78747172.740000,95899055.160000,118217470.740000,140907459.660000,166457249.490000,195441064.570000
"({1, 4}, 18)",21367809.580000,32112159.420000,45266543.330000,61460964.660000,78117172.740000,95274055.160000,117597470.740000,140292459.660000,165847249.490000,194836064.570000
"({1, 4}, 17)",20717809.580000,31467159.420000,44626543.330000,60825964.660000,77487172.740000,94649055.160000,116977470.740000,139677459.660000,165237249.490000,194231064.570000
"({1, 4}, 16)",20067809.580000,30822159.420000,43986543.330000,60190964.660000,76857172.740000,94024055.160000,116357470.740000,139062459.660000,164627249.490000,193626064.570000
"({1, 4}, 15)",19417809.580000,30177159.420000,43346543.330000,59555964.660000,76227172.740000,93399055.160000,115737470.740000,138447459.660000,164017249.490000,193021064.570000
"({1, 4}, 14)",18767809.580000,29532159.420000,42706543.330000,58920964.660000,75597172.740000,92774055.160000,115117470.740000,137832459.660000,,
"({1, 4}, 13)",18117809.580000,28887159.420000,42066543.330000,58285964.660000,74967172.740000,92149055.160000,114497470.740000,,,
"({1, 4}, 12)",17467809.580000,28242159.420000,41426543.330000,57650964.660000,74337172.740000,91524055.160000,113877470.740000,,,
"({1, 4}, 11)",16817809.580000,27597159.420000,40786543.330000,57015964.660000,73707172.740000,90899055.160000,,,,
"({1, 4}, 10)",16167809.580000,26952159.420000,40146543.330000,56380964.660000,73077172.740000,90274055.160000,,,,
"({1, 4}, 9)",15517809.580000,26307159.420000,39506543.330000,55745964.660000,,,,,,
"({1, 4}, 8)",14867809.580000,25662159.420000,38866543.330000,55110964.660000,,,,,,
"({1, 4}, 7)",14217809.580000,25017159.420000,38226543.330000,,,,,,,
"({1, 4}, 6)",13567809.580000,24372159.420000,,,,,,,,
"({1, 4}, 5)",12917809.580000,23727159.420000,,,,,,,,
"({1, 3}, 20)",22560380.150000,33060760.000000,46600343.150000,61984443.650000,78458358.650000,95451558.650000,116660085.850000,140531743.600000,164555665.500000,192200086.000000
"({1, 3}, 19)",21910380.150000,32415760.000000,45960343.150000,61349443.650000,77828358.650000,94826558.650000,116040085.850000,139916743.600000,163945665.500000,191595086.000000
"({1, 3}, 18)",21260380.150000,31770760.000000,45320343.150000,60714443.650000,77198358.650000,94201558.650000,115420085.850000,139301743.600000,163335665.500000,190990086.000000
"({1, 3}, 17)",20610380.150000,31125760.000000,44680343.150000,60079443.650000,76568358.650000,93576558.650000,114800085.850000,138686743.600000,162725665.500000,190385086.000000
"({1, 3}, 16)",19960380.150000,30480760.000000,44040343.150000,59444443.650000,75938358.650000,92951558.650000,114180085.850000,138071743.600000,162115665.500000,189780086.000000
"({1, 3}, 15)",19310380.150000,29835760.000000,43400343.150000,58809443.650000,75308358.650000,92326558.650000,113560085.850000,137456743.600000,161505665.500000,189175086.000000
"({1, 3}, 14)",18660380.150000,29190760.000000,42760343.150000,58174443.650000,74678358.650000,91701558.650000,112940085.850000,136841743.600000,,
"({1, 3}, 13)",18010380.150000,28545760.000000,42120343.150000,57539443.650000,74048358.650000,91076558.650000,112320085.850000,,,
"({1, 3}, 12)",17360380.150000,27900760.000000,41480343.150000,56904443.650000,73418358.650000,90451558.650000,111700085.850000,,,
"({1, 3}, 11)",16710380.150000,27255760.000000,40840343.150000,56269443.650000,72788358.650000,89826558.650000,,,,
"({1, 3}, 10)",16060380.150000,26610760.000000,40200343.150000,55634443.650000,72158358.650000,89201558.650000,,,,
"({1, 3}, 9)",15410380.150000,25965760.000000,39560343.150000,54999443.650000,,,,,,
"({1, 3}, 8)",14760380.150000,25320760.000000,38920343.150000,54364443.650000,,,,,,
"({1, 3}, 7)",14110380.150000,24675760.000000,38280343.150000,,,,,,,
"({1, 3}, 6)",13460380.150000,24030760.000000,,,,,,,,
"({1, 3}, 5)",12810380.150000,23385760.000000,,,,,,,,
"({1, 2}, 20)",20353011.250000,31536290.330000,44910379.830000,60439316.000000,75013447.750000,93102480.670000,113264361.170000,135004909.000000,158688017.420000,186508795.170000
"({1, 2}, 19)",19703011.250000,30891290.330000,44270379.830000,59804316.000000,74383447.750000,92477480.670000,112644361.170000,134389909.000000,158078017.420000,185903795.170000
"({1, 2}, 18)",19053011.250000,30246290.330000,43630379.830000,59169316.000000,73753447.750000,91852480.670000,112024361.170000,133774909.000000,157468017.420000,185298795.170000
"({1, 2}, 17)",18403011.250000,29601290.330000,42990379.830000,58534316.000000,73123447.750000,91227480.670000,111404361.170000,133159909.000000,156858017.420000,184693795.170000
"({1, 2}, 16)",17753011.250000,28956290.330000,42350379.830000,57899316.000000,72493447.750000,90602480.670000,110784361.170000,132544909.000000,156248017.420000,184088795.170000
"({1, 2}, 15)",17103011.250000,28311290.330000,41710379.830000,57264316.000000,71863447.750000,89977480.670000,110164361.170000,131929909.000000,155638017.420000,183483795.170000
"({1, 2}, 14)",16453011.250000,27666290.330000,41070379.830000,56629316.000000,71233447.750000,89352480.670000,109544361.170000,131314909.000000,,
"({1, 2}, 13)",15803011.250000,27021290.330000,40430379.830000,55994316.000000,70603447.750000,88727480.670000,108924361.170000,,,
"({1, 2}, 12)",15153011.250000,26376290.330000,39790379.830000,55359316.000000,69973447.750000,88102480.670000,108304361.170000,,,
"({1, 2}, 11)",14503011.250000,25731290.330000,39150379.830000,54724316.000000,69343447.750000,87477480.670000,,,,
"({1, 2}, 10)",13853011.250000,25086290.330000,38510379.830000,54089316.000000,68713447.750000,86852480.670000,,,,
"({1, 2}, 9)",13203011.250000,24441290.330000,37870379.830000,53454316.000000,,,,,,
"({1, 2}, 8)",12553011.250000,23796290.330000,37230379.830000,52819316.000000,,,,,,
"({1, 2}, 7)",11903011.250000,23151290.330000,36590379.830000,,,,,,,
"({1, 2}, 6)",11253011.250000,22506290.330000,,,,,,,,
"({1, 2}, 5)",10603011.250000,21861290.330000,,,,,,,,
"({1}, 20)",21636148.750000,32478436.250000,47155332.500000,63928298.750000,80268922.500000,98298207.500000,120855180.000000,143933292.500000,170167913.750000,200225256.250000
"({1}, 19)",20986148.750000,31833436.250000,46515332.500000,63293298.750000,79638922.500000,97673207.500000,120235180.000000,143318292.500000,169557913.750000,199620256.250000
"({1}, 18)",20336148.750000,31188436.250000,45875332.500000,62658298.750000,79008922.500000,97048207.500000,119615180.000000,142703292.500000,168947913.750000,199015256.250000
"({1}, 17)",19686148.750000,30543436.250000,45235332.500000,62023298.750000,78378922.500000,96423207.500000,118995180.000000,142088292.500000,168337913.750000,198410256.250000
"({1}, 16)",19036148.750000,29898436.250000,44595332.500000,61388298.750000,77748922.500000,95798207.500000,118375180.000000,141473292.500000,167727913.750000,197805256.250000
"({1}, 15)",18386148.750000,29253436.250000,43955332.500000,60753298.750000,77118922.500000,95173207.500000,117755180.000000,140858292.500000,167117913.750000,197200256.250000
"({1}, 14)",17736148.750000,28608436.250000,43315332.500000,60118298.750000,76488922.500000,94548207.500000,117135180.000000,140243292.500000,,
"({1}, 13)",17086148.750000,27963436.250000,42675332.500000,59483298.750000,75858922.500000,93923207.500000,116515180.000000,,,
"({1}, 12)",16436148.750000,27318436.250000,42035332.500000,58848298.750000,75228922.500000,93298207.500000,115895180.000000,,,
"({1}, 11)",15786148.750000,26673436.250000,41395332.500000,58213298.750000,74598922.500000,92673207.500000,,,,
"({1}, 10)",15136148.750000,26028436.250000,40755332.500000,57578298.750000,73968922.500000,92048207.500000,,,,
"({1}, 9)",14486148.750000,25383436.250000,40115332.500000,56943298.750000,,,,,,
"({1}, 8)",13836148.750000,24738436.250000,39475332.500000,56308298.750000,,,,,,
"({1}, 7)",13186148.750000,24093436.250000,38835332.500000,,,,,,,
"({1}, 6)",12536148.750000,23448436.250000,,,,,,,,
"({1}, 5)",11886148.750000,22803436.250000,,,,,,,,
