from_node ID,to_node ID,Distance (miles),Time (minutes)
1,2,17.13,41.1
2,1,17.13,41.1
1,3,75.82,181.98
3,1,75.82,181.98
1,4,69.64,167.14
4,1,69.64,167.14
1,5,67.14,161.15
5,1,67.14,161.15
1,6,80.29,192.69
6,1,80.29,192.69
1,7,22.26,53.42
7,1,22.26,53.42
1,8,41.48,99.54
8,1,41.48,99.54
1,9,58.14,139.55
9,1,58.14,139.55
1,10,63.61,152.67
10,1,63.61,152.67
1,11,35.24,84.59
11,1,35.24,84.59
1,12,47.16,113.18
12,1,47.16,113.18
1,13,54.3,130.31
13,1,54.3,130.31
1,14,42.39,101.73
14,1,42.39,101.73
1,15,90.16,216.38
15,1,90.16,216.38
1,16,62.97,151.12
16,1,62.97,151.12
1,17,80.37,192.89
17,1,80.37,192.89
1,18,43.13,103.51
18,1,43.13,103.51
1,19,55.38,132.92
19,1,55.38,132.92
1,20,42.21,101.29
20,1,42.21,101.29
1,21,49.22,118.14
21,1,49.22,118.14
1,22,56.33,135.18
22,1,56.33,135.18
1,23,33.44,80.25
23,1,33.44,80.25
1,24,28.64,68.72
24,1,28.64,68.72
1,25,36.62,87.89
25,1,36.62,87.89
1,26,40.74,97.77
26,1,40.74,97.77
1,27,45.46,109.1
27,1,45.46,109.1
1,28,64.28,154.28
28,1,64.28,154.28
1,29,69.1,165.85
29,1,69.1,165.85
1,30,37.37,89.69
30,1,37.37,89.69
1,31,33.57,80.56
31,1,33.57,80.56
1,32,83.25,199.79
32,1,83.25,199.79
1,33,82.5,198.01
33,1,82.5,198.01
1,34,61.28,147.08
34,1,61.28,147.08
1,35,60.1,144.24
35,1,60.1,144.24
1,36,61.38,147.32
36,1,61.38,147.32
1,37,67.99,163.17
37,1,67.99,163.17
1,38,72.42,173.81
38,1,72.42,173.81
1,39,55.92,134.21
39,1,55.92,134.21
1,40,46.3,111.12
40,1,46.3,111.12
1,41,13.61,32.66
41,1,13.61,32.66
1,42,61.01,146.42
42,1,61.01,146.42
1,43,23.13,55.51
43,1,23.13,55.51
1,44,30.02,72.06
44,1,30.02,72.06
1,45,55.16,132.39
45,1,55.16,132.39
1,46,54.95,131.89
46,1,54.95,131.89
1,47,88.83,213.19
47,1,88.83,213.19
1,48,92.99,223.18
48,1,92.99,223.18
1,49,96.52,231.65
49,1,96.52,231.65
1,50,72.0,172.8
50,1,72.0,172.8
1,51,70.1,168.24
51,1,70.1,168.24
1,52,39.34,94.42
52,1,39.34,94.42
1,53,47.47,113.92
53,1,47.47,113.92
1,54,67.21,161.31
54,1,67.21,161.31
1,55,73.9,177.35
55,1,73.9,177.35
1,56,64.54,154.89
56,1,64.54,154.89
1,57,47.18,113.24
57,1,47.18,113.24
1,58,77.85,186.84
58,1,77.85,186.84
1,59,97.56,234.14
59,1,97.56,234.14
1,60,96.13,230.73
60,1,96.13,230.73
1,61,89.64,215.15
61,1,89.64,215.15
1,62,26.49,63.59
62,1,26.49,63.59
1,63,17.24,41.38
63,1,17.24,41.38
1,64,52.14,125.14
64,1,52.14,125.14
1,65,44.51,106.82
65,1,44.51,106.82
1,66,26.76,64.21
66,1,26.76,64.21
1,67,62.97,151.13
67,1,62.97,151.13
1,68,31.87,76.5
68,1,31.87,76.5
1,69,41.08,98.58
69,1,41.08,98.58
1,70,30.79,73.9
70,1,30.79,73.9
1,71,79.77,191.44
71,1,79.77,191.44
1,72,101.21,242.91
72,1,101.21,242.91
1,73,14.37,34.5
73,1,14.37,34.5
1,74,33.97,81.54
74,1,33.97,81.54
1,75,46.09,110.61
75,1,46.09,110.61
1,76,100.77,241.84
76,1,100.77,241.84
1,77,33.39,80.14
77,1,33.39,80.14
1,78,108.5,260.4
78,1,108.5,260.4
1,79,38.12,91.48
79,1,38.12,91.48
1,80,63.08,151.38
80,1,63.08,151.38
1,81,109.14,261.94
81,1,109.14,261.94
1,82,47.29,113.51
82,1,47.29,113.51
1,83,115.16,276.39
83,1,115.16,276.39
1,84,86.1,206.64
84,1,86.1,206.64
1,85,71.33,171.2
85,1,71.33,171.2
1,86,90.92,218.21
86,1,90.92,218.21
1,87,74.04,177.69
87,1,74.04,177.69
1,88,38.96,93.5
88,1,38.96,93.5
1,89,105.01,252.01
89,1,105.01,252.01
1,90,109.52,262.84
90,1,109.52,262.84
1,91,98.29,235.9
91,1,98.29,235.9
1,92,47.91,114.99
92,1,47.91,114.99
1,93,36.5,87.6
93,1,36.5,87.6
1,94,61.08,146.58
94,1,61.08,146.58
1,95,44.35,106.44
95,1,44.35,106.44
1,96,75.78,181.86
96,1,75.78,181.86
1,97,66.48,159.55
97,1,66.48,159.55
1,98,76.79,184.29
98,1,76.79,184.29
1,99,121.04,290.49
99,1,121.04,290.49
1,100,51.44,123.47
100,1,51.44,123.47
1,101,79.33,190.4
101,1,79.33,190.4
1,102,47.09,113.02
102,1,47.09,113.02
1,103,50.7,121.69
103,1,50.7,121.69
1,104,77.65,186.35
104,1,77.65,186.35
1,105,23.99,57.57
105,1,23.99,57.57
1,106,76.56,183.75
106,1,76.56,183.75
1,107,54.83,131.58
107,1,54.83,131.58
1,108,16.1,38.65
108,1,16.1,38.65
1,109,26.9,64.55
109,1,26.9,64.55
1,110,53.0,127.2
110,1,53.0,127.2
1,111,45.04,108.09
111,1,45.04,108.09
1,112,22.1,53.05
112,1,22.1,53.05
1,113,58.55,140.52
113,1,58.55,140.52
1,114,44.3,106.33
114,1,44.3,106.33
1,115,62.36,149.68
115,1,62.36,149.68
1,116,53.87,129.29
116,1,53.87,129.29
1,117,53.61,128.68
117,1,53.61,128.68
1,118,6.67,16.0
118,1,6.67,16.0
1,119,16.97,40.74
119,1,16.97,40.74
1,120,27.52,66.05
120,1,27.52,66.05
1,121,87.2,209.29
121,1,87.2,209.29
1,122,27.5,66.0
122,1,27.5,66.0
1,123,98.9,237.37
123,1,98.9,237.37
1,124,112.82,270.76
124,1,112.82,270.76
1,125,47.73,114.55
125,1,47.73,114.55
1,126,122.55,294.13
126,1,122.55,294.13
1,127,34.18,82.02
127,1,34.18,82.02
1,128,94.79,227.49
128,1,94.79,227.49
1,129,73.57,176.57
129,1,73.57,176.57
1,130,62.58,150.19
130,1,62.58,150.19
1,131,55.48,133.16
131,1,55.48,133.16
1,132,75.97,182.34
132,1,75.97,182.34
1,133,67.15,161.16
133,1,67.15,161.16
1,134,85.78,205.89
134,1,85.78,205.89
1,135,65.77,157.85
135,1,65.77,157.85
1,136,53.1,127.45
136,1,53.1,127.45
1,137,116.79,280.29
137,1,116.79,280.29
1,138,40.87,98.08
138,1,40.87,98.08
1,139,86.74,208.18
139,1,86.74,208.18
1,140,28.99,69.59
140,1,28.99,69.59
1,141,94.8,227.53
141,1,94.8,227.53
1,142,117.62,282.29
142,1,117.62,282.29
1,143,81.92,196.6
143,1,81.92,196.6
1,144,72.7,174.47
144,1,72.7,174.47
1,145,57.31,137.54
145,1,57.31,137.54
1,146,36.88,88.5
146,1,36.88,88.5
1,147,51.21,122.92
147,1,51.21,122.92
1,148,66.93,160.63
148,1,66.93,160.63
1,149,104.51,250.83
149,1,104.51,250.83
1,150,105.47,253.13
150,1,105.47,253.13
2,3,78.63,188.72
3,2,78.63,188.72
2,4,70.47,169.13
4,2,70.47,169.13
2,5,65.87,158.08
5,2,65.87,158.08
2,6,78.54,188.5
6,2,78.54,188.5
2,7,23.06,55.33
7,2,23.06,55.33
2,8,43.97,105.52
8,2,43.97,105.52
2,9,54.22,130.14
9,2,54.22,130.14
2,10,57.32,137.57
10,2,57.32,137.57
2,11,30.65,73.57
11,2,30.65,73.57
2,12,42.49,101.96
12,2,42.49,101.96
2,13,45.88,110.1
13,2,45.88,110.1
2,14,41.96,100.7
14,2,41.96,100.7
2,15,94.68,227.24
15,2,94.68,227.24
2,16,69.52,166.84
16,2,69.52,166.84
2,17,85.38,204.92
17,2,85.38,204.92
2,18,55.46,133.1
18,2,55.46,133.1
2,19,66.12,158.68
19,2,66.12,158.68
2,20,50.88,122.11
20,2,50.88,122.11
2,21,58.31,139.94
21,2,58.31,139.94
2,22,72.05,172.93
22,2,72.05,172.93
2,23,44.85,107.64
23,2,44.85,107.64
2,24,43.65,104.77
24,2,43.65,104.77
2,25,43.26,103.81
25,2,43.26,103.81
2,26,34.11,81.86
26,2,34.11,81.86
2,27,37.27,89.44
27,2,37.27,89.44
2,28,68.95,165.49
28,2,68.95,165.49
2,29,72.96,175.11
29,2,72.96,175.11
2,30,52.55,126.13
30,2,52.55,126.13
2,31,49.39,118.54
31,2,49.39,118.54
2,32,91.38,219.3
32,2,91.38,219.3
2,33,82.93,199.04
33,2,82.93,199.04
2,34,64.53,154.87
34,2,64.53,154.87
2,35,50.5,121.21
35,2,50.5,121.21
2,36,74.17,178.0
36,2,74.17,178.0
2,37,80.12,192.3
37,2,80.12,192.3
2,38,83.35,200.04
38,2,83.35,200.04
2,39,44.65,107.16
39,2,44.65,107.16
2,40,60.71,145.69
40,2,60.71,145.69
2,41,20.28,48.68
41,2,20.28,48.68
2,42,69.43,166.64
42,2,69.43,166.64
2,43,9.04,21.7
43,2,9.04,21.7
2,44,22.06,52.93
44,2,22.06,52.93
2,45,56.49,135.58
45,2,56.49,135.58
2,46,58.42,140.21
46,2,58.42,140.21
2,47,95.45,229.09
47,2,95.45,229.09
2,48,101.7,244.09
48,2,101.7,244.09
2,49,103.85,249.24
49,2,103.85,249.24
2,50,77.59,186.21
50,2,77.59,186.21
2,51,62.79,150.69
51,2,62.79,150.69
2,52,26.62,63.9
52,2,26.62,63.9
2,53,35.43,85.02
53,2,35.43,85.02
2,54,80.83,193.99
54,2,80.83,193.99
2,55,88.52,212.44
55,2,88.52,212.44
2,56,80.18,192.43
56,2,80.18,192.43
2,57,63.34,152.0
57,2,63.34,152.0
2,58,89.78,215.49
58,2,89.78,215.49
2,59,103.43,248.22
59,2,103.43,248.22
2,60,100.41,240.99
60,2,100.41,240.99
2,61,88.5,212.41
61,2,88.5,212.41
2,62,33.96,81.5
62,2,33.96,81.5
2,63,31.4,75.36
63,2,31.4,75.36
2,64,51.86,124.47
64,2,51.86,124.47
2,65,48.98,117.56
65,2,48.98,117.56
2,66,39.89,95.73
66,2,39.89,95.73
2,67,55.03,132.06
67,2,55.03,132.06
2,68,19.07,45.76
68,2,19.07,45.76
2,69,26.14,62.74
69,2,26.14,62.74
2,70,14.76,35.42
70,2,14.76,35.42
2,71,75.33,180.79
71,2,75.33,180.79
2,72,104.52,250.86
72,2,104.52,250.86
2,73,11.34,27.2
73,2,11.34,27.2
2,74,33.66,80.79
74,2,33.66,80.79
2,75,29.32,70.36
75,2,29.32,70.36
2,76,110.08,264.19
76,2,110.08,264.19
2,77,37.71,90.5
77,2,37.71,90.5
2,78,109.97,263.93
78,2,109.97,263.93
2,79,21.13,50.71
79,2,21.13,50.71
2,80,49.4,118.55
80,2,49.4,118.55
2,81,109.25,262.2
81,2,109.25,262.2
2,82,49.73,119.36
82,2,49.73,119.36
2,83,122.73,294.55
83,2,122.73,294.55
2,84,82.94,199.06
84,2,82.94,199.06
2,85,67.0,160.81
85,2,67.0,160.81
2,86,100.54,241.31
86,2,100.54,241.31
2,87,86.79,208.29
87,2,86.79,208.29
2,88,55.5,133.2
88,2,55.5,133.2
2,89,112.88,270.92
89,2,112.88,270.92
2,90,118.2,283.69
90,2,118.2,283.69
2,91,98.41,236.2
91,2,98.41,236.2
2,92,33.64,80.73
92,2,33.64,80.73
2,93,20.58,49.39
93,2,20.58,49.39
2,94,77.39,185.74
94,2,77.39,185.74
2,95,59.78,143.47
95,2,59.78,143.47
2,96,75.34,180.82
96,2,75.34,180.82
2,97,56.16,134.79
97,2,56.16,134.79
2,98,90.28,216.67
98,2,90.28,216.67
2,99,129.21,310.11
99,2,129.21,310.11
2,100,59.09,141.8
100,2,59.09,141.8
2,101,86.33,207.2
101,2,86.33,207.2
2,102,29.99,71.98
102,2,29.99,71.98
2,103,34.23,82.15
103,2,34.23,82.15
2,104,72.0,172.8
104,2,72.0,172.8
2,105,29.11,69.87
105,2,29.11,69.87
2,106,68.15,163.55
106,2,68.15,163.55
2,107,71.44,171.45
107,2,71.44,171.45
2,108,33.22,79.72
108,2,33.22,79.72
2,109,43.7,104.88
109,2,43.7,104.88
2,110,35.89,86.13
110,2,35.89,86.13
2,111,61.94,148.65
111,2,61.94,148.65
2,112,39.08,93.78
112,2,39.08,93.78
2,113,41.43,99.43
113,2,41.43,99.43
2,114,61.43,147.43
114,2,61.43,147.43
2,115,63.99,153.58
115,2,63.99,153.58
2,116,41.35,99.24
116,2,41.35,99.24
2,117,70.63,169.5
117,2,70.63,169.5
2,118,14.19,34.05
118,2,14.19,34.05
2,119,33.29,79.89
119,2,33.29,79.89
2,120,24.52,58.85
120,2,24.52,58.85
2,121,98.46,236.3
121,2,98.46,236.3
2,122,38.67,92.81
122,2,38.67,92.81
2,123,92.09,221.01
123,2,92.09,221.01
2,124,119.83,287.58
124,2,119.83,287.58
2,125,58.56,140.54
125,2,58.56,140.54
2,126,130.66,313.59
126,2,130.66,313.59
2,127,18.1,43.45
127,2,18.1,43.45
2,128,88.36,212.06
128,2,88.36,212.06
2,129,75.5,181.2
129,2,75.5,181.2
2,130,57.18,137.24
130,2,57.18,137.24
2,131,43.13,103.51
131,2,43.13,103.51
2,132,73.44,176.25
132,2,73.44,176.25
2,133,77.04,184.89
133,2,77.04,184.89
2,134,86.99,208.77
134,2,86.99,208.77
2,135,52.07,124.98
135,2,52.07,124.98
2,136,41.59,99.82
136,2,41.59,99.82
2,137,124.98,299.95
137,2,124.98,299.95
2,138,57.99,139.17
138,2,57.99,139.17
2,139,77.65,186.35
139,2,77.65,186.35
2,140,30.02,72.05
140,2,30.02,72.05
2,141,95.34,228.82
141,2,95.34,228.82
2,142,125.05,300.11
142,2,125.05,300.11
2,143,86.94,208.66
143,2,86.94,208.66
2,144,74.54,178.89
144,2,74.54,178.89
2,145,47.25,113.41
145,2,47.25,113.41
2,146,53.99,129.57
146,2,53.99,129.57
2,147,68.32,163.97
147,2,68.32,163.97
2,148,80.76,193.83
148,2,80.76,193.83
2,149,98.83,237.18
149,2,98.83,237.18
2,150,102.44,245.85
150,2,102.44,245.85
3,4,11.18,26.83
4,3,11.18,26.83
3,5,20.23,48.56
5,3,20.23,48.56
3,6,20.95,50.27
6,3,20.95,50.27
3,7,53.31,127.95
7,3,53.31,127.95
3,8,32.46,77.92
8,3,32.46,77.92
3,9,33.48,80.34
9,3,33.48,80.34
3,10,40.23,96.55
10,3,40.23,96.55
3,11,47.85,114.85
11,3,47.85,114.85
3,12,41.65,99.95
12,3,41.65,99.95
3,13,49.63,119.1
13,3,49.63,119.1
3,14,34.69,83.25
14,3,34.69,83.25
3,15,17.55,42.13
15,3,17.55,42.13
3,16,19.66,47.19
16,3,19.66,47.19
3,17,12.01,28.82
17,3,12.01,28.82
3,18,47.83,114.79
18,3,47.83,114.79
3,19,38.44,92.26
19,3,38.44,92.26
3,20,37.87,90.9
20,3,37.87,90.9
3,21,34.57,82.97
21,3,34.57,82.97
3,22,68.52,164.45
22,3,68.52,164.45
3,23,49.1,117.85
23,3,49.1,117.85
3,24,61.84,148.41
24,3,61.84,148.41
3,25,39.85,95.64
25,3,39.85,95.64
3,26,49.38,118.51
26,3,49.38,118.51
3,27,51.64,123.93
27,3,51.64,123.93
3,28,13.35,32.03
28,3,13.35,32.03
3,29,7.77,18.66
29,3,7.77,18.66
3,30,61.61,147.87
30,3,61.61,147.87
3,31,65.44,157.05
31,3,65.44,157.05
3,32,28.79,69.09
32,3,28.79,69.09
3,33,12.45,29.87
33,3,12.45,29.87
3,34,14.54,34.9
34,3,14.54,34.9
3,35,53.23,127.75
35,3,53.23,127.75
3,36,48.97,117.52
36,3,48.97,117.52
3,37,46.41,111.39
37,3,46.41,111.39
3,38,40.39,96.94
38,3,40.39,96.94
3,39,59.75,143.39
39,3,59.75,143.39
3,40,57.18,137.22
40,3,57.18,137.22
3,41,60.41,144.99
41,3,60.41,144.99
3,42,27.47,65.94
42,3,27.47,65.94
3,43,70.12,168.3
43,3,70.12,168.3
3,44,57.1,137.05
44,3,57.1,137.05
3,45,22.33,53.59
45,3,22.33,53.59
3,46,20.87,50.09
46,3,20.87,50.09
3,47,24.64,59.13
47,3,24.64,59.13
3,48,37.67,90.42
48,3,37.67,90.42
3,49,33.51,80.42
49,3,33.51,80.42
3,50,12.97,31.13
50,3,12.97,31.13
3,51,44.08,105.8
51,3,44.08,105.8
3,52,65.08,156.21
52,3,65.08,156.21
3,53,62.8,150.73
53,3,62.8,150.73
3,54,55.7,133.67
54,3,55.7,133.67
3,55,65.9,158.17
55,3,65.9,158.17
3,56,70.81,169.94
56,3,70.81,169.94
3,57,69.77,167.45
57,3,69.77,167.45
3,58,48.45,116.29
58,3,48.45,116.29
3,59,28.48,68.35
59,3,28.48,68.35
3,60,22.48,53.95
60,3,22.48,53.95
3,61,22.54,54.11
61,3,22.54,54.11
3,62,48.75,117.0
62,3,48.75,117.0
3,63,63.35,152.04
63,3,63.35,152.04
3,64,27.92,67.0
64,3,27.92,67.0
3,65,31.36,75.26
65,3,31.36,75.26
3,66,56.54,135.69
66,3,56.54,135.69
3,67,46.67,112.01
67,3,46.67,112.01
3,68,65.77,157.85
68,3,65.77,157.85
3,69,72.33,173.6
69,3,72.33,173.6
3,70,74.14,177.94
70,3,74.14,177.94
3,71,32.78,78.67
71,3,32.78,78.67
3,72,25.89,62.14
72,3,25.89,62.14
3,73,65.24,156.57
73,3,65.24,156.57
3,74,42.26,101.43
74,3,42.26,101.43
3,75,82.19,197.28
75,3,82.19,197.28
3,76,46.37,111.28
76,3,46.37,111.28
3,77,40.71,97.71
77,3,40.71,97.71
3,78,32.94,79.06
78,3,32.94,79.06
3,79,81.83,196.38
79,3,81.83,196.38
3,80,71.42,171.42
80,3,71.42,171.42
3,81,35.23,84.56
81,3,35.23,84.56
3,82,26.69,64.05
82,3,26.69,64.05
3,83,50.35,120.84
83,3,50.35,120.84
3,84,29.07,69.78
84,3,29.07,69.78
3,85,31.56,75.73
85,3,31.56,75.73
3,86,41.25,99.0
86,3,41.25,99.0
3,87,52.2,125.29
87,3,52.2,125.29
3,88,71.73,172.15
88,3,71.73,172.15
3,89,42.81,102.74
89,3,42.81,102.74
3,90,50.24,120.58
90,3,50.24,120.58
3,91,25.27,60.65
91,3,25.27,60.65
3,92,71.11,170.66
92,3,71.11,170.66
3,93,74.94,179.87
93,3,74.94,179.87
3,94,76.47,183.53
94,3,76.47,183.53
3,95,63.48,152.35
95,3,63.48,152.35
3,96,14.59,35.01
96,3,14.59,35.01
3,97,56.17,134.81
97,3,56.17,134.81
3,98,58.51,140.43
98,3,58.51,140.43
3,99,58.04,139.29
99,3,58.04,139.29
3,100,29.41,70.59
100,3,29.41,70.59
3,101,21.19,50.87
101,3,21.19,50.87
3,102,90.17,216.44
102,3,90.17,216.44
3,103,83.7,200.89
103,3,83.7,200.89
3,104,37.74,90.57
104,3,37.74,90.57
3,105,49.96,119.9
105,3,49.96,119.9
3,106,49.96,119.92
106,3,49.96,119.92
3,107,77.58,186.18
107,3,77.58,186.18
3,108,75.7,181.67
108,3,75.7,181.67
3,109,72.52,174.04
109,3,72.52,174.04
3,110,91.43,219.44
110,3,91.43,219.44
3,111,78.18,187.64
111,3,78.18,187.64
3,112,81.56,195.75
112,3,81.56,195.75
3,113,96.65,231.97
113,3,96.65,231.97
3,114,84.87,203.7
114,3,84.87,203.7
3,115,14.96,35.91
115,3,14.96,35.91
3,116,64.56,154.94
116,3,64.56,154.94
3,117,84.3,202.33
117,3,84.3,202.33
3,118,68.55,164.52
118,3,68.55,164.52
3,119,81.81,196.34
119,3,81.81,196.34
3,120,51.61,123.87
120,3,51.61,123.87
3,121,48.71,116.91
121,3,48.71,116.91
3,122,52.26,125.43
122,3,52.26,125.43
3,123,51.96,124.7
123,3,51.96,124.7
3,124,46.15,110.75
124,3,46.15,110.75
3,125,40.85,98.03
125,3,40.85,98.03
3,126,59.15,141.95
126,3,59.15,141.95
3,127,74.97,179.94
127,3,74.97,179.94
3,128,47.85,114.85
128,3,47.85,114.85
3,129,4.77,11.45
129,3,4.77,11.45
3,130,37.05,88.93
130,3,37.05,88.93
3,131,64.01,153.63
131,3,64.01,153.63
3,132,23.84,57.22
132,3,23.84,57.22
3,133,33.71,80.9
133,3,33.71,80.9
3,134,12.0,28.8
134,3,12.0,28.8
3,135,72.33,173.6
135,3,72.33,173.6
3,136,60.66,145.58
136,3,60.66,145.58
3,137,54.3,130.33
137,3,54.3,130.33
3,138,85.06,204.15
138,3,85.06,204.15
3,139,56.69,136.04
139,3,56.69,136.04
3,140,46.06,110.54
140,3,46.06,110.54
3,141,21.25,51.01
141,3,21.25,51.01
3,142,52.04,124.9
142,3,52.04,124.9
3,143,12.94,31.06
143,3,12.94,31.06
3,144,5.62,13.49
144,3,5.62,13.49
3,145,55.08,132.19
145,3,55.08,132.19
3,146,84.15,201.97
146,3,84.15,201.97
3,147,86.68,208.02
147,3,86.68,208.02
3,148,57.13,137.12
148,3,57.13,137.12
3,149,50.49,121.17
149,3,50.49,121.17
3,150,40.68,97.63
150,3,40.68,97.63
4,5,9.14,21.93
5,4,9.14,21.93
4,6,14.66,35.18
6,4,14.66,35.18
4,7,46.65,111.95
7,4,46.65,111.95
4,8,25.8,61.92
8,4,25.8,61.92
4,9,22.4,53.75
9,4,22.4,53.75
4,10,29.09,69.82
10,4,29.09,69.82
4,11,40.68,97.64
11,4,40.68,97.64
4,12,31.31,75.14
12,4,31.31,75.14
4,13,38.56,92.55
13,4,38.56,92.55
4,14,28.03,67.25
14,4,28.03,67.25
4,15,28.53,68.47
15,4,28.53,68.47
4,16,23.62,56.7
16,4,23.62,56.7
4,17,22.87,54.88
17,4,22.87,54.88
4,18,48.05,115.32
18,4,48.05,115.32
4,19,41.37,99.3
19,4,41.37,99.3
4,20,36.15,86.77
20,4,36.15,86.77
4,21,35.05,84.13
21,4,35.05,84.13
4,22,71.02,170.45
22,4,71.02,170.45
4,23,46.09,110.61
23,4,46.09,110.61
4,24,58.69,140.85
24,4,58.69,140.85
4,25,33.81,81.13
25,4,33.81,81.13
4,26,40.08,96.18
26,4,40.08,96.18
4,27,41.08,98.59
27,4,41.08,98.59
4,28,15.9,38.16
28,4,15.9,38.16
4,29,12.63,30.32
29,4,12.63,30.32
4,30,61.09,146.62
30,4,61.09,146.62
4,31,63.91,153.36
31,4,63.91,153.36
4,32,38.68,92.83
32,4,38.68,92.83
4,33,12.87,30.89
33,4,12.87,30.89
4,34,11.87,28.48
34,4,11.87,28.48
4,35,42.05,100.92
35,4,42.05,100.92
4,36,53.26,127.83
36,4,53.26,127.83
4,37,52.13,125.12
37,4,52.13,125.12
4,38,47.33,113.6
38,4,47.33,113.6
4,39,48.64,116.74
39,4,48.64,116.74
4,40,58.33,139.99
40,4,58.33,139.99
4,41,53.75,128.99
41,4,53.75,128.99
4,42,31.56,75.74
42,4,31.56,75.74
4,43,63.46,152.3
43,4,63.46,152.3
4,44,50.14,120.35
44,4,50.14,120.35
4,45,14.48,34.75
45,4,14.48,34.75
4,46,16.66,39.98
46,4,16.66,39.98
4,47,35.62,85.48
47,4,35.62,85.48
4,48,48.21,115.7
48,4,48.21,115.7
4,49,44.6,107.03
49,4,44.6,107.03
4,50,21.03,50.46
50,4,21.03,50.46
4,51,33.26,79.84
51,4,33.26,79.84
4,52,55.62,133.48
52,4,55.62,133.48
4,53,52.04,124.9
53,4,52.04,124.9
4,54,60.76,145.83
54,4,60.76,145.83
4,55,71.38,171.32
55,4,71.38,171.32
4,56,74.47,178.73
56,4,74.47,178.73
4,57,70.73,169.75
57,4,70.73,169.75
4,58,55.86,134.06
58,4,55.86,134.06
4,59,39.61,95.07
59,4,39.61,95.07
4,60,33.0,79.21
60,4,33.0,79.21
4,61,21.18,50.84
61,4,21.18,50.84
4,62,42.09,101.0
62,4,42.09,101.0
4,63,56.86,136.45
63,4,56.86,136.45
4,64,18.66,44.77
64,4,18.66,44.77
4,65,25.02,60.02
65,4,25.02,60.02
4,66,52.11,125.06
66,4,52.11,125.06
4,67,35.51,85.24
67,4,35.51,85.24
4,68,58.04,139.3
68,4,58.04,139.3
4,69,62.74,150.59
69,4,62.74,150.59
4,70,66.77,160.25
70,4,66.77,160.25
4,71,24.02,57.66
71,4,24.02,57.66
4,72,35.23,84.54
72,4,35.23,84.54
4,73,58.58,140.57
73,4,58.58,140.57
4,74,35.6,85.43
74,4,35.6,85.43
4,75,72.44,173.85
75,4,72.44,173.85
4,76,57.08,136.99
76,4,57.08,136.99
4,77,34.05,81.71
77,4,34.05,81.71
4,78,39.5,94.81
78,4,39.5,94.81
4,79,73.58,176.59
79,4,73.58,176.59
4,80,60.26,144.61
80,4,60.26,144.61
4,81,39.5,94.8
81,4,39.5,94.8
4,82,20.03,48.05
82,4,20.03,48.05
4,83,61.51,147.62
83,4,61.51,147.62
4,84,23.12,55.48
84,4,23.12,55.48
4,85,21.11,50.67
85,4,21.11,50.67
4,86,51.26,123.02
86,4,51.26,123.02
4,87,58.69,140.85
87,4,58.69,140.85
4,88,71.29,171.09
88,4,71.29,171.09
4,89,53.95,129.48
89,4,53.95,129.48
4,90,61.33,147.2
90,4,61.33,147.2
4,91,28.66,68.77
91,4,28.66,68.77
4,92,60.38,144.91
92,4,60.38,144.91
4,93,66.53,159.66
93,4,66.53,159.66
4,94,79.2,190.08
94,4,79.2,190.08
4,95,64.18,154.03
95,4,64.18,154.03
4,96,7.72,18.53
96,4,7.72,18.53
4,97,45.23,108.55
97,4,45.23,108.55
4,98,65.0,156.0
98,4,65.0,156.0
4,99,69.21,166.11
99,4,69.21,166.11
4,100,29.6,71.03
100,4,29.6,71.03
4,101,30.98,74.36
101,4,30.98,74.36
4,102,80.42,193.01
102,4,80.42,193.01
4,103,73.03,175.28
103,4,73.03,175.28
4,104,28.08,67.39
104,4,28.08,67.39
4,105,43.3,103.9
105,4,43.3,103.9
4,106,39.55,94.92
106,4,39.55,94.92
4,107,79.27,190.26
107,4,79.27,190.26
4,108,69.04,165.67
108,4,69.04,165.67
4,109,68.85,165.23
109,4,68.85,165.23
4,110,81.68,196.01
110,4,81.68,196.01
4,111,78.36,188.05
111,4,78.36,188.05
4,112,76.17,182.79
112,4,76.17,182.79
4,113,86.74,208.18
113,4,86.74,208.18
4,114,84.45,202.66
114,4,84.45,202.66
4,115,7.6,18.23
115,4,7.6,18.23
4,116,53.53,128.48
116,4,53.53,128.48
4,117,85.33,204.79
117,4,85.33,204.79
4,118,61.89,148.52
118,4,61.89,148.52
4,119,75.15,180.34
119,4,75.15,180.34
4,120,44.95,107.87
120,4,44.95,107.87
4,121,57.6,138.23
121,4,57.6,138.23
4,122,47.04,112.87
122,4,47.04,112.87
4,123,45.07,108.17
123,4,45.07,108.17
4,124,57.26,137.42
124,4,57.26,137.42
4,125,41.73,100.16
125,4,41.73,100.16
4,126,70.31,168.75
126,4,70.31,168.75
4,127,67.02,160.84
127,4,67.02,160.84
4,128,40.67,97.61
128,4,40.67,97.61
4,129,6.48,15.54
129,4,6.48,15.54
4,130,25.89,62.14
130,4,25.89,62.14
4,131,52.93,127.04
131,4,52.93,127.04
4,132,15.0,35.99
132,4,15.0,35.99
4,133,39.76,95.43
133,4,39.76,95.43
4,134,16.52,39.64
134,4,16.52,39.64
4,135,61.15,146.77
135,4,61.15,146.77
4,136,49.64,119.14
136,4,49.64,119.14
4,137,65.48,157.16
137,4,65.48,157.16
4,138,83.68,200.81
138,4,83.68,200.81
4,139,47.06,112.94
139,4,47.06,112.94
4,140,39.4,94.54
140,4,39.4,94.54
4,141,25.19,60.46
141,4,25.19,60.46
4,142,63.17,151.62
142,4,63.17,151.62
4,143,23.96,57.49
143,4,23.96,57.49
4,144,5.56,13.34
144,4,5.56,13.34
4,145,43.93,105.44
145,4,43.93,105.44
4,146,81.86,196.46
146,4,81.86,196.46
4,147,87.16,209.18
147,4,87.16,209.18
4,148,62.07,148.96
148,4,62.07,148.96
4,149,45.42,109.01
149,4,45.42,109.01
4,150,39.16,93.97
150,4,39.16,93.97
5,6,13.15,31.57
6,5,13.15,31.57
5,7,45.22,108.52
7,5,45.22,108.52
5,8,26.8,64.32
8,5,26.8,64.32
5,9,14.13,33.92
9,5,14.13,33.92
5,10,20.0,47.99
10,5,20.0,47.99
5,11,35.33,84.79
11,5,35.33,84.79
5,12,24.55,58.91
12,5,24.55,58.91
5,13,30.11,72.27
13,5,30.11,72.27
5,14,24.79,59.51
14,5,24.79,59.51
5,15,37.29,89.51
15,5,37.29,89.51
5,16,30.73,73.74
16,5,30.73,73.74
5,17,32.0,76.8
17,5,32.0,76.8
5,18,50.89,122.15
18,5,50.89,122.15
5,19,47.0,112.79
19,5,47.0,112.79
5,20,37.78,90.68
20,5,37.78,90.68
5,21,39.4,94.55
21,5,39.4,94.55
5,22,75.51,181.23
22,5,75.51,181.23
5,23,47.14,113.15
23,5,47.14,113.15
5,24,59.74,143.39
24,5,59.74,143.39
5,25,34.86,83.67
25,5,34.86,83.67
5,26,33.56,80.55
26,5,33.56,80.55
5,27,33.67,80.8
27,5,33.67,80.8
5,28,23.24,55.77
28,5,23.24,55.77
5,29,21.18,50.82
29,5,21.18,50.82
5,30,62.5,150.0
30,5,62.5,150.0
5,31,64.96,155.9
31,5,64.96,155.9
5,32,47.62,114.28
32,5,47.62,114.28
5,33,17.92,43.0
33,5,17.92,43.0
5,34,17.49,41.98
34,5,17.49,41.98
5,35,33.14,79.55
35,5,33.14,79.55
5,36,59.39,142.54
36,5,59.39,142.54
5,37,59.1,141.84
37,5,59.1,141.84
5,38,55.01,132.01
38,5,55.01,132.01
5,39,40.03,96.07
39,5,40.03,96.07
5,40,61.68,148.03
40,5,61.68,148.03
5,41,53.57,128.56
41,5,53.57,128.56
5,42,38.24,91.78
42,5,38.24,91.78
5,43,58.61,140.67
43,5,58.61,140.67
5,44,44.58,106.99
44,5,44.58,106.99
5,45,14.22,34.12
45,5,14.22,34.12
5,46,19.71,47.32
46,5,19.71,47.32
5,47,44.75,107.4
47,5,44.75,107.4
5,48,57.29,137.5
48,5,57.29,137.5
5,49,53.71,128.92
49,5,53.71,128.92
5,50,29.71,71.31
50,5,29.71,71.31
5,51,24.21,58.1
51,5,24.21,58.1
5,52,48.54,116.5
52,5,48.54,116.5
5,53,44.14,105.94
53,5,44.14,105.94
5,54,67.23,161.36
54,5,67.23,161.36
5,55,77.97,187.14
55,5,77.97,187.14
5,56,79.89,191.73
56,5,79.89,191.73
5,57,73.38,176.12
57,5,73.38,176.12
5,58,63.66,152.79
58,5,63.66,152.79
5,59,48.51,116.42
59,5,48.51,116.42
5,60,41.39,99.32
60,5,41.39,99.32
5,61,22.72,54.52
61,5,22.72,54.52
5,62,43.14,103.54
62,5,43.14,103.54
5,63,57.91,138.99
63,5,57.91,138.99
5,64,15.06,36.14
64,5,15.06,36.14
5,65,26.07,62.56
65,5,26.07,62.56
5,66,53.16,127.6
66,5,53.16,127.6
5,67,26.45,63.48
67,5,26.45,63.48
5,68,51.8,124.31
68,5,51.8,124.31
5,69,55.49,133.17
69,5,55.49,133.17
5,70,60.6,145.43
70,5,60.6,145.43
5,71,17.45,41.87
71,5,17.45,41.87
5,72,42.77,102.65
72,5,42.77,102.65
5,73,56.4,135.35
73,5,56.4,135.35
5,74,33.34,80.02
74,5,33.34,80.02
5,75,65.03,156.07
75,5,65.03,156.07
5,76,66.19,158.85
76,5,66.19,158.85
5,77,35.1,84.25
77,5,35.1,84.25
5,78,45.08,108.18
78,5,45.08,108.18
5,79,66.82,160.36
79,5,66.82,160.36
5,80,51.39,123.34
80,5,51.39,123.34
5,81,43.46,104.3
81,5,43.46,104.3
5,82,21.08,50.59
82,5,21.08,50.59
5,83,70.44,169.05
83,5,70.44,169.05
5,84,19.94,47.86
84,5,19.94,47.86
5,85,12.55,30.12
85,5,12.55,30.12
5,86,60.19,144.46
86,5,60.19,144.46
5,87,65.98,158.35
87,5,65.98,158.35
5,88,72.5,174.02
88,5,72.5,174.02
5,89,63.04,151.3
89,5,63.04,151.3
5,90,70.45,169.08
90,5,70.45,169.08
5,91,32.7,78.49
91,5,32.7,78.49
5,92,52.48,125.97
92,5,52.48,125.97
5,93,59.76,143.42
93,5,59.76,143.42
5,94,83.72,200.94
94,5,83.72,200.94
5,95,66.76,160.23
95,5,66.76,160.23
5,96,9.77,23.44
96,5,9.77,23.44
5,97,36.11,86.67
97,5,36.11,86.67
5,98,72.23,173.36
98,5,72.23,173.36
5,99,78.18,187.62
99,5,78.18,187.62
5,100,34.11,81.86
100,5,34.11,81.86
5,101,39.94,95.85
101,5,39.94,95.85
5,102,73.01,175.23
102,5,73.01,175.23
5,103,65.18,156.45
103,5,65.18,156.45
5,104,20.19,48.47
104,5,20.19,48.47
5,105,43.74,104.97
105,5,43.74,104.97
5,106,30.75,73.81
106,5,30.75,73.81
5,107,82.54,198.09
107,5,82.54,198.09
5,108,70.09,168.21
108,5,70.09,168.21
5,109,69.9,167.77
109,5,69.9,167.77
5,110,74.27,178.23
110,5,74.27,178.23
5,111,80.01,192.02
111,5,80.01,192.02
5,112,77.22,185.33
112,5,77.22,185.33
5,113,78.81,189.15
113,5,78.81,189.15
5,114,85.5,205.2
114,5,85.5,205.2
5,115,11.49,27.59
115,5,11.49,27.59
5,116,45.1,108.24
116,5,45.1,108.24
5,117,87.71,210.51
117,5,87.71,210.51
5,118,61.17,146.81
118,5,61.17,146.81
5,119,76.2,182.88
119,5,76.2,182.88
5,120,41.58,99.79
120,5,41.58,99.79
5,121,66.07,158.57
121,5,66.07,158.57
5,122,48.09,115.41
122,5,48.09,115.41
5,123,39.41,94.6
123,5,39.41,94.6
5,124,66.1,158.65
124,5,66.1,158.65
5,125,46.0,110.4
125,5,46.0,110.4
5,126,79.25,190.2
126,5,79.25,190.2
5,127,60.49,145.18
127,5,60.49,145.18
5,128,34.88,83.71
128,5,34.88,83.71
5,129,15.47,37.13
129,5,15.47,37.13
5,130,16.86,40.46
130,5,16.86,40.46
5,131,44.39,106.53
131,5,44.39,106.53
5,132,9.77,23.45
132,5,9.77,23.45
5,133,47.14,113.15
133,5,47.14,113.15
5,134,22.83,54.78
134,5,22.83,54.78
5,135,52.2,125.28
135,5,52.2,125.28
5,136,41.24,98.99
136,5,41.24,98.99
5,137,74.49,178.79
137,5,74.49,178.79
5,138,84.73,203.35
138,5,84.73,203.35
5,139,38.86,93.25
139,5,38.86,93.25
5,140,38.18,91.63
140,5,38.18,91.63
5,141,29.94,71.87
141,5,29.94,71.87
5,142,72.04,172.89
142,5,72.04,172.89
5,143,33.08,79.4
143,5,33.08,79.4
5,144,14.62,35.09
144,5,14.62,35.09
5,145,35.21,84.5
145,5,35.21,84.5
5,146,82.91,199.0
146,5,82.91,199.0
5,147,88.96,213.5
147,5,88.96,213.5
5,148,68.44,164.25
148,5,68.44,164.25
5,149,41.44,99.45
149,5,41.44,99.45
5,150,38.62,92.68
150,5,38.62,92.68
6,7,58.31,139.95
7,6,58.31,139.95
6,8,38.79,93.12
8,6,38.79,93.12
6,9,24.95,59.88
9,6,24.95,59.88
6,10,26.88,64.52
10,6,26.88,64.52
6,11,47.9,114.95
11,6,47.9,114.95
6,12,36.45,87.48
12,6,36.45,87.48
6,13,39.23,94.14
13,6,39.23,94.14
6,14,37.92,91.0
14,6,37.92,91.0
6,15,34.07,81.77
15,6,34.07,81.77
6,16,37.91,90.98
16,6,37.91,90.98
6,17,32.35,77.65
17,6,32.35,77.65
6,18,62.54,150.11
18,6,62.54,150.11
6,19,55.99,134.37
19,6,55.99,134.37
6,20,49.72,119.34
20,6,49.72,119.34
6,21,49.66,119.18
21,6,49.66,119.18
6,22,85.68,205.63
22,6,85.68,205.63
6,23,59.08,141.81
23,6,59.08,141.81
6,24,71.68,172.05
24,6,71.68,172.05
6,25,46.8,112.33
25,6,46.8,112.33
6,26,45.41,108.97
26,6,45.41,108.97
6,27,44.56,106.95
27,6,44.56,106.95
6,28,30.24,72.57
28,6,30.24,72.57
6,29,26.04,62.5
29,6,26.04,62.5
6,30,74.44,178.66
30,6,74.44,178.66
6,31,76.9,184.56
31,6,76.9,184.56
6,32,49.58,118.98
32,6,49.58,118.98
6,33,10.82,25.96
33,6,10.82,25.96
6,34,26.49,63.58
34,6,26.49,63.58
6,35,40.4,96.97
35,6,40.4,96.97
6,36,67.72,162.53
36,6,67.72,162.53
6,37,66.19,158.85
37,6,66.19,158.85
6,38,60.82,145.97
38,6,60.82,145.97
6,39,48.23,115.75
39,6,48.23,115.75
6,40,72.92,175.0
40,6,72.92,175.0
6,41,66.72,160.12
41,6,66.72,160.12
6,42,45.93,110.24
42,6,45.93,110.24
6,43,70.99,170.37
43,6,70.99,170.37
6,44,56.92,136.6
44,6,56.92,136.6
6,45,26.62,63.88
45,6,26.62,63.88
6,46,30.71,73.7
46,6,30.71,73.7
6,47,44.15,105.96
47,6,44.15,105.96
6,48,57.83,138.8
48,6,57.83,138.8
6,49,52.28,125.48
49,6,52.28,125.48
6,50,33.55,80.53
50,6,33.55,80.53
6,51,27.75,66.61
51,6,27.75,66.61
6,52,59.51,142.83
52,6,59.51,142.83
6,53,53.97,129.54
53,6,53.97,129.54
6,54,75.06,180.15
54,6,75.06,180.15
6,55,85.58,205.4
55,6,85.58,205.4
6,56,89.07,213.77
56,6,89.07,213.77
6,57,85.26,204.63
57,6,85.26,204.63
6,58,69.11,165.86
58,6,69.11,165.86
6,59,45.28,108.67
59,6,45.28,108.67
6,60,36.46,87.5
60,6,36.46,87.5
6,61,10.16,24.37
61,6,10.16,24.37
6,62,55.08,132.2
62,6,55.08,132.2
6,63,69.85,167.65
63,6,69.85,167.65
6,64,28.21,67.69
64,6,28.21,67.69
6,65,38.01,91.22
65,6,38.01,91.22
6,66,65.1,156.26
66,6,65.1,156.26
6,67,33.03,79.28
67,6,33.03,79.28
6,68,63.57,152.56
68,6,63.57,152.56
6,69,66.13,158.71
69,6,66.13,158.71
6,70,72.34,173.61
70,6,72.34,173.61
6,71,12.68,30.44
71,6,12.68,30.44
6,72,35.62,85.5
72,6,35.62,85.5
6,73,69.35,166.44
73,6,69.35,166.44
6,74,46.44,111.45
74,6,46.44,111.45
6,75,75.36,180.88
75,6,75.36,180.88
6,76,66.12,158.69
76,6,66.12,158.69
6,77,47.04,112.91
77,6,47.04,112.91
6,78,34.69,83.26
78,6,34.69,83.26
6,79,77.93,187.03
79,6,77.93,187.03
6,80,56.98,136.75
80,6,56.98,136.75
6,81,31.57,75.76
81,6,31.57,75.76
6,82,33.02,79.25
82,6,33.02,79.25
6,83,66.75,160.21
83,6,66.75,160.21
6,84,8.53,20.48
84,6,8.53,20.48
6,85,15.35,36.84
85,6,15.35,36.84
6,86,61.88,148.52
86,6,61.88,148.52
6,87,72.45,173.88
87,6,72.45,173.88
6,88,84.44,202.68
88,6,84.44,202.68
6,89,60.9,146.17
89,6,60.9,146.17
6,90,68.63,164.72
90,6,68.63,164.72
6,91,21.33,51.2
91,6,21.33,51.2
6,92,62.15,149.17
92,6,62.15,149.17
6,93,70.94,170.26
93,6,70.94,170.26
6,94,93.86,225.26
94,6,93.86,225.26
6,95,78.69,188.86
95,6,78.69,188.86
6,96,7.1,17.04
96,6,7.1,17.04
6,97,40.06,96.14
97,6,40.06,96.14
6,98,78.78,189.07
98,6,78.78,189.07
6,99,74.61,179.08
99,6,74.61,179.08
6,100,44.2,106.09
100,6,44.2,106.09
6,101,42.08,100.98
101,6,42.08,100.98
6,102,83.34,200.04
102,6,83.34,200.04
6,103,74.75,179.4
103,6,74.75,179.4
6,104,18.56,44.55
104,6,18.56,44.55
6,105,56.29,135.1
105,6,56.29,135.1
6,106,31.76,76.21
106,6,31.76,76.21
6,107,93.88,225.33
107,6,93.88,225.33
6,108,82.03,196.87
108,6,82.03,196.87
6,109,81.84,196.43
109,6,81.84,196.43
6,110,84.6,203.04
110,6,84.6,203.04
6,111,91.95,220.68
111,6,91.95,220.68
6,112,89.16,213.99
112,6,89.16,213.99
6,113,88.06,211.35
113,6,88.06,211.35
6,114,97.44,233.86
114,6,97.44,233.86
6,115,21.5,51.6
115,6,21.5,51.6
6,116,53.7,128.88
116,6,53.7,128.88
6,117,99.65,239.17
117,6,99.65,239.17
6,118,74.29,178.29
118,6,74.29,178.29
6,119,88.14,211.54
119,6,88.14,211.54
6,120,54.47,130.72
120,6,54.47,130.72
6,121,69.66,167.18
121,6,69.66,167.18
6,122,60.03,144.07
122,6,60.03,144.07
6,123,31.15,74.76
123,6,31.15,74.76
6,124,62.04,148.89
124,6,62.04,148.89
6,125,56.34,135.23
125,6,56.34,135.23
6,126,75.48,181.16
126,6,75.48,181.16
6,127,71.91,172.6
127,6,71.91,172.6
6,128,26.95,64.68
128,6,26.95,64.68
6,129,17.23,41.35
129,6,17.23,41.35
6,130,24.76,59.43
130,6,24.76,59.43
6,131,52.65,126.36
131,6,52.65,126.36
6,132,5.94,14.27
132,6,5.94,14.27
6,133,53.61,128.68
133,6,53.61,128.68
6,134,15.9,38.16
134,6,15.9,38.16
6,135,56.94,136.65
135,6,56.94,136.65
6,136,50.05,120.12
136,6,50.05,120.12
6,137,71.35,171.24
137,6,71.35,171.24
6,138,96.67,232.01
138,6,96.67,232.01
6,139,36.75,88.21
139,6,36.75,88.21
6,140,51.31,123.15
140,6,51.31,123.15
6,141,19.54,46.9
141,6,19.54,46.9
6,142,67.95,163.08
142,6,67.95,163.08
6,143,32.9,78.97
143,6,32.9,78.97
6,144,17.05,40.92
144,6,17.05,40.92
6,145,43.18,103.64
145,6,43.18,103.64
6,146,94.85,227.66
146,6,94.85,227.66
6,147,100.9,242.16
147,6,100.9,242.16
6,148,76.4,183.37
148,6,76.4,183.37
6,149,30.8,73.91
149,6,30.8,73.91
6,150,25.59,61.43
150,6,25.59,61.43
7,8,21.1,50.63
8,7,21.1,50.63
7,9,35.91,86.18
9,7,35.91,86.18
7,10,41.79,100.31
10,7,41.79,100.31
7,11,13.85,33.25
11,7,13.85,33.25
7,12,25.17,60.4
12,7,25.17,60.4
7,13,33.83,81.19
13,7,33.83,81.19
7,14,20.44,49.05
14,7,20.44,49.05
7,15,71.71,172.11
15,7,71.71,172.11
7,16,46.57,111.77
16,7,46.57,111.77
7,17,62.35,149.64
17,7,62.35,149.64
7,18,36.72,88.12
18,7,36.72,88.12
7,19,45.18,108.44
19,7,45.18,108.44
7,20,29.14,69.93
20,7,29.14,69.93
7,21,36.5,87.6
21,7,36.5,87.6
7,22,58.04,139.3
22,7,58.04,139.3
7,23,26.13,62.72
23,7,26.13,62.72
7,24,30.91,74.18
24,7,30.91,74.18
7,25,20.81,49.95
25,7,20.81,49.95
7,26,20.03,48.08
26,7,20.03,48.08
7,27,25.44,61.04
27,7,25.44,61.04
7,28,45.92,110.2
28,7,45.92,110.2
7,29,50.04,120.09
29,7,50.04,120.09
7,30,38.8,93.13
30,7,38.8,93.13
7,31,37.66,90.4
31,7,37.66,90.4
7,32,68.66,164.78
32,7,68.66,164.78
7,33,61.31,147.13
33,7,61.31,147.13
7,34,41.68,100.03
34,7,41.68,100.03
7,35,40.22,96.52
35,7,40.22,96.52
7,36,54.95,131.88
36,7,54.95,131.88
7,37,60.02,144.05
37,7,60.02,144.05
7,38,62.13,149.11
38,7,62.13,149.11
7,39,37.87,90.88
39,7,37.87,90.88
7,40,44.6,107.04
40,7,44.6,107.04
7,41,9.32,22.37
41,7,9.32,22.37
7,42,47.03,112.87
42,7,47.03,112.87
7,43,19.46,46.71
43,7,19.46,46.71
7,44,13.2,31.67
44,7,13.2,31.67
7,45,34.2,82.08
45,7,34.2,82.08
7,46,35.49,85.17
46,7,35.49,85.17
7,47,72.44,173.85
47,7,72.44,173.85
7,48,79.11,189.87
48,7,79.11,189.87
7,49,80.91,194.18
49,7,80.91,194.18
7,50,54.54,130.88
50,7,54.54,130.88
7,51,48.56,116.54
51,7,48.56,116.54
7,52,25.55,61.32
52,7,25.55,61.32
7,53,31.21,74.9
53,7,31.21,74.9
7,54,62.44,149.86
54,7,62.44,149.86
7,55,71.45,171.49
55,7,71.45,171.49
7,56,65.56,157.35
56,7,65.56,157.35
7,57,51.13,122.71
57,7,51.13,122.71
7,58,69.27,166.26
58,7,69.27,166.26
7,59,80.37,192.89
59,7,80.37,192.89
7,60,77.49,185.98
60,7,77.49,185.98
7,61,67.87,162.89
61,7,67.87,162.89
7,62,13.16,31.59
62,7,13.16,31.59
7,63,20.73,49.74
63,7,20.73,49.74
7,64,30.39,72.94
64,7,30.39,72.94
7,65,25.93,62.23
65,7,25.93,62.23
7,66,24.5,58.8
66,7,24.5,58.8
7,67,41.88,100.51
67,7,41.88,100.51
7,68,20.72,49.73
68,7,20.72,49.73
7,69,30.78,73.87
69,7,30.78,73.87
7,70,26.15,62.75
70,7,26.15,62.75
7,71,57.52,138.04
71,7,57.52,138.04
7,72,81.82,196.37
72,7,81.82,196.37
7,73,11.99,28.78
73,7,11.99,28.78
7,74,11.88,28.5
74,7,11.88,28.5
7,75,39.63,95.12
75,7,39.63,95.12
7,76,87.67,210.4
76,7,87.67,210.4
7,77,14.74,35.37
77,7,14.74,35.37
7,78,87.94,211.05
78,7,87.94,211.05
7,79,35.05,84.12
79,7,35.05,84.12
7,80,47.64,114.33
80,7,47.64,114.33
7,81,87.9,210.97
81,7,87.9,210.97
7,82,26.95,64.69
82,7,26.95,64.69
7,83,99.79,239.5
83,7,99.79,239.5
7,84,63.9,153.35
84,7,63.9,153.35
7,85,49.09,117.82
85,7,49.09,117.82
7,86,78.33,188.0
86,7,78.33,188.0
7,87,67.15,161.17
87,7,67.15,161.17
7,88,45.46,109.09
88,7,45.46,109.09
7,89,90.02,216.06
89,7,90.02,216.06
7,90,95.54,229.3
90,7,95.54,229.3
7,91,77.03,184.86
91,7,77.03,184.86
7,92,35.05,84.12
92,7,35.05,84.12
7,93,29.67,71.2
93,7,29.67,71.2
7,94,64.9,155.77
94,7,64.9,155.77
7,95,45.88,110.11
95,7,45.88,110.11
7,96,54.18,130.02
96,7,54.18,130.02
7,97,46.91,112.59
97,7,46.91,112.59
7,98,71.45,171.49
98,7,71.45,171.49
7,99,106.38,255.31
99,7,106.38,255.31
7,100,36.55,87.72
100,7,36.55,87.72
7,101,63.39,152.12
101,7,63.39,152.12
7,102,45.73,109.76
102,7,45.73,109.76
7,103,42.99,103.19
103,7,42.99,103.19
7,104,55.54,133.29
104,7,55.54,133.29
7,105,7.52,18.06
105,7,7.52,18.06
7,106,55.43,133.03
106,7,55.43,133.03
7,107,60.45,145.08
107,7,60.45,145.08
7,108,30.58,73.4
108,7,30.58,73.4
7,109,36.52,87.64
109,7,36.52,87.64
7,110,48.87,117.28
110,7,48.87,117.28
7,111,53.17,127.61
111,7,53.17,127.61
7,112,38.03,91.29
112,7,38.03,91.29
7,113,54.09,129.81
113,7,54.09,129.81
7,114,55.52,133.26
114,7,55.52,133.26
7,115,41.65,99.97
115,7,41.65,99.97
7,116,37.51,90.03
116,7,37.51,90.03
7,117,62.2,149.27
117,7,62.2,149.27
7,118,16.0,38.4
118,7,16.0,38.4
7,119,36.28,87.06
119,7,36.28,87.06
7,120,6.48,15.54
120,7,6.48,15.54
7,121,77.25,185.39
121,7,77.25,185.39
7,122,20.79,49.89
122,7,20.79,49.89
7,123,76.95,184.68
123,7,76.95,184.68
7,124,96.82,232.36
124,7,96.82,232.36
7,125,38.03,91.28
125,7,38.03,91.28
7,126,107.81,258.75
126,7,107.81,258.75
7,127,28.44,68.26
127,7,28.44,68.26
7,128,72.76,174.63
128,7,72.76,174.63
7,129,53.13,127.5
129,7,53.13,127.5
7,130,40.53,97.27
130,7,40.53,97.27
7,131,38.76,93.01
131,7,38.76,93.01
7,132,53.82,129.18
132,7,53.82,129.18
7,133,55.24,132.57
133,7,55.24,132.57
7,134,64.99,155.98
134,7,64.99,155.98
7,135,50.18,120.44
135,7,50.18,120.44
7,136,35.55,85.33
136,7,35.55,85.33
7,137,102.16,245.18
137,7,102.16,245.18
7,138,53.11,127.46
138,7,53.11,127.46
7,139,65.83,157.98
139,7,65.83,157.98
7,140,7.27,17.44
140,7,7.27,17.44
7,141,73.71,176.91
141,7,73.71,176.91
7,142,102.09,245.01
142,7,102.09,245.01
7,143,63.91,153.37
143,7,63.91,153.37
7,144,52.19,125.26
144,7,52.19,125.26
7,145,37.96,91.1
145,7,37.96,91.1
7,146,49.84,119.62
146,7,49.84,119.62
7,147,61.35,147.25
147,7,61.35,147.25
7,148,62.69,150.46
148,7,62.69,150.46
7,149,82.33,197.59
149,7,82.33,197.59
7,150,83.32,199.96
150,7,83.32,199.96
8,9,22.89,54.93
9,8,22.89,54.93
8,10,31.81,76.34
10,8,31.81,76.34
8,11,18.5,44.4
11,8,18.5,44.4
8,12,18.47,44.33
12,8,18.47,44.33
8,13,30.88,74.12
13,8,30.88,74.12
8,14,7.27,17.45
14,8,7.27,17.45
8,15,50.72,121.73
15,8,50.72,121.73
8,16,27.16,65.18
16,8,27.16,65.18
8,17,41.54,99.69
17,8,41.54,99.69
8,18,30.28,72.67
18,8,30.28,72.67
8,19,32.32,77.57
19,8,32.32,77.57
8,20,17.47,41.92
20,8,17.47,41.92
8,21,22.59,54.22
21,8,22.59,54.22
8,22,55.17,132.4
22,8,55.17,132.4
8,23,23.7,56.89
23,8,23.7,56.89
8,24,35.37,84.89
24,8,35.37,84.89
8,25,10.74,25.78
25,8,10.74,25.78
8,26,22.13,53.12
26,8,22.13,53.12
8,27,26.65,63.96
27,8,26.65,63.96
8,28,25.17,60.41
28,8,25.17,60.41
8,29,29.0,69.59
29,8,29.0,69.59
8,30,39.65,95.16
30,8,39.65,95.16
8,31,41.25,98.99
31,8,41.25,98.99
8,32,49.71,119.29
32,8,49.71,119.29
8,33,41.05,98.52
33,8,41.05,98.52
8,34,20.59,49.41
34,8,20.59,49.41
8,35,37.4,89.77
35,8,37.4,89.77
8,36,44.5,106.8
36,8,44.5,106.8
8,37,47.45,113.87
37,8,47.45,113.87
8,38,47.14,113.13
38,8,47.14,113.13
8,39,39.53,94.87
39,8,39.53,94.87
8,40,40.86,98.06
40,8,40.86,98.06
8,41,27.95,67.07
41,8,27.95,67.07
8,42,29.85,71.63
42,8,29.85,71.63
8,43,38.88,93.32
43,8,38.88,93.32
8,44,26.87,64.48
44,8,26.87,64.48
8,45,13.72,32.93
45,8,13.72,32.93
8,46,14.46,34.7
46,8,14.46,34.7
8,47,52.26,125.43
47,8,52.26,125.43
8,48,60.38,144.91
48,8,60.38,144.91
8,49,61.04,146.5
49,8,61.04,146.5
8,50,34.09,81.81
50,8,34.09,81.81
8,51,39.07,93.76
51,8,39.07,93.76
8,52,36.69,88.05
52,8,36.69,88.05
8,53,37.52,90.05
53,8,37.52,90.05
8,54,52.73,126.56
54,8,52.73,126.56
8,55,63.11,151.47
55,8,63.11,151.47
8,56,61.1,146.64
56,8,61.1,146.64
8,57,51.45,123.47
57,8,51.45,123.47
8,58,55.35,132.83
58,8,55.35,132.83
8,59,59.74,143.38
59,8,59.74,143.38
8,60,56.45,135.47
60,8,56.45,135.47
8,61,48.6,116.64
61,8,48.6,116.64
8,62,16.83,40.39
62,8,16.83,40.39
8,63,31.8,76.33
63,8,31.8,76.33
8,64,12.14,29.13
64,8,12.14,29.13
8,65,6.68,16.03
65,8,6.68,16.03
8,66,28.36,68.06
66,8,28.36,68.06
8,67,35.13,84.3
67,8,35.13,84.3
8,68,35.88,86.12
68,8,35.88,86.12
8,69,43.73,104.95
69,8,43.73,104.95
8,70,43.74,104.97
70,8,43.74,104.97
8,71,42.23,101.35
71,8,42.23,101.35
8,72,60.73,145.74
72,8,60.73,145.74
8,73,33.08,79.4
73,8,33.08,79.4
8,74,11.06,26.55
74,8,11.06,26.55
8,75,53.52,128.46
75,8,53.52,128.46
8,76,69.28,166.27
76,8,69.28,166.27
8,77,8.48,20.35
77,8,8.48,20.35
8,78,67.16,161.19
78,8,67.16,161.19
8,79,51.94,124.67
79,8,51.94,124.67
8,80,51.75,124.19
80,8,51.75,124.19
8,81,67.67,162.41
81,8,67.67,162.41
8,82,5.9,14.15
82,8,5.9,14.15
8,83,79.84,191.62
83,8,79.84,191.62
8,84,46.64,111.94
84,8,46.64,111.94
8,85,34.45,82.68
85,8,34.45,82.68
8,86,60.56,145.33
86,8,60.56,145.33
8,87,54.96,131.91
87,8,54.96,131.91
8,88,49.17,118.0
88,8,49.17,118.0
8,89,70.39,168.94
89,8,70.39,168.94
8,90,76.43,183.44
90,8,76.43,183.44
8,91,56.84,136.4
91,8,56.84,136.4
8,92,44.62,107.09
92,8,44.62,107.09
8,93,45.35,108.83
93,8,45.35,108.83
8,94,63.17,151.62
94,8,63.17,151.62
8,95,44.97,107.94
95,8,44.97,107.94
8,96,34.61,83.05
96,8,34.61,83.05
8,97,43.73,104.95
97,8,43.73,104.95
8,98,60.37,144.9
98,8,60.37,144.9
8,99,86.75,208.2
99,8,86.75,208.2
8,100,19.89,47.75
100,8,19.89,47.75
8,101,43.65,104.76
101,8,43.65,104.76
8,102,61.5,147.62
102,8,61.5,147.62
8,103,55.85,134.03
103,8,55.85,134.03
8,104,42.2,101.29
104,8,42.2,101.29
8,105,17.52,42.04
105,8,17.52,42.04
8,106,46.82,112.37
106,8,46.82,112.37
8,107,60.93,146.23
107,8,60.93,146.23
8,108,43.6,104.64
108,8,43.6,104.64
8,109,44.93,107.84
109,8,44.93,107.84
8,110,62.76,150.62
110,8,62.76,150.62
8,111,56.95,136.69
111,8,56.95,136.69
8,112,51.05,122.53
112,8,51.05,122.53
8,113,67.98,163.15
113,8,67.98,163.15
8,114,61.74,148.17
114,8,61.74,148.17
8,115,20.9,50.17
115,8,20.9,50.17
8,116,42.1,101.03
116,8,42.1,101.03
8,117,65.21,156.51
117,8,65.21,156.51
8,118,36.1,86.64
118,8,36.1,86.64
8,119,49.71,119.31
119,8,49.71,119.31
8,120,20.31,48.74
120,8,20.31,48.74
8,121,61.65,147.95
121,8,61.65,147.95
8,122,23.06,55.34
122,8,23.06,55.34
8,123,63.69,152.87
123,8,63.69,152.87
8,124,76.59,183.81
124,8,76.59,183.81
8,125,27.39,65.74
125,8,27.39,65.74
8,126,88.12,211.49
126,8,88.12,211.49
8,127,45.01,108.03
127,8,45.01,108.03
8,128,59.2,142.09
128,8,59.2,142.09
8,129,32.23,77.36
129,8,32.23,77.36
8,130,29.14,69.94
130,8,29.14,69.94
8,131,42.5,102.01
131,8,42.5,102.01
8,132,36.35,87.25
132,8,36.35,87.25
8,133,39.29,94.29
133,8,39.29,94.29
8,134,44.34,106.42
134,8,44.34,106.42
8,135,53.72,128.93
135,8,53.72,128.93
8,136,38.67,92.8
136,8,38.67,92.8
8,137,82.58,198.2
137,8,82.58,198.2
8,138,60.54,145.29
138,8,60.54,145.29
8,139,57.12,137.1
139,8,57.12,137.1
8,140,13.95,33.48
140,8,13.95,33.48
8,141,53.33,127.99
141,8,53.33,127.99
8,142,82.03,196.89
142,8,82.03,196.89
8,143,43.09,103.41
143,8,43.09,103.41
8,144,31.33,75.19
144,8,31.33,75.19
8,145,36.91,88.6
145,8,36.91,88.6
8,146,58.34,140.01
146,8,58.34,140.01
8,147,65.9,158.15
147,8,65.9,158.15
8,148,53.47,128.34
148,8,53.47,128.34
8,149,67.31,161.54
149,8,67.31,161.54
8,150,65.37,156.89
150,8,65.37,156.89
9,10,9.49,22.78
10,9,9.49,22.78
9,11,23.75,56.99
11,9,23.75,56.99
9,12,11.74,28.18
12,9,11.74,28.18
9,13,16.16,38.8
13,9,16.16,38.8
9,14,17.39,41.74
14,9,17.39,41.74
9,15,50.93,122.22
15,9,50.93,122.22
9,16,38.78,93.07
16,9,38.78,93.07
9,17,44.63,107.1
17,9,44.63,107.1
9,18,52.47,125.92
18,9,52.47,125.92
9,19,51.44,123.45
19,9,51.44,123.45
9,20,39.25,94.21
20,9,39.25,94.21
9,21,42.36,101.66
21,9,42.36,101.66
9,22,77.39,185.73
22,9,77.39,185.73
9,23,46.59,111.81
23,9,46.59,111.81
9,24,58.03,139.27
24,9,58.03,139.27
9,25,33.62,80.68
25,9,33.62,80.68
9,26,20.53,49.27
26,9,20.53,49.27
9,27,19.76,47.44
27,9,19.76,47.44
9,28,32.46,77.9
28,9,32.46,77.9
9,29,32.38,77.71
29,9,32.38,77.71
9,30,62.53,150.07
30,9,62.53,150.07
9,31,64.07,153.77
31,9,64.07,153.77
9,32,58.75,141.0
32,9,58.75,141.0
9,33,31.91,76.57
33,9,31.91,76.57
9,34,25.79,61.9
34,9,25.79,61.9
9,35,20.15,48.36
35,9,20.15,48.36
9,36,64.13,153.91
36,9,64.13,153.91
9,37,65.39,156.93
37,9,65.39,156.93
9,38,62.81,150.74
38,9,62.81,150.74
9,39,26.27,63.05
39,9,26.27,63.05
9,40,63.23,151.75
40,9,63.23,151.75
9,41,45.01,108.03
41,9,45.01,108.03
9,42,45.0,108.01
42,9,45.0,108.01
9,43,46.31,111.15
43,9,46.31,111.15
9,44,32.29,77.51
44,9,32.29,77.51
9,45,17.21,41.31
45,9,17.21,41.31
9,46,24.35,58.44
46,9,24.35,58.44
9,47,57.32,137.57
47,9,57.32,137.57
9,48,68.98,165.55
48,9,68.98,165.55
9,49,66.44,159.45
49,9,66.44,159.45
9,50,40.64,97.53
50,9,40.64,97.53
9,51,16.46,39.5
51,9,16.46,39.5
9,52,34.73,83.34
52,9,34.73,83.34
9,53,30.01,72.03
53,9,30.01,72.03
9,54,72.33,173.6
54,9,72.33,173.6
9,55,83.06,199.33
55,9,83.06,199.33
9,56,82.76,198.62
56,9,82.76,198.62
9,57,74.22,178.14
57,9,74.22,178.14
9,58,71.51,171.63
58,9,71.51,171.63
9,59,61.95,148.69
59,9,61.95,148.69
9,60,55.31,132.74
60,9,55.31,132.74
9,61,35.1,84.25
61,9,35.1,84.25
9,62,38.21,91.7
62,9,38.21,91.7
9,63,52.81,126.74
63,9,52.81,126.74
9,64,12.33,29.59
64,9,12.33,29.59
9,65,26.88,64.51
65,9,26.88,64.51
9,66,50.9,122.15
66,9,50.9,122.15
9,67,14.69,35.26
67,9,14.69,35.26
9,68,38.63,92.7
68,9,38.63,92.7
9,69,41.54,99.7
69,9,41.54,99.7
9,70,47.39,113.74
70,9,47.39,113.74
9,71,21.63,51.92
71,9,21.63,51.92
9,72,56.9,136.56
72,9,56.9,136.56
9,73,45.86,110.05
73,9,45.86,110.05
9,74,24.6,59.05
74,9,24.6,59.05
9,75,50.99,122.39
75,9,50.99,122.39
9,76,78.04,187.3
76,9,78.04,187.3
9,77,30.05,72.13
77,9,30.05,72.13
9,78,58.82,141.17
78,9,58.82,141.17
9,79,53.11,127.47
79,9,53.11,127.47
9,80,38.1,91.45
80,9,38.1,91.45
9,81,56.46,135.5
81,9,56.46,135.5
9,82,20.9,50.16
82,9,20.9,50.16
9,83,83.8,201.12
83,9,83.8,201.12
9,84,28.72,68.93
84,9,28.72,68.93
9,85,13.19,31.66
85,9,13.19,31.66
9,86,71.12,170.7
86,9,71.12,170.7
9,87,72.72,174.52
87,9,72.72,174.52
9,88,72.03,172.87
88,9,72.03,172.87
9,89,75.91,182.19
89,9,75.91,182.19
9,90,83.1,199.45
90,9,83.1,199.45
9,91,45.97,110.33
91,9,45.97,110.33
9,92,38.35,92.05
92,9,38.35,92.05
9,93,46.09,110.61
93,9,46.09,110.61
9,94,85.52,205.24
94,9,85.52,205.24
9,95,67.7,162.48
95,9,67.7,162.48
9,96,23.68,56.83
96,9,23.68,56.83
9,97,24.72,59.33
97,9,24.72,59.33
9,98,78.7,188.89
98,9,78.7,188.89
9,99,91.45,219.48
99,9,91.45,219.48
9,100,37.88,90.92
100,9,37.88,90.92
9,101,51.27,123.05
101,9,51.27,123.05
9,102,58.97,141.55
102,9,58.97,141.55
9,103,51.05,122.54
103,9,51.05,122.54
9,104,19.98,47.96
104,9,19.98,47.96
9,105,36.57,87.77
105,9,36.57,87.77
9,106,24.23,58.16
106,9,24.23,58.16
9,107,83.65,200.76
107,9,83.65,200.76
9,108,63.75,152.99
108,9,63.75,152.99
9,109,67.13,161.12
109,9,67.13,161.12
9,110,60.23,144.55
110,9,60.23,144.55
9,111,79.83,191.6
111,9,79.83,191.6
9,112,71.2,170.88
112,9,71.2,170.88
9,113,64.68,155.24
113,9,64.68,155.24
9,114,84.48,202.76
114,9,84.48,202.76
9,115,20.6,49.43
115,9,20.6,49.43
9,116,31.14,74.74
116,9,31.14,74.74
9,117,88.09,211.42
117,9,88.09,211.42
9,118,51.74,124.17
118,9,51.74,124.17
9,119,69.86,167.66
119,9,69.86,167.66
9,120,31.0,74.39
120,9,31.0,74.39
9,121,75.49,181.19
121,9,75.49,181.19
9,122,45.57,109.36
122,9,45.57,109.36
9,123,41.65,99.95
123,9,41.65,99.95
9,124,79.62,191.09
124,9,79.62,191.09
9,125,48.36,116.05
125,9,48.36,116.05
9,126,92.58,222.2
126,9,92.58,222.2
9,127,46.99,112.79
127,9,46.99,112.79
9,128,37.29,89.48
128,9,37.29,89.48
9,129,28.86,69.27
129,9,28.86,69.27
9,130,6.39,15.34
130,9,6.39,15.34
9,131,30.54,73.3
131,9,30.54,73.3
9,132,19.42,46.62
132,9,19.42,46.62
9,133,54.65,131.17
133,9,54.65,131.17
9,134,36.92,88.62
134,9,36.92,88.62
9,135,39.2,94.09
135,9,39.2,94.09
9,136,27.26,65.41
136,9,27.26,65.41
9,137,87.64,210.35
137,9,87.64,210.35
9,138,83.12,199.49
138,9,83.12,199.49
9,139,34.35,82.43
139,9,34.35,82.43
9,140,29.72,71.32
140,9,29.72,71.32
9,141,43.57,104.57
141,9,43.57,104.57
9,142,85.51,205.24
142,9,85.51,205.24
9,143,45.87,110.1
143,9,45.87,110.1
9,144,27.92,67.0
144,9,27.92,67.0
9,145,21.67,52.01
145,9,21.67,52.01
9,146,80.71,193.71
146,9,80.71,193.71
9,147,88.77,213.05
147,9,88.77,213.05
9,148,73.32,175.98
148,9,73.32,175.98
9,149,46.47,111.53
149,9,46.47,111.53
9,150,48.23,115.76
150,9,48.23,115.76
10,11,28.37,68.09
11,10,28.37,68.09
10,12,16.66,39.99
12,10,16.66,39.99
10,13,12.93,31.02
13,10,12.93,31.02
10,14,25.59,61.41
14,10,25.59,61.41
10,15,57.17,137.22
15,10,57.17,137.22
10,16,47.83,114.78
16,10,47.83,114.78
10,17,51.92,124.62
17,10,51.92,124.62
10,18,61.75,148.21
18,10,61.75,148.21
10,19,60.93,146.22
19,10,60.93,146.22
10,20,48.58,116.59
20,10,48.58,116.59
10,21,51.85,124.43
21,10,51.85,124.43
10,22,86.69,208.07
22,10,86.69,208.07
10,23,55.42,133.02
23,10,55.42,133.02
10,24,66.42,159.4
24,10,66.42,159.4
10,25,42.53,102.07
25,10,42.53,102.07
10,26,23.39,56.15
26,10,23.39,56.15
10,27,20.28,48.66
27,10,20.28,48.66
10,28,41.15,98.77
28,10,41.15,98.77
10,29,40.39,96.94
29,10,40.39,96.94
10,30,71.38,171.31
30,10,71.38,171.31
10,31,72.65,174.35
31,10,72.65,174.35
10,32,66.97,160.73
32,10,66.97,160.73
10,33,36.0,86.41
33,10,36.0,86.41
10,34,34.58,83.0
34,10,34.58,83.0
10,35,13.62,32.68
35,10,13.62,32.68
10,36,73.62,176.69
36,10,73.62,176.69
10,37,74.8,179.53
37,10,74.8,179.53
10,38,72.02,172.86
38,10,72.02,172.86
10,39,21.35,51.24
39,10,21.35,51.24
10,40,72.48,173.95
40,10,72.48,173.95
10,41,51.11,122.65
41,10,51.11,122.65
10,42,54.31,130.34
42,10,54.31,130.34
10,43,48.76,117.03
43,10,48.76,117.03
10,44,35.37,84.9
44,10,35.37,84.9
10,45,26.55,63.72
45,10,26.55,63.72
10,46,33.7,80.88
46,10,33.7,80.88
10,47,64.68,155.25
47,10,64.68,155.25
10,48,76.95,184.67
48,10,76.95,184.67
10,49,73.69,176.85
49,10,73.69,176.85
10,50,48.85,117.25
50,10,48.85,117.25
10,51,7.29,17.49
51,10,7.29,17.49
10,52,34.41,82.59
52,10,34.41,82.59
10,53,27.71,66.5
53,10,27.71,66.5
10,54,81.82,196.37
54,10,81.82,196.37
10,55,92.55,222.11
55,10,92.55,222.11
10,56,92.18,221.22
56,10,92.18,221.22
10,57,83.25,199.81
57,10,83.25,199.81
10,58,80.74,193.78
58,10,80.74,193.78
10,59,68.44,164.26
59,10,68.44,164.26
10,60,60.97,146.32
60,10,60.97,146.32
10,61,36.62,87.88
61,10,36.62,87.88
10,62,46.13,110.7
62,10,46.13,110.7
10,63,60.24,144.58
63,10,60.24,144.58
10,64,21.82,52.36
64,10,21.82,52.36
10,65,36.24,86.97
65,10,36.24,86.97
10,66,59.22,142.13
66,10,59.22,142.13
10,67,6.49,15.58
67,10,6.49,15.58
10,68,39.87,95.69
68,10,39.87,95.69
10,69,40.39,96.94
69,10,40.39,96.94
10,70,48.25,115.81
70,10,48.25,115.81
10,71,18.89,45.34
71,10,18.89,45.34
10,72,61.57,147.76
72,10,61.57,147.76
10,73,50.35,120.84
73,10,50.35,120.84
10,74,31.52,75.65
74,10,31.52,75.65
10,75,49.21,118.12
75,10,49.21,118.12
10,76,85.93,206.22
76,10,85.93,206.22
10,77,38.32,91.97
77,10,38.32,91.97
10,78,61.57,147.76
78,10,61.57,147.76
10,79,52.25,125.42
79,10,52.25,125.42
10,80,31.76,76.23
80,10,31.76,76.23
10,81,57.92,139.0
81,10,57.92,139.0
10,82,30.31,72.75
82,10,30.31,72.75
10,83,90.37,216.9
83,10,90.37,216.9
10,84,27.78,66.68
84,10,27.78,66.68
10,85,11.73,28.15
85,10,11.73,28.15
10,86,79.47,190.73
86,10,79.47,190.73
10,87,82.1,197.04
87,10,82.1,197.04
10,88,80.68,193.62
88,10,80.68,193.62
10,89,83.03,199.28
89,10,83.03,199.28
10,90,90.42,217.01
90,10,90.42,217.01
10,91,48.12,115.48
91,10,48.12,115.48
10,92,35.63,85.51
92,10,35.63,85.51
10,93,45.83,110.0
93,10,45.83,110.0
10,94,94.79,227.5
94,10,94.79,227.5
10,95,76.78,184.26
95,10,76.78,184.26
10,96,28.07,67.36
96,10,28.07,67.36
10,97,16.39,39.34
97,10,16.39,39.34
10,98,88.12,211.49
98,10,88.12,211.49
10,99,98.14,235.53
99,10,98.14,235.53
10,100,47.37,113.69
100,10,47.37,113.69
10,101,59.37,142.49
101,10,59.37,142.49
10,102,57.19,137.28
102,10,57.19,137.28
10,103,48.07,115.38
103,10,48.07,115.38
10,104,14.71,35.31
104,10,14.71,35.31
10,105,43.75,105.0
105,10,43.75,105.0
10,106,15.01,36.03
106,10,15.01,36.03
10,107,92.73,222.56
107,10,92.73,222.56
10,108,70.86,170.06
108,10,70.86,170.06
10,109,75.09,180.23
109,10,75.09,180.23
10,110,58.39,140.13
110,10,58.39,140.13
10,111,88.54,212.48
111,10,88.54,212.48
10,112,78.31,187.95
112,10,78.31,187.95
10,113,61.24,146.99
113,10,61.24,146.99
10,114,92.89,222.94
114,10,92.89,222.94
10,115,28.99,69.58
115,10,28.99,69.58
10,116,26.85,64.43
116,10,26.85,64.43
10,117,96.94,232.65
117,10,96.94,232.65
10,118,57.01,136.83
118,10,57.01,136.83
10,119,76.97,184.73
119,10,76.97,184.73
10,120,36.09,86.63
120,10,36.09,86.63
10,121,84.38,202.53
121,10,84.38,202.53
10,122,53.92,129.41
122,10,53.92,129.41
10,123,35.31,84.75
123,10,35.31,84.75
10,124,85.99,206.37
124,10,85.99,206.37
10,125,57.8,138.72
125,10,57.8,138.72
10,126,99.19,238.06
126,10,99.19,238.06
10,127,47.2,113.27
127,10,47.2,113.27
10,128,31.29,75.11
128,10,31.29,75.11
10,129,35.47,85.12
129,10,35.47,85.12
10,130,3.4,8.16
130,10,3.4,8.16
10,131,25.77,61.85
131,10,25.77,61.85
10,132,20.94,50.26
132,10,20.94,50.26
10,133,63.89,153.34
133,10,63.89,153.34
10,134,41.3,99.11
134,10,41.3,99.11
10,135,32.37,77.68
135,10,32.37,77.68
10,136,23.27,55.85
136,10,23.27,55.85
10,137,94.48,226.75
137,10,94.48,226.75
10,138,91.34,219.21
138,10,91.34,219.21
10,139,25.39,60.92
139,10,25.39,60.92
10,140,36.48,87.55
140,10,36.48,87.55
10,141,46.41,111.39
141,10,46.41,111.39
10,142,91.93,220.63
142,10,91.93,220.63
10,143,53.04,127.3
143,10,53.04,127.3
10,144,34.61,83.07
144,10,34.61,83.07
10,145,16.3,39.12
145,10,16.3,39.12
10,146,88.74,212.98
146,10,88.74,212.98
10,147,97.43,233.84
147,10,97.43,233.84
10,148,82.81,198.76
148,10,82.81,198.76
10,149,41.53,99.67
149,10,41.53,99.67
10,150,46.45,111.48
150,10,46.45,111.48
11,12,12.16,29.18
12,11,12.16,29.18
11,13,20.03,48.07
13,11,20.03,48.07
11,14,13.18,31.62
14,11,13.18,31.62
11,15,66.94,160.66
15,11,66.94,160.66
11,16,45.5,109.21
16,11,45.5,109.21
11,17,58.45,140.27
17,11,58.45,140.27
11,18,44.43,106.64
18,11,44.43,106.64
11,19,49.63,119.11
19,11,49.63,119.11
11,20,33.58,80.59
20,11,33.58,80.59
11,21,40.02,96.04
21,11,40.02,96.04
11,22,68.0,163.2
22,11,68.0,163.2
11,23,34.98,83.96
23,11,34.98,83.96
11,24,42.81,102.74
24,11,42.81,102.74
11,25,24.88,59.72
25,11,24.88,59.72
11,26,6.37,15.29
26,11,6.37,15.29
11,27,11.99,28.77
27,11,11.99,28.77
11,28,42.57,102.18
28,11,42.57,102.18
11,29,45.45,109.07
29,11,45.45,109.07
11,30,49.75,119.41
30,11,49.75,119.41
11,31,49.53,118.87
31,11,49.53,118.87
11,32,68.03,163.27
32,11,68.03,163.27
11,33,52.74,126.57
33,11,52.74,126.57
11,34,36.93,88.62
34,11,36.93,88.62
11,35,26.53,63.68
35,11,26.53,63.68
11,36,61.07,146.57
36,11,61.07,146.57
11,37,64.9,155.76
37,11,64.9,155.76
11,38,65.3,156.73
38,11,65.3,156.73
11,39,25.16,60.39
39,11,25.16,60.39
11,40,53.88,129.31
40,11,53.88,129.31
11,41,23.1,55.45
41,11,23.1,55.45
11,42,48.29,115.9
42,11,48.29,115.9
11,43,23.33,55.99
43,11,23.33,55.99
11,44,9.47,22.73
44,11,9.47,22.73
11,45,27.68,66.43
45,11,27.68,66.43
11,46,31.61,75.87
46,11,31.61,75.87
11,47,69.92,167.81
47,11,69.92,167.81
11,48,78.72,188.93
48,11,78.72,188.93
11,49,78.88,189.31
49,11,78.88,189.31
11,50,51.69,124.06
50,11,51.69,124.06
11,51,34.91,83.78
51,11,34.91,83.78
11,52,18.22,43.72
52,11,18.22,43.72
11,53,20.38,48.92
53,11,20.38,48.92
11,54,69.11,165.86
54,11,69.11,165.86
11,55,78.99,189.57
55,11,78.99,189.57
11,56,74.94,179.86
56,11,74.94,179.86
11,57,62.21,149.31
57,11,62.21,149.31
11,58,73.3,175.91
58,11,73.3,175.91
11,59,76.77,184.25
59,11,76.77,184.25
11,60,72.31,173.55
60,11,72.31,173.55
11,61,57.89,138.93
61,11,57.89,138.93
11,62,22.48,53.95
62,11,22.48,53.95
11,63,34.01,81.62
63,11,34.01,81.62
11,64,22.13,53.1
64,11,22.13,53.1
11,65,25.12,60.28
65,11,25.12,60.28
11,66,35.81,85.94
66,11,35.81,85.94
11,67,28.05,67.33
67,11,28.05,67.33
11,68,17.92,43.01
68,11,17.92,43.01
11,69,25.23,60.55
69,11,25.23,60.55
11,70,26.37,63.29
70,11,26.37,63.29
11,71,45.21,108.52
71,11,45.21,108.52
11,72,75.6,181.43
72,11,75.6,181.43
11,73,22.21,53.29
73,11,22.21,53.29
11,74,8.47,20.33
74,11,8.47,20.33
11,75,35.03,84.08
75,11,35.03,84.08
11,76,87.67,210.42
76,11,87.67,210.42
11,77,18.01,43.22
77,11,18.01,43.22
11,78,79.95,191.89
78,11,79.95,191.89
11,79,33.99,81.57
79,11,33.99,81.57
11,80,36.19,86.85
80,11,36.19,86.85
11,81,78.79,189.09
81,11,78.79,189.09
11,82,22.89,54.93
82,11,22.89,54.93
11,83,97.52,234.06
83,11,97.52,234.06
11,84,52.43,125.84
84,11,52.43,125.84
11,85,36.79,88.29
85,11,36.79,88.29
11,86,79.04,189.7
86,11,79.04,189.7
11,87,72.36,173.66
87,11,72.36,173.66
11,88,57.56,138.15
88,11,57.56,138.15
11,89,88.34,212.0
89,11,88.34,212.0
11,90,94.61,227.06
90,11,94.61,227.06
11,91,68.0,163.2
91,11,68.0,163.2
11,92,26.58,63.79
92,11,26.58,63.79
11,93,27.16,65.2
93,11,27.16,65.2
11,94,75.43,181.03
94,11,75.43,181.03
11,95,56.38,135.3
95,11,56.38,135.3
11,96,44.93,107.84
96,11,44.93,107.84
11,97,33.28,79.86
97,11,33.28,79.86
11,98,77.4,185.76
98,11,77.4,185.76
11,99,104.63,251.11
99,11,104.63,251.11
11,100,38.13,91.51
100,11,38.13,91.51
11,101,61.69,148.07
101,11,61.69,148.07
11,102,43.01,103.24
102,11,43.01,103.24
11,103,37.38,89.72
103,11,37.38,89.72
11,104,42.58,102.19
104,11,42.58,102.19
11,105,18.06,43.34
105,11,18.06,43.34
11,106,41.63,99.9
106,11,41.63,99.9
11,107,71.75,172.19
107,11,71.75,172.19
11,108,44.09,105.81
108,11,44.09,105.81
11,109,49.68,119.22
109,11,49.68,119.22
11,110,44.27,106.24
110,11,44.27,106.24
11,111,65.43,157.04
111,11,65.43,157.04
11,112,51.54,123.7
112,11,51.54,123.7
11,113,49.49,118.77
113,11,49.49,118.77
11,114,68.46,164.31
114,11,68.46,164.31
11,115,34.97,83.92
115,11,34.97,83.92
11,116,26.0,62.41
116,11,26.0,62.41
11,117,74.35,178.44
117,11,74.35,178.44
11,118,28.64,68.74
118,11,28.64,68.74
11,119,50.07,120.16
119,11,50.07,120.16
11,120,7.75,18.6
120,11,7.75,18.6
11,121,80.0,192.0
121,11,80.0,192.0
11,122,31.09,74.62
122,11,31.09,74.62
11,123,63.68,152.82
123,11,63.68,152.82
11,124,94.02,225.65
124,11,94.02,225.65
11,125,43.59,104.62
125,11,43.59,104.62
11,126,105.96,254.31
126,11,105.96,254.31
11,127,27.12,65.09
127,11,27.12,65.09
11,128,59.6,143.05
128,11,59.6,143.05
11,129,46.25,111.0
129,11,46.25,111.0
11,130,27.49,65.98
130,11,27.49,65.98
11,131,26.9,64.56
131,11,26.9,64.56
11,132,42.8,102.72
132,11,42.8,102.72
11,133,57.6,138.25
133,11,57.6,138.25
11,134,57.08,136.99
134,11,57.08,136.99
11,135,38.53,92.48
135,11,38.53,92.48
11,136,23.31,55.94
136,11,23.31,55.94
11,137,100.51,241.24
137,11,100.51,241.24
11,138,66.29,159.11
138,11,66.29,159.11
11,139,51.99,124.79
139,11,51.99,124.79
11,140,10.89,26.13
140,11,10.89,26.13
11,141,65.07,156.17
141,11,65.07,156.17
11,142,99.62,239.09
142,11,99.62,239.09
11,143,59.95,143.87
143,11,59.95,143.87
11,144,45.26,108.62
144,11,45.26,108.62
11,145,24.52,58.84
145,11,24.52,58.84
11,146,63.2,151.69
146,11,63.2,151.69
11,147,73.93,177.44
147,11,73.93,177.44
11,148,69.64,167.13
148,11,69.64,167.13
11,149,69.53,166.87
149,11,69.53,166.87
11,150,71.95,172.69
150,11,71.95,172.69
12,13,12.41,29.79
13,12,12.41,29.79
12,14,11.23,26.95
14,12,11.23,26.95
12,15,59.15,141.96
15,12,59.15,141.96
12,16,41.82,100.38
16,12,41.82,100.38
12,17,51.61,123.87
17,12,51.61,123.87
12,18,48.5,116.41
18,12,48.5,116.41
12,19,50.51,121.22
19,12,50.51,121.22
12,20,35.92,86.21
20,12,35.92,86.21
12,21,40.84,98.02
21,12,40.84,98.02
12,22,73.21,175.71
22,12,73.21,175.71
12,23,40.74,97.78
23,12,40.74,97.78
12,24,50.77,121.84
24,12,50.77,121.84
12,25,28.43,68.23
25,12,28.43,68.23
12,26,9.02,21.66
26,12,9.02,21.66
12,27,10.15,24.36
27,12,10.15,24.36
12,28,37.09,89.01
28,12,37.09,89.01
12,29,38.65,92.75
29,12,38.65,92.75
12,30,56.5,135.62
30,12,56.5,135.62
12,31,57.23,137.35
31,12,57.23,137.35
12,32,63.62,152.68
32,12,63.62,152.68
12,33,42.41,101.78
33,12,42.41,101.78
12,34,30.65,73.55
34,12,30.65,73.55
12,35,18.98,45.56
35,12,18.98,45.56
12,36,62.87,150.89
36,12,62.87,150.89
12,37,65.43,157.02
37,12,65.43,157.02
12,38,64.3,154.32
38,12,64.3,154.32
12,39,21.46,51.51
39,12,21.46,51.51
12,40,58.87,141.28
40,12,58.87,141.28
12,41,34.46,82.71
41,12,34.46,82.71
12,42,46.47,111.53
42,12,46.47,111.53
12,43,34.6,83.04
43,12,34.6,83.04
12,44,20.56,49.34
44,12,20.56,49.34
12,45,20.85,50.04
45,12,20.85,50.04
12,46,26.83,64.38
46,12,26.83,64.38
12,47,63.87,153.28
47,12,63.87,153.28
12,48,74.22,178.12
48,12,74.22,178.12
12,49,73.01,175.22
49,12,73.01,175.22
12,50,46.06,110.55
50,12,46.06,110.55
12,51,23.62,56.7
51,12,23.62,56.7
12,52,24.31,58.34
52,12,24.31,58.34
12,53,21.62,51.9
53,12,21.62,51.9
12,54,71.12,170.69
54,12,71.12,170.69
12,55,81.56,195.74
55,12,81.56,195.74
12,56,79.41,190.59
56,12,79.41,190.59
12,57,68.73,164.96
57,12,68.73,164.96
12,58,72.78,174.67
58,12,72.78,174.67
12,59,69.68,167.23
59,12,69.68,167.23
12,60,64.08,153.78
60,12,64.08,153.78
12,61,46.57,111.76
61,12,46.57,111.76
12,62,30.16,72.37
62,12,30.16,72.37
12,63,43.79,105.1
63,12,43.79,105.1
12,64,14.49,34.77
64,12,14.49,34.77
12,65,24.53,58.87
65,12,24.53,58.87
12,66,43.56,104.53
66,12,43.56,104.53
12,67,17.81,42.74
67,12,17.81,42.74
12,68,27.26,65.44
68,12,27.26,65.44
12,69,31.46,75.49
69,12,31.46,75.49
12,70,36.06,86.56
70,12,36.06,86.56
12,71,33.06,79.35
71,12,33.06,79.35
12,72,66.52,159.66
72,12,66.52,159.66
12,73,34.36,82.47
73,12,34.36,82.47
12,74,15.08,36.19
74,12,15.08,36.19
12,75,41.19,98.87
75,12,41.19,98.87
12,76,83.31,199.95
76,12,83.31,199.95
12,77,23.0,55.21
77,12,23.0,55.21
12,78,69.62,167.08
78,12,69.62,167.08
12,79,42.37,101.7
79,12,42.37,101.7
12,80,33.86,81.27
80,12,33.86,81.27
12,81,67.78,162.67
81,12,67.78,162.67
12,82,19.77,47.44
82,12,19.77,47.44
12,83,91.14,218.74
83,12,91.14,218.74
12,84,40.46,97.1
84,12,40.46,97.1
12,85,24.65,59.15
85,12,24.65,59.15
12,86,75.46,181.12
86,12,75.46,181.12
12,87,72.93,175.04
87,12,72.93,175.04
12,88,65.32,156.77
88,12,65.32,156.77
12,89,82.56,198.14
89,12,82.56,198.14
12,90,89.34,214.42
90,12,89.34,214.42
12,91,57.14,137.12
91,12,57.14,137.12
12,92,29.74,71.38
92,12,29.74,71.38
12,93,35.31,84.75
93,12,35.31,84.75
12,94,81.08,194.6
94,12,81.08,194.6
12,95,62.46,149.89
95,12,62.46,149.89
12,96,34.31,82.35
96,12,34.31,82.35
12,97,25.46,61.1
97,12,25.46,61.1
12,98,78.53,188.46
98,12,78.53,188.46
12,99,98.56,236.55
99,12,98.56,236.55
12,100,37.47,89.93
100,12,37.47,89.93
12,101,56.6,135.85
101,12,56.6,135.85
12,102,49.17,118.03
102,12,49.17,118.03
12,103,42.17,101.21
103,12,42.17,101.21
12,104,30.5,73.2
104,12,30.5,73.2
12,105,27.27,65.45
105,12,27.27,65.45
12,106,30.88,74.11
106,12,30.88,74.11
12,107,78.31,187.93
107,12,78.31,187.93
12,108,54.29,130.3
108,12,54.29,130.3
12,109,58.93,141.43
109,12,58.93,141.43
12,110,50.43,121.03
110,12,50.43,121.03
12,111,73.23,175.76
111,12,73.23,175.76
12,112,61.74,148.19
112,12,61.74,148.19
12,113,55.65,133.56
113,12,55.65,133.56
12,114,77.12,185.09
114,12,77.12,185.09
12,115,27.06,64.94
115,12,27.06,64.94
12,116,24.84,59.62
116,12,24.84,59.62
12,117,81.88,196.51
117,12,81.88,196.51
12,118,40.62,97.5
118,12,40.62,97.5
12,119,60.4,144.97
119,12,60.4,144.97
12,120,19.69,47.27
120,12,19.69,47.27
12,121,78.17,187.62
121,12,78.17,187.62
12,122,38.36,92.06
122,12,38.36,92.06
12,123,51.79,124.3
123,12,51.79,124.3
12,124,87.27,209.45
124,12,87.27,209.45
12,125,45.86,110.07
125,12,45.86,110.07
12,126,99.8,239.52
126,12,99.8,239.52
12,127,35.96,86.31
127,12,35.96,86.31
12,128,47.64,114.33
128,12,47.64,114.33
12,129,37.44,89.86
129,12,37.44,89.86
12,130,15.42,37.01
130,12,15.42,37.01
12,131,24.9,59.77
131,12,24.9,59.77
12,132,31.09,74.62
132,12,31.09,74.62
12,133,56.21,134.91
133,12,56.21,134.91
12,134,47.13,113.1
134,12,47.13,113.1
12,135,35.65,85.56
135,12,35.65,85.56
12,136,21.11,50.65
136,12,21.11,50.65
12,137,94.59,227.01
137,12,94.59,227.01
12,138,75.35,180.84
138,12,75.35,180.84
12,139,41.39,99.33
139,12,41.39,99.33
12,140,19.9,47.76
140,12,19.9,47.76
12,141,54.48,130.76
141,12,54.48,130.76
12,142,93.06,223.33
142,12,93.06,223.33
12,143,53.02,127.24
143,12,53.02,127.24
12,144,36.45,87.47
144,12,36.45,87.47
12,145,18.47,44.33
145,12,18.47,44.33
12,146,72.59,174.22
146,12,72.59,174.22
12,147,82.02,196.85
147,12,82.02,196.85
12,148,71.9,172.56
148,12,71.9,172.56
12,149,57.42,137.81
149,12,57.42,137.81
12,150,59.96,143.9
150,12,59.96,143.9
13,14,23.63,56.72
14,13,23.63,56.72
13,15,67.09,161.02
15,13,67.09,161.02
13,16,53.02,127.25
16,13,53.02,127.25
13,17,60.63,145.5
17,13,60.63,145.5
13,18,60.83,146.0
18,13,60.83,146.0
13,19,62.82,150.77
19,13,62.82,150.77
13,20,48.33,115.99
20,13,48.33,115.99
13,21,53.18,127.65
21,13,53.18,127.65
13,22,85.44,205.06
22,13,85.44,205.06
13,23,52.74,126.58
23,13,52.74,126.58
13,24,62.07,148.98
24,13,62.07,148.98
13,25,40.71,97.7
25,13,40.71,97.7
13,26,13.81,33.16
26,13,13.81,33.16
13,27,8.87,21.29
27,13,8.87,21.29
13,28,47.5,113.99
28,13,47.5,113.99
13,29,48.1,115.45
29,13,48.1,115.45
13,30,68.31,163.95
30,13,68.31,163.95
13,31,68.68,164.83
31,13,68.68,164.83
13,32,74.08,177.79
32,13,74.08,177.79
13,33,47.49,113.99
33,13,47.49,113.99
13,34,40.84,98.02
34,13,40.84,98.02
13,35,6.76,16.22
35,13,6.76,16.22
13,36,75.24,180.57
36,13,75.24,180.57
13,37,77.63,186.32
37,13,77.63,186.32
13,38,76.17,182.8
38,13,76.17,182.8
13,39,10.19,24.47
39,13,10.19,24.47
13,40,71.11,170.65
40,13,71.11,170.65
13,41,42.96,103.11
41,13,42.96,103.11
13,42,58.26,139.82
42,13,58.26,139.82
13,43,37.03,88.86
43,13,37.03,88.86
13,44,24.62,59.09
44,13,24.62,59.09
13,45,31.35,75.25
45,13,31.35,75.25
13,46,38.02,91.24
46,13,38.02,91.24
13,47,73.25,175.8
47,13,73.25,175.8
13,48,84.5,202.8
48,13,84.5,202.8
13,49,82.39,197.74
49,13,82.39,197.74
13,50,56.11,134.67
50,13,56.11,134.67
13,51,17.03,40.87
51,13,17.03,40.87
13,52,21.64,51.93
52,13,21.64,51.93
13,53,14.83,35.6
53,13,14.83,35.6
13,54,83.5,200.39
54,13,83.5,200.39
13,55,93.96,225.5
55,13,93.96,225.5
13,56,91.75,220.21
56,13,91.75,220.21
13,57,80.65,193.56
57,13,80.65,193.56
13,58,84.74,203.36
58,13,84.74,203.36
13,59,78.1,187.44
59,13,78.1,187.44
13,60,71.44,171.45
60,13,71.44,171.45
13,61,49.19,118.05
61,13,49.19,118.05
13,62,41.4,99.37
62,13,41.4,99.37
13,63,53.96,129.51
63,13,53.96,129.51
13,64,25.19,60.47
64,13,25.19,60.47
13,65,36.86,88.48
65,13,36.86,88.48
13,66,54.91,131.8
66,13,54.91,131.8
13,67,9.16,21.99
67,13,9.16,21.99
13,68,27.61,66.27
68,13,27.61,66.27
13,69,27.47,65.92
69,13,27.47,65.92
13,70,35.7,85.68
70,13,35.7,85.68
13,71,31.8,76.31
71,13,31.8,76.31
13,72,72.81,174.74
72,13,72.81,174.74
13,73,40.3,96.72
73,13,40.3,96.72
13,74,26.11,62.67
74,13,26.11,62.67
13,75,36.33,87.2
75,13,36.33,87.2
13,76,93.59,224.63
76,13,93.59,224.63
13,77,34.93,83.84
77,13,34.93,83.84
13,78,73.84,177.21
78,13,73.84,177.21
13,79,39.37,94.5
79,13,39.37,94.5
13,80,22.41,53.78
80,13,22.41,53.78
13,81,70.59,169.42
81,13,70.59,169.42
13,82,31.83,76.38
82,13,31.83,76.38
13,83,99.92,239.81
83,13,99.92,239.81
13,84,40.7,97.67
84,13,40.7,97.67
13,85,24.5,58.8
85,13,24.5,58.8
13,86,86.25,206.99
86,13,86.25,206.99
13,87,85.12,204.29
87,13,85.12,204.29
13,88,76.77,184.25
88,13,76.77,184.25
13,89,91.9,220.56
89,13,91.9,220.56
13,90,99.0,237.59
90,13,99.0,237.59
13,91,60.56,145.34
91,13,60.56,145.34
13,92,22.93,55.03
92,13,22.93,55.03
13,93,32.99,79.17
93,13,32.99,79.17
13,94,93.24,223.78
94,13,93.24,223.78
13,95,74.48,178.75
95,13,74.48,178.75
13,96,39.31,94.33
96,13,39.31,94.33
13,97,13.48,32.36
97,13,13.48,32.36
13,98,90.79,217.9
98,13,90.79,217.9
13,99,107.54,258.1
99,13,107.54,258.1
13,100,49.64,119.14
100,13,49.64,119.14
13,101,66.77,160.25
101,13,66.77,160.25
13,102,44.31,106.36
102,13,44.31,106.36
13,103,35.54,85.29
103,13,35.54,85.29
13,104,27.21,65.3
104,13,27.21,65.3
13,105,37.71,90.49
105,13,37.71,90.49
13,106,22.44,53.86
106,13,22.44,53.86
13,107,90.23,216.56
107,13,90.23,216.56
13,108,64.1,153.84
108,13,64.1,153.84
13,109,69.53,166.87
109,13,69.53,166.87
13,110,45.57,109.36
110,13,45.57,109.36
13,111,84.68,203.25
111,13,84.68,203.25
13,112,71.55,171.73
112,13,71.55,171.73
13,113,48.96,117.52
113,13,48.96,117.52
13,114,88.14,211.54
114,13,88.14,211.54
13,115,36.23,86.95
115,13,36.23,86.95
13,116,15.0,35.99
116,13,15.0,35.99
13,117,93.47,224.33
117,13,93.47,224.33
13,118,47.63,114.31
118,13,47.63,114.31
13,119,69.82,167.58
119,13,69.82,167.58
13,120,27.48,65.97
120,13,27.48,65.97
13,121,89.7,215.27
121,13,89.7,215.27
13,122,49.87,119.69
122,13,49.87,119.69
13,123,46.26,111.02
123,13,46.26,111.02
13,124,95.77,229.85
124,13,95.77,229.85
13,125,58.27,139.85
125,13,58.27,139.85
13,126,108.69,260.87
126,13,108.69,260.87
13,127,34.44,82.65
127,13,34.44,82.65
13,128,42.66,102.39
128,13,42.66,102.39
13,129,45.02,108.06
129,13,45.02,108.06
13,130,14.47,34.73
130,13,14.47,34.73
13,131,14.39,34.53
131,13,14.39,34.53
13,132,33.31,79.94
132,13,33.31,79.94
13,133,68.03,163.27
133,13,68.03,163.27
13,134,52.66,126.38
134,13,52.66,126.38
13,135,23.86,57.28
135,13,23.86,57.28
13,136,11.13,26.72
136,13,11.13,26.72
13,137,103.71,248.9
137,13,103.71,248.9
13,138,86.12,206.68
138,13,86.12,206.68
13,139,32.46,77.89
139,13,32.46,77.89
13,140,30.26,72.61
140,13,30.26,72.61
13,141,58.59,140.61
141,13,58.59,140.61
13,142,101.66,243.99
142,13,101.66,243.99
13,143,61.91,148.58
143,13,61.91,148.58
13,144,44.08,105.78
144,13,44.08,105.78
13,145,6.19,14.86
145,13,6.19,14.86
13,146,83.12,199.49
146,13,83.12,199.49
13,147,93.36,224.06
147,13,93.36,224.06
13,148,84.29,202.29
148,13,84.29,202.29
13,149,53.38,128.1
149,13,53.38,128.1
13,150,59.32,142.37
150,13,59.32,142.37
14,15,53.87,129.29
15,14,53.87,129.29
14,16,32.76,78.63
16,14,32.76,78.63
14,17,45.28,108.67
17,14,45.28,108.67
14,18,37.33,89.59
18,14,37.33,89.59
14,19,39.52,94.85
19,14,39.52,94.85
14,20,24.7,59.27
20,14,24.7,59.27
14,21,29.81,71.53
21,14,29.81,71.53
14,22,62.12,149.08
22,14,62.12,149.08
14,23,30.0,72.01
23,14,30.0,72.01
14,24,40.84,98.02
24,14,40.84,98.02
14,25,17.36,41.67
25,14,17.36,41.67
14,26,15.48,37.16
26,14,15.48,37.16
14,27,19.59,47.01
27,14,19.59,47.01
14,28,29.43,70.63
28,14,29.43,70.63
14,29,32.3,77.51
29,14,32.3,77.51
14,30,45.92,110.21
30,14,45.92,110.21
14,31,47.06,112.94
31,14,47.06,112.94
14,32,55.18,132.43
32,14,55.18,132.43
14,33,41.09,98.61
33,14,41.09,98.61
14,34,23.76,57.03
34,14,23.76,57.03
14,35,30.2,72.47
35,14,30.2,72.47
14,36,51.76,124.22
36,14,51.76,124.22
14,37,54.58,131.0
37,14,54.58,131.0
14,38,53.96,129.5
38,14,53.96,129.5
14,39,32.29,77.5
39,14,32.29,77.5
14,40,47.78,114.67
40,14,47.78,114.67
14,41,28.85,69.25
41,14,28.85,69.25
14,42,36.38,87.31
42,14,36.38,87.31
14,43,35.68,85.64
43,14,35.68,85.64
14,44,22.43,53.84
44,14,22.43,53.84
14,45,14.73,35.36
45,14,14.73,35.36
14,46,18.49,44.37
46,14,18.49,44.37
14,47,56.77,136.25
47,14,56.77,136.25
14,48,65.87,158.09
48,14,65.87,158.09
14,49,65.76,157.82
49,14,65.76,157.82
14,50,38.56,92.54
50,14,38.56,92.54
14,51,32.88,78.9
51,14,32.88,78.9
14,52,30.78,73.87
52,14,30.78,73.87
14,53,30.72,73.72
53,14,30.72,73.72
14,54,60.0,143.99
54,14,60.0,143.99
14,55,70.38,168.92
55,14,70.38,168.92
14,56,68.22,163.72
56,14,68.22,163.72
14,57,57.97,139.14
57,14,57.97,139.14
14,58,62.29,149.49
58,14,62.29,149.49
14,59,63.61,152.65
59,14,63.61,152.65
14,60,59.32,142.37
60,14,59.32,142.37
14,61,47.43,113.84
61,14,47.43,113.84
14,62,20.82,49.96
62,14,20.82,49.96
14,63,35.48,85.16
63,14,35.48,85.16
14,64,10.0,24.01
64,14,10.0,24.01
14,65,13.62,32.68
65,14,13.62,32.68
14,66,33.66,80.79
66,14,33.66,80.79
14,67,28.3,67.93
67,14,28.3,67.93
14,68,31.09,74.62
68,14,31.09,74.62
14,69,37.98,91.14
69,14,37.98,91.14
14,70,39.46,94.7
70,14,39.46,94.7
14,71,38.24,91.77
71,14,38.24,91.77
14,72,62.89,150.92
72,14,62.89,150.92
14,73,31.87,76.49
73,14,31.87,76.49
14,74,8.58,20.6
74,14,8.58,20.6
14,75,47.83,114.81
75,14,47.83,114.81
14,76,74.88,179.72
76,14,74.88,179.72
14,77,12.75,30.61
77,14,12.75,30.61
14,78,68.02,163.25
78,14,68.02,163.25
14,79,47.16,113.19
79,14,47.16,113.19
14,80,44.55,106.93
80,14,44.55,106.93
14,81,67.59,162.23
81,14,67.59,162.23
14,82,9.96,23.9
82,14,9.96,23.9
14,83,84.37,202.48
83,14,84.37,202.48
14,84,43.84,105.21
84,14,43.84,105.21
14,85,30.02,72.05
85,14,30.02,72.05
14,86,66.49,159.58
86,14,66.49,159.58
14,87,62.1,149.04
87,14,62.1,149.04
14,88,55.1,132.24
88,14,55.1,132.24
14,89,75.24,180.56
89,14,75.24,180.56
14,90,81.6,195.84
90,14,81.6,195.84
14,91,56.72,136.13
91,14,56.72,136.13
14,92,38.14,91.53
92,14,38.14,91.53
14,93,40.31,96.75
93,14,40.31,96.75
14,94,70.05,168.12
94,14,70.05,168.12
14,95,51.6,123.84
95,14,51.6,123.84
14,96,33.78,81.06
96,14,33.78,81.06
14,97,36.6,87.84
97,14,36.6,87.84
14,98,67.58,162.18
98,14,67.58,162.18
14,99,91.5,219.61
99,14,91.5,219.61
14,100,26.81,64.34
100,14,26.81,64.34
14,101,48.67,116.8
101,14,48.67,116.8
14,102,55.81,133.97
102,14,55.81,133.97
14,103,49.8,119.51
103,14,49.8,119.51
14,104,37.31,89.55
104,14,37.31,89.55
14,105,19.5,46.81
105,14,19.5,46.81
14,106,40.54,97.29
106,14,40.54,97.29
14,107,67.52,162.04
107,14,67.52,162.04
14,108,46.59,111.8
108,14,46.59,111.8
14,109,49.76,119.43
109,14,49.76,119.43
14,110,57.07,136.97
110,14,57.07,136.97
14,111,62.97,151.13
111,14,62.97,151.13
14,112,54.04,129.69
112,14,54.04,129.69
14,113,62.29,149.5
113,14,62.29,149.5
14,114,67.32,161.57
114,14,67.32,161.57
14,115,22.18,53.24
115,14,22.18,53.24
14,116,35.02,84.04
116,14,35.02,84.04
14,117,71.44,171.46
117,14,71.44,171.46
14,118,36.38,87.3
118,14,36.38,87.3
14,119,52.7,126.47
119,14,52.7,126.47
14,120,17.45,41.87
120,14,17.45,41.87
14,121,68.24,163.77
121,14,68.24,163.77
14,122,28.35,68.03
122,14,28.35,68.03
14,123,58.98,141.55
123,14,58.98,141.55
14,124,80.85,194.04
124,14,80.85,194.04
14,125,34.66,83.18
125,14,34.66,83.18
14,126,92.83,222.79
126,14,92.83,222.79
14,127,40.3,96.71
127,14,40.3,96.71
14,128,54.58,130.98
128,14,54.58,130.98
14,129,33.64,80.74
129,14,33.64,80.74
14,130,23.26,55.83
130,14,23.26,55.83
14,131,35.35,84.85
131,14,35.35,84.85
14,132,33.64,80.73
132,14,33.64,80.73
14,133,45.99,110.39
133,14,45.99,110.39
14,134,45.03,108.08
134,14,45.03,108.08
14,135,46.5,111.59
135,14,46.5,111.59
14,136,31.52,75.64
136,14,31.52,75.64
14,137,87.4,209.77
137,14,87.4,209.77
14,138,65.84,158.02
138,14,65.84,158.02
14,139,50.97,122.33
139,14,50.97,122.33
14,140,13.4,32.15
140,14,13.4,32.15
14,141,53.51,128.42
141,14,53.51,128.42
14,142,86.46,207.49
142,14,86.46,207.49
14,143,46.78,112.28
143,14,46.78,112.28
14,144,32.67,78.4
144,14,32.67,78.4
14,145,29.65,71.15
145,14,29.65,71.15
14,146,63.36,152.07
146,14,63.36,152.07
14,147,71.86,172.45
147,14,71.86,172.45
14,148,60.74,145.78
148,14,60.74,145.78
14,149,63.37,152.09
149,14,63.37,152.09
14,150,63.12,151.48
150,14,63.12,151.48
15,16,28.08,67.4
16,15,28.08,67.4
15,17,9.93,23.84
17,15,9.93,23.84
15,18,56.17,134.82
18,15,56.17,134.82
15,19,44.06,105.74
19,15,44.06,105.74
15,20,49.31,118.36
20,15,49.31,118.36
15,21,43.95,105.48
21,15,43.95,105.48
15,22,72.34,173.62
22,15,72.34,173.62
15,23,60.3,144.72
23,15,60.3,144.72
15,24,72.25,173.39
24,15,72.25,173.39
15,25,53.54,128.5
25,15,53.54,128.5
15,26,65.9,158.16
26,15,65.9,158.16
15,27,68.92,165.42
27,15,68.92,165.42
15,28,25.96,62.29
28,15,25.96,62.29
15,29,21.74,52.18
29,15,21.74,52.18
15,30,70.05,168.13
30,15,70.05,168.13
15,31,74.55,178.91
31,15,74.55,178.91
15,32,20.99,50.38
32,15,20.99,50.38
15,33,23.27,55.85
33,15,23.27,55.85
15,34,30.26,72.63
34,15,30.26,72.63
15,35,70.43,169.05
35,15,70.43,169.05
15,36,51.21,122.91
36,15,51.21,122.91
15,37,46.34,111.22
37,15,46.34,111.22
15,38,38.59,92.63
38,15,38.59,92.63
15,39,77.17,185.21
39,15,77.17,185.21
15,40,63.62,152.68
40,15,63.62,152.68
15,41,76.93,184.64
41,15,76.93,184.64
15,42,33.36,80.07
42,15,33.36,80.07
15,43,86.64,207.95
43,15,86.64,207.95
15,44,73.62,176.7
44,15,73.62,176.7
15,45,39.28,94.27
45,15,39.28,94.27
15,46,36.26,87.03
46,15,36.26,87.03
15,47,11.97,28.73
47,15,11.97,28.73
15,48,25.66,61.59
48,15,25.66,61.59
15,49,18.52,44.44
49,15,18.52,44.44
15,50,18.52,44.46
50,15,18.52,44.46
15,51,60.3,144.72
51,15,60.3,144.72
15,52,81.6,195.86
52,15,81.6,195.86
15,53,80.35,192.86
53,15,80.35,192.86
15,54,56.01,134.41
54,15,56.01,134.41
15,55,64.79,155.5
55,15,64.79,155.5
15,56,72.65,174.36
56,15,72.65,174.36
15,57,75.83,181.99
57,15,75.83,181.99
15,58,44.68,107.22
58,15,44.68,107.22
15,59,11.35,27.24
59,15,11.35,27.24
15,60,6.05,14.51
60,15,6.05,14.51
15,61,30.34,72.82
61,15,30.34,72.82
15,62,63.67,152.8
62,15,63.67,152.8
15,63,76.08,182.58
63,15,76.08,182.58
15,64,45.16,108.38
64,15,45.16,108.38
15,65,46.04,110.5
65,15,46.04,110.5
15,66,68.1,163.43
66,15,68.1,163.43
15,67,63.66,152.79
67,15,63.66,152.79
15,68,82.29,197.5
68,15,82.29,197.5
15,69,88.85,213.25
69,15,88.85,213.25
15,70,90.66,217.59
70,15,90.66,217.59
15,71,46.75,112.2
71,15,46.75,112.2
15,72,12.65,30.36
72,15,12.65,30.36
15,73,81.76,196.22
73,15,81.76,196.22
15,74,58.78,141.08
74,15,58.78,141.08
15,75,98.71,236.93
75,15,98.71,236.93
15,76,32.56,78.14
76,15,32.56,78.14
15,77,57.23,137.36
77,15,57.23,137.36
15,78,24.8,59.51
78,15,24.8,59.51
15,79,98.35,236.03
79,15,98.35,236.03
15,80,88.68,212.84
80,15,88.68,212.84
15,81,31.08,74.59
81,15,31.08,74.59
15,82,43.21,103.7
82,15,43.21,103.7
15,83,33.23,79.76
83,15,33.23,79.76
15,84,40.45,97.08
84,15,40.45,97.08
15,85,47.49,113.97
85,15,47.49,113.97
15,86,31.0,74.39
86,15,31.0,74.39
15,87,50.06,120.16
87,15,50.06,120.16
15,88,79.63,191.1
88,15,79.63,191.1
15,89,26.83,64.4
89,15,26.83,64.4
15,90,34.58,82.98
90,15,34.58,82.98
15,91,25.44,61.05
91,15,25.44,61.05
15,92,88.31,211.94
92,15,88.31,211.94
15,93,91.46,219.52
93,15,91.46,219.52
15,94,79.59,191.01
94,15,79.59,191.01
15,95,70.19,168.45
95,15,70.19,168.45
15,96,29.68,71.23
96,15,29.68,71.23
15,97,72.55,174.13
97,15,72.55,174.13
15,98,55.88,134.11
98,15,55.88,134.11
15,99,41.04,98.51
99,15,41.04,98.51
15,100,39.89,95.75
100,15,39.89,95.75
15,101,16.52,39.65
101,15,16.52,39.65
15,102,106.69,256.09
102,15,106.69,256.09
15,103,100.38,240.91
103,15,100.38,240.91
15,104,52.47,125.94
104,15,52.47,125.94
15,105,66.48,159.55
105,15,66.48,159.55
15,106,65.42,157.01
106,15,65.42,157.01
15,107,82.24,197.36
107,15,82.24,197.36
15,108,87.82,210.78
108,15,87.82,210.78
15,109,82.78,198.68
109,15,82.78,198.68
15,110,107.95,259.09
110,15,107.95,259.09
15,111,85.02,204.05
111,15,85.02,204.05
15,112,92.86,222.86
112,15,92.86,222.86
15,113,113.17,271.62
113,15,113.17,271.62
15,114,92.29,221.48
114,15,92.29,221.48
15,115,32.22,77.32
115,15,32.22,77.32
15,116,82.05,196.93
116,15,82.05,196.93
15,117,89.73,215.35
117,15,89.73,215.35
15,118,85.07,204.17
118,15,85.07,204.17
15,119,95.94,230.26
119,15,95.94,230.26
15,120,68.13,163.52
120,15,68.13,163.52
15,121,41.26,99.03
121,15,41.26,99.03
15,122,64.6,155.03
122,15,64.6,155.03
15,123,62.43,149.83
123,15,62.43,149.83
15,124,28.82,69.16
124,15,28.82,69.16
15,125,48.99,117.57
125,15,48.99,117.57
15,126,42.05,100.92
126,15,42.05,100.92
15,127,91.49,219.59
127,15,91.49,219.59
15,128,58.94,141.46
128,15,58.94,141.46
15,129,22.07,52.96
129,15,22.07,52.96
15,130,54.13,129.91
130,15,54.13,129.91
15,131,81.46,195.51
131,15,81.46,195.51
15,132,38.66,92.78
132,15,38.66,92.78
15,133,34.85,83.63
133,15,34.85,83.63
15,134,18.58,44.58
134,15,18.58,44.58
15,135,89.43,214.64
135,15,89.43,214.64
15,136,78.16,187.58
136,15,78.16,187.58
15,137,37.54,90.09
137,15,37.54,90.09
15,138,93.17,223.61
138,15,93.17,223.61
15,139,70.8,169.92
139,15,70.8,169.92
15,140,62.58,150.19
140,15,62.58,150.19
15,141,22.22,53.32
141,15,22.22,53.32
15,142,34.76,83.41
142,15,34.76,83.41
15,143,8.46,20.31
143,15,8.46,20.31
15,144,23.02,55.25
144,15,23.02,55.25
15,145,72.43,173.84
145,15,72.43,173.84
15,146,92.97,223.12
146,15,92.97,223.12
15,147,92.81,222.76
147,15,92.81,222.76
15,148,57.58,138.19
148,15,57.58,138.19
15,149,58.57,140.57
149,15,58.57,140.57
15,150,44.81,107.55
150,15,44.81,107.55
16,17,18.17,43.6
17,16,18.17,43.6
16,18,28.85,69.23
18,16,28.85,69.23
16,19,18.79,45.09
19,16,18.79,45.09
16,20,21.32,51.16
20,16,21.32,51.16
16,21,16.01,38.42
21,16,16.01,38.42
16,22,48.88,117.31
22,16,48.88,117.31
16,23,32.22,77.32
23,16,32.22,77.32
16,24,44.27,106.25
24,16,44.27,106.25
16,25,26.62,63.89
25,16,26.62,63.89
16,26,47.08,113.0
26,16,47.08,113.0
16,27,50.1,120.26
27,16,50.1,120.26
16,28,7.72,18.54
28,16,7.72,18.54
16,29,12.3,29.51
29,16,12.3,29.51
16,30,42.8,102.71
30,16,42.8,102.71
16,31,47.0,112.79
31,16,47.0,112.79
16,32,22.55,54.11
32,16,22.55,54.11
16,33,31.73,76.15
33,16,31.73,76.15
16,34,13.43,32.24
34,16,13.43,32.24
16,35,57.06,136.96
35,16,57.06,136.96
16,36,29.86,71.66
36,16,29.86,71.66
16,37,28.54,68.49
37,16,28.54,68.49
16,38,24.38,58.51
38,16,24.38,58.51
16,39,61.26,147.04
39,16,61.26,147.04
16,40,37.66,90.39
40,16,37.66,90.39
16,41,50.8,121.93
41,16,50.8,121.93
16,42,8.05,19.33
42,16,8.05,19.33
16,43,65.51,157.22
43,16,65.51,157.22
16,44,54.02,129.65
44,16,54.02,129.65
16,45,21.78,52.26
45,16,21.78,52.26
16,46,15.04,36.09
46,16,15.04,36.09
16,47,26.04,62.49
47,16,26.04,62.49
16,48,33.23,79.75
48,16,33.23,79.75
16,49,34.34,82.41
49,16,34.34,82.41
16,50,9.59,23.01
50,16,9.59,23.01
16,51,53.72,128.93
51,16,53.72,128.93
16,52,62.78,150.7
52,16,62.78,150.7
16,53,61.6,147.86
53,16,61.6,147.86
16,54,37.17,89.21
54,16,37.17,89.21
16,55,47.76,114.63
55,16,47.76,114.63
16,56,51.47,123.52
56,16,51.47,123.52
16,57,50.25,120.59
57,16,50.25,120.59
16,58,33.09,79.41
58,16,33.09,79.41
16,59,34.59,83.02
59,16,34.59,83.02
16,60,34.12,81.89
60,16,34.12,81.89
16,61,41.83,100.39
61,16,41.83,100.39
16,62,36.68,88.02
62,16,36.68,88.02
16,63,48.17,115.61
63,16,48.17,115.61
16,64,26.34,63.22
64,16,26.34,63.22
16,65,20.96,50.3
65,16,20.96,50.3
16,66,40.02,96.05
66,16,40.02,96.05
16,67,52.8,126.74
67,16,52.8,126.74
16,68,63.04,151.3
68,16,63.04,151.3
16,69,70.03,168.09
69,16,70.03,168.09
16,70,70.81,169.95
70,16,70.81,169.95
16,71,47.48,113.94
71,16,47.48,113.94
16,72,40.26,96.61
72,16,40.26,96.61
16,73,58.22,139.74
73,16,58.22,139.74
16,74,38.17,91.6
74,16,38.17,91.6
16,75,79.89,191.77
75,16,79.89,191.77
16,76,42.17,101.21
76,16,42.17,101.21
16,77,31.84,76.41
77,16,31.84,76.41
16,78,50.39,120.95
78,16,50.39,120.95
16,79,79.1,189.84
79,16,79.1,189.84
16,80,73.68,176.83
80,16,73.68,176.83
16,81,54.1,129.85
81,16,54.1,129.85
16,82,22.81,54.74
82,16,22.81,54.74
16,83,53.22,127.73
83,16,53.22,127.73
16,84,46.44,111.45
84,16,46.44,111.45
16,85,43.21,103.71
85,16,43.21,103.71
16,86,33.76,81.03
86,16,33.76,81.03
16,87,35.27,84.65
87,16,35.27,84.65
16,88,52.74,126.56
88,16,52.74,126.56
16,89,43.49,104.38
89,16,43.49,104.38
16,90,49.31,118.35
90,16,49.31,118.35
16,91,44.7,107.27
91,16,44.7,107.27
16,92,69.49,166.78
92,16,69.49,166.78
16,93,72.5,174.0
93,16,72.5,174.0
16,94,56.87,136.5
94,16,56.87,136.5
16,95,44.06,105.74
95,16,44.06,105.74
16,96,30.81,73.94
96,16,30.81,73.94
16,97,62.53,150.1
97,16,62.53,150.1
16,98,41.54,99.7
98,16,41.54,99.7
16,99,59.86,143.66
99,16,59.86,143.66
16,100,11.85,28.44
100,16,11.85,28.44
16,101,16.82,40.36
101,16,16.82,40.36
16,102,87.87,210.93
102,16,87.87,210.93
16,103,81.56,195.75
103,16,81.56,195.75
16,104,50.9,122.17
104,16,50.9,122.17
16,105,40.62,97.5
105,16,40.62,97.5
16,106,60.92,146.21
106,16,60.92,146.21
16,107,57.92,139.01
107,16,57.92,139.01
16,108,59.76,143.43
108,16,59.76,143.43
16,109,54.87,131.7
109,16,54.87,131.7
16,110,89.13,213.93
110,16,89.13,213.93
16,111,58.87,141.28
111,16,58.87,141.28
16,112,64.79,155.51
112,16,64.79,155.51
16,113,94.35,226.46
113,16,94.35,226.46
16,114,65.76,157.82
114,16,65.76,157.82
16,115,19.41,46.58
115,16,19.41,46.58
16,116,64.96,155.93
116,16,64.96,155.93
16,117,64.72,155.34
117,16,64.72,155.34
16,118,59.11,141.87
118,16,59.11,141.87
16,119,67.9,162.97
119,16,67.9,162.97
16,120,47.18,113.23
120,16,47.18,113.23
16,121,36.77,88.25
121,16,36.77,88.25
16,122,36.66,87.99
122,16,36.66,87.99
16,123,68.69,164.86
123,16,68.69,164.86
16,124,50.35,120.83
124,16,50.35,120.83
16,125,21.68,52.03
125,16,21.68,52.03
16,126,61.27,147.06
126,16,61.27,147.06
16,127,72.17,173.2
127,16,72.17,173.2
16,128,64.29,154.31
128,16,64.29,154.31
16,129,21.28,51.08
129,16,21.28,51.08
16,130,44.43,106.64
130,16,44.43,106.64
16,131,64.94,155.88
131,16,64.94,155.88
16,132,38.56,92.55
132,16,38.56,92.55
16,133,16.42,39.42
133,16,16.42,39.42
16,134,31.61,75.87
134,16,31.61,75.87
16,135,75.26,180.63
135,16,75.26,180.63
16,136,61.19,146.86
136,16,61.19,146.86
16,137,55.66,133.58
137,16,55.66,133.58
16,138,66.22,158.92
138,16,66.22,158.92
16,139,69.53,166.88
139,16,69.53,166.88
16,140,40.15,96.36
140,16,40.15,96.36
16,141,40.65,97.56
141,16,40.65,97.56
16,142,55.53,133.27
142,16,55.53,133.27
16,143,19.62,47.09
143,16,19.62,47.09
16,144,21.16,50.78
144,16,21.16,50.78
16,145,57.58,138.2
145,16,57.58,138.2
16,146,65.64,157.53
146,16,65.64,157.53
16,147,67.22,161.33
147,16,67.22,161.33
16,148,38.5,92.4
148,16,38.5,92.4
16,149,68.63,164.7
149,16,68.63,164.7
16,150,60.15,144.37
150,16,60.15,144.37
17,18,46.51,111.63
18,17,46.51,111.63
17,19,34.81,83.55
19,17,34.81,83.55
17,20,39.38,94.52
20,17,39.38,94.52
17,21,34.09,81.83
21,17,34.09,81.83
17,22,63.87,153.3
22,17,63.87,153.3
17,23,50.38,120.9
23,17,50.38,120.9
17,24,62.39,149.74
24,17,62.39,149.74
17,25,43.75,105.0
25,17,43.75,105.0
17,26,57.34,137.62
26,17,57.34,137.62
17,27,60.36,144.88
27,17,60.36,144.88
17,28,16.43,39.44
28,17,16.43,39.44
17,29,13.06,31.34
29,17,13.06,31.34
17,30,60.44,145.06
30,17,60.44,145.06
17,31,64.85,155.64
31,17,64.85,155.64
17,32,17.34,41.61
32,17,17.34,41.61
17,33,22.45,53.89
33,17,22.45,53.89
17,34,21.52,51.65
34,17,21.52,51.65
17,35,64.65,155.16
35,17,64.65,155.16
17,36,43.07,103.36
36,17,43.07,103.36
17,37,39.02,93.65
37,17,39.02,93.65
17,38,31.89,76.53
38,17,31.89,76.53
17,39,70.81,169.95
39,17,70.81,169.95
17,40,54.37,130.49
40,17,54.37,130.49
17,41,67.7,162.48
41,17,67.7,162.48
17,42,23.86,57.26
42,17,23.86,57.26
17,43,78.08,187.41
43,17,78.08,187.41
17,44,65.06,156.16
44,17,65.06,156.16
17,45,31.06,74.55
45,17,31.06,74.55
17,46,27.15,65.15
46,17,27.15,65.15
17,47,12.76,30.63
47,17,12.76,30.63
17,48,25.69,61.66
48,17,25.69,61.66
17,49,21.82,52.37
49,17,21.82,52.37
17,50,8.59,20.62
50,17,8.59,20.62
17,51,56.03,134.47
51,17,56.03,134.47
17,52,73.04,175.32
52,17,73.04,175.32
17,53,71.86,172.48
53,17,71.86,172.48
17,54,48.67,116.8
54,17,48.67,116.8
17,55,58.16,139.58
55,17,58.16,139.58
17,56,64.87,155.68
56,17,64.87,155.68
17,57,66.75,160.19
57,17,66.75,160.19
17,58,39.11,93.86
58,17,39.11,93.86
17,59,18.33,43.99
59,17,18.33,43.99
17,60,15.98,38.35
60,17,15.98,38.35
17,61,31.69,76.06
61,17,31.69,76.06
17,62,53.89,129.33
62,17,53.89,129.33
17,63,66.15,158.77
63,17,66.15,158.77
17,64,36.6,87.84
64,17,36.6,87.84
17,65,36.51,87.63
65,17,36.51,87.63
17,66,58.17,139.61
66,17,58.17,139.61
17,67,58.31,139.95
67,17,58.31,139.95
17,68,73.73,176.96
68,17,73.73,176.96
17,69,80.29,192.71
69,17,80.29,192.71
17,70,82.1,197.05
70,17,82.1,197.05
17,71,44.57,106.97
71,17,44.57,106.97
17,72,22.18,53.24
72,17,22.18,53.24
17,73,73.2,175.68
73,17,73.2,175.68
17,74,50.22,120.54
74,17,50.22,120.54
17,75,90.15,216.39
75,17,90.15,216.39
17,76,34.36,82.46
76,17,34.36,82.46
17,77,47.94,115.06
77,17,47.94,115.06
17,78,33.18,79.64
78,17,33.18,79.64
17,79,89.79,215.49
79,17,89.79,215.49
17,80,82.73,198.55
80,17,82.73,198.55
17,81,38.17,91.6
81,17,38.17,91.6
17,82,34.65,83.16
82,17,34.65,83.16
17,83,39.53,94.87
83,17,39.53,94.87
17,84,40.02,96.04
84,17,40.02,96.04
17,85,43.56,104.54
85,17,43.56,104.54
17,86,29.53,70.87
86,17,29.53,70.87
17,87,43.74,104.98
87,17,43.74,104.98
17,88,70.15,168.36
88,17,70.15,168.36
17,89,31.29,75.09
89,17,31.29,75.09
17,90,38.53,92.47
90,17,38.53,92.47
17,91,30.36,72.87
91,17,30.36,72.87
17,92,79.75,191.4
92,17,79.75,191.4
17,93,82.9,198.98
93,17,82.9,198.98
17,94,71.39,171.34
94,17,71.39,171.34
17,95,60.92,146.21
95,17,60.92,146.21
17,96,26.44,63.46
96,17,26.44,63.46
17,97,68.07,163.37
97,17,68.07,163.37
17,98,49.88,119.71
98,17,49.88,119.71
17,99,47.01,112.82
99,17,47.01,112.82
17,100,29.96,71.92
100,17,29.96,71.92
17,101,10.25,24.61
101,17,10.25,24.61
17,102,98.13,235.55
102,17,98.13,235.55
17,103,91.82,220.37
103,17,91.82,220.37
17,104,49.68,119.24
104,17,49.68,119.24
17,105,57.22,137.33
105,17,57.22,137.33
17,106,61.97,148.73
106,17,61.97,148.73
17,107,73.57,176.56
107,17,73.57,176.56
17,108,77.89,186.95
108,17,77.89,186.95
17,109,72.96,175.1
109,17,72.96,175.1
17,110,99.39,238.55
110,17,99.39,238.55
17,111,75.79,181.89
111,17,75.79,181.89
17,112,82.96,199.1
112,17,82.96,199.1
17,113,104.61,251.08
113,17,104.61,251.08
17,114,82.95,199.07
114,17,82.95,199.07
17,115,24.61,59.07
115,17,24.61,59.07
17,116,75.22,180.55
116,17,75.22,180.55
17,117,80.87,194.09
117,17,80.87,194.09
17,118,76.07,182.56
118,17,76.07,182.56
17,119,86.02,206.46
119,17,86.02,206.46
17,120,59.57,142.98
120,17,59.57,142.98
17,121,37.86,90.87
121,17,37.86,90.87
17,122,54.67,131.21
122,17,54.67,131.21
17,123,62.83,150.79
123,17,62.83,150.79
17,124,35.71,85.71
124,17,35.71,85.71
17,125,39.31,94.34
125,17,39.31,94.34
17,126,48.22,115.72
126,17,48.22,115.72
17,127,82.93,199.05
127,17,82.93,199.05
17,128,58.91,141.39
128,17,58.91,141.39
17,129,16.71,40.09
129,17,16.71,40.09
17,130,48.68,116.83
130,17,48.68,116.83
17,131,74.98,179.95
131,17,74.98,179.95
17,132,35.74,85.78
132,17,35.74,85.78
17,133,26.76,64.23
133,17,26.76,64.23
17,134,19.46,46.69
134,17,19.46,46.69
17,135,83.76,201.03
135,17,83.76,201.03
17,136,71.45,171.48
136,17,71.45,171.48
17,137,43.11,103.46
137,17,43.11,103.46
17,138,83.69,200.86
138,17,83.69,200.86
17,139,68.58,164.6
139,17,68.58,164.6
17,140,54.02,129.65
140,17,54.02,129.65
17,141,26.51,63.62
141,17,26.51,63.62
17,142,41.45,99.49
142,17,41.45,99.49
17,143,1.56,3.74
143,17,1.56,3.74
17,144,17.45,41.89
144,17,17.45,41.89
17,145,66.29,159.11
145,17,66.29,159.11
17,146,83.36,200.07
146,17,83.36,200.07
17,147,83.78,201.07
147,17,83.78,201.07
17,148,50.2,120.49
148,17,50.2,120.49
17,149,60.39,144.93
149,17,60.39,144.93
17,150,48.54,116.5
150,17,48.54,116.5
18,19,13.43,32.23
19,18,13.43,32.23
18,20,13.24,31.77
20,18,13.24,31.77
18,21,13.29,31.89
21,18,13.29,31.89
18,22,24.94,59.86
22,18,24.94,59.86
18,23,10.76,25.81
23,18,10.76,25.81
18,24,17.23,41.36
24,18,17.23,41.36
18,25,20.15,48.36
25,18,20.15,48.36
18,26,49.98,119.95
26,18,49.98,119.95
18,27,55.31,132.73
27,18,55.31,132.73
18,28,34.53,82.87
28,18,34.53,82.87
18,29,40.07,96.16
29,18,40.07,96.16
18,30,13.96,33.5
30,18,13.96,33.5
18,31,18.39,44.13
31,18,18.39,44.13
18,32,43.2,103.69
32,18,43.2,103.69
18,33,58.95,141.49
33,18,58.95,141.49
18,34,36.22,86.93
34,18,36.22,86.93
18,35,67.48,161.95
35,18,67.48,161.95
18,36,18.71,44.91
36,18,18.71,44.91
18,37,24.9,59.77
37,18,24.9,59.77
18,38,29.55,70.93
38,18,29.55,70.93
18,39,68.69,164.85
39,18,68.69,164.85
18,40,10.8,25.92
40,18,10.8,25.92
18,41,35.26,84.63
41,18,35.26,84.63
18,42,22.86,54.86
42,18,22.86,54.86
18,43,55.2,132.49
43,18,55.2,132.49
18,44,49.08,117.79
44,18,49.08,117.79
18,45,37.76,90.62
45,18,37.76,90.62
18,46,32.03,76.87
46,18,32.03,76.87
18,47,50.92,122.2
47,18,50.92,122.2
18,48,51.73,124.16
48,18,51.73,124.16
18,49,57.01,136.83
49,18,57.01,136.83
18,50,38.19,91.65
50,18,38.19,91.65
18,51,68.91,165.38
51,18,68.91,165.38
18,52,61.24,146.98
52,18,61.24,146.98
18,53,64.81,155.55
53,18,64.81,155.55
18,54,25.78,61.87
54,18,25.78,61.87
18,55,34.85,83.64
55,18,34.85,83.64
18,56,30.92,74.21
56,18,30.92,74.21
18,57,22.74,54.57
57,18,22.74,54.57
18,58,34.74,83.38
58,18,34.74,83.38
18,59,60.39,144.93
59,18,60.39,144.93
18,60,62.09,149.01
60,18,62.09,149.01
18,61,68.68,164.83
61,18,68.68,164.83
18,62,23.57,56.58
62,18,23.57,56.58
18,63,25.94,62.25
63,18,25.94,62.25
18,64,40.37,96.9
64,18,40.37,96.9
18,65,25.61,61.47
65,18,25.61,61.47
18,66,16.38,39.31
66,18,16.38,39.31
18,67,65.39,156.94
67,18,65.39,156.94
18,68,57.36,137.66
68,18,57.36,137.66
18,69,67.2,161.27
69,18,67.2,161.27
18,70,62.59,150.21
70,18,62.59,150.21
18,71,68.93,165.43
71,18,68.93,165.43
18,72,68.68,164.83
72,18,68.68,164.83
18,73,44.89,107.73
73,18,44.89,107.73
18,74,36.12,86.7
74,18,36.12,86.7
18,75,76.28,183.08
75,18,76.28,183.08
18,76,58.71,140.9
76,18,58.71,140.9
18,77,26.53,63.68
77,18,26.53,63.68
18,78,79.23,190.14
78,18,79.23,190.14
18,79,71.52,171.66
79,18,71.52,171.66
18,80,80.41,192.97
80,18,80.41,192.97
18,81,82.83,198.79
81,18,82.83,198.79
18,82,31.65,75.95
82,18,31.65,75.95
18,83,74.72,179.32
83,18,74.72,179.32
18,84,70.75,169.79
84,18,70.75,169.79
18,85,62.27,149.45
85,18,62.27,149.45
18,86,48.75,117.01
86,18,48.75,117.01
18,87,31.33,75.2
87,18,31.33,75.2
18,88,23.93,57.43
88,18,23.93,57.43
18,89,64.43,154.63
89,18,64.43,154.63
18,90,67.91,162.98
90,18,67.91,162.98
18,91,73.1,175.44
91,18,73.1,175.44
18,92,70.44,169.06
92,18,70.44,169.06
18,93,66.38,159.31
93,18,66.38,159.31
18,94,33.05,79.32
94,18,33.05,79.32
18,95,16.15,38.75
95,18,16.15,38.75
18,96,55.77,133.84
96,18,55.77,133.84
18,97,73.93,177.42
97,18,73.93,177.42
18,98,35.0,83.99
98,18,35.0,83.99
18,99,79.78,191.47
99,18,79.78,191.47
18,100,18.64,44.74
100,18,18.64,44.74
18,101,41.54,99.7
101,18,41.54,99.7
18,102,82.15,197.15
102,18,82.15,197.15
18,103,79.55,190.91
103,18,79.55,190.91
18,104,70.36,168.86
104,18,70.36,168.86
18,105,29.21,70.1
105,18,29.21,70.1
18,106,76.69,184.05
106,18,76.69,184.05
18,107,31.68,76.02
107,18,31.68,76.02
18,108,34.51,82.82
108,18,34.51,82.82
18,109,27.09,65.03
109,18,27.09,65.03
18,110,85.52,205.24
110,18,85.52,205.24
18,111,30.46,73.1
111,18,30.46,73.1
18,112,37.96,91.09
112,18,37.96,91.09
18,113,90.74,217.77
113,18,90.74,217.77
18,114,37.05,88.91
114,18,37.05,88.91
18,115,41.1,98.63
115,18,41.1,98.63
18,116,70.32,168.77
116,18,70.32,168.77
18,117,37.3,89.52
117,18,37.3,89.52
18,118,39.43,94.62
118,18,39.43,94.62
18,119,42.49,101.97
119,18,42.49,101.97
18,120,41.16,98.77
120,18,41.16,98.77
18,121,44.11,105.87
121,18,44.11,105.87
18,122,16.83,40.38
122,18,16.83,40.38
18,123,90.94,218.27
123,18,90.94,218.27
18,124,73.17,175.6
124,18,73.17,175.6
18,125,7.21,17.3
125,18,7.21,17.3
18,126,81.34,195.22
126,18,81.34,195.22
18,127,65.08,156.2
127,18,65.08,156.2
18,128,86.4,207.35
128,18,86.4,207.35
18,129,48.21,115.71
129,18,48.21,115.71
18,130,58.85,141.25
130,18,58.85,141.25
18,131,71.06,170.54
131,18,71.06,170.54
18,132,61.19,146.86
132,18,61.19,146.86
18,133,25.51,61.23
133,18,25.51,61.23
18,134,59.8,143.51
134,18,59.8,143.51
18,135,82.63,198.3
135,18,82.63,198.3
18,136,67.32,161.58
136,18,67.32,161.58
18,137,75.58,181.4
137,18,75.58,181.4
18,138,37.38,89.7
138,18,37.38,89.7
18,139,86.78,208.27
139,18,86.78,208.27
18,140,34.17,82.0
140,18,34.17,82.0
18,141,69.08,165.79
141,18,69.08,165.79
18,142,77.29,185.51
142,18,77.29,185.51
18,143,47.83,114.8
143,18,47.83,114.8
18,144,47.77,114.64
144,18,47.77,114.64
18,145,66.68,160.03
145,18,66.68,160.03
18,146,36.85,88.45
146,18,36.85,88.45
18,147,39.15,93.97
147,18,39.15,93.97
18,148,25.98,62.35
148,18,25.98,62.35
18,149,92.87,222.88
149,18,92.87,222.88
18,150,86.99,208.78
150,18,86.99,208.78
19,20,16.29,39.09
20,19,16.29,39.09
19,21,9.73,23.36
21,19,9.73,23.36
19,22,30.09,72.23
22,19,30.09,72.23
19,23,21.95,52.68
23,19,21.95,52.68
19,24,30.66,73.58
24,19,30.66,73.58
19,25,25.09,60.22
25,19,25.09,60.22
19,26,54.21,130.1
26,19,54.21,130.1
19,27,58.95,141.48
27,19,58.95,141.48
19,28,25.97,62.33
28,19,25.97,62.33
19,29,31.03,74.48
29,19,31.03,74.48
19,30,26.5,63.6
30,19,26.5,63.6
19,31,31.35,75.24
31,19,31.35,75.24
19,32,29.8,71.53
32,19,29.8,71.53
19,33,50.47,121.15
33,19,50.47,121.15
19,34,29.81,71.55
34,19,29.81,71.55
19,35,69.08,165.79
35,19,69.08,165.79
19,36,12.7,30.47
36,19,12.7,30.47
19,37,15.27,36.65
37,19,15.27,36.65
19,38,17.25,41.39
38,19,17.25,41.39
19,39,71.81,172.35
39,19,71.81,172.35
19,40,19.57,46.97
40,19,19.57,46.97
19,41,45.89,110.13
41,19,45.89,110.13
19,42,11.16,26.78
42,19,11.16,26.78
19,43,64.52,154.85
43,19,64.52,154.85
19,44,56.11,134.67
44,19,56.11,134.67
19,45,34.71,83.31
45,19,34.71,83.31
19,46,27.78,66.66
46,19,27.78,66.66
19,47,37.82,90.76
47,19,37.82,90.76
19,48,38.36,92.07
48,19,38.36,92.07
19,49,43.61,104.68
49,19,43.61,104.68
19,50,27.06,64.95
50,19,27.06,64.95
19,51,67.39,161.76
51,19,67.39,161.76
19,52,67.57,162.17
52,19,67.57,162.17
19,53,69.58,167.0
53,19,69.58,167.0
19,54,20.9,50.17
54,19,20.9,50.17
19,55,31.62,75.89
55,19,31.62,75.89
19,56,33.1,79.44
56,19,33.1,79.44
19,57,31.95,76.68
57,19,31.95,76.68
19,58,24.11,57.85
58,19,24.11,57.85
19,59,47.34,113.61
59,19,47.34,113.61
19,60,49.81,119.54
60,19,49.81,119.54
19,61,60.55,145.33
61,19,60.55,145.33
19,62,32.43,77.82
62,19,32.43,77.82
19,63,38.51,92.42
63,19,38.51,92.42
19,64,39.14,93.94
64,19,39.14,93.94
19,65,25.98,62.36
65,19,25.98,62.36
19,66,29.04,69.69
66,19,29.04,69.69
19,67,65.6,157.46
67,19,65.6,157.46
19,68,64.96,155.9
68,19,64.96,155.9
19,69,74.15,177.96
69,19,74.15,177.96
19,70,71.29,171.1
70,19,71.29,171.1
19,71,64.37,154.49
71,19,64.37,154.49
19,72,56.7,136.07
72,19,56.7,136.07
19,73,55.04,132.1
73,19,55.04,132.1
19,74,41.2,98.87
74,19,41.2,98.87
19,75,83.64,200.76
75,19,83.64,200.76
19,76,45.58,109.4
76,19,45.58,109.4
19,77,32.08,76.98
77,19,32.08,76.98
19,78,67.97,163.13
78,19,67.97,163.13
19,79,80.15,192.36
79,19,80.15,192.36
19,80,84.06,201.75
80,19,84.06,201.75
19,81,72.38,173.71
81,19,72.38,173.71
19,82,31.17,74.8
82,19,31.17,74.8
19,83,61.3,147.11
83,19,61.3,147.11
19,84,64.48,154.76
84,19,64.48,154.76
19,85,58.9,141.35
85,19,58.9,141.35
19,86,35.66,85.58
86,19,35.66,85.58
19,87,22.74,54.58
87,19,22.74,54.58
19,88,35.67,85.6
88,19,35.67,85.6
19,89,51.01,122.42
89,19,51.01,122.42
19,90,54.65,131.15
90,19,54.65,131.15
19,91,63.31,151.95
91,19,63.31,151.95
19,92,76.21,182.9
92,19,76.21,182.9
19,93,74.36,178.46
93,19,74.36,178.46
19,94,38.12,91.49
94,19,38.12,91.49
19,95,26.14,62.73
95,19,26.14,62.73
19,96,48.92,117.4
96,19,48.92,117.4
19,97,75.03,180.07
97,19,75.03,180.07
19,98,28.06,67.33
98,19,28.06,67.33
19,99,66.46,159.5
99,19,66.46,159.5
19,100,13.56,32.53
100,19,13.56,32.53
19,101,28.64,68.74
101,19,28.64,68.74
19,102,90.84,218.01
102,19,90.84,218.01
19,103,86.55,207.71
103,19,86.55,207.71
19,104,66.93,160.62
104,19,66.93,160.62
19,105,37.83,90.8
105,19,37.83,90.8
19,106,75.07,180.18
106,19,75.07,180.18
19,107,39.21,94.11
107,19,39.21,94.11
19,108,47.86,114.87
108,19,47.86,114.87
19,109,40.41,96.98
109,19,40.41,96.98
19,110,92.88,222.92
110,19,92.88,222.92
19,111,40.99,98.38
111,19,40.99,98.38
19,112,51.37,123.29
112,19,51.37,123.29
19,113,98.1,235.45
113,19,98.1,235.45
19,114,48.23,115.74
114,19,48.23,115.74
19,115,35.59,85.42
115,19,35.59,85.42
19,116,74.38,178.53
116,19,74.38,178.53
19,117,46.22,110.94
117,19,46.22,110.94
19,118,51.36,123.26
118,19,51.36,123.26
19,119,55.88,134.12
119,19,55.88,134.12
19,120,48.28,115.87
120,19,48.28,115.87
19,121,32.34,77.62
121,19,32.34,77.62
19,122,28.01,67.23
122,19,28.01,67.23
19,123,86.13,206.71
123,19,86.13,206.71
19,124,59.74,143.38
124,19,59.74,143.38
19,125,7.67,18.4
125,19,7.67,18.4
19,126,68.01,163.23
126,19,68.01,163.23
19,127,73.41,176.18
127,19,73.41,176.18
19,128,81.64,195.94
128,19,81.64,195.94
19,129,39.92,95.8
129,19,39.92,95.8
19,130,57.44,137.86
130,19,57.44,137.86
19,131,74.82,179.57
131,19,74.82,179.57
19,132,55.84,134.01
132,19,55.84,134.01
19,133,12.12,29.08
133,19,12.12,29.08
19,134,50.35,120.85
134,19,50.35,120.85
19,135,86.02,206.44
135,19,86.02,206.44
19,136,70.99,170.37
136,19,70.99,170.37
19,137,62.25,149.39
137,19,62.25,149.39
19,138,49.19,118.06
138,19,49.19,118.06
19,139,84.74,203.38
139,19,84.74,203.38
19,140,40.83,97.98
140,19,40.83,97.98
19,141,59.27,142.25
141,19,59.27,142.25
19,142,63.87,153.29
142,19,63.87,153.29
19,143,35.98,86.36
143,19,35.98,86.36
19,144,39.7,95.28
144,19,39.7,95.28
19,145,68.96,165.5
145,19,68.96,165.5
19,146,49.23,118.15
146,19,49.23,118.15
19,147,48.99,117.57
147,19,48.99,117.57
19,148,21.89,52.54
148,19,21.89,52.54
19,149,86.78,208.27
149,19,86.78,208.27
19,150,78.9,189.37
150,19,78.9,189.37
20,21,7.43,17.84
21,20,7.43,17.84
20,22,38.14,91.53
22,20,38.14,91.53
20,23,11.25,27.0
23,20,11.25,27.0
20,24,23.99,57.57
24,20,23.99,57.57
20,25,8.82,21.16
25,20,8.82,21.16
20,26,38.51,92.42
26,20,38.51,92.42
20,27,43.53,104.47
27,20,43.53,104.47
20,28,24.71,59.31
28,20,24.71,59.31
20,29,30.21,72.51
29,20,30.21,72.51
20,30,25.04,60.09
30,20,25.04,60.09
20,31,28.11,67.46
31,20,28.11,67.46
20,32,41.12,98.68
32,20,41.12,98.68
20,33,47.9,114.97
33,20,47.9,114.97
20,34,24.67,59.2
34,20,24.67,59.2
20,35,54.87,131.69
35,20,54.87,131.69
20,36,27.53,66.07
36,20,27.53,66.07
20,37,31.48,75.55
37,20,31.48,75.55
20,38,33.0,79.2
38,20,33.0,79.2
20,39,56.72,136.12
39,20,56.72,136.12
20,40,24.03,57.68
40,20,24.03,57.68
20,41,31.03,74.48
41,20,31.03,74.48
20,42,18.87,45.29
42,20,18.87,45.29
20,43,48.58,116.59
43,20,48.58,116.59
20,44,39.83,95.59
44,20,39.83,95.59
20,45,24.75,59.4
45,20,24.75,59.4
20,46,19.61,47.06
46,20,19.61,47.06
20,47,46.74,112.18
47,20,46.74,112.18
20,48,51.11,122.67
48,20,51.11,122.67
20,49,54.32,130.36
49,20,54.32,130.36
20,50,30.8,73.91
50,20,30.8,73.91
20,51,55.71,133.69
51,20,55.71,133.69
20,52,51.36,123.27
52,20,51.36,123.27
20,53,53.77,129.04
53,20,53.77,129.04
20,54,35.65,85.56
54,20,35.65,85.56
20,55,45.82,109.98
55,20,45.82,109.98
20,56,43.73,104.94
56,20,43.73,104.94
20,57,35.6,85.44
57,20,35.6,85.44
20,58,40.35,96.84
58,20,40.35,96.84
20,59,55.69,133.65
59,20,55.69,133.65
20,60,55.36,132.87
60,20,55.36,132.87
20,61,57.21,137.31
61,20,57.21,137.31
20,62,16.93,40.62
62,20,16.93,40.62
20,63,26.87,64.48
63,20,26.87,64.48
20,64,27.14,65.13
64,20,27.14,65.13
20,65,12.38,29.71
65,20,12.38,29.71
20,66,18.88,45.32
66,20,18.88,45.32
20,67,52.39,125.75
67,20,52.39,125.75
20,68,48.68,116.83
68,20,48.68,116.83
20,69,57.88,138.92
69,20,57.88,138.92
20,70,55.14,132.34
70,20,55.14,132.34
20,71,55.96,134.31
71,20,55.96,134.31
20,72,61.24,146.97
72,20,61.24,146.97
20,73,39.61,95.07
73,20,39.61,95.07
20,74,25.11,60.27
74,20,25.11,60.27
20,75,67.36,161.68
75,20,67.36,161.68
20,76,59.28,142.27
76,20,59.28,142.27
20,77,15.82,37.96
77,20,15.82,37.96
20,78,70.49,169.17
78,20,70.49,169.17
20,79,63.96,153.51
79,20,63.96,153.51
20,80,68.75,165.0
80,20,68.75,165.0
20,81,73.08,175.39
81,20,73.08,175.39
20,82,18.41,44.18
82,20,18.41,44.18
20,83,72.98,175.16
83,20,72.98,175.16
20,84,58.3,139.92
84,20,58.3,139.92
20,85,49.12,117.89
85,20,49.12,117.89
20,86,49.68,119.22
86,20,49.68,119.22
20,87,38.87,93.29
87,20,38.87,93.29
20,88,35.2,84.48
88,20,35.2,84.48
20,89,62.87,150.88
89,20,62.87,150.88
20,90,67.67,162.4
90,20,67.67,162.4
20,91,62.84,150.82
91,20,62.84,150.82
20,92,60.13,144.31
92,20,60.13,144.31
20,93,58.1,139.43
93,20,58.1,139.43
20,94,46.28,111.06
94,20,46.28,111.06
20,95,28.98,69.55
95,20,28.98,69.55
20,96,43.78,105.08
96,20,43.78,105.08
20,97,61.18,146.84
97,20,61.18,146.84
20,98,43.82,105.17
98,20,43.82,105.17
20,99,79.0,189.61
99,20,79.0,189.61
20,100,9.48,22.74
100,20,9.48,22.74
20,101,37.2,89.27
101,20,37.2,89.27
20,102,74.64,179.14
102,20,74.64,179.14
20,103,70.28,168.68
103,20,70.28,168.68
20,104,57.2,137.27
104,20,57.2,137.27
20,105,21.99,52.77
105,20,21.99,52.77
20,106,63.48,152.36
106,20,63.48,152.36
20,107,44.78,107.46
107,20,44.78,107.46
20,108,38.53,92.48
108,20,38.53,92.48
20,109,34.65,83.17
109,20,34.65,83.17
20,110,76.6,183.84
110,20,76.6,183.84
20,111,42.47,101.93
111,20,42.47,101.93
20,112,43.88,105.32
112,20,43.88,105.32
20,113,81.82,196.37
113,20,81.82,196.37
20,114,48.36,116.06
114,20,48.36,116.06
20,115,28.84,69.21
115,20,28.84,69.21
20,116,58.86,141.26
116,20,58.86,141.26
20,117,49.97,119.94
117,20,49.97,119.94
20,118,38.35,92.03
118,20,38.35,92.03
20,119,46.65,111.95
119,20,46.65,111.95
20,120,32.0,76.79
120,20,32.0,76.79
20,121,48.11,115.46
121,20,48.11,115.46
20,122,15.36,36.85
122,20,15.36,36.85
20,123,77.96,187.09
123,20,77.96,187.09
20,124,70.61,169.47
124,20,70.61,169.47
20,125,10.09,24.23
125,20,10.09,24.23
20,126,80.5,193.2
126,20,80.5,193.2
20,127,57.18,137.24
127,20,57.18,137.24
20,128,73.41,176.17
128,20,73.41,176.17
20,129,37.34,89.62
129,20,37.34,89.62
20,130,45.64,109.55
130,20,45.64,109.55
20,131,59.43,142.63
131,20,59.43,142.63
20,132,48.5,116.4
132,20,48.5,116.4
20,133,26.21,62.89
133,20,26.21,62.89
20,134,49.5,118.79
134,20,49.5,118.79
20,135,70.84,170.01
135,20,70.84,170.01
20,136,55.62,133.49
136,20,55.62,133.49
20,137,74.75,179.41
137,20,74.75,179.41
20,138,48.0,115.19
138,20,48.0,115.19
20,139,73.54,176.51
139,20,73.54,176.51
20,140,24.54,58.89
140,20,24.54,58.89
20,141,58.91,141.38
141,20,58.91,141.38
20,142,75.43,181.03
142,20,75.43,181.03
20,143,40.87,98.09
143,20,40.87,98.09
20,144,36.75,88.19
144,20,36.75,88.19
20,145,54.32,130.37
145,20,54.32,130.37
20,146,46.67,112.02
146,20,46.67,112.02
20,147,51.38,123.31
147,20,51.38,123.31
20,148,36.28,87.08
148,20,36.28,87.08
20,149,80.22,192.54
149,20,80.22,192.54
20,150,75.31,180.74
150,20,75.31,180.74
21,22,36.3,87.13
22,21,36.3,87.13
21,23,16.7,40.07
23,21,16.7,40.07
21,24,28.3,67.92
24,21,28.3,67.92
21,25,15.87,38.08
25,21,15.87,38.08
21,26,44.5,106.79
26,21,44.5,106.79
21,27,49.22,118.12
27,21,49.22,118.12
21,28,21.25,51.0
28,21,21.25,51.0
21,29,26.8,64.32
29,21,26.8,64.32
21,30,27.06,64.94
30,21,27.06,64.94
21,31,31.07,74.56
31,21,31.07,74.56
21,32,34.03,81.67
32,21,34.03,81.67
21,33,45.69,109.65
33,21,45.69,109.65
21,34,23.19,55.65
34,21,23.19,55.65
21,35,59.51,142.82
35,21,59.51,142.82
21,36,22.07,52.97
36,21,22.07,52.97
21,37,24.94,59.86
37,21,24.94,59.86
21,38,25.73,61.75
38,21,25.73,61.75
21,39,62.1,149.03
39,21,62.1,149.03
21,40,23.28,55.86
40,21,23.28,55.86
21,41,38.4,92.16
41,21,38.4,92.16
21,42,11.84,28.42
42,21,11.84,28.42
21,43,55.96,134.3
43,21,55.96,134.3
21,44,46.81,112.34
44,21,46.81,112.34
21,45,26.18,62.84
45,21,26.18,62.84
21,46,19.7,47.28
46,21,19.7,47.28
21,47,40.24,96.58
47,21,40.24,96.58
21,48,43.84,105.22
48,21,43.84,105.22
21,49,47.44,113.86
49,21,47.44,113.86
21,50,25.57,61.36
50,21,25.57,61.36
21,51,58.72,140.94
51,21,58.72,140.94
21,52,58.05,139.33
52,21,58.05,139.33
21,53,59.88,143.71
53,21,59.88,143.71
21,54,30.33,72.8
54,21,30.33,72.8
21,55,40.91,98.18
55,21,40.91,98.18
21,56,40.74,97.78
56,21,40.74,97.78
21,57,35.73,85.75
57,21,35.73,85.75
21,58,33.36,80.06
58,21,33.36,80.06
21,59,49.42,118.61
59,21,49.42,118.61
21,60,49.96,119.91
60,21,49.96,119.91
21,61,55.46,133.11
61,21,55.46,133.11
21,62,24.35,58.44
62,21,24.35,58.44
21,63,33.28,79.86
63,21,33.28,79.86
21,64,30.03,72.07
64,21,30.03,72.07
21,65,16.32,39.17
65,21,16.32,39.17
21,66,24.51,58.82
66,21,24.51,58.82
21,67,56.29,135.09
67,21,56.29,135.09
21,68,55.75,133.79
68,21,55.75,133.79
21,69,64.73,155.36
69,21,64.73,155.36
21,70,62.41,149.79
70,21,62.41,149.79
21,71,56.84,136.41
71,21,56.84,136.41
21,72,56.24,134.98
72,21,56.24,134.98
21,73,47.04,112.91
73,21,47.04,112.91
21,74,31.62,75.89
74,21,31.62,75.89
21,75,74.3,178.33
75,21,74.3,178.33
21,76,51.91,124.58
76,21,51.91,124.58
21,77,22.74,54.58
77,21,22.74,54.58
21,78,66.31,159.15
78,21,66.31,159.15
21,79,71.19,170.86
79,21,71.19,170.86
21,80,74.34,178.41
80,21,74.34,178.41
21,81,69.65,167.17
81,21,69.65,167.17
21,82,21.73,52.15
82,21,21.73,52.15
21,83,65.97,158.32
83,21,65.97,158.32
21,84,57.98,139.15
84,21,57.98,139.15
21,85,50.75,121.79
85,21,50.75,121.79
21,86,42.26,101.44
86,21,42.26,101.44
21,87,32.44,77.86
87,21,32.44,77.86
21,88,37.16,89.18
88,21,37.16,89.18
21,89,55.79,133.89
89,21,55.79,133.89
21,90,60.4,144.95
90,21,60.4,144.95
21,91,59.84,143.61
91,21,59.84,143.61
21,92,66.58,159.8
92,21,66.58,159.8
21,93,65.21,156.5
93,21,65.21,156.5
21,94,44.54,106.89
94,21,44.54,106.89
21,95,29.24,70.17
95,21,29.24,70.17
21,96,42.77,102.64
96,21,42.77,102.64
21,97,65.55,157.33
97,21,65.55,157.33
21,98,37.78,90.68
98,21,37.78,90.68
21,99,71.83,172.39
99,21,71.83,172.39
21,100,5.46,13.1
100,21,5.46,13.1
21,101,30.66,73.6
101,21,30.66,73.6
21,102,81.86,196.46
102,21,81.86,196.46
21,103,77.1,185.04
103,21,77.1,185.04
21,104,58.84,141.23
104,21,58.84,141.23
21,105,29.41,70.59
105,21,29.41,70.59
21,106,66.43,159.44
106,21,66.43,159.44
21,107,44.23,106.16
107,21,44.23,106.16
21,108,44.24,106.17
108,21,44.24,106.17
21,109,38.87,93.3
109,21,38.87,93.3
21,110,83.54,200.49
110,21,83.54,200.49
21,111,43.73,104.96
111,21,43.73,104.96
21,112,48.94,117.47
112,21,48.94,117.47
21,113,88.76,213.02
113,21,88.76,213.02
21,114,50.31,120.75
114,21,50.31,120.75
21,115,28.4,68.17
115,21,28.4,68.17
21,116,64.65,155.17
116,21,64.65,155.17
21,117,50.34,120.82
117,21,50.34,120.82
21,118,45.23,108.54
118,21,45.23,108.54
21,119,52.4,125.75
119,21,52.4,125.75
21,120,39.07,93.77
120,21,39.07,93.77
21,121,40.79,97.9
121,21,40.79,97.9
21,122,21.9,52.57
122,21,21.9,52.57
21,123,78.81,189.14
123,21,78.81,189.14
21,124,63.77,153.05
124,21,63.77,153.05
21,125,6.69,16.06
125,21,6.69,16.06
21,126,73.34,176.02
126,21,73.34,176.02
21,127,64.38,154.5
127,21,64.38,154.5
21,128,74.27,178.26
128,21,74.27,178.26
21,129,34.94,83.87
129,21,34.94,83.87
21,130,48.7,116.89
130,21,48.7,116.89
21,131,65.09,156.21
131,21,65.09,156.21
21,132,48.72,116.92
132,21,48.72,116.92
21,133,18.78,45.06
133,21,18.78,45.06
21,134,46.52,111.65
134,21,46.52,111.65
21,135,76.3,183.12
135,21,76.3,183.12
21,136,61.26,147.01
136,21,61.26,147.01
21,137,67.58,162.19
137,21,67.58,162.19
21,138,50.52,121.25
138,21,50.52,121.25
21,139,76.15,182.75
139,21,76.15,182.75
21,140,31.59,75.82
140,21,31.59,75.82
21,141,55.82,133.97
141,21,55.82,133.97
21,142,68.45,164.27
142,21,68.45,164.27
21,143,35.5,85.2
143,21,35.5,85.2
21,144,34.52,82.84
144,21,34.52,82.84
21,145,59.31,142.33
145,21,59.31,142.33
21,146,49.76,119.42
146,21,49.76,119.42
21,147,52.38,125.7
147,21,52.38,125.7
21,148,31.19,74.85
148,21,31.19,74.85
21,149,80.22,192.53
149,21,80.22,192.53
21,150,73.81,177.14
150,21,73.81,177.14
22,23,33.03,79.26
23,22,33.03,79.26
22,24,28.49,68.37
24,22,28.49,68.37
22,25,44.78,107.48
25,22,44.78,107.48
22,26,73.91,177.39
26,22,73.91,177.39
22,27,79.4,190.57
27,22,79.4,190.57
22,28,55.99,134.37
28,22,55.99,134.37
22,29,61.12,146.7
29,22,61.12,146.7
22,30,19.67,47.21
30,22,19.67,47.21
22,31,22.77,54.65
31,22,22.77,54.65
22,32,54.2,130.07
32,22,54.2,130.07
22,33,80.56,193.36
33,22,80.56,193.36
22,34,59.22,142.13
34,22,59.22,142.13
22,35,92.14,221.14
35,22,92.14,221.14
22,36,21.26,51.03
36,22,21.26,51.03
22,37,27.47,65.93
37,22,27.47,65.93
22,38,35.63,85.52
38,22,35.63,85.52
22,39,92.84,222.81
39,22,92.84,222.81
22,40,14.34,34.43
40,22,14.34,34.43
22,41,53.09,127.43
41,22,53.09,127.43
22,42,41.09,98.62
42,22,41.09,98.62
22,43,72.54,174.11
43,22,72.54,174.11
22,44,71.14,170.74
44,22,71.14,170.74
22,45,62.23,149.34
45,22,62.23,149.34
22,46,55.99,134.37
46,22,55.99,134.37
22,47,63.82,153.18
47,22,63.82,153.18
22,48,59.05,141.72
48,22,59.05,141.72
22,49,66.99,160.77
49,22,66.99,160.77
22,50,56.76,136.21
50,22,56.76,136.21
22,51,93.84,225.21
51,22,93.84,225.21
22,52,83.52,200.46
52,22,83.52,200.46
22,53,88.16,211.58
53,22,88.16,211.58
22,54,19.41,46.57
54,22,19.41,46.57
22,55,19.81,47.54
55,22,19.81,47.54
22,56,8.22,19.73
56,22,8.22,19.73
22,57,9.8,23.51
57,22,9.8,23.51
22,58,34.6,83.05
58,22,34.6,83.05
22,59,73.1,175.45
59,22,73.1,175.45
22,60,77.65,186.37
60,22,77.65,186.37
22,61,90.62,217.5
61,22,90.62,217.5
22,62,45.78,109.86
62,22,45.78,109.86
22,63,40.76,97.82
63,22,40.76,97.82
22,64,65.24,156.56
64,22,65.24,156.56
22,65,50.51,121.23
65,22,50.51,121.23
22,66,33.69,80.86
66,22,33.69,80.86
22,67,90.29,216.7
67,22,90.29,216.7
22,68,78.54,188.49
68,22,78.54,188.49
22,69,88.74,212.97
69,22,88.74,212.97
22,70,80.62,193.5
70,22,80.62,193.5
22,71,93.13,223.51
71,22,93.13,223.51
22,72,84.9,203.75
72,22,84.9,203.75
22,73,61.48,147.57
73,22,61.48,147.57
22,74,60.03,144.08
74,22,60.03,144.08
22,75,96.18,230.84
75,22,96.18,230.84
22,76,63.02,151.24
76,22,63.02,151.24
22,77,50.65,121.56
77,22,50.65,121.56
22,78,96.92,232.62
78,22,96.92,232.62
22,79,89.1,213.85
79,22,89.1,213.85
22,80,104.19,250.04
80,22,104.19,250.04
22,81,101.94,244.66
81,22,101.94,244.66
22,82,56.53,135.66
82,22,56.53,135.66
22,83,81.49,195.58
83,22,81.49,195.58
22,84,94.1,225.83
84,22,94.1,225.83
22,85,86.84,208.41
85,22,86.84,208.41
22,86,53.93,129.44
86,22,53.93,129.44
22,87,28.22,67.74
87,22,28.22,67.74
22,88,18.65,44.76
88,22,18.65,44.76
22,89,71.79,172.29
89,22,71.79,172.29
22,90,72.66,174.38
90,22,72.66,174.38
22,91,93.22,223.73
91,22,93.22,223.73
22,92,92.98,223.14
92,22,92.98,223.14
22,93,85.7,205.69
93,22,85.7,205.69
22,94,8.24,19.76
94,22,8.24,19.76
22,95,12.38,29.71
95,22,12.38,29.71
22,96,78.67,188.81
96,22,78.67,188.81
22,97,98.67,236.81
97,22,98.67,236.81
22,98,26.9,64.56
98,22,26.9,64.56
22,99,84.52,202.84
99,22,84.52,202.84
22,100,41.66,99.98
100,22,41.66,99.98
22,101,55.95,134.28
101,22,55.95,134.28
22,102,99.12,237.9
102,22,99.12,237.9
22,103,100.02,240.07
103,22,100.02,240.07
22,104,94.94,227.87
104,22,94.94,227.87
22,105,51.01,122.43
105,22,51.01,122.43
22,106,101.62,243.88
106,22,101.62,243.88
22,107,10.22,24.53
107,22,10.22,24.53
22,108,42.01,100.83
108,22,42.01,100.83
22,109,30.6,73.43
109,22,30.6,73.43
22,110,104.24,250.19
110,22,104.24,250.19
22,111,16.65,39.96
111,22,16.65,39.96
22,112,40.5,97.19
112,22,40.5,97.19
22,113,109.83,263.61
113,22,109.83,263.61
22,114,23.97,57.53
114,22,23.97,57.53
22,115,64.66,155.18
115,22,64.66,155.18
22,116,93.99,225.58
116,22,93.99,225.58
22,117,18.26,43.82
117,22,18.26,43.82
22,118,55.87,134.09
118,22,55.87,134.09
22,119,47.5,114.0
119,22,47.5,114.0
22,120,63.5,152.41
120,22,63.5,152.41
22,121,44.53,106.89
121,22,44.53,106.89
22,122,37.37,89.69
122,22,37.37,89.69
22,123,115.11,276.27
123,22,115.11,276.27
22,124,81.45,195.47
124,22,81.45,195.47
22,125,29.69,71.24
125,22,29.69,71.24
22,126,86.09,206.62
126,22,86.09,206.62
22,127,83.75,201.01
127,22,83.75,201.01
22,128,110.57,265.38
128,22,110.57,265.38
22,129,69.97,167.92
129,22,69.97,167.92
22,130,83.78,201.07
130,22,83.78,201.07
22,131,94.89,227.73
131,22,94.89,227.73
22,132,85.0,204.0
132,22,85.0,204.0
22,133,37.51,90.02
133,22,37.51,90.02
22,134,80.39,192.93
134,22,80.39,192.93
22,135,106.52,255.65
135,22,106.52,255.65
22,136,91.24,218.98
136,22,91.24,218.98
22,137,80.72,193.74
137,22,80.72,193.74
22,138,26.82,64.36
138,22,26.82,64.36
22,139,111.67,268.0
139,22,111.67,268.0
22,140,57.25,137.4
140,22,57.25,137.4
22,141,89.19,214.05
141,22,89.19,214.05
22,142,84.11,201.87
142,22,84.11,201.87
22,143,64.85,155.64
143,22,64.85,155.64
22,144,69.71,167.31
144,22,69.71,167.31
22,145,91.16,218.78
145,22,91.16,218.78
22,146,29.23,70.14
146,22,29.23,70.14
22,147,21.88,52.5
147,22,21.88,52.5
22,148,18.05,43.33
148,22,18.05,43.33
22,149,116.39,279.33
149,22,116.39,279.33
22,150,108.99,261.57
150,22,108.99,261.57
23,24,12.89,30.93
24,23,12.89,30.93
23,25,12.98,31.16
25,23,12.98,31.16
23,26,40.89,98.14
26,23,40.89,98.14
23,27,46.4,111.37
27,23,46.4,111.37
23,28,35.96,86.3
28,23,35.96,86.3
23,29,41.46,99.51
29,23,41.46,99.51
23,30,15.96,38.3
30,23,15.96,38.3
23,31,17.83,42.79
31,23,17.83,42.79
23,32,50.4,120.95
32,23,50.4,120.95
23,33,58.89,141.33
33,23,58.89,141.33
23,34,35.64,85.54
34,23,35.64,85.54
23,35,59.48,142.76
35,23,59.48,142.76
23,36,29.41,70.59
36,23,29.41,70.59
23,37,35.29,84.7
37,23,35.29,84.7
23,38,39.07,93.77
38,23,39.07,93.77
23,39,59.84,143.61
39,23,59.84,143.61
23,40,18.92,45.41
40,23,18.92,45.41
23,41,24.59,59.02
41,23,24.59,59.02
23,42,28.45,68.28
42,23,28.45,68.28
23,43,44.45,106.68
43,23,44.45,106.68
23,44,38.78,93.08
44,23,38.78,93.08
23,45,34.3,82.33
45,23,34.3,82.33
23,46,30.17,72.4
46,23,30.17,72.4
23,47,56.93,136.63
47,23,56.93,136.63
23,48,59.79,143.49
48,23,59.79,143.49
23,49,63.98,153.55
49,23,63.98,153.55
23,50,41.79,100.28
50,23,41.79,100.28
23,51,62.7,150.49
51,23,62.7,150.49
23,52,51.07,122.58
52,23,51.07,122.58
23,53,55.22,132.53
53,23,55.22,132.53
23,54,36.52,87.64
54,23,36.52,87.64
23,55,45.32,108.78
55,23,45.32,108.78
23,56,40.02,96.04
56,23,40.02,96.04
23,57,28.0,67.2
57,23,28.0,67.2
23,58,45.01,108.03
58,23,45.01,108.03
23,59,66.11,158.67
59,23,66.11,158.67
23,60,66.34,159.21
60,23,66.34,159.21
23,61,67.99,163.18
61,23,67.99,163.18
23,62,13.12,31.5
62,23,13.12,31.5
23,63,16.78,40.27
63,23,16.78,40.27
23,64,35.29,84.68
64,23,35.29,84.68
23,65,21.08,50.6
65,23,21.08,50.6
23,66,7.83,18.79
66,23,7.83,18.79
23,67,58.28,139.87
67,23,58.28,139.87
23,68,46.84,112.42
68,23,46.84,112.42
23,69,56.8,136.32
69,23,56.8,136.32
23,70,51.87,124.48
70,23,51.87,124.48
23,71,65.15,156.36
71,23,65.15,156.36
23,72,72.36,173.66
72,23,72.36,173.66
23,73,34.16,81.99
73,23,34.16,81.99
23,74,27.03,64.88
74,23,27.03,64.88
23,75,65.76,157.83
75,23,65.76,157.83
23,76,67.38,161.72
76,23,67.38,161.72
23,77,17.81,42.74
77,23,17.81,42.74
23,78,81.73,196.16
78,23,81.73,196.16
23,79,60.8,145.92
79,23,60.8,145.92
23,80,71.17,170.81
80,23,71.17,170.81
23,81,84.29,202.29
81,23,84.29,202.29
23,82,26.84,64.42
82,23,26.84,64.42
23,83,82.32,197.57
83,23,82.32,197.57
23,84,68.33,164.0
84,23,68.33,164.0
23,85,57.76,138.64
85,23,57.76,138.64
23,86,57.51,138.02
86,23,57.51,138.02
23,87,41.97,100.72
87,23,41.97,100.72
23,88,25.56,61.34
88,23,25.56,61.34
23,89,72.08,172.99
89,23,72.08,172.99
23,90,76.25,183.01
90,23,76.25,183.01
23,91,73.99,177.57
91,23,73.99,177.57
23,92,60.41,144.97
92,23,60.41,144.97
23,93,55.75,133.8
93,23,55.75,133.8
23,94,40.6,97.43
94,23,40.6,97.43
23,95,21.74,52.17
95,23,21.74,52.17
23,96,54.33,130.4
96,23,54.33,130.4
23,97,66.12,158.68
97,23,66.12,158.68
23,98,45.75,109.8
98,23,45.75,109.8
23,99,87.91,210.98
99,23,87.91,210.98
23,100,20.43,49.03
100,23,20.43,49.03
23,101,47.36,113.66
101,23,47.36,113.66
23,102,71.41,171.39
102,23,71.41,171.39
23,103,69.09,165.82
103,23,69.09,165.82
23,104,65.68,157.63
104,23,65.68,157.63
23,105,18.69,44.85
105,23,18.69,44.85
23,106,70.43,169.04
106,23,70.43,169.04
23,107,37.57,90.16
107,23,37.57,90.16
23,108,27.59,66.21
108,23,27.59,66.21
23,109,23.49,56.37
109,23,23.49,56.37
23,110,75.0,179.99
110,23,75.0,179.99
23,111,33.28,79.87
111,23,33.28,79.87
23,112,32.67,78.41
112,23,32.67,78.41
23,113,80.22,192.52
113,23,80.22,192.52
23,114,38.39,92.15
114,23,38.39,92.15
23,115,39.34,94.42
115,23,39.34,94.42
23,116,60.98,146.37
116,23,60.98,146.37
23,117,41.52,99.65
117,23,41.52,99.65
23,118,29.41,70.58
118,23,29.41,70.58
23,119,35.74,85.78
119,23,35.74,85.78
23,120,30.93,74.24
120,23,30.93,74.24
23,121,54.0,129.61
121,23,54.0,129.61
23,122,6.2,14.87
122,23,6.2,14.87
23,123,86.95,208.69
123,23,86.95,208.69
23,124,80.3,192.72
124,23,80.3,192.72
23,125,14.29,34.31
125,23,14.29,34.31
23,126,89.44,214.66
126,23,89.44,214.66
23,127,54.4,130.57
127,23,54.4,130.57
23,128,82.43,197.82
128,23,82.43,197.82
23,129,48.43,116.23
129,23,48.43,116.23
23,130,52.83,126.8
130,23,52.83,126.8
23,131,61.86,148.48
131,23,61.86,148.48
23,132,58.28,139.88
132,23,58.28,139.88
23,133,33.76,81.02
133,23,33.76,81.02
23,134,60.66,145.59
134,23,60.66,145.59
23,135,73.49,176.39
135,23,73.49,176.39
23,136,58.22,139.72
136,23,58.22,139.72
23,137,83.67,200.8
137,23,83.67,200.8
23,138,37.6,90.23
138,23,37.6,90.23
23,139,80.79,193.89
139,23,80.79,193.89
23,140,24.31,58.35
140,23,24.31,58.35
23,141,70.07,168.18
141,23,70.07,168.18
23,142,84.84,203.61
142,23,84.84,203.61
23,143,51.84,124.41
143,23,51.84,124.41
23,144,47.8,114.71
144,23,47.8,114.71
23,145,58.31,139.94
145,23,58.31,139.94
23,146,35.93,86.22
146,23,35.93,86.22
23,147,42.24,101.37
147,23,42.24,101.37
23,148,36.67,88.01
148,23,36.67,88.01
23,149,89.89,215.74
149,23,89.89,215.74
23,150,85.9,206.17
150,23,85.9,206.17
24,25,25.05,60.12
25,24,25.05,60.12
24,26,49.11,117.87
26,24,49.11,117.87
24,27,54.75,131.41
27,24,54.75,131.41
24,28,48.6,116.64
28,24,48.6,116.64
24,29,54.14,129.94
29,24,54.14,129.94
24,30,8.9,21.36
30,24,8.9,21.36
24,31,6.77,16.24
31,24,6.77,16.24
24,32,60.39,144.94
32,24,60.39,144.94
24,33,71.77,172.26
33,24,71.77,172.26
24,34,48.52,116.46
34,24,48.52,116.46
24,35,68.81,165.14
35,24,68.81,165.14
24,36,33.67,80.8
36,24,33.67,80.8
24,37,40.72,97.73
37,24,40.72,97.73
24,38,46.36,111.27
38,24,46.36,111.27
24,39,67.94,163.05
39,24,67.94,163.05
24,40,17.71,42.51
40,24,17.71,42.51
24,41,24.64,59.14
41,24,24.64,59.14
24,42,39.41,94.59
42,24,39.41,94.59
24,43,44.09,105.82
43,24,44.09,105.82
24,44,44.08,105.8
44,24,44.08,105.8
24,45,46.93,112.64
45,24,46.93,112.64
24,46,43.04,103.31
46,24,43.04,103.31
24,47,67.84,162.82
47,24,67.84,162.82
24,48,68.95,165.48
48,24,68.95,165.48
24,49,74.19,178.05
49,24,74.19,178.05
24,50,53.85,129.24
50,24,53.85,129.24
24,51,73.7,176.87
51,24,73.7,176.87
24,52,56.36,135.27
52,24,56.36,135.27
24,53,62.0,148.8
53,24,62.0,148.8
24,54,38.8,93.12
54,24,38.8,93.12
24,55,45.28,108.66
55,24,45.28,108.66
24,56,36.55,87.73
56,24,36.55,87.73
24,57,20.46,49.09
57,24,20.46,49.09
24,58,50.55,121.33
58,24,50.55,121.33
24,59,77.24,185.36
59,24,77.24,185.36
24,60,78.25,187.8
60,24,78.25,187.8
24,61,80.87,194.1
61,24,80.87,194.1
24,62,20.68,49.64
62,24,20.68,49.64
24,63,12.28,29.47
63,24,12.28,29.47
24,64,47.36,113.66
64,24,47.36,113.66
24,65,33.69,80.85
65,24,33.69,80.85
24,66,7.22,17.32
66,24,7.22,17.32
24,67,68.57,164.57
67,24,68.57,164.57
24,68,50.19,120.47
68,24,50.19,120.47
24,69,60.35,144.85
69,24,60.35,144.85
24,70,52.17,125.21
70,24,52.17,125.21
24,71,77.43,185.84
71,24,77.43,185.84
24,72,84.52,202.86
72,24,84.52,202.86
24,73,33.03,79.28
73,24,33.03,79.28
24,74,35.98,86.36
74,24,35.98,86.36
24,75,67.73,162.55
75,24,67.73,162.55
24,76,75.77,181.85
76,24,75.77,181.85
24,77,28.1,67.43
77,24,28.1,67.43
24,78,94.29,226.3
78,24,94.29,226.3
24,79,60.65,145.56
79,24,60.65,145.56
24,80,78.38,188.11
80,24,78.38,188.11
24,81,97.06,232.94
81,24,97.06,232.94
24,82,39.22,94.12
82,24,39.22,94.12
24,83,91.95,220.67
83,24,91.95,220.67
24,84,80.99,194.39
84,24,80.99,194.39
24,85,69.8,167.52
85,24,69.8,167.52
24,86,65.82,157.96
86,24,65.82,157.96
24,87,46.11,110.67
87,24,46.11,110.67
24,88,14.75,35.41
88,24,14.75,35.41
24,89,81.66,195.98
89,24,81.66,195.98
24,90,85.06,204.13
90,24,85.06,204.13
24,91,86.82,208.37
91,24,86.82,208.37
24,92,65.87,158.1
92,24,65.87,158.1
24,93,57.25,137.4
93,24,57.25,137.4
24,94,34.5,82.79
94,24,34.5,82.79
24,95,16.15,38.75
95,24,16.15,38.75
24,96,67.18,161.23
96,24,67.18,161.23
24,97,75.55,181.34
97,24,75.55,181.34
24,98,48.38,116.11
98,24,48.38,116.11
24,99,96.96,232.7
99,24,96.96,232.7
24,100,32.75,78.59
100,24,32.75,78.59
24,101,58.36,140.06
101,24,58.36,140.06
24,102,70.67,169.61
102,24,70.67,169.61
24,103,71.57,171.78
103,24,71.57,171.78
24,104,77.57,186.17
104,24,77.57,186.17
24,105,24.79,59.5
105,24,24.79,59.5
24,106,81.3,195.12
106,24,81.3,195.12
24,107,29.58,71.0
107,24,29.58,71.0
24,108,17.44,41.86
108,24,17.44,41.86
24,109,10.68,25.64
109,24,10.68,25.64
24,110,75.79,181.9
110,24,75.79,181.9
24,111,22.64,54.34
111,24,22.64,54.34
24,112,20.84,50.01
112,24,20.84,50.01
24,113,81.38,195.32
113,24,81.38,195.32
24,114,26.48,63.55
114,24,26.48,63.55
24,115,52.2,125.27
115,24,52.2,125.27
24,116,68.19,163.65
116,24,68.19,163.65
24,117,31.55,75.71
117,24,31.55,75.71
24,118,27.42,65.8
118,24,27.42,65.8
24,119,25.3,60.71
119,24,25.3,60.71
24,120,36.98,88.75
120,24,36.98,88.75
24,121,60.39,144.93
121,24,60.39,144.93
24,122,12.5,29.99
122,24,12.5,29.99
24,123,99.05,237.71
123,24,99.05,237.71
24,124,90.38,216.9
124,24,90.38,216.9
24,125,23.84,57.21
125,24,23.84,57.21
24,126,98.53,236.46
126,24,98.53,236.46
24,127,55.3,132.72
127,24,55.3,132.72
24,128,94.55,226.91
128,24,94.55,226.91
24,129,61.29,147.1
129,24,61.29,147.1
24,130,64.08,153.79
130,24,64.08,153.79
24,131,69.32,166.36
131,24,69.32,166.36
24,132,70.87,170.09
132,24,70.87,170.09
24,133,42.74,102.58
133,24,42.74,102.58
24,134,73.48,176.36
134,24,73.48,176.36
24,135,80.87,194.1
135,24,80.87,194.1
24,136,65.91,158.2
136,24,65.91,158.2
24,137,92.77,222.66
137,24,92.77,222.66
24,138,25.17,60.41
138,24,25.17,60.41
24,139,91.77,220.25
139,24,91.77,220.25
24,140,31.99,76.78
140,24,31.99,76.78
24,141,82.89,198.94
141,24,82.89,198.94
24,142,94.52,226.87
142,24,94.52,226.87
24,143,63.8,153.12
143,24,63.8,153.12
24,144,60.67,145.6
144,24,60.67,145.6
24,145,67.17,161.2
145,24,67.17,161.2
24,146,23.17,55.62
146,24,23.17,55.62
24,147,31.29,75.1
147,24,31.29,75.1
24,148,38.42,92.21
148,24,38.42,92.21
24,149,102.35,245.64
149,24,102.35,245.64
24,150,98.75,236.99
150,24,98.75,236.99
25,26,30.06,72.13
26,25,30.06,72.13
25,27,35.26,84.62
27,25,35.26,84.62
25,28,27.73,66.55
28,25,27.73,66.55
25,29,32.74,78.58
29,25,32.74,78.58
25,30,28.91,69.39
30,25,28.91,69.39
25,31,30.66,73.59
31,25,30.66,73.59
25,32,48.12,115.49
32,25,48.12,115.49
25,33,48.19,115.65
33,25,48.19,115.65
25,34,25.47,61.14
34,25,25.47,61.14
25,35,47.38,113.72
35,25,47.38,113.72
25,36,36.2,86.87
36,25,36.2,86.87
25,37,40.3,96.71
37,25,40.3,96.71
25,38,41.6,99.83
38,25,41.6,99.83
25,39,48.59,116.62
39,25,48.59,116.62
25,40,30.44,73.06
40,25,30.44,73.06
25,41,24.18,58.04
41,25,24.18,58.04
25,42,26.25,63.0
42,25,26.25,63.0
25,43,40.26,96.61
43,25,40.26,96.61
25,44,31.03,74.47
44,25,31.03,74.47
25,45,22.06,52.95
45,25,22.06,52.95
25,46,19.33,46.4
46,25,19.33,46.4
25,47,52.65,126.37
47,25,52.65,126.37
25,48,58.45,140.3
48,25,58.45,140.3
25,49,60.78,145.87
49,25,60.78,145.87
25,50,35.42,85.0
50,25,35.42,85.0
25,51,49.8,119.51
51,25,49.8,119.51
25,52,42.56,102.14
52,25,42.56,102.14
25,53,45.18,108.43
53,25,45.18,108.43
25,54,44.23,106.15
54,25,44.23,106.15
25,55,54.19,130.06
55,25,54.19,130.06
25,56,51.06,122.55
56,25,51.06,122.55
25,57,40.73,97.76
57,25,40.73,97.76
25,58,49.11,117.87
58,25,49.11,117.87
25,59,61.12,146.68
59,25,61.12,146.68
25,60,59.53,142.88
60,25,59.53,142.88
25,61,56.7,136.07
61,25,56.7,136.07
25,62,10.14,24.33
62,25,10.14,24.33
25,63,23.62,56.69
63,25,23.62,56.69
25,64,22.38,53.72
64,25,22.38,53.72
25,65,9.01,21.62
65,25,9.01,21.62
25,66,18.32,43.97
66,25,18.32,43.97
25,67,45.64,109.54
67,25,45.64,109.54
25,68,39.92,95.8
68,25,39.92,95.8
25,69,49.07,117.76
69,25,49.07,117.76
25,70,46.56,111.75
70,25,46.56,111.75
25,71,52.4,125.76
71,25,52.4,125.76
25,72,64.76,155.43
72,25,64.76,155.43
25,73,31.92,76.61
73,25,31.92,76.61
25,74,16.42,39.4
74,25,16.42,39.4
25,75,58.56,140.55
75,25,58.56,140.55
25,76,66.92,160.61
76,25,66.92,160.61
25,77,7.0,16.8
77,25,7.0,16.8
25,78,72.79,174.68
78,25,72.79,174.68
25,79,55.33,132.79
79,25,55.33,132.79
25,80,60.44,145.06
80,25,60.44,145.06
25,81,74.37,178.49
81,25,74.37,178.49
25,82,14.18,34.04
82,25,14.18,34.04
25,83,79.63,191.1
83,25,79.63,191.1
25,84,56.07,134.56
84,25,56.07,134.56
25,85,44.87,107.69
85,25,44.87,107.69
25,86,57.53,138.07
86,25,57.53,138.07
25,87,47.68,114.43
87,25,47.68,114.43
25,88,38.51,92.42
88,25,38.51,92.42
25,89,69.69,167.26
89,25,69.69,167.26
25,90,74.95,179.88
90,25,74.95,179.88
25,91,63.75,153.0
91,25,63.75,153.0
25,92,51.38,123.3
92,25,51.38,123.3
25,93,49.36,118.46
93,25,49.36,118.46
25,94,52.69,126.46
94,25,52.69,126.46
25,95,34.29,82.3
95,25,34.29,82.3
25,96,42.78,102.66
96,25,42.78,102.66
25,97,53.89,129.33
97,25,53.89,129.33
25,98,52.57,126.17
98,25,52.57,126.17
25,99,85.99,206.37
99,25,85.99,206.37
25,100,15.83,38.0
100,25,15.83,38.0
25,101,43.32,103.97
101,25,43.32,103.97
25,102,65.99,158.38
102,25,65.99,158.38
25,103,61.47,147.52
103,25,61.47,147.52
25,104,52.74,126.58
104,25,52.74,126.58
25,105,14.15,33.97
105,25,14.15,33.97
25,106,57.54,138.1
106,25,57.54,138.1
25,107,50.24,120.57
107,25,50.24,120.57
25,108,36.21,86.91
108,25,36.21,86.91
25,109,35.06,84.14
109,25,35.06,84.14
25,110,67.8,162.71
110,25,67.8,162.71
25,111,46.26,111.02
111,25,46.26,111.02
25,112,42.55,102.12
112,25,42.55,102.12
25,113,73.02,175.24
113,25,73.02,175.24
25,114,51.21,122.91
114,25,51.21,122.91
25,115,28.0,67.2
115,25,28.0,67.2
25,116,50.44,121.05
116,25,50.44,121.05
25,117,54.48,130.74
117,25,54.48,130.74
25,118,32.5,78.0
118,25,32.5,78.0
25,119,42.67,102.4
119,25,42.67,102.4
25,120,23.23,55.75
120,25,23.23,55.75
25,121,56.65,135.96
121,25,56.65,135.96
25,122,13.24,31.77
122,25,13.24,31.77
25,123,74.1,177.83
123,25,74.1,177.83
25,124,76.92,184.6
124,25,76.92,184.6
25,125,18.72,44.92
125,25,18.72,44.92
25,126,87.45,209.88
126,25,87.45,209.88
25,127,48.51,116.42
127,25,48.51,116.42
25,128,69.58,166.99
128,25,69.58,166.99
25,129,38.26,91.84
129,25,38.26,91.84
25,130,39.88,95.72
130,25,39.88,95.72
25,131,51.1,122.63
131,25,51.1,122.63
25,132,45.88,110.12
132,25,45.88,110.12
25,133,34.48,82.76
133,25,34.48,82.76
25,134,50.66,121.6
134,25,50.66,121.6
25,135,62.6,150.25
135,25,62.6,150.25
25,136,47.32,113.58
136,25,47.32,113.58
25,137,81.75,196.2
137,25,81.75,196.2
25,138,50.18,120.44
138,25,50.18,120.44
25,139,67.86,162.87
139,25,67.86,162.87
25,140,15.76,37.82
140,25,15.76,37.82
25,141,59.99,143.98
141,25,59.99,143.98
25,142,81.99,196.78
142,25,81.99,196.78
25,143,45.3,108.72
143,25,45.3,108.72
25,144,37.5,89.99
144,25,37.5,89.99
25,145,46.53,111.68
145,25,46.53,111.68
25,146,48.19,115.66
146,25,48.19,115.66
25,147,55.21,132.51
147,25,55.21,132.51
25,148,44.78,107.47
148,25,44.78,107.47
25,149,77.3,185.53
149,25,77.3,185.53
25,150,74.19,178.06
150,25,74.19,178.06
26,27,5.64,13.54
27,26,5.64,13.54
26,28,44.33,106.39
28,26,44.33,106.39
26,29,46.51,111.63
29,26,46.51,111.63
26,30,55.92,134.2
30,26,55.92,134.2
26,31,55.82,133.97
31,26,55.82,133.97
26,32,70.48,169.15
32,26,70.48,169.15
26,33,51.4,123.36
33,26,51.4,123.36
26,34,38.2,91.68
34,26,38.2,91.68
26,35,20.21,48.5
35,26,20.21,48.5
26,36,66.03,158.46
36,26,66.03,158.46
26,37,69.43,166.64
37,26,69.43,166.64
26,38,69.26,166.22
38,26,69.26,166.22
26,39,18.98,45.55
39,26,18.98,45.55
26,40,59.7,143.29
40,26,59.7,143.29
26,41,29.15,69.96
41,26,29.15,69.96
26,42,51.81,124.35
42,26,51.81,124.35
26,43,25.88,62.11
43,26,25.88,62.11
26,44,12.06,28.94
44,26,12.06,28.94
26,45,28.5,68.41
45,26,28.5,68.41
26,46,33.58,80.58
46,26,33.58,80.58
26,47,71.52,171.65
47,26,71.52,171.65
26,48,81.16,194.79
48,26,81.16,194.79
26,49,80.6,193.45
49,26,80.6,193.45
26,50,53.44,128.27
50,26,53.44,128.27
26,51,29.47,70.72
51,26,29.47,70.72
26,52,15.82,37.97
52,26,15.82,37.97
26,53,15.4,36.96
53,26,15.4,36.96
26,54,74.16,177.98
54,26,74.16,177.98
26,55,84.24,202.17
55,26,84.24,202.17
26,56,80.7,193.67
56,26,80.7,193.67
26,57,68.36,164.07
57,26,68.36,164.07
26,58,77.47,185.94
58,26,77.47,185.94
26,59,77.79,186.7
59,26,77.79,186.7
26,60,72.59,174.23
60,26,72.59,174.23
26,61,55.54,133.29
61,26,55.54,133.29
26,62,28.66,68.79
62,26,28.66,68.79
26,63,40.36,96.87
63,26,40.36,96.87
26,64,22.34,53.63
64,26,22.34,53.63
26,65,28.79,69.09
65,26,28.79,69.09
26,66,42.08,100.98
66,26,42.08,100.98
26,67,22.23,53.36
67,26,22.23,53.36
26,68,18.24,43.78
68,26,18.24,43.78
26,69,23.07,55.37
69,26,23.07,55.37
26,70,27.04,64.9
70,26,27.04,64.9
26,71,41.24,98.97
71,26,41.24,98.97
26,72,75.3,180.71
72,26,75.3,180.71
26,73,27.06,64.95
73,26,27.06,64.95
26,74,13.9,33.36
74,26,13.9,33.36
26,75,32.91,79.0
75,26,32.91,79.0
26,76,90.21,216.49
76,26,90.21,216.49
26,77,23.45,56.29
77,26,23.45,56.29
26,78,78.63,188.7
78,26,78.63,188.7
26,79,33.5,80.41
79,26,33.5,80.41
26,80,30.43,73.02
80,26,30.43,73.02
26,81,76.79,184.29
81,26,76.79,184.29
26,82,25.39,60.94
82,26,25.39,60.94
26,83,99.0,237.6
83,26,99.0,237.6
26,84,49.07,117.77
84,26,49.07,117.77
26,85,32.95,79.09
85,26,32.95,79.09
26,86,81.93,196.64
86,26,81.93,196.64
26,87,76.93,184.64
87,26,76.93,184.64
26,88,63.86,153.28
88,26,63.86,153.28
26,89,90.13,216.32
89,26,90.13,216.32
26,90,96.69,232.06
90,26,96.69,232.06
26,91,66.16,158.78
91,26,66.16,158.78
26,92,22.66,54.38
92,26,22.66,54.38
26,93,26.45,63.48
93,26,26.45,63.48
26,94,81.45,195.47
94,26,81.45,195.47
26,95,62.44,149.85
95,26,62.44,149.85
26,96,43.32,103.98
96,26,43.32,103.98
26,97,26.93,64.64
97,26,26.93,64.64
26,98,82.19,197.25
98,26,82.19,197.25
26,99,106.29,255.1
99,26,106.29,255.1
26,100,42.02,100.86
100,26,42.02,100.86
26,101,63.78,153.07
101,26,63.78,153.07
26,102,40.89,98.16
102,26,40.89,98.16
26,103,34.49,82.77
103,26,34.49,82.77
26,104,37.98,91.15
104,26,37.98,91.15
26,105,24.4,58.57
105,26,24.4,58.57
26,106,35.83,85.99
106,26,35.83,85.99
26,107,77.91,187.0
107,26,77.91,187.0
26,108,50.42,120.99
108,26,50.42,120.99
26,109,56.05,134.51
109,26,56.05,134.51
26,110,42.15,101.16
110,26,42.15,101.16
26,111,71.75,172.2
111,26,71.75,172.2
26,112,57.87,138.88
112,26,57.87,138.88
26,113,47.37,113.69
113,26,47.37,113.69
26,114,74.83,179.6
114,26,74.83,179.6
26,115,35.29,84.69
115,26,35.29,84.69
26,116,20.38,48.92
116,26,20.38,48.92
26,117,80.65,193.56
117,26,80.65,193.56
26,118,34.08,81.78
118,26,34.08,81.78
26,119,56.04,134.49
119,26,56.04,134.49
26,120,13.67,32.82
120,26,13.67,32.82
26,121,83.67,200.81
121,26,83.67,200.81
26,122,37.27,89.44
122,26,37.27,89.44
26,123,58.59,140.62
123,26,58.59,140.62
26,124,95.27,228.66
124,26,95.27,228.66
26,125,48.6,116.64
125,26,48.6,116.64
26,126,107.57,258.17
126,26,107.57,258.17
26,127,27.0,64.79
127,26,27.0,64.79
26,128,54.66,131.19
128,26,54.66,131.19
26,129,46.07,110.57
129,26,46.07,110.57
26,130,23.08,55.38
130,26,23.08,55.38
26,131,21.08,50.59
131,26,21.08,50.59
26,132,39.95,95.89
132,26,39.95,95.89
26,133,61.37,147.28
133,26,61.37,147.28
26,134,56.07,134.57
134,26,56.07,134.57
26,135,32.67,78.4
135,26,32.67,78.4
26,136,17.36,41.67
136,26,17.36,41.67
26,137,102.25,245.4
137,26,102.25,245.4
26,138,72.66,174.39
138,26,72.66,174.39
26,139,46.08,110.6
139,26,46.08,110.6
26,140,17.13,41.12
140,26,17.13,41.12
26,141,63.5,152.41
141,26,63.5,152.41
26,142,100.99,242.38
142,26,100.99,242.38
26,143,61.01,146.43
143,26,61.01,146.43
26,144,45.07,108.17
144,26,45.07,108.17
26,145,18.15,43.55
145,26,18.15,43.55
26,146,69.56,166.95
146,26,69.56,166.95
26,147,80.28,192.67
147,26,80.28,192.67
26,148,74.77,179.45
148,26,74.77,179.45
26,149,64.9,155.76
149,26,64.9,155.76
26,150,68.49,164.37
150,26,68.49,164.37
27,28,47.18,113.23
28,27,47.18,113.23
27,29,48.8,117.11
29,27,48.8,117.11
27,30,61.52,147.66
30,27,61.52,147.66
27,31,61.46,147.5
31,27,61.46,147.5
27,32,73.65,176.76
32,27,73.65,176.76
27,33,51.57,123.76
33,27,51.57,123.76
27,34,40.78,97.87
34,27,40.78,97.87
27,35,14.83,35.59
35,27,14.83,35.59
27,36,70.97,170.33
36,27,70.97,170.33
27,37,74.1,177.83
37,27,74.1,177.83
27,38,73.53,176.47
38,27,73.53,176.47
27,39,13.44,32.25
39,27,13.44,32.25
27,40,65.16,156.38
40,27,65.16,156.38
27,41,34.4,82.56
41,27,34.4,82.56
27,42,55.87,134.08
42,27,55.87,134.08
27,43,28.56,68.54
43,27,28.56,68.54
27,44,15.76,37.83
44,27,15.76,37.83
27,45,30.98,74.35
45,27,30.98,74.35
27,46,36.75,88.21
46,27,36.75,88.21
27,47,74.02,177.64
47,27,74.02,177.64
27,48,84.27,202.26
48,27,84.27,202.26
27,49,83.16,199.57
49,27,83.16,199.57
27,50,56.19,134.85
50,27,56.19,134.85
27,51,25.53,61.27
51,27,25.53,61.27
27,52,14.97,35.92
52,27,14.97,35.92
27,53,11.51,27.62
53,27,11.51,27.62
27,54,79.15,189.97
54,27,79.15,189.97
27,55,89.34,214.42
55,27,89.34,214.42
27,56,86.1,206.65
56,27,86.1,206.65
27,57,73.96,177.51
57,27,73.96,177.51
27,58,81.88,196.5
58,27,81.88,196.5
27,59,79.78,191.48
59,27,79.78,191.48
27,60,74.0,177.6
60,27,74.0,177.6
27,61,54.71,131.3
61,27,54.71,131.3
27,62,34.29,82.29
62,27,34.29,82.29
27,63,45.92,110.2
63,27,45.92,110.2
27,64,24.63,59.1
64,27,24.63,59.1
27,65,33.18,79.64
65,27,33.18,79.64
27,66,47.71,114.51
66,27,47.71,114.51
27,67,17.86,42.87
67,27,17.86,42.87
27,68,19.63,47.1
68,27,19.63,47.1
27,69,21.82,52.37
69,27,21.82,52.37
27,70,28.16,67.58
70,27,28.16,67.58
27,71,38.9,93.37
71,27,38.9,93.37
27,72,76.18,182.84
72,27,76.18,182.84
27,73,31.43,75.43
73,27,31.43,75.43
27,74,19.37,46.49
74,27,19.37,46.49
27,75,31.4,75.37
75,27,31.4,75.37
27,76,93.36,224.06
76,27,93.36,224.06
27,77,28.82,69.18
77,27,28.82,69.18
27,78,78.58,188.59
78,27,78.58,188.59
27,79,33.37,80.09
79,27,33.37,80.09
27,80,25.22,60.53
80,27,25.22,60.53
27,81,76.13,182.7
81,27,76.13,182.7
27,82,29.15,69.96
82,27,29.15,69.96
27,83,101.28,243.07
83,27,101.28,243.07
27,84,47.3,113.51
84,27,47.3,113.51
27,85,30.95,74.28
85,27,30.95,74.28
27,86,85.39,204.93
86,27,85.39,204.93
27,87,81.61,195.87
87,27,81.61,195.87
27,88,69.5,166.82
88,27,69.5,166.82
27,89,92.71,222.49
89,27,92.71,222.49
27,90,99.48,238.74
90,27,99.48,238.74
27,91,65.71,157.71
91,27,65.71,157.71
27,92,19.59,47.02
92,27,19.59,47.02
27,93,26.38,63.31
93,27,26.38,63.31
27,94,86.99,208.77
94,27,86.99,208.77
27,95,68.0,163.21
95,27,68.0,163.21
27,96,43.36,104.07
96,27,43.36,104.07
27,97,21.48,51.56
97,27,21.48,51.56
27,98,86.99,208.78
98,27,86.99,208.78
27,99,108.71,260.91
99,27,108.71,260.91
27,100,46.4,111.35
100,27,46.4,111.35
27,101,66.7,160.08
101,27,66.7,160.08
27,102,39.38,94.53
102,27,39.38,94.53
27,103,32.08,76.99
103,27,32.08,76.99
27,104,34.98,83.95
104,27,34.98,83.95
27,105,30.04,72.1
105,27,30.04,72.1
27,106,31.3,75.12
106,27,31.3,75.12
27,107,83.52,200.45
107,27,83.52,200.45
27,108,55.92,134.21
108,27,55.92,134.21
27,109,61.63,147.91
109,27,61.63,147.91
27,110,40.64,97.53
110,27,40.64,97.53
27,111,77.39,185.74
111,27,77.39,185.74
27,112,63.37,152.1
112,27,63.37,152.1
27,113,45.82,109.97
113,27,45.82,109.97
27,114,80.45,193.08
114,27,80.45,193.08
27,115,37.17,89.21
115,27,37.17,89.21
27,116,15.45,37.07
116,27,15.45,37.07
27,117,86.29,207.09
117,27,86.29,207.09
27,118,38.8,93.11
118,27,38.8,93.11
27,119,61.14,146.73
119,27,61.14,146.73
27,120,18.99,45.58
120,27,18.99,45.58
27,121,87.7,210.47
121,27,87.7,210.47
27,122,42.89,102.93
122,27,42.89,102.93
27,123,54.83,131.59
123,27,54.83,131.59
27,124,97.39,233.73
124,27,97.39,233.73
27,125,53.62,128.69
125,27,53.62,128.69
27,126,109.95,263.87
126,27,109.95,263.87
27,127,27.42,65.82
127,27,27.42,65.82
27,128,51.09,122.63
128,27,51.09,122.63
27,129,47.33,113.6
129,27,47.33,113.6
27,130,20.73,49.74
130,27,20.73,49.74
27,131,15.9,38.17
131,27,15.9,38.17
27,132,38.84,93.23
132,27,38.84,93.23
27,133,65.53,157.28
133,27,65.53,157.28
27,134,56.48,135.55
134,27,56.48,135.55
27,135,27.35,65.63
135,27,27.35,65.63
27,136,12.09,29.02
136,27,12.09,29.02
27,137,104.74,251.37
137,27,104.74,251.37
27,138,78.25,187.8
138,27,78.25,187.8
27,139,41.32,99.17
139,27,41.32,99.17
27,140,22.77,54.65
140,27,22.77,54.65
27,141,63.33,152.0
141,27,63.33,152.0
27,142,103.18,247.64
142,27,103.18,247.64
27,143,63.15,151.55
143,27,63.15,151.55
27,144,46.34,111.22
144,27,46.34,111.22
27,145,12.56,30.14
145,27,12.56,30.14
27,146,75.12,180.29
146,27,75.12,180.29
27,147,85.92,206.2
147,27,85.92,206.2
27,148,79.81,191.55
148,27,79.81,191.55
27,149,61.63,147.9
149,27,61.63,147.9
27,150,66.44,159.45
150,27,66.44,159.45
28,29,5.58,13.38
29,28,5.58,13.38
28,30,48.28,115.86
30,28,48.28,115.86
28,31,52.1,125.03
31,28,52.1,125.03
28,32,26.61,63.87
32,28,26.61,63.87
28,33,24.67,59.21
33,28,24.67,59.21
28,34,6.69,16.05
34,28,6.69,16.05
28,35,51.97,124.74
35,28,51.97,124.74
28,36,37.48,89.96
36,28,37.48,89.96
28,37,36.25,86.99
37,28,36.25,86.99
28,38,31.77,76.26
38,28,31.77,76.26
28,39,56.17,134.82
39,28,56.17,134.82
28,40,44.1,105.83
40,28,44.1,105.83
28,41,51.41,123.39
41,28,51.41,123.39
28,42,15.7,37.68
42,28,15.7,37.68
28,43,62.73,150.57
43,28,62.73,150.57
28,44,49.71,119.32
44,28,49.71,119.32
28,45,16.28,39.08
45,28,16.28,39.08
28,46,10.97,26.32
46,28,10.97,26.32
28,47,27.35,65.63
47,28,27.35,65.63
28,48,37.15,89.15
48,28,37.15,89.15
28,49,36.34,87.22
49,28,36.34,87.22
28,50,9.14,21.93
50,28,9.14,21.93
28,51,46.71,112.1
51,28,46.71,112.1
28,52,57.69,138.48
52,28,57.69,138.48
28,53,56.51,135.64
53,28,56.51,135.64
28,54,44.88,107.72
54,28,44.88,107.72
28,55,55.48,133.16
55,28,55.48,133.16
28,56,58.94,141.45
56,28,58.94,141.45
28,57,56.68,136.03
57,28,56.68,136.03
28,58,40.42,97.02
58,28,40.42,97.02
28,59,34.57,82.97
59,28,34.57,82.97
28,60,31.88,76.52
60,28,31.88,76.52
28,61,34.66,83.18
61,28,34.66,83.18
28,62,37.8,90.73
62,28,37.8,90.73
28,63,50.8,121.91
63,28,50.8,121.91
28,64,21.25,51.0
64,28,21.25,51.0
28,65,20.11,48.26
65,28,20.11,48.26
28,66,43.52,104.46
66,28,43.52,104.46
28,67,47.05,112.93
67,28,47.05,112.93
28,68,58.38,140.12
68,28,58.38,140.12
28,69,64.94,155.87
69,28,64.94,155.87
28,70,66.75,160.21
70,28,66.75,160.21
28,71,39.79,95.49
71,28,39.79,95.49
28,72,37.05,88.93
72,28,37.05,88.93
28,73,57.85,138.84
73,28,57.85,138.84
28,74,34.87,83.7
74,28,34.87,83.7
28,75,74.8,179.55
75,28,74.8,179.55
28,76,46.25,110.99
76,28,46.25,110.99
28,77,31.55,75.71
77,28,31.55,75.71
28,78,45.78,109.88
78,28,45.78,109.88
28,79,74.44,178.65
79,28,74.44,178.65
28,80,68.59,164.61
80,28,68.59,164.61
28,81,48.55,116.51
81,28,48.55,116.51
28,82,19.3,46.32
82,28,19.3,46.32
28,83,54.95,131.89
83,28,54.95,131.89
28,84,38.77,93.05
84,28,38.77,93.05
28,85,35.78,85.86
85,28,35.78,85.86
28,86,38.77,93.05
86,28,38.77,93.05
28,87,42.9,102.96
87,28,42.9,102.96
28,88,58.41,140.17
88,28,58.41,140.17
28,89,45.84,110.01
89,28,45.84,110.01
28,90,52.37,125.7
90,28,52.37,125.7
28,91,38.6,92.63
91,28,38.6,92.63
28,92,64.4,154.56
92,28,64.4,154.56
28,93,67.55,162.14
93,28,67.55,162.14
28,94,64.07,153.78
94,28,64.07,153.78
28,95,50.31,120.74
95,28,50.31,120.74
28,96,23.14,55.53
96,28,23.14,55.53
28,97,57.14,137.15
97,28,57.14,137.15
28,98,49.19,118.07
98,28,49.19,118.07
28,99,62.08,149.0
99,28,62.08,149.0
28,100,16.07,38.57
100,28,16.07,38.57
28,101,19.52,46.85
101,28,19.52,46.85
28,102,82.78,198.71
102,28,82.78,198.71
28,103,76.47,183.53
103,28,76.47,183.53
28,104,43.35,104.03
104,28,43.35,104.03
28,105,40.88,98.12
105,28,40.88,98.12
28,106,53.73,128.95
106,28,53.73,128.95
28,107,64.73,155.36
107,28,64.73,155.36
28,108,62.96,151.12
108,28,62.96,151.12
28,109,59.28,142.28
109,28,59.28,142.28
28,110,84.04,201.71
110,28,84.04,201.71
28,111,64.94,155.86
111,28,64.94,155.86
28,112,68.56,164.54
112,28,68.56,164.54
28,113,89.26,214.24
113,28,89.26,214.24
28,114,71.56,171.75
114,28,71.56,171.75
28,115,12.23,29.36
115,28,12.23,29.36
28,116,59.87,143.71
116,28,59.87,143.71
28,117,71.26,171.02
117,28,71.26,171.02
28,118,59.78,143.47
118,28,59.78,143.47
28,119,70.31,168.76
119,28,70.31,168.76
28,120,44.22,106.14
120,28,44.22,106.14
28,121,43.26,103.82
121,28,43.26,103.82
28,122,39.49,94.77
122,28,39.49,94.77
28,123,60.97,146.32
123,28,60.97,146.32
28,124,51.52,123.65
124,28,51.52,123.65
28,125,27.63,66.3
125,28,27.63,66.3
28,126,63.4,152.16
126,28,63.4,152.16
28,127,67.58,162.21
127,28,67.58,162.21
28,128,56.57,135.77
128,28,56.57,135.77
28,129,13.99,33.57
129,28,13.99,33.57
28,130,37.76,90.61
130,28,37.76,90.61
28,131,59.85,143.66
131,28,59.85,143.66
28,132,30.85,74.04
132,28,30.85,74.04
28,133,23.99,57.58
133,28,23.99,57.58
28,134,25.27,60.65
134,28,25.27,60.65
28,135,70.17,168.41
135,28,70.17,168.41
28,136,56.1,134.64
136,28,56.1,134.64
28,137,57.99,139.18
137,28,57.99,139.18
28,138,71.72,172.13
138,28,71.72,172.13
28,139,62.09,149.02
139,28,62.09,149.02
28,140,38.67,92.81
140,28,38.67,92.81
28,141,34.59,83.02
141,28,34.59,83.02
28,142,57.07,136.96
142,28,57.07,136.96
28,143,17.99,43.17
143,28,17.99,43.17
28,144,13.73,32.95
144,28,13.73,32.95
28,145,52.49,125.98
145,28,52.49,125.98
28,146,70.81,169.95
146,28,70.81,169.95
28,147,73.5,176.4
147,28,73.5,176.4
28,148,46.2,110.88
148,28,46.2,110.88
28,149,61.0,146.41
149,28,61.0,146.41
28,150,53.04,127.3
150,28,53.04,127.3
29,30,53.84,129.22
30,29,53.84,129.22
29,31,57.67,138.41
31,29,57.67,138.41
29,32,26.59,63.81
32,29,26.59,63.81
29,33,19.44,46.67
33,29,19.44,46.67
29,34,8.55,20.53
34,29,8.55,20.53
29,35,52.53,126.07
35,29,52.53,126.07
29,36,42.06,100.95
36,29,42.06,100.95
29,37,40.16,96.39
37,29,40.16,96.39
29,38,34.89,83.74
38,29,34.89,83.74
29,39,58.29,139.91
39,29,58.29,139.91
29,40,49.51,118.82
40,29,49.51,118.82
29,41,55.35,132.85
41,29,55.35,132.85
29,42,20.31,48.74
42,29,20.31,48.74
29,43,65.06,156.16
43,29,65.06,156.16
29,44,52.04,124.91
44,29,52.04,124.91
29,45,18.01,43.22
45,29,18.01,43.22
29,46,14.55,34.92
46,29,14.55,34.92
29,47,25.26,60.62
47,29,25.26,60.62
29,48,36.63,87.9
48,29,36.63,87.9
29,49,34.41,82.59
49,29,34.41,82.59
29,50,8.54,20.49
50,29,8.54,20.49
29,51,45.31,108.73
51,29,45.31,108.73
29,52,60.02,144.07
52,29,60.02,144.07
29,53,58.84,141.23
53,29,58.84,141.23
29,54,49.15,117.97
54,29,49.15,117.97
29,55,59.59,143.03
55,29,59.59,143.03
29,56,63.75,153.0
56,29,63.75,153.0
29,57,62.1,149.05
57,29,62.1,149.05
29,58,43.33,104.0
58,29,43.33,104.0
29,59,31.35,75.24
59,29,31.35,75.24
29,60,27.46,65.9
60,29,27.46,65.9
29,61,29.53,70.88
61,29,29.53,70.88
29,62,42.71,102.49
62,29,42.71,102.49
29,63,56.05,134.52
63,29,56.05,134.52
29,64,23.58,56.59
64,29,23.58,56.59
29,65,24.64,59.13
65,29,24.64,59.13
29,66,48.97,117.53
66,29,48.97,117.53
29,67,46.59,111.81
67,29,46.59,111.81
29,68,60.71,145.71
68,29,60.71,145.71
29,69,67.27,161.46
69,29,67.27,161.46
29,70,69.08,165.8
70,29,69.08,165.8
29,71,36.56,87.75
71,29,36.56,87.75
29,72,32.11,77.06
72,29,32.11,77.06
29,73,60.18,144.43
73,29,60.18,144.43
29,74,37.2,89.29
74,29,37.2,89.29
29,75,77.13,185.14
75,29,77.13,185.14
29,76,45.67,109.61
76,29,45.67,109.61
29,77,35.65,85.57
77,29,35.65,85.57
29,78,40.34,96.82
78,29,40.34,96.82
29,79,76.77,184.24
79,29,76.77,184.24
29,80,70.39,168.94
80,29,70.39,168.94
29,81,42.97,103.14
81,29,42.97,103.14
29,82,21.63,51.91
82,29,21.63,51.91
29,83,52.52,126.06
83,29,52.52,126.06
29,84,34.53,82.87
84,29,34.53,82.87
29,85,33.58,80.6
85,29,33.58,80.6
29,86,39.12,93.89
86,29,39.12,93.89
29,87,46.43,111.44
87,29,46.43,111.44
29,88,63.96,153.5
88,29,63.96,153.5
29,89,43.96,105.5
89,29,43.96,105.5
29,90,50.92,122.2
90,29,50.92,122.2
29,91,33.04,79.3
91,29,33.04,79.3
29,92,66.73,160.15
92,29,66.73,160.15
29,93,69.88,167.73
93,29,69.88,167.73
29,94,69.15,165.96
94,29,69.15,165.96
29,95,55.77,133.85
95,29,55.77,133.85
29,96,19.02,45.64
96,29,19.02,45.64
29,97,56.69,136.05
97,29,56.69,136.05
29,98,52.76,126.63
98,29,52.76,126.63
29,99,59.92,143.8
99,29,59.92,143.8
29,100,21.64,51.94
100,29,21.64,51.94
29,101,18.98,45.55
101,29,18.98,45.55
29,102,85.11,204.3
102,29,85.11,204.3
29,103,78.8,189.12
103,29,78.8,189.12
29,104,40.71,97.7
104,29,40.71,97.7
29,105,44.9,107.76
105,29,44.9,107.76
29,106,51.92,124.61
106,29,51.92,124.61
29,107,70.03,168.07
107,29,70.03,168.07
29,108,68.32,163.96
108,29,68.32,163.96
29,109,64.82,155.58
109,29,64.82,155.58
29,110,86.37,207.3
110,29,86.37,207.3
29,111,70.45,169.07
111,29,70.45,169.07
29,112,74.01,177.62
112,29,74.01,177.62
29,113,91.59,219.83
113,29,91.59,219.83
29,114,77.11,185.06
114,29,77.11,185.06
29,115,11.87,28.5
115,29,11.87,28.5
29,116,62.2,149.3
116,29,62.2,149.3
29,117,76.66,183.99
117,29,76.66,183.99
29,118,63.49,152.38
118,29,63.49,152.38
29,119,75.4,180.96
119,29,75.4,180.96
29,120,46.55,111.73
120,29,46.55,111.73
29,121,44.99,107.99
121,29,44.99,107.99
29,122,44.83,107.58
122,29,44.83,107.58
29,123,57.11,137.07
123,29,57.11,137.07
29,124,48.76,117.04
124,29,48.76,117.04
29,125,33.11,79.47
125,29,33.11,79.47
29,126,61.16,146.78
126,29,61.16,146.78
29,127,69.91,167.8
127,29,69.91,167.8
29,128,52.81,126.75
128,29,52.81,126.75
29,129,9.04,21.69
129,29,9.04,21.69
29,130,37.04,88.89
130,29,37.04,88.89
29,131,62.18,149.25
131,29,62.18,149.25
29,132,27.48,65.96
132,29,27.48,65.96
29,133,27.58,66.18
133,29,27.58,66.18
29,134,19.73,47.36
134,29,19.73,47.36
29,135,71.57,171.77
135,29,71.57,171.77
29,136,58.43,140.23
136,29,58.43,140.23
29,137,55.95,134.27
137,29,55.95,134.27
29,138,77.29,185.49
138,29,77.29,185.49
29,139,59.67,143.22
139,29,59.67,143.22
29,140,41.0,98.4
140,29,41.0,98.4
29,141,29.02,69.66
141,29,29.02,69.66
29,142,54.49,130.77
142,29,54.49,130.77
29,143,14.53,34.87
143,29,14.53,34.87
29,144,9.03,21.66
144,29,9.03,21.66
29,145,53.93,129.43
145,29,53.93,129.43
29,146,76.39,183.33
146,29,76.39,183.33
29,147,78.97,189.53
147,29,78.97,189.53
29,148,50.53,121.28
148,29,50.53,121.28
29,149,56.56,135.75
149,29,56.56,135.75
29,150,47.87,114.89
150,29,47.87,114.89
30,31,5.14,12.34
31,30,5.14,12.34
30,32,56.07,134.58
32,30,56.07,134.58
30,33,72.46,173.9
33,30,72.46,173.9
30,34,49.42,118.6
34,30,49.42,118.6
30,35,75.07,180.17
35,30,75.07,180.17
30,36,26.58,63.78
36,30,26.58,63.78
30,37,33.9,81.37
37,30,33.9,81.37
30,38,40.39,96.94
38,30,40.39,96.94
30,39,74.88,179.72
39,30,74.88,179.72
30,40,9.63,23.1
40,30,9.63,23.1
30,41,33.43,80.24
41,30,33.43,80.24
30,42,36.69,88.06
42,30,36.69,88.06
30,43,52.88,126.92
43,30,52.88,126.92
30,44,51.99,124.78
44,30,51.99,124.78
30,45,49.58,118.99
45,30,49.58,118.99
30,46,44.64,107.12
46,30,44.64,107.12
30,47,64.31,154.35
47,30,64.31,154.35
30,48,63.79,153.1
48,30,63.79,153.1
30,49,69.86,167.65
49,30,69.86,167.65
30,50,52.14,125.14
50,30,52.14,125.14
30,51,78.66,188.79
51,30,78.66,188.79
30,52,64.35,154.45
52,30,64.35,154.45
30,53,69.51,166.82
53,30,69.51,166.82
30,54,30.74,73.77
54,30,30.74,73.77
30,55,36.55,87.73
55,30,36.55,87.73
30,56,27.68,66.43
56,30,27.68,66.43
30,57,12.46,29.9
57,30,12.46,29.9
30,58,43.52,104.44
58,30,43.52,104.44
30,59,73.84,177.2
59,30,73.84,177.2
30,60,75.94,182.24
60,30,75.94,182.24
30,61,82.01,196.82
61,30,82.01,196.82
30,62,27.27,65.46
62,30,27.27,65.46
30,63,21.17,50.8
63,30,21.17,50.8
30,64,51.08,122.58
64,30,51.08,122.58
30,65,36.57,87.76
65,30,36.57,87.76
30,66,14.3,34.33
66,30,14.3,34.33
30,67,74.15,177.95
67,30,74.15,177.95
30,68,58.98,141.57
68,30,58.98,141.57
30,69,69.14,165.95
69,30,69.14,165.95
30,70,60.96,146.31
70,30,60.96,146.31
30,71,80.7,193.67
71,30,80.7,193.67
30,72,82.59,198.22
72,30,82.59,198.22
30,73,41.82,100.38
73,30,41.82,100.38
30,74,42.3,101.52
74,30,42.3,101.52
30,75,76.52,183.65
75,30,76.52,183.65
30,76,69.97,167.93
76,30,69.97,167.93
30,77,33.5,80.41
77,30,33.5,80.41
30,78,93.18,223.64
78,30,93.18,223.64
30,79,69.44,166.66
79,30,69.44,166.66
30,80,85.77,205.84
80,30,85.77,205.84
30,81,96.71,232.1
81,30,96.71,232.1
30,82,42.5,101.99
82,30,42.5,101.99
30,83,86.93,208.64
83,30,86.93,208.64
30,84,83.33,199.99
84,30,83.33,199.99
30,85,73.5,176.41
85,30,73.5,176.41
30,86,60.09,144.2
86,30,60.09,144.2
30,87,38.56,92.54
87,30,38.56,92.54
30,88,10.21,24.49
88,30,10.21,24.49
30,89,76.69,184.06
89,30,76.69,184.06
30,90,79.46,190.69
90,30,79.46,190.69
30,91,86.87,208.49
91,30,86.87,208.49
30,92,73.85,177.25
92,30,73.85,177.25
30,93,66.04,158.5
93,30,66.04,158.5
30,94,26.11,62.65
94,30,26.11,62.65
30,95,7.29,17.51
95,30,7.29,17.51
30,96,68.76,165.03
96,30,68.76,165.03
30,97,81.76,196.22
97,30,81.76,196.22
30,98,40.24,96.58
98,30,40.24,96.58
30,99,91.45,219.49
99,30,91.45,219.49
30,100,32.24,77.37
100,30,32.24,77.37
30,101,55.1,132.23
101,30,55.1,132.23
30,102,79.46,190.71
102,30,79.46,190.71
30,103,80.36,192.88
103,30,80.36,192.88
30,104,81.48,195.54
104,30,81.48,195.54
30,105,32.11,77.06
105,30,32.11,77.06
30,106,86.38,207.32
106,30,86.38,207.32
30,107,22.0,52.8
107,30,22.0,52.8
30,108,24.73,59.36
108,30,24.73,59.36
30,109,14.78,35.46
109,30,14.78,35.46
30,110,84.58,203.0
110,30,84.58,203.0
30,111,17.51,42.02
111,30,17.51,42.02
30,112,26.15,62.75
112,30,26.15,62.75
30,113,90.17,216.42
113,30,90.17,216.42
30,114,23.41,56.18
114,30,23.41,56.18
30,115,53.85,129.25
115,30,53.85,129.25
30,116,75.55,181.32
116,30,75.55,181.32
30,117,25.57,61.36
117,30,25.57,61.36
30,118,36.21,86.9
118,30,36.21,86.9
30,119,31.89,76.53
119,30,31.89,76.53
30,120,44.57,106.97
120,30,44.57,106.97
30,121,53.59,128.63
121,30,53.59,128.63
30,122,18.66,44.79
122,30,18.66,44.79
30,123,102.61,246.25
123,30,102.61,246.25
30,124,85.77,205.84
124,30,85.77,205.84
30,125,21.16,50.78
125,30,21.16,50.78
30,126,93.04,223.28
126,30,93.04,223.28
30,127,64.09,153.82
127,30,64.09,153.82
30,128,98.06,235.35
128,30,98.06,235.35
30,129,61.75,148.21
129,30,61.75,148.21
30,130,68.79,165.09
130,30,68.79,165.09
30,131,76.57,183.77
131,30,76.57,183.77
30,132,73.48,176.34
132,30,73.48,176.34
30,133,38.07,91.36
133,30,38.07,91.36
30,134,73.54,176.49
134,30,73.54,176.49
30,135,88.19,211.66
135,30,88.19,211.66
30,136,73.05,175.31
136,30,73.05,175.31
30,137,87.34,209.61
137,30,87.34,209.61
30,138,23.46,56.31
138,30,23.46,56.31
30,139,96.74,232.19
139,30,96.74,232.19
30,140,38.87,93.29
140,30,38.87,93.29
30,141,82.86,198.88
141,30,82.86,198.88
30,142,89.55,214.91
142,30,89.55,214.91
30,143,61.75,148.19
143,30,61.75,148.19
30,144,61.25,147.0
144,30,61.25,147.0
30,145,73.71,176.9
145,30,73.71,176.9
30,146,22.92,55.01
146,30,22.92,55.01
30,147,26.47,63.52
147,30,26.47,63.52
30,148,30.2,72.47
148,30,30.2,72.47
30,149,105.19,252.45
149,30,105.19,252.45
30,150,100.22,240.52
150,30,100.22,240.52
31,32,61.04,146.5
32,31,61.04,146.5
31,33,75.94,182.27
33,31,75.94,182.27
31,34,52.75,126.61
34,31,52.75,126.61
31,35,75.42,181.02
35,31,75.42,181.02
31,36,31.69,76.06
36,31,31.69,76.06
31,37,39.03,93.67
37,31,39.03,93.67
31,38,45.53,109.26
38,31,45.53,109.26
31,39,74.68,179.22
39,31,74.68,179.22
31,40,14.65,35.17
40,31,14.65,35.17
31,41,31.0,74.39
41,31,31.0,74.39
31,42,41.24,98.98
42,31,41.24,98.98
31,43,50.45,121.07
43,31,50.45,121.07
31,44,50.83,121.99
44,31,50.83,121.99
31,45,52.1,125.05
45,31,52.1,125.05
31,46,47.64,114.35
46,31,47.64,114.35
31,47,69.14,165.93
47,31,69.14,165.93
31,48,68.88,165.31
48,31,68.88,165.31
31,49,74.84,179.61
49,31,74.84,179.61
31,50,56.45,135.49
50,31,56.45,135.49
31,51,79.93,191.84
51,31,79.93,191.84
31,52,63.03,151.27
52,31,63.03,151.27
31,53,68.77,165.04
53,31,68.77,165.04
31,54,35.59,85.41
54,31,35.59,85.41
31,55,40.81,97.94
55,31,40.81,97.94
31,56,30.97,74.34
56,31,30.97,74.34
31,57,14.04,33.69
57,31,14.04,33.69
31,58,48.62,116.68
58,31,48.62,116.68
31,59,78.64,188.74
59,31,78.64,188.74
31,60,80.47,193.13
60,31,80.47,193.13
31,61,85.32,204.77
61,31,85.32,204.77
31,62,27.28,65.47
62,31,27.28,65.47
31,63,18.42,44.2
63,31,18.42,44.2
31,64,53.04,127.3
64,31,53.04,127.3
31,65,38.91,93.38
65,31,38.91,93.38
31,66,13.77,33.05
66,31,13.77,33.05
31,67,75.0,180.01
67,31,75.0,180.01
31,68,56.55,135.72
68,31,56.55,135.72
31,69,66.71,160.1
69,31,66.71,160.1
31,70,58.53,140.46
70,31,58.53,140.46
31,71,82.97,199.14
71,31,82.97,199.14
31,72,87.03,208.87
72,31,87.03,208.87
31,73,39.39,94.53
73,31,39.39,94.53
31,74,42.57,102.17
74,31,42.57,102.17
31,75,74.09,177.8
75,31,74.09,177.8
31,76,75.11,180.26
76,31,75.11,180.26
31,77,34.37,82.5
77,31,34.37,82.5
31,78,97.37,233.69
78,31,97.37,233.69
31,79,67.01,160.81
79,31,67.01,160.81
31,80,85.15,204.35
80,31,85.15,204.35
31,81,100.63,241.52
81,31,100.63,241.52
31,82,44.66,107.19
82,31,44.66,107.19
31,83,92.01,220.84
83,31,92.01,220.84
31,84,86.09,206.61
84,31,86.09,206.61
31,85,75.53,181.27
85,31,75.53,181.27
31,86,65.22,156.52
86,31,65.22,156.52
31,87,43.57,104.56
87,31,43.57,104.56
31,88,8.1,19.44
88,31,8.1,19.44
31,89,81.77,196.24
89,31,81.77,196.24
31,90,84.58,203.0
90,31,84.58,203.0
31,91,90.64,217.53
91,31,90.64,217.53
31,92,72.4,173.75
92,31,72.4,173.75
31,93,63.61,152.65
93,31,63.61,152.65
31,94,28.15,67.55
94,31,28.15,67.55
31,95,10.92,26.22
95,31,10.92,26.22
31,96,71.85,172.44
96,31,71.85,172.44
31,97,82.16,197.19
97,31,82.16,197.19
31,98,45.03,108.06
98,31,45.03,108.06
31,99,96.58,231.79
99,31,96.58,231.79
31,100,36.03,86.48
100,31,36.03,86.48
31,101,59.84,143.62
101,31,59.84,143.62
31,102,77.03,184.86
102,31,77.03,184.86
31,103,77.93,187.03
103,31,77.93,187.03
31,104,83.4,200.16
104,31,83.4,200.16
31,105,31.54,75.69
105,31,31.54,75.69
31,106,87.59,210.21
106,31,87.59,210.21
31,107,22.91,54.98
107,31,22.91,54.98
31,108,20.01,48.01
108,31,20.01,48.01
31,109,9.65,23.15
109,31,9.65,23.15
31,110,82.15,197.15
110,31,82.15,197.15
31,111,16.02,38.44
111,31,16.02,38.44
31,112,21.02,50.44
112,31,21.02,50.44
31,113,87.74,210.57
113,31,87.74,210.57
31,114,20.57,49.36
114,31,20.57,49.36
31,115,56.87,136.49
115,31,56.87,136.49
31,116,74.96,179.89
116,31,74.96,179.89
31,117,24.83,59.59
117,31,24.83,59.59
31,118,33.78,81.05
118,31,33.78,81.05
31,119,26.89,64.54
119,31,26.89,64.54
31,120,43.75,104.99
120,31,43.75,104.99
31,121,58.71,140.91
121,31,58.71,140.91
31,122,18.87,45.29
122,31,18.87,45.29
31,123,104.75,251.39
123,31,104.75,251.39
31,124,90.8,217.92
124,31,90.8,217.92
31,125,25.56,61.35
125,31,25.56,61.35
31,126,98.16,235.58
126,31,98.16,235.58
31,127,61.66,147.97
127,31,61.66,147.97
31,128,100.22,240.53
128,31,100.22,240.53
31,129,65.31,156.74
129,31,65.31,156.74
31,130,70.21,168.51
130,31,70.21,168.51
31,131,76.08,182.6
131,31,76.08,182.6
31,132,76.08,182.61
132,31,76.08,182.61
31,133,43.06,103.34
133,31,43.06,103.34
31,134,77.28,185.47
134,31,77.28,185.47
31,135,87.64,210.34
135,31,87.64,210.34
31,136,72.67,174.41
136,31,72.67,174.41
31,137,92.46,221.9
137,31,92.46,221.9
31,138,19.9,47.75
138,31,19.9,47.75
31,139,98.03,235.27
139,31,98.03,235.27
31,140,38.69,92.85
140,31,38.69,92.85
31,141,86.65,207.97
141,31,86.65,207.97
31,142,94.63,227.1
142,31,94.63,227.1
31,143,66.18,158.84
143,31,66.18,158.84
31,144,64.76,155.41
144,31,64.76,155.41
31,145,73.84,177.21
145,31,73.84,177.21
31,146,18.72,44.92
146,31,18.72,44.92
31,147,24.81,59.55
147,31,24.81,59.55
31,148,34.97,83.92
148,31,34.97,83.92
31,149,107.72,258.52
149,31,107.72,258.52
31,150,103.4,248.17
150,31,103.4,248.17
32,33,39.79,95.5
33,32,39.79,95.5
32,34,33.24,79.78
34,32,33.24,79.78
32,35,78.48,188.35
35,32,78.48,188.35
32,36,33.03,79.27
36,32,33.03,79.27
32,37,26.96,64.71
37,32,26.96,64.71
32,38,18.79,45.1
38,32,18.79,45.1
32,39,82.68,198.43
39,32,82.68,198.43
32,40,48.05,115.32
40,32,48.05,115.32
32,41,72.0,172.81
41,32,72.0,172.81
32,42,22.25,53.4
42,32,22.25,53.4
32,43,87.83,210.79
43,32,87.83,210.79
32,44,76.22,182.93
44,32,76.22,182.93
32,45,42.88,102.92
45,32,42.88,102.92
32,46,36.94,88.66
46,32,36.94,88.66
32,47,9.98,23.96
47,32,9.98,23.96
32,48,10.7,25.67
48,32,10.7,25.67
32,49,13.81,33.15
49,32,13.81,33.15
32,50,18.13,43.52
50,32,18.13,43.52
32,51,71.82,172.37
51,32,71.82,172.37
32,52,84.2,202.09
52,32,84.2,202.09
32,53,83.02,199.25
53,32,83.02,199.25
32,54,36.33,87.2
54,32,36.33,87.2
32,55,44.3,106.32
55,32,44.3,106.32
32,56,53.28,127.87
56,32,53.28,127.87
32,57,59.28,142.28
57,32,59.28,142.28
32,58,23.81,57.15
58,32,23.81,57.15
32,59,18.93,45.42
59,32,18.93,45.42
32,60,24.93,59.83
60,32,24.93,59.83
32,61,48.86,117.27
61,32,48.86,117.27
32,62,57.78,138.66
62,32,57.78,138.66
32,63,67.16,161.17
63,32,67.16,161.17
32,64,47.76,114.61
64,32,47.76,114.61
32,65,43.43,104.23
65,32,43.43,104.23
32,66,58.03,139.27
66,32,58.03,139.27
32,67,73.12,175.5
67,32,73.12,175.5
32,68,84.89,203.73
68,32,84.89,203.73
32,69,91.45,219.48
69,32,91.45,219.48
32,70,93.26,223.82
70,32,93.26,223.82
32,71,61.57,147.76
71,32,61.57,147.76
32,72,32.32,77.56
72,32,32.32,77.56
32,73,80.04,192.1
73,32,80.04,192.1
32,74,60.7,145.68
74,32,60.7,145.68
32,75,101.31,243.16
75,32,101.31,243.16
32,76,19.73,47.35
76,32,19.73,47.35
32,77,53.96,129.5
77,32,53.96,129.5
32,78,45.29,108.7
78,32,45.29,108.7
32,79,100.95,242.26
79,32,100.95,242.26
32,80,95.1,228.22
80,32,95.1,228.22
32,81,52.03,124.87
81,32,52.03,124.87
32,82,45.23,108.56
82,32,45.23,108.56
32,83,31.94,76.67
83,32,31.94,76.67
32,84,57.35,137.63
84,32,57.35,137.63
32,85,59.78,143.48
85,32,59.78,143.48
32,86,12.58,30.19
86,32,12.58,30.19
32,87,29.53,70.87
87,32,29.53,70.87
32,88,64.61,155.06
88,32,64.61,155.06
32,89,21.76,52.22
89,32,21.76,52.22
32,90,26.89,64.53
90,32,26.89,64.53
32,91,46.06,110.55
91,32,46.06,110.55
32,92,90.91,218.17
92,32,90.91,218.17
32,93,94.06,225.75
93,32,94.06,225.75
32,94,60.77,145.85
94,32,60.77,145.85
32,95,54.48,130.76
95,32,54.48,130.76
32,96,43.38,104.1
96,32,43.38,104.1
32,97,83.23,199.77
97,32,83.23,199.77
32,98,35.1,84.24
98,32,35.1,84.24
32,99,37.91,90.99
99,32,37.91,90.99
32,100,32.32,77.56
100,32,32.32,77.56
32,101,7.7,18.47
101,32,7.7,18.47
32,102,109.29,262.32
102,32,109.29,262.32
32,103,102.98,247.14
103,32,102.98,247.14
32,104,66.4,159.37
104,32,66.4,159.37
32,105,62.27,149.46
105,32,62.27,149.46
32,106,78.23,187.75
106,32,78.23,187.75
32,107,64.37,154.5
107,32,64.37,154.5
32,108,77.4,185.75
108,32,77.4,185.75
32,109,70.2,168.49
109,32,70.2,168.49
32,110,110.55,265.32
110,32,110.55,265.32
32,111,68.82,165.16
111,32,68.82,165.16
32,112,81.16,194.78
112,32,81.16,194.78
32,113,115.77,277.85
113,32,115.77,277.85
32,114,76.38,183.3
114,32,76.38,183.3
32,115,38.16,91.59
115,32,38.16,91.59
32,116,86.38,207.32
116,32,86.38,207.32
32,117,72.24,173.37
117,32,72.24,173.37
32,118,79.26,190.21
118,32,79.26,190.21
32,119,85.49,205.18
119,32,85.49,205.18
32,120,69.64,167.13
120,32,69.64,167.13
32,121,20.71,49.7
121,32,20.71,49.7
32,122,55.9,134.17
122,32,55.9,134.17
32,123,80.17,192.4
123,32,80.17,192.4
32,124,30.0,72.01
124,32,30.0,72.01
32,125,36.69,88.05
125,32,36.69,88.05
32,126,39.4,94.56
126,32,39.4,94.56
32,127,94.09,225.82
127,32,94.09,225.82
32,128,76.24,182.97
128,32,76.24,182.97
32,129,33.17,79.6
129,32,33.17,79.6
32,130,63.61,152.66
130,32,63.61,152.66
32,131,86.36,207.27
131,32,86.36,207.27
32,132,52.6,126.23
132,32,52.6,126.23
32,133,18.03,43.27
133,32,18.03,43.27
32,134,36.56,87.73
134,32,36.56,87.73
32,135,96.68,232.02
135,32,96.68,232.02
32,136,82.61,198.25
136,32,82.61,198.25
32,137,33.67,80.8
137,32,33.67,80.8
32,138,77.88,186.93
138,32,77.88,186.93
32,139,85.4,204.96
139,32,85.4,204.96
32,140,62.5,149.99
140,32,62.5,149.99
32,141,42.52,102.06
141,32,42.52,102.06
32,142,34.44,82.67
142,32,34.44,82.67
32,143,17.11,41.06
143,32,17.11,41.06
32,144,33.73,80.96
144,32,33.73,80.96
32,145,79.0,189.59
145,32,79.0,189.59
32,146,78.39,188.14
146,32,78.39,188.14
32,147,75.8,181.92
147,32,75.8,181.92
32,148,37.92,91.0
148,32,37.92,91.0
32,149,77.58,186.2
149,32,77.58,186.2
32,150,65.05,156.12
150,32,65.05,156.12
33,34,23.25,55.81
34,33,23.25,55.81
33,35,49.61,119.08
35,33,49.61,119.08
33,36,61.33,147.19
36,33,61.33,147.19
33,37,58.85,141.26
37,33,58.85,141.26
33,38,52.74,126.58
38,33,52.74,126.58
33,39,57.07,136.97
39,33,57.07,136.97
33,40,68.74,164.98
40,33,68.74,164.98
33,41,66.56,159.75
41,33,66.56,159.75
33,42,39.69,95.25
42,33,39.69,95.25
33,43,76.06,182.55
43,33,76.06,182.55
33,44,62.12,149.1
44,33,62.12,149.1
33,45,27.34,65.62
45,33,27.34,65.62
33,46,28.94,69.47
46,33,28.94,69.47
33,47,33.65,80.76
47,33,33.65,80.76
33,48,47.47,113.94
48,33,47.47,113.94
33,49,41.57,99.77
49,33,41.57,99.77
33,50,25.37,60.9
50,33,25.37,60.9
33,51,37.95,91.07
51,33,37.95,91.07
33,52,66.46,159.49
52,33,66.46,159.49
33,53,61.86,148.46
53,33,61.86,148.46
33,54,68.14,163.52
54,33,68.14,163.52
33,55,78.34,188.04
55,33,78.34,188.04
33,56,83.12,199.48
56,33,83.12,199.48
33,57,81.31,195.14
57,33,81.31,195.14
33,58,60.66,145.6
58,33,60.66,145.6
33,59,34.46,82.71
59,33,34.46,82.71
33,60,25.74,61.76
60,33,25.74,61.76
33,61,10.13,24.31
61,33,10.13,24.31
33,62,54.9,131.76
62,33,54.9,131.76
33,63,69.67,167.21
63,33,69.67,167.21
33,64,31.1,74.65
64,33,31.1,74.65
33,65,37.83,90.78
65,33,37.83,90.78
33,66,64.92,155.82
66,33,64.92,155.82
33,67,42.41,101.79
67,33,42.41,101.79
33,68,69.6,167.05
68,33,69.6,167.05
33,69,73.39,176.13
69,33,73.39,176.13
33,70,78.4,188.15
70,33,78.4,188.15
33,71,23.5,56.4
71,33,23.5,56.4
33,72,25.57,61.36
72,33,25.57,61.36
33,73,71.39,171.33
73,33,71.39,171.33
33,74,48.41,116.19
74,33,48.41,116.19
33,75,82.89,198.95
75,33,82.89,198.95
33,76,55.56,133.33
76,33,55.56,133.33
33,77,46.86,112.47
77,33,46.86,112.47
33,78,27.25,65.4
78,33,27.25,65.4
33,79,84.73,203.34
79,33,84.73,203.34
33,80,67.19,161.26
80,33,67.19,161.26
33,81,26.64,63.94
81,33,26.64,63.94
33,82,32.84,78.81
82,33,32.84,78.81
33,83,55.98,134.35
83,33,55.98,134.35
33,84,17.65,42.35
84,33,17.65,42.35
33,85,25.17,60.41
85,33,25.17,60.41
33,86,51.83,124.4
86,33,51.83,124.4
33,87,64.59,155.01
87,33,64.59,155.01
33,88,82.65,198.36
88,33,82.65,198.36
33,89,50.1,120.25
89,33,50.1,120.25
33,90,57.84,138.82
90,33,57.84,138.82
33,91,15.79,37.89
91,33,15.79,37.89
33,92,70.18,168.43
92,33,70.18,168.43
33,93,77.67,186.4
93,33,77.67,186.4
33,94,88.59,212.63
94,33,88.59,212.63
33,95,74.89,179.74
95,33,74.89,179.74
33,96,8.23,19.75
96,33,8.23,19.75
33,97,50.27,120.65
97,33,50.27,120.65
33,98,70.88,170.12
98,33,70.88,170.12
33,99,63.84,153.22
99,33,63.84,153.22
33,100,40.32,96.76
100,33,40.32,96.76
33,101,32.55,78.13
101,33,32.55,78.13
33,102,90.87,218.11
102,33,90.87,218.11
33,103,82.88,198.91
103,33,82.88,198.91
33,104,29.33,70.4
104,33,29.33,70.4
33,105,56.11,134.66
105,33,56.11,134.66
33,106,42.45,101.87
106,33,42.45,101.87
33,107,89.4,214.57
107,33,89.4,214.57
33,108,81.85,196.43
108,33,81.85,196.43
33,109,81.66,195.99
109,33,81.66,195.99
33,110,92.13,221.11
110,33,92.13,221.11
33,111,89.41,214.59
111,33,89.41,214.59
33,112,88.98,213.55
112,33,88.98,213.55
33,113,96.42,231.42
113,33,96.42,231.42
33,114,95.85,230.04
114,33,95.85,230.04
33,115,20.32,48.77
115,33,20.32,48.77
33,116,62.36,149.67
116,33,62.36,149.67
33,117,95.9,230.17
117,33,95.9,230.17
33,118,74.7,179.28
118,33,74.7,179.28
33,119,87.96,211.1
119,33,87.96,211.1
33,120,57.76,138.63
120,33,57.76,138.63
33,121,60.25,144.62
121,33,60.25,144.62
33,122,59.85,143.63
122,33,59.85,143.63
33,123,40.38,96.91
123,33,40.38,96.91
33,124,51.29,123.1
124,33,51.29,123.1
33,125,52.21,125.3
125,33,52.21,125.3
33,126,64.73,155.34
126,33,64.73,155.34
33,127,78.37,188.09
127,33,78.37,188.09
33,128,36.51,87.64
128,33,36.51,87.64
33,129,10.75,25.79
129,33,10.75,25.79
33,130,33.38,80.12
130,33,33.38,80.12
33,131,61.49,147.57
131,33,61.49,147.57
33,132,15.84,38.02
132,33,15.84,38.02
33,133,46.15,110.77
133,33,46.15,110.77
33,134,5.32,12.77
134,33,5.32,12.77
33,135,67.15,161.16
135,33,67.15,161.16
33,136,58.58,140.58
136,33,58.58,140.58
33,137,60.54,145.3
137,33,60.54,145.3
33,138,95.77,229.85
138,33,95.77,229.85
33,139,47.53,114.08
139,33,47.53,114.08
33,140,52.21,125.3
140,33,52.21,125.3
33,141,12.42,29.82
141,33,12.42,29.82
33,142,57.22,137.33
142,33,57.22,137.33
33,143,22.78,54.66
143,33,22.78,54.66
33,144,11.21,26.9
144,33,11.21,26.9
33,145,52.09,125.03
145,33,52.09,125.03
33,146,94.57,226.97
146,33,94.57,226.97
33,147,98.06,235.35
147,33,98.06,235.35
33,148,69.57,166.96
148,33,69.57,166.96
33,149,38.22,91.73
149,33,38.22,91.73
33,150,28.43,68.23
150,33,28.43,68.23
34,35,45.77,109.86
35,34,45.77,109.86
34,36,42.02,100.85
36,34,42.02,100.85
34,37,41.62,99.89
37,34,41.62,99.89
34,38,37.81,90.75
38,34,37.81,90.75
34,39,50.01,120.04
39,34,50.01,120.04
34,40,46.46,111.51
40,34,46.46,111.51
34,41,46.86,112.48
41,34,46.86,112.48
34,42,20.75,49.81
42,34,20.75,49.81
34,43,56.57,135.79
43,34,56.57,135.79
34,44,43.55,104.54
44,34,43.55,104.54
34,45,9.8,23.52
45,34,9.8,23.52
34,46,6.33,15.19
46,34,6.33,15.19
34,47,33.33,79.98
47,34,33.33,79.98
34,48,43.71,104.92
48,34,43.71,104.92
34,49,42.43,101.84
49,34,42.43,101.84
34,50,15.42,37.01
50,34,15.42,37.01
34,51,40.32,96.77
51,34,40.32,96.77
34,52,51.53,123.7
52,34,51.53,123.7
34,53,50.35,120.86
53,34,50.35,120.86
34,54,49.78,119.47
54,34,49.78,119.47
34,55,60.5,145.21
55,34,60.5,145.21
34,56,62.89,150.93
56,34,62.89,150.93
34,57,58.87,141.3
57,34,58.87,141.3
34,58,46.52,111.65
58,34,46.52,111.65
34,59,39.85,95.63
59,34,39.85,95.63
34,60,35.9,86.16
60,34,35.9,86.16
34,61,32.6,78.24
61,34,32.6,78.24
34,62,35.12,84.29
62,34,35.12,84.29
34,63,49.08,117.78
63,34,49.08,117.78
34,64,15.09,36.22
64,34,15.09,36.22
34,65,16.83,40.4
65,34,16.83,40.4
34,66,42.75,102.61
66,34,42.75,102.61
34,67,40.41,96.99
67,34,40.41,96.99
34,68,52.22,125.34
68,34,52.22,125.34
34,69,58.78,141.09
69,34,58.78,141.09
34,70,60.59,145.43
70,34,60.59,145.43
34,71,34.65,83.17
71,34,34.65,83.17
34,72,40.18,96.44
72,34,40.18,96.44
34,73,51.69,124.06
73,34,51.69,124.06
34,74,28.71,68.92
74,34,28.71,68.92
34,75,68.64,164.77
75,34,68.64,164.77
34,76,52.81,126.76
76,34,52.81,126.76
34,77,27.16,65.2
77,34,27.16,65.2
34,78,47.37,113.69
78,34,47.37,113.69
34,79,68.28,163.87
79,34,68.28,163.87
34,80,62.43,149.83
80,34,62.43,149.83
34,81,48.97,117.52
81,34,48.97,117.52
34,82,13.14,31.54
82,34,13.14,31.54
34,83,60.81,145.94
83,34,60.81,145.94
34,84,34.88,83.71
84,34,34.88,83.71
34,85,29.87,71.69
85,34,29.87,71.69
34,86,45.45,109.08
86,34,45.45,109.08
34,87,48.56,116.54
87,34,48.56,116.54
34,88,59.62,143.09
88,34,59.62,143.09
34,89,51.97,124.74
89,34,51.97,124.74
34,90,58.7,140.87
90,34,58.7,140.87
34,91,38.46,92.31
91,34,38.46,92.31
34,92,58.24,139.78
92,34,58.24,139.78
34,93,61.39,147.36
93,34,61.39,147.36
34,94,67.42,161.8
94,34,67.42,161.8
34,95,52.34,125.61
95,34,52.34,125.61
34,96,19.58,47.0
96,34,19.58,47.0
34,97,50.49,121.18
97,34,50.49,121.18
34,98,54.79,131.49
98,34,54.79,131.49
34,99,68.09,163.43
99,34,68.09,163.43
34,100,17.73,42.55
100,34,17.73,42.55
34,101,26.02,62.45
101,34,26.02,62.45
34,102,76.62,183.93
102,34,76.62,183.93
34,103,70.31,168.75
103,34,70.31,168.75
34,104,37.68,90.42
104,34,37.68,90.42
34,105,36.41,87.39
105,34,36.41,87.39
34,106,47.49,113.97
106,34,47.49,113.97
34,107,67.41,161.79
107,34,67.41,161.79
34,108,61.59,147.81
108,34,61.59,147.81
34,109,59.12,141.89
109,34,59.12,141.89
34,110,77.88,186.93
110,34,77.88,186.93
34,111,66.59,159.81
111,34,66.59,159.81
34,112,67.65,162.37
112,34,67.65,162.37
34,113,83.1,199.46
113,34,83.1,199.46
34,114,72.82,174.77
114,34,72.82,174.77
34,115,6.02,14.45
115,34,6.02,14.45
34,116,53.71,128.93
116,34,53.71,128.93
34,117,73.48,176.35
117,34,73.48,176.35
34,118,55.0,132.01
118,34,55.0,132.01
34,119,68.05,163.32
119,34,68.05,163.32
34,120,38.06,91.36
120,34,38.06,91.36
34,121,49.8,119.53
121,34,49.8,119.53
34,122,38.21,91.71
122,34,38.21,91.71
34,123,56.32,135.16
123,34,56.32,135.16
34,124,57.16,137.19
124,34,57.16,137.19
34,125,29.87,71.68
125,34,29.87,71.68
34,126,69.37,166.49
126,34,69.37,166.49
34,127,61.42,147.43
127,34,61.42,147.43
34,128,51.84,124.41
128,34,51.84,124.41
34,129,12.87,30.89
129,34,12.87,30.89
34,130,31.18,74.84
130,34,31.18,74.84
34,131,53.69,128.88
131,34,53.69,128.88
34,132,26.03,62.46
132,34,26.03,62.46
34,133,29.82,71.56
133,34,29.82,71.56
34,134,25.25,60.59
134,34,25.25,60.59
34,135,64.01,153.63
135,34,64.01,153.63
34,136,49.94,119.86
136,34,49.94,119.86
34,137,64.06,153.75
137,34,64.06,153.75
34,138,72.62,174.28
138,34,72.62,174.28
34,139,56.16,134.79
139,34,56.16,134.79
34,140,32.51,78.03
140,34,32.51,78.03
34,141,34.62,83.09
141,34,34.62,83.09
34,142,62.83,150.8
142,34,62.83,150.8
34,143,23.02,55.25
143,34,23.02,55.25
34,144,12.18,29.23
144,34,12.18,29.23
34,145,46.33,111.2
145,34,46.33,111.2
34,146,71.34,171.22
146,34,71.34,171.22
34,147,75.36,180.86
147,34,75.36,180.86
34,148,51.0,122.41
148,34,51.0,122.41
34,149,57.17,137.21
149,34,57.17,137.21
34,150,50.82,121.97
150,34,50.82,121.97
35,36,81.58,195.79
36,35,81.58,195.79
35,37,83.74,200.98
37,35,83.74,200.98
35,38,81.96,196.69
38,35,81.96,196.69
35,39,8.23,19.74
39,35,8.23,19.74
35,40,77.8,186.73
40,35,77.8,186.73
35,41,49.23,118.15
41,35,49.23,118.15
35,42,64.04,153.68
42,35,64.04,153.68
35,43,41.5,99.6
43,35,41.5,99.6
35,44,30.13,72.31
44,35,30.13,72.31
35,45,36.63,87.92
45,35,36.63,87.92
35,46,43.54,104.5
46,35,43.54,104.5
35,47,77.38,185.71
47,35,77.38,185.71
35,48,89.13,213.91
48,35,89.13,213.91
35,49,86.47,207.53
49,35,86.47,207.53
35,50,60.78,145.86
50,35,60.78,145.86
35,51,14.57,34.97
51,35,14.57,34.97
35,52,24.79,59.49
52,35,24.79,59.49
35,53,16.52,39.64
53,35,16.52,39.64
35,54,89.84,215.62
54,35,89.84,215.62
35,55,100.36,240.87
55,35,100.36,240.87
35,56,98.39,236.14
56,35,98.39,236.14
35,57,87.4,209.77
57,35,87.4,209.77
35,58,90.58,217.4
58,35,90.58,217.4
35,59,81.63,195.91
59,35,81.63,195.91
35,60,74.41,178.6
60,35,74.41,178.6
35,61,49.95,119.88
61,35,49.95,119.88
35,62,48.14,115.55
62,35,48.14,115.55
35,63,60.53,145.28
63,35,60.53,145.28
35,64,30.74,73.78
64,35,30.74,73.78
35,65,43.21,103.7
65,35,43.21,103.7
35,66,61.65,147.98
66,35,61.65,147.98
35,67,7.41,17.78
67,35,7.41,17.78
35,68,31.66,75.99
68,35,31.66,75.99
35,69,29.39,70.55
69,35,29.39,70.55
35,70,39.05,93.71
70,35,39.05,93.71
35,71,31.15,74.77
71,35,31.15,74.77
35,72,75.17,180.4
72,35,75.17,180.4
35,73,45.9,110.17
73,35,45.9,110.17
35,74,32.86,78.86
74,35,32.86,78.86
35,75,37.39,89.76
75,35,37.39,89.76
35,76,98.19,235.66
76,35,98.19,235.66
35,77,41.68,100.02
77,35,41.68,100.02
35,78,75.04,180.1
78,35,75.04,180.1
35,79,40.43,97.06
79,35,40.43,97.06
35,80,18.26,43.81
80,35,18.26,43.81
35,81,71.06,170.56
81,35,71.06,170.56
35,82,37.95,91.08
82,35,37.95,91.08
35,83,103.55,248.52
83,35,103.55,248.52
35,84,40.45,97.07
84,35,40.45,97.07
35,85,25.09,60.22
85,35,25.09,60.22
35,86,91.2,218.89
86,35,91.2,218.89
35,87,91.21,218.89
87,35,91.21,218.89
35,88,83.51,200.43
88,35,83.51,200.43
35,89,95.91,230.18
89,35,95.91,230.18
35,90,103.17,247.6
90,35,103.17,247.6
35,91,61.52,147.64
91,35,61.52,147.64
35,92,23.41,56.18
92,35,23.41,56.18
35,93,35.5,85.19
93,35,35.5,85.19
35,94,99.97,239.92
94,35,99.97,239.92
35,95,81.22,194.93
95,35,81.22,194.93
35,96,41.63,99.92
96,35,41.63,99.92
35,97,6.76,16.23
97,35,6.76,16.23
35,98,96.96,232.71
98,35,96.96,232.71
35,99,111.26,267.03
99,35,111.26,267.03
35,100,55.77,133.84
100,35,55.77,133.84
35,101,71.42,171.4
101,35,71.42,171.4
35,102,45.37,108.92
102,35,45.37,108.92
35,103,35.3,84.73
103,35,35.3,84.73
35,104,25.71,61.71
104,35,25.71,61.71
35,105,44.37,106.48
105,35,44.37,106.48
35,106,17.91,43.0
106,35,17.91,43.0
35,107,96.98,232.77
107,35,96.98,232.77
35,108,70.62,169.48
108,35,70.62,169.48
35,109,76.16,182.78
109,35,76.16,182.78
35,110,45.61,109.46
110,35,45.61,109.46
35,111,91.42,219.43
111,35,91.42,219.43
35,112,78.07,187.37
112,35,78.07,187.37
35,113,48.08,115.4
113,35,48.08,115.4
35,114,94.82,227.58
114,35,94.82,227.58
35,115,40.74,97.77
115,35,40.74,97.77
35,116,13.83,33.2
116,35,13.83,33.2
35,117,100.22,240.52
117,35,100.22,240.52
35,118,53.46,128.3
118,35,53.46,128.3
35,119,75.95,182.27
119,35,75.95,182.27
35,120,33.8,81.12
120,35,33.8,81.12
35,121,95.17,228.42
121,35,95.17,228.42
35,122,56.62,135.9
122,35,56.62,135.9
35,123,42.58,102.2
123,35,42.58,102.2
35,124,99.24,238.19
124,35,99.24,238.19
35,125,64.75,155.4
125,35,64.75,155.4
35,126,112.35,269.65
126,35,112.35,269.65
35,127,37.29,89.49
127,35,37.29,89.49
35,128,39.4,94.55
128,35,39.4,94.55
35,129,48.51,116.43
129,35,48.51,116.43
35,130,16.36,39.27
130,35,16.36,39.27
35,131,12.49,29.99
131,35,12.49,29.99
35,132,34.48,82.75
132,35,34.48,82.75
35,133,73.79,177.11
133,35,73.79,177.11
35,134,54.9,131.76
134,35,54.9,131.76
35,135,19.12,45.88
135,35,19.12,45.88
35,136,10.81,25.94
136,35,10.81,25.94
35,137,107.53,258.06
137,35,107.53,258.06
35,138,92.76,222.62
138,35,92.76,222.62
35,139,27.15,65.15
139,35,27.15,65.15
35,140,36.94,88.65
140,35,36.94,88.65
35,141,59.94,143.87
141,35,59.94,143.87
35,142,105.17,252.42
142,35,105.17,252.42
35,143,65.85,158.04
143,35,65.85,158.04
35,144,47.61,114.26
144,35,47.61,114.26
35,145,3.52,8.44
145,35,3.52,8.44
35,146,89.72,215.33
146,35,89.72,215.33
35,147,100.08,240.2
147,35,100.08,240.2
35,148,90.67,217.61
148,35,90.67,217.61
35,149,50.38,120.92
149,35,50.38,120.92
35,150,58.09,139.41
150,35,58.09,139.41
36,37,7.4,17.75
37,36,7.4,17.75
36,38,14.89,35.73
38,36,14.89,35.73
36,39,84.02,201.65
39,36,84.02,201.65
36,40,17.11,41.07
40,36,17.11,41.07
36,41,53.97,129.53
41,36,53.97,129.53
36,42,21.81,52.34
42,36,21.81,52.34
36,43,73.77,177.05
43,36,73.77,177.05
36,44,66.78,160.27
44,36,66.78,160.27
36,45,47.39,113.73
45,36,47.39,113.73
36,46,40.41,96.97
46,36,40.41,96.97
36,47,42.57,102.18
47,36,42.57,102.18
36,48,38.75,93.01
48,36,38.75,93.01
36,49,46.13,110.71
49,36,46.13,110.71
36,50,36.54,87.68
50,36,36.54,87.68
36,51,80.06,192.16
51,36,80.06,192.16
36,52,78.64,188.75
52,36,78.64,188.75
36,53,81.3,195.11
53,36,81.3,195.11
36,54,8.26,19.83
54,36,8.26,19.83
36,55,18.93,45.42
55,36,18.93,45.42
36,56,21.92,52.6
56,36,21.92,52.6
36,57,26.62,63.89
57,36,26.62,63.89
36,58,16.96,40.71
58,36,16.96,40.71
36,59,51.9,124.56
59,36,51.9,124.56
36,60,56.43,135.44
60,36,56.43,135.44
36,61,71.46,171.5
61,36,71.46,171.5
36,62,41.8,100.33
62,36,41.8,100.33
36,63,44.15,105.96
63,36,44.15,105.96
36,64,51.81,124.34
64,36,51.81,124.34
36,65,38.38,92.11
65,36,38.38,92.11
36,66,34.73,83.35
66,36,34.73,83.35
36,67,78.27,187.84
67,36,78.27,187.84
36,68,75.36,180.87
68,36,75.36,180.87
36,69,84.94,203.86
69,36,84.94,203.86
36,70,81.01,194.43
70,36,81.01,194.43
36,71,76.67,184.01
71,36,76.67,184.01
36,72,63.71,152.9
72,36,63.71,152.9
36,73,63.57,152.58
73,36,63.57,152.58
36,74,52.6,126.24
74,36,52.6,126.24
36,75,94.23,226.17
75,36,94.23,226.17
36,76,43.96,105.51
76,36,43.96,105.51
36,77,43.15,103.55
77,36,43.15,103.55
36,78,75.9,182.16
78,36,75.9,182.16
36,79,89.95,215.87
79,36,89.95,215.87
36,80,96.17,230.8
80,36,96.17,230.8
36,81,81.23,194.96
81,36,81.23,194.96
36,82,43.75,105.01
82,36,43.75,105.01
36,83,61.72,148.12
83,36,61.72,148.12
36,84,76.25,183.0
84,36,76.25,183.0
36,85,71.44,171.46
85,36,71.44,171.46
36,86,34.28,82.28
86,36,34.28,82.28
36,87,12.68,30.43
87,36,12.68,30.43
36,88,33.11,79.46
88,36,33.11,79.46
36,89,51.69,124.06
89,36,51.69,124.06
36,90,53.58,128.59
90,36,53.58,128.59
36,91,72.96,175.1
91,36,72.96,175.1
36,92,87.56,210.15
92,36,87.56,210.15
36,93,84.57,202.96
93,36,84.57,202.96
36,94,28.39,68.13
94,36,28.39,68.13
36,95,22.77,54.64
95,36,22.77,54.64
36,96,60.62,145.49
96,36,60.62,145.49
36,97,87.61,210.26
97,36,87.61,210.26
36,98,16.52,39.64
98,36,16.52,39.64
36,99,65.6,157.44
99,36,65.6,157.44
36,100,26.25,63.0
100,36,26.25,63.0
36,101,34.75,83.4
101,36,34.75,83.4
36,102,100.61,241.45
102,36,100.61,241.45
36,103,97.35,233.63
103,36,97.35,233.63
36,104,79.44,190.65
104,36,79.44,190.65
36,105,47.43,113.83
105,36,47.43,113.83
36,106,87.74,210.58
106,36,87.74,210.58
36,107,31.38,75.31
107,36,31.38,75.31
36,108,50.92,122.21
108,36,50.92,122.21
36,109,41.34,99.21
109,36,41.34,99.21
36,110,103.47,248.33
110,36,103.47,248.33
36,111,36.2,86.89
111,36,36.2,86.89
36,112,52.71,126.5
112,36,52.71,126.5
36,113,108.69,260.86
113,36,108.69,260.86
36,114,43.84,105.21
114,36,43.84,105.21
36,115,47.92,115.01
115,36,47.92,115.01
36,116,86.35,207.23
116,36,86.35,207.23
36,117,39.21,94.1
117,36,39.21,94.1
36,118,57.98,139.14
118,36,57.98,139.14
36,119,58.38,140.11
119,36,58.38,140.11
36,120,58.85,141.23
120,36,58.85,141.23
36,121,27.02,64.85
121,36,27.02,64.85
36,122,35.53,85.27
122,36,35.53,85.27
36,123,98.26,235.83
123,36,98.26,235.83
36,124,61.17,146.81
124,36,61.17,146.81
36,125,17.48,41.95
125,36,17.48,41.95
36,126,67.18,161.24
126,36,67.18,161.24
36,127,83.39,200.14
127,36,83.39,200.14
36,128,93.81,225.14
128,36,93.81,225.14
36,129,51.1,122.63
129,36,51.1,122.63
36,130,70.11,168.26
130,36,70.11,168.26
36,131,86.87,208.49
131,36,86.87,208.49
36,132,67.99,163.17
132,36,67.99,163.17
36,133,16.39,39.33
133,36,16.39,39.33
36,134,60.52,145.25
134,36,60.52,145.25
36,135,98.2,235.67
135,36,98.2,235.67
36,136,83.05,199.32
136,36,83.05,199.32
36,137,61.59,147.8
137,36,61.59,147.8
36,138,45.75,109.81
138,36,45.75,109.81
36,139,97.38,233.72
139,36,97.38,233.72
36,140,51.55,123.72
140,36,51.55,123.72
36,141,68.96,165.51
141,36,68.96,165.51
36,142,64.35,154.44
142,36,64.35,154.44
36,143,43.95,105.47
143,36,43.95,105.47
36,144,51.01,122.42
144,36,51.01,122.42
36,145,81.34,195.22
145,36,81.34,195.22
36,146,46.84,112.42
146,36,46.84,112.42
36,147,42.81,102.75
147,36,42.81,102.75
36,148,9.2,22.07
148,36,9.2,22.07
36,149,98.48,236.34
149,36,98.48,236.34
36,150,89.64,215.14
150,36,89.64,215.14
37,38,8.2,19.68
38,37,8.2,19.68
37,39,86.83,208.38
39,37,86.83,208.38
37,40,24.5,58.79
40,37,24.5,58.79
37,41,59.85,143.64
41,37,59.85,143.64
37,42,20.87,50.09
42,37,20.87,50.09
37,43,79.17,190.02
43,37,79.17,190.02
37,44,71.28,171.08
44,37,71.28,171.08
37,45,48.27,115.84
45,37,48.27,115.84
37,46,41.12,98.7
46,37,41.12,98.7
37,47,36.8,88.32
47,37,36.8,88.32
37,48,31.73,76.15
48,37,31.73,76.15
37,49,39.52,94.85
49,37,39.52,94.85
37,50,33.54,80.49
50,37,33.54,80.49
37,51,80.92,194.21
51,37,80.92,194.21
37,52,82.82,198.78
52,37,82.82,198.78
37,53,84.82,203.57
53,37,84.82,203.57
37,54,9.68,23.23
54,37,9.68,23.23
37,55,19.49,46.78
55,37,19.49,46.78
37,56,26.41,63.39
56,37,26.41,63.39
37,57,33.73,80.94
57,37,33.73,80.94
37,58,9.88,23.71
58,37,9.88,23.71
37,59,45.88,110.1
59,37,45.88,110.1
37,60,51.21,122.92
60,37,51.21,122.92
37,61,68.93,165.43
61,37,68.93,165.43
37,62,47.02,112.86
62,37,47.02,112.86
37,63,50.76,121.82
63,37,50.76,121.82
37,64,52.67,126.39
64,37,52.67,126.39
37,65,40.98,98.35
65,37,40.98,98.35
37,66,41.23,98.96
66,37,41.23,98.96
37,67,79.13,189.91
67,37,79.13,189.91
37,68,80.07,192.16
68,37,80.07,192.16
37,69,89.36,214.47
69,37,89.36,214.47
37,70,86.17,206.8
70,37,86.17,206.8
37,71,76.01,182.42
71,37,76.01,182.42
37,72,58.59,140.61
72,37,58.59,140.61
37,73,69.3,166.31
73,37,69.3,166.31
37,74,56.46,135.52
74,37,56.46,135.52
37,75,98.81,237.16
75,37,98.81,237.16
37,76,36.62,87.88
76,37,36.62,87.88
37,77,47.3,113.51
77,37,47.3,113.51
37,78,71.14,170.73
78,37,71.14,170.73
37,79,95.07,228.16
79,37,95.07,228.16
37,80,99.13,237.92
80,37,99.13,237.92
37,81,76.98,184.76
81,37,76.98,184.76
37,82,45.82,109.96
82,37,45.82,109.96
37,83,54.54,130.89
83,37,54.54,130.89
37,84,74.69,179.26
84,37,74.69,179.26
37,85,71.47,171.53
85,37,71.47,171.53
37,86,27.02,64.84
86,37,27.02,64.84
37,87,7.52,18.04
87,37,7.52,18.04
37,88,40.47,97.12
88,37,40.47,97.12
37,89,44.61,107.05
89,37,44.61,107.05
37,90,46.25,111.0
90,37,46.25,111.0
37,91,69.33,166.38
91,37,69.33,166.38
37,92,91.48,219.55
92,37,91.48,219.55
37,93,89.42,214.6
93,37,89.42,214.6
37,94,33.81,81.15
94,37,33.81,81.15
37,95,30.14,72.33
95,37,30.14,72.33
37,96,59.13,141.9
96,37,59.13,141.9
37,97,88.86,213.27
97,37,88.86,213.27
37,98,13.32,31.96
98,37,13.32,31.96
37,99,58.26,139.83
99,37,58.26,139.83
37,100,27.99,67.18
100,37,27.99,67.18
37,101,29.84,71.63
101,37,29.84,71.63
37,102,105.75,253.8
102,37,105.75,253.8
37,103,101.76,244.23
103,37,101.76,244.23
37,104,79.29,190.31
104,37,79.29,190.31
37,105,52.57,126.16
105,37,52.57,126.16
37,106,88.6,212.63
106,37,88.6,212.63
37,107,37.69,90.46
107,37,37.69,90.46
37,108,58.07,139.38
108,37,58.07,139.38
37,109,48.68,116.82
109,37,48.68,116.82
37,110,108.05,259.32
110,37,108.05,259.32
37,111,43.29,103.89
111,37,43.29,103.89
37,112,60.05,144.11
112,37,60.05,144.11
37,113,113.27,271.85
113,37,113.27,271.85
37,114,50.93,122.22
114,37,50.93,122.22
37,115,47.64,114.33
115,37,47.64,114.33
37,116,89.54,214.9
116,37,89.54,214.9
37,117,45.69,109.65
117,37,45.69,109.65
37,118,64.33,154.39
118,37,64.33,154.39
37,119,65.63,157.5
119,37,65.63,157.5
37,120,63.41,152.19
120,37,63.41,152.19
37,121,19.72,47.32
121,37,19.72,47.32
37,122,41.48,99.56
122,37,41.48,99.56
37,123,97.16,233.18
123,37,97.16,233.18
37,124,54.17,130.01
124,37,54.17,130.01
37,125,21.99,52.77
125,37,21.99,52.77
37,126,59.85,143.64
126,37,59.85,143.64
37,127,88.39,212.13
127,37,88.39,212.13
37,128,92.79,222.69
128,37,92.79,222.69
37,129,49.13,117.91
129,37,49.13,117.91
37,130,70.97,170.31
130,37,70.97,170.31
37,131,89.93,215.84
131,37,89.93,215.84
37,132,67.1,161.03
132,37,67.1,161.03
37,133,12.7,30.49
133,37,12.7,30.49
37,134,57.45,137.88
134,37,57.45,137.88
37,135,101.03,242.48
135,37,101.03,242.48
37,136,86.1,206.63
136,37,86.1,206.63
37,137,54.27,130.26
137,37,54.27,130.26
37,138,52.98,127.14
138,37,52.98,127.14
37,139,97.7,234.49
139,37,97.7,234.49
37,140,55.99,134.36
140,37,55.99,134.36
37,141,65.41,156.98
141,37,65.41,156.98
37,142,57.17,137.21
142,37,57.17,137.21
37,143,39.7,95.28
143,37,39.7,95.28
37,144,49.19,118.05
144,37,49.19,118.05
37,145,83.8,201.13
145,37,83.8,201.13
37,146,54.17,130.0
146,37,54.17,130.0
37,147,49.33,118.38
147,37,49.33,118.38
37,148,11.24,26.98
148,37,11.24,26.98
37,149,96.68,232.03
149,37,96.68,232.03
37,150,86.8,208.33
150,37,86.8,208.33
38,39,84.97,203.94
39,38,84.97,203.94
38,40,31.39,75.34
40,38,31.39,75.34
38,41,63.13,151.52
41,38,63.13,151.52
38,42,17.92,43.01
42,38,17.92,43.01
38,43,81.55,195.72
43,38,81.55,195.72
38,44,72.48,173.94
44,38,72.48,173.94
38,45,45.61,109.46
45,38,45.61,109.46
38,46,38.52,92.44
46,38,38.52,92.44
38,47,28.69,68.85
47,38,28.69,68.85
38,48,23.88,57.31
48,38,23.88,57.31
38,49,31.37,75.29
49,38,31.37,75.29
38,50,27.43,65.83
50,38,27.43,65.83
38,51,78.07,187.36
51,38,78.07,187.36
38,52,83.48,200.35
52,38,83.48,200.35
38,53,84.63,203.11
53,38,84.63,203.11
38,54,17.58,42.19
54,38,17.58,42.19
38,55,26.32,63.17
55,38,26.32,63.17
38,56,34.5,82.79
56,38,34.5,82.79
38,57,41.51,99.61
57,38,41.51,99.61
38,58,8.72,20.93
58,38,8.72,20.93
38,59,37.69,90.45
59,38,37.69,90.45
38,60,43.27,103.85
60,38,43.27,103.85
38,61,62.67,150.42
61,38,62.67,150.42
38,62,49.57,118.97
62,38,49.57,118.97
38,63,55.37,132.89
63,38,55.37,132.89
38,64,50.05,120.12
64,38,50.05,120.12
38,65,40.47,97.13
65,38,40.47,97.13
38,66,45.81,109.95
66,38,45.81,109.95
38,67,76.51,183.64
67,38,76.51,183.64
38,68,81.45,195.48
68,38,81.45,195.48
38,69,90.29,216.69
69,38,90.29,216.69
38,70,88.13,211.5
70,38,88.13,211.5
38,71,71.35,171.26
71,38,71.35,171.26
38,72,50.66,121.59
72,38,50.66,121.59
38,73,72.24,173.38
73,38,72.24,173.38
38,74,57.05,136.93
74,38,57.05,136.93
38,75,99.92,239.81
75,38,99.92,239.81
38,76,29.58,71.0
76,38,29.58,71.0
38,77,48.44,116.26
77,38,48.44,116.26
38,78,63.36,152.06
78,38,63.36,152.06
38,79,96.92,232.61
79,38,96.92,232.61
38,80,97.39,233.73
80,38,97.39,233.73
38,81,69.47,166.73
81,38,69.47,166.73
38,82,44.54,106.89
82,38,44.54,106.89
38,83,46.91,112.59
83,38,46.91,112.59
38,84,69.22,166.14
84,38,69.22,166.14
38,85,67.53,162.08
85,38,67.53,162.08
38,86,19.7,47.29
86,38,19.7,47.29
38,87,11.9,28.56
87,38,11.9,28.56
38,88,47.77,114.64
88,38,47.77,114.64
38,89,36.83,88.4
89,38,36.83,88.4
38,90,39.08,93.79
90,38,39.08,93.79
38,91,62.24,149.37
91,38,62.24,149.37
38,92,91.72,220.14
92,38,91.72,220.14
38,93,90.92,218.22
93,38,90.92,218.22
38,94,42.0,100.8
94,38,42.0,100.8
38,95,37.43,89.84
95,38,37.43,89.84
38,96,53.87,129.3
96,38,53.87,129.3
38,97,86.24,207.0
97,38,86.24,207.0
38,98,18.15,43.56
98,38,18.15,43.56
38,99,51.09,122.62
99,38,51.09,122.62
38,100,27.25,65.39
100,38,27.25,65.39
38,101,22.24,53.37
101,38,22.24,53.37
38,102,107.59,258.21
102,38,107.59,258.21
38,103,102.6,246.25
103,38,102.6,246.25
38,104,75.11,180.28
104,38,75.11,180.28
38,105,54.89,131.73
105,38,54.89,131.73
38,106,85.3,204.72
106,38,85.3,204.72
38,107,45.85,110.04
107,38,45.85,110.04
38,108,63.8,153.12
108,38,63.8,153.12
38,109,55.1,132.23
109,38,55.1,132.23
38,110,109.16,261.97
110,38,109.16,261.97
38,111,51.09,122.62
111,38,51.09,122.62
38,112,66.41,159.38
112,38,66.41,159.38
38,113,114.38,274.5
113,38,114.38,274.5
38,114,58.72,140.93
114,38,58.72,140.93
38,115,43.78,105.07
115,38,43.78,105.07
38,116,88.67,212.83
116,38,88.67,212.83
38,117,53.82,129.16
117,38,53.82,129.16
38,118,68.47,164.31
118,38,68.47,164.31
38,119,71.6,171.83
119,38,71.6,171.83
38,120,64.79,155.49
120,38,64.79,155.49
38,121,15.14,36.33
121,38,15.14,36.33
38,122,45.19,108.46
122,38,45.19,108.46
38,123,91.95,220.7
123,38,91.95,220.7
38,124,46.29,111.09
124,38,46.29,111.09
38,125,24.88,59.71
125,38,24.88,59.71
38,126,52.67,126.42
126,38,52.67,126.42
38,127,90.1,216.25
127,38,90.1,216.25
38,128,87.68,210.45
128,38,87.68,210.45
38,129,43.6,104.63
129,38,43.6,104.63
38,130,68.35,164.04
130,38,68.35,164.04
38,131,88.65,212.78
131,38,88.65,212.78
38,132,62.31,149.55
132,38,62.31,149.55
38,133,8.17,19.6
133,38,8.17,19.6
38,134,50.86,122.06
134,38,50.86,122.06
38,135,98.97,237.53
135,38,98.97,237.53
38,136,84.9,203.76
136,38,84.9,203.76
38,137,47.0,112.81
137,38,47.0,112.81
38,138,60.6,145.44
138,38,60.6,145.44
38,139,93.85,225.25
139,38,93.85,225.25
38,140,57.31,137.54
140,38,57.31,137.54
38,141,58.39,140.14
141,38,58.39,140.14
38,142,49.54,118.91
142,38,49.54,118.91
38,143,32.41,77.78
143,38,32.41,77.78
38,144,43.78,105.08
144,38,43.78,105.08
38,145,81.29,195.1
145,38,81.29,195.1
38,146,61.56,147.76
146,38,61.56,147.76
38,147,57.48,137.94
147,38,57.48,137.94
38,148,19.17,46.0
148,38,19.17,46.0
38,149,90.88,218.11
149,38,90.88,218.11
38,150,80.21,192.51
150,38,80.21,192.51
39,40,78.59,188.62
40,39,78.59,188.62
39,41,46.31,111.15
41,39,46.31,111.15
39,42,67.9,162.96
42,39,67.9,162.96
39,43,35.62,85.48
43,39,35.62,85.48
39,44,26.11,62.66
44,39,26.11,62.66
39,45,41.4,99.36
45,39,41.4,99.36
39,46,47.92,115.0
46,39,47.92,115.0
39,47,83.44,200.26
47,39,83.44,200.26
39,48,94.66,227.18
48,39,94.66,227.18
39,49,92.58,222.2
49,39,92.58,222.2
39,50,66.28,159.06
50,39,66.28,159.06
39,51,22.78,54.67
51,39,22.78,54.67
39,52,18.14,43.54
52,39,18.14,43.54
39,53,9.34,22.43
53,39,9.34,22.43
39,54,92.24,221.38
54,39,92.24,221.38
39,55,102.54,246.08
55,39,102.54,246.08
39,56,99.52,238.85
56,39,99.52,238.85
39,57,87.33,209.6
57,39,87.33,209.6
39,58,94.24,226.18
58,39,94.24,226.18
39,59,88.22,211.74
59,39,88.22,211.74
39,60,81.41,195.39
60,39,81.41,195.39
39,61,57.92,139.03
61,39,57.92,139.03
39,62,47.62,114.28
62,39,47.62,114.28
39,63,58.58,140.59
63,39,58.58,140.59
39,64,35.16,84.37
64,39,35.16,84.37
39,65,45.86,110.06
65,39,45.86,110.06
39,66,60.97,146.33
66,39,60.97,146.33
39,67,15.51,37.23
67,39,15.51,37.23
39,68,25.58,61.4
68,39,25.58,61.4
39,69,21.73,52.15
69,39,21.73,52.15
39,70,32.12,77.08
70,39,32.12,77.08
39,71,39.35,94.44
71,39,39.35,94.44
39,72,82.54,198.09
72,39,82.54,198.09
39,73,41.55,99.72
73,39,41.55,99.72
39,74,32.81,78.74
74,39,32.81,78.74
39,75,29.33,70.39
75,39,29.33,70.39
39,76,103.75,249.01
76,39,103.75,249.01
39,77,42.25,101.39
77,39,42.25,101.39
39,78,82.92,199.0
78,39,82.92,199.0
39,79,32.37,77.69
79,39,32.37,77.69
39,80,12.43,29.82
80,39,12.43,29.82
39,81,79.14,189.94
81,39,79.14,189.94
39,82,41.23,98.95
82,39,41.23,98.95
39,83,110.07,264.17
83,39,110.07,264.17
39,84,48.61,116.68
84,39,48.61,116.68
39,85,33.02,79.26
85,39,33.02,79.26
39,86,96.32,231.18
86,39,96.32,231.18
39,87,94.34,226.41
87,39,94.34,226.41
39,88,82.68,198.45
88,39,82.68,198.45
39,89,102.09,245.02
89,39,102.09,245.02
39,90,109.19,262.06
90,39,109.19,262.06
39,91,69.45,166.7
91,39,69.45,166.7
39,92,15.29,36.7
92,39,15.29,36.7
39,93,28.04,67.31
93,39,28.04,67.31
39,94,100.41,240.99
94,39,100.41,240.99
39,95,81.42,195.4
95,39,81.42,195.4
39,96,48.96,117.51
96,39,48.96,117.51
39,97,11.81,28.34
97,39,11.81,28.34
39,98,99.86,239.67
98,39,99.86,239.67
39,99,117.71,282.5
99,39,117.71,282.5
39,100,58.91,141.38
100,39,58.91,141.38
39,101,76.93,184.63
101,39,76.93,184.63
39,102,37.31,89.55
102,39,37.31,89.55
39,103,27.08,65.0
103,39,27.08,65.0
39,104,33.94,81.45
104,39,33.94,81.45
39,105,43.15,103.57
105,39,43.15,103.57
39,106,25.39,60.95
106,39,25.39,60.95
39,107,96.88,232.52
107,39,96.88,232.52
39,108,68.24,163.78
108,39,68.24,163.78
39,109,74.36,178.48
109,39,74.36,178.48
39,110,37.39,89.74
110,39,37.39,89.74
39,111,90.54,217.3
111,39,90.54,217.3
39,112,75.63,181.52
112,39,75.63,181.52
39,113,39.96,95.91
113,39,39.96,95.91
39,114,93.32,223.98
114,39,93.32,223.98
39,115,46.42,111.41
115,39,46.42,111.41
39,116,5.61,13.47
116,39,5.61,13.47
39,117,99.48,238.76
117,39,99.48,238.76
39,118,49.41,118.58
118,39,49.41,118.58
39,119,72.34,173.62
119,39,72.34,173.62
39,120,31.41,75.39
120,39,31.41,75.39
39,121,99.51,238.83
121,39,99.51,238.83
39,122,56.23,134.95
122,39,56.23,134.95
39,123,50.19,120.46
123,39,50.19,120.46
39,124,105.89,254.14
124,39,105.89,254.14
39,125,66.78,160.28
125,39,66.78,160.28
39,126,118.85,285.24
126,39,118.85,285.24
39,127,30.02,72.05
127,39,30.02,72.05
39,128,47.22,113.33
128,39,47.22,113.33
39,129,55.12,132.28
129,39,55.12,132.28
39,130,23.7,56.87
130,39,23.7,56.87
39,131,4.43,10.62
131,39,4.43,10.62
39,132,42.29,101.49
132,39,42.29,101.49
39,133,77.65,186.37
133,39,77.65,186.37
39,134,62.31,149.54
134,39,62.31,149.54
39,135,14.21,34.1
135,39,14.21,34.1
39,136,3.1,7.44
136,39,3.1,7.44
39,137,113.88,273.32
137,39,113.88,273.32
39,138,90.97,218.33
138,39,90.97,218.33
39,139,33.66,80.78
139,39,33.66,80.78
39,140,36.04,86.5
140,39,36.04,86.5
39,141,67.75,162.6
141,39,67.75,162.6
39,142,111.78,268.29
142,39,111.78,268.29
39,143,72.09,173.02
143,39,72.09,173.02
39,144,54.18,130.03
144,39,54.18,130.03
39,145,5.05,12.13
145,39,5.05,12.13
39,146,87.7,210.48
146,39,87.7,210.48
39,147,98.97,237.52
147,39,98.97,237.52
39,148,92.95,223.08
148,39,92.95,223.08
39,149,58.26,139.83
149,39,58.26,139.83
39,150,66.31,159.14
150,39,66.31,159.14
40,41,41.26,99.03
41,40,41.26,99.03
40,42,30.58,73.4
42,40,30.58,73.4
40,43,60.73,145.75
43,40,60.73,145.75
40,44,57.52,138.05
44,40,57.52,138.05
40,45,48.51,116.43
45,40,48.51,116.43
40,46,42.62,102.29
46,40,42.62,102.29
40,47,56.82,136.36
47,40,56.82,136.36
40,48,55.1,132.25
48,40,55.1,132.25
40,49,61.69,148.06
49,40,61.69,148.06
40,50,46.48,111.54
50,40,46.48,111.54
40,51,79.66,191.17
51,40,79.66,191.17
40,52,69.87,167.69
52,40,69.87,167.69
40,53,74.14,177.94
53,40,74.14,177.94
40,54,21.18,50.84
54,40,21.18,50.84
40,55,27.81,66.75
55,40,27.81,66.75
40,56,21.1,50.64
56,40,21.1,50.64
40,57,12.6,30.23
57,40,12.6,30.23
40,58,33.98,81.56
58,40,33.98,81.56
40,59,66.35,159.23
59,40,66.35,159.23
40,60,69.33,166.38
60,40,69.33,166.38
40,61,78.63,188.71
61,40,78.63,188.71
40,62,31.92,76.61
62,40,31.92,76.61
40,63,29.46,70.71
63,40,29.46,70.71
40,64,51.17,122.8
64,40,51.17,122.8
40,65,36.4,87.35
65,40,36.4,87.35
40,66,20.99,50.38
66,40,20.99,50.38
40,67,75.98,182.35
67,40,75.98,182.35
40,68,65.29,156.68
68,40,65.29,156.68
40,69,75.38,180.91
69,40,75.38,180.91
40,70,68.81,165.14
70,40,68.81,165.14
40,71,79.64,191.14
71,40,79.64,191.14
40,72,76.26,183.02
72,40,76.26,183.02
40,73,49.67,119.21
73,40,49.67,119.21
40,74,45.81,109.94
74,40,45.81,109.94
40,75,84.14,201.93
75,40,84.14,201.93
40,76,60.88,146.11
76,40,60.88,146.11
40,77,36.36,87.27
77,40,36.36,87.27
40,78,87.5,210.0
78,40,87.5,210.0
40,79,77.29,185.49
79,40,77.29,185.49
40,80,90.05,216.12
80,40,90.05,216.12
40,81,91.7,220.08
81,40,91.7,220.08
40,82,42.44,101.85
82,40,42.44,101.85
40,83,78.23,187.75
83,40,78.23,187.75
40,84,81.21,194.9
84,40,81.21,194.9
40,85,73.06,175.34
85,40,73.06,175.34
40,86,51.07,122.57
86,40,51.07,122.57
40,87,28.93,69.44
87,40,28.93,69.44
40,88,16.57,39.77
88,40,16.57,39.77
40,89,68.06,163.34
89,40,68.06,163.34
40,90,70.44,169.06
90,40,70.44,169.06
40,91,82.34,197.63
91,40,82.34,197.63
40,92,79.25,190.2
92,40,79.25,190.2
40,93,73.89,177.33
93,40,73.89,177.33
40,94,22.32,53.57
94,40,22.32,53.57
40,95,6.58,15.78
95,40,6.58,15.78
40,96,66.04,158.5
96,40,66.04,158.5
40,97,84.33,202.38
97,40,84.33,202.38
40,98,30.73,73.76
98,40,30.73,73.76
40,99,82.46,197.9
99,40,82.46,197.9
40,100,28.73,68.96
100,40,28.73,68.96
40,101,47.95,115.07
101,40,47.95,115.07
40,102,87.31,209.54
102,40,87.31,209.54
40,103,87.56,210.15
103,40,87.56,210.15
40,104,81.15,194.76
104,40,81.15,194.76
40,105,37.34,89.62
105,40,37.34,89.62
40,106,87.44,209.84
106,40,87.44,209.84
40,107,21.01,50.42
107,40,21.01,50.42
40,108,34.33,82.39
108,40,34.33,82.39
40,109,24.28,58.28
109,40,24.28,58.28
40,110,92.43,221.83
110,40,92.43,221.83
40,111,21.42,51.41
111,40,21.42,51.41
40,112,35.65,85.55
112,40,35.65,85.55
40,113,98.02,235.25
113,40,98.02,235.25
40,114,28.7,68.87
114,40,28.7,68.87
40,115,51.57,123.77
115,40,51.57,123.77
40,116,79.88,191.71
116,40,79.88,191.71
40,117,27.16,65.19
117,40,27.16,65.19
40,118,44.06,105.73
118,40,44.06,105.73
40,119,41.51,99.62
119,40,41.51,99.62
40,120,49.75,119.4
120,40,49.75,119.4
40,121,44.11,105.87
121,40,44.11,105.87
40,122,23.82,57.16
122,40,23.82,57.16
40,123,101.66,243.98
123,40,101.66,243.98
40,124,77.32,185.57
124,40,77.32,185.57
40,125,16.61,39.86
125,40,16.61,39.86
40,126,84.04,201.71
126,40,84.04,201.71
40,127,71.94,172.65
127,40,71.94,172.65
40,128,97.11,233.06
128,40,97.11,233.06
40,129,58.01,139.22
129,40,58.01,139.22
40,130,69.61,167.06
130,40,69.61,167.06
40,131,80.73,193.75
131,40,80.73,193.75
40,132,71.79,172.29
132,40,71.79,172.29
40,133,30.08,72.19
133,40,30.08,72.19
40,134,69.18,166.02
134,40,69.18,166.02
40,135,92.35,221.64
135,40,92.35,221.64
40,136,77.06,184.93
136,40,77.06,184.93
40,137,78.39,188.14
137,40,78.39,188.14
40,138,29.89,71.74
138,40,29.89,71.74
40,139,97.55,234.13
139,40,97.55,234.13
40,140,43.23,103.76
140,40,43.23,103.76
40,141,78.3,187.92
141,40,78.3,187.92
40,142,80.86,194.05
142,40,80.86,194.05
40,143,55.55,133.33
143,40,55.55,133.33
40,144,57.64,138.34
144,40,57.64,138.34
40,145,76.84,184.42
145,40,76.84,184.42
40,146,30.38,72.91
146,40,30.38,72.91
40,147,29.56,70.95
147,40,29.56,70.95
40,148,20.73,49.75
148,40,20.73,49.75
40,149,103.4,248.17
149,40,103.4,248.17
40,150,97.0,232.8
150,40,97.0,232.8
41,42,49.83,119.6
42,41,49.83,119.6
41,43,20.65,49.55
43,41,20.65,49.55
41,44,20.48,49.15
44,41,20.48,49.15
41,45,41.6,99.83
45,41,41.6,99.83
41,46,41.69,100.07
46,41,41.69,100.07
41,47,76.83,184.4
47,41,76.83,184.4
41,48,82.12,197.1
48,41,82.12,197.1
41,49,84.89,203.73
49,41,84.89,203.73
41,50,59.5,142.79
50,41,59.5,142.79
41,51,57.88,138.91
51,41,57.88,138.91
41,52,32.07,76.98
52,41,32.07,76.98
41,53,38.91,93.38
53,41,38.91,93.38
41,54,60.82,145.96
54,41,60.82,145.96
41,55,68.93,165.43
55,41,68.93,165.43
41,56,61.55,147.71
56,41,61.55,147.71
41,57,45.75,109.8
57,41,45.75,109.8
41,58,69.5,166.81
58,41,69.5,166.81
41,59,85.27,204.65
59,41,85.27,204.65
41,60,83.29,199.89
60,41,83.29,199.89
41,61,76.04,182.49
61,41,76.04,182.49
41,62,14.23,34.16
62,41,14.23,34.16
41,63,13.52,32.45
63,41,13.52,32.45
41,64,38.54,92.51
64,41,38.54,92.51
41,65,31.4,75.35
65,41,31.4,75.35
41,66,20.27,48.66
66,41,20.27,48.66
41,67,51.15,122.77
67,41,51.15,122.77
41,68,25.77,61.85
68,41,25.77,61.85
41,69,35.99,86.39
69,41,35.99,86.39
41,70,28.57,68.56
70,41,28.57,68.56
41,71,66.57,159.76
71,41,66.57,159.76
41,72,88.12,211.48
72,41,88.12,211.48
41,73,9.76,23.41
73,41,9.76,23.41
41,74,20.56,49.33
74,41,20.56,49.33
41,75,43.92,105.43
75,41,43.92,105.43
41,76,90.31,216.73
76,41,90.31,216.73
41,77,20.06,48.15
77,41,20.06,48.15
41,78,95.07,228.17
78,41,95.07,228.17
41,79,37.32,89.58
79,41,37.32,89.58
41,80,55.26,132.62
80,41,55.26,132.62
41,81,95.57,229.38
81,41,95.57,229.38
41,82,33.8,81.12
82,41,33.8,81.12
41,83,103.7,248.88
83,41,103.7,248.88
41,84,72.65,174.36
84,41,72.65,174.36
41,85,58.16,139.59
85,41,58.16,139.59
41,86,80.65,193.57
86,41,80.65,193.57
41,87,66.56,159.74
87,41,66.56,159.74
41,88,39.04,93.71
88,41,39.04,93.71
41,89,93.68,224.85
89,41,93.68,224.85
41,90,98.68,236.82
90,41,98.68,236.82
41,91,84.72,203.32
91,41,84.72,203.32
41,92,41.48,99.55
92,41,41.48,99.55
41,93,33.31,79.94
93,41,33.31,79.94
41,94,59.82,143.56
94,41,59.82,143.56
41,95,41.26,99.03
95,41,41.26,99.03
41,96,62.17,149.2
96,41,62.17,149.2
41,97,55.87,134.08
97,41,55.87,134.08
41,98,70.19,168.46
98,41,70.19,168.46
41,99,109.91,263.8
99,41,109.91,263.8
41,100,39.73,95.36
100,41,39.73,95.36
41,101,67.48,161.94
101,41,67.48,161.94
41,102,47.68,114.42
102,41,47.68,114.42
41,103,47.5,114.01
103,41,47.5,114.01
41,104,64.76,155.43
104,41,64.76,155.43
41,105,10.6,25.44
105,41,10.6,25.44
41,106,64.72,155.33
106,41,64.72,155.33
41,107,54.66,131.17
107,41,54.66,131.17
41,108,21.97,52.72
108,41,21.97,52.72
41,109,28.86,69.26
109,41,28.86,69.26
41,110,52.36,125.67
110,41,52.36,125.67
41,111,46.42,111.42
111,41,46.42,111.42
41,112,29.4,70.56
112,41,29.4,70.56
41,113,57.92,139.01
113,41,57.92,139.01
41,114,47.91,114.99
114,41,47.91,114.99
41,115,48.85,117.24
115,41,48.85,117.24
41,116,45.35,108.84
116,41,45.35,108.84
41,117,55.46,133.1
117,41,55.46,133.1
41,118,8.37,20.09
118,41,8.37,20.09
41,119,26.97,64.73
119,41,26.97,64.73
41,120,15.48,37.14
120,41,15.48,37.14
41,121,78.22,187.73
121,41,78.22,187.73
41,122,18.44,44.26
122,41,18.44,44.26
41,123,86.22,206.94
123,41,86.22,206.94
41,124,101.07,242.57
124,41,101.07,242.57
41,125,38.3,91.92
125,41,38.3,91.92
41,126,111.4,267.35
126,41,111.4,267.35
41,127,31.52,75.66
127,41,31.52,75.66
41,128,82.01,196.83
128,41,82.01,196.83
41,129,60.13,144.31
129,41,60.13,144.31
41,130,49.79,119.49
130,41,49.79,119.49
41,131,46.74,112.19
131,41,46.74,112.19
41,132,62.48,149.95
132,41,62.48,149.95
41,133,57.01,136.81
133,41,57.01,136.81
41,134,72.29,173.49
134,41,72.29,173.49
41,135,57.88,138.92
135,41,57.88,138.92
41,136,43.8,105.12
136,41,43.8,105.12
41,137,105.67,253.6
137,41,105.67,253.6
41,138,45.19,108.46
138,41,45.19,108.46
41,139,75.09,180.23
139,41,75.09,180.23
41,140,15.49,37.19
140,41,15.49,37.19
41,141,81.25,195.01
141,41,81.25,195.01
41,142,106.09,254.62
142,41,106.09,254.62
41,143,69.26,166.22
143,41,69.26,166.22
41,144,59.24,142.18
144,41,59.24,142.18
41,145,46.81,112.35
145,41,46.81,112.35
41,146,41.69,100.06
146,41,41.69,100.06
41,147,54.13,129.92
147,41,54.13,129.92
41,148,60.83,146.0
148,41,60.83,146.0
41,149,91.48,219.55
149,41,91.48,219.55
41,150,91.97,220.72
150,41,91.97,220.72
42,43,66.41,159.39
43,42,66.41,159.39
42,44,56.09,134.61
44,42,56.09,134.61
42,45,27.79,66.71
45,42,27.79,66.71
42,46,20.66,49.59
46,42,20.66,49.59
42,47,28.54,68.49
47,42,28.54,68.49
42,48,32.3,77.53
48,42,32.3,77.53
42,49,35.6,85.44
49,42,35.6,85.44
42,50,15.92,38.2
50,42,15.92,38.2
42,51,60.47,145.13
51,42,60.47,145.13
42,52,66.51,159.62
52,42,66.51,159.62
42,53,67.1,161.03
53,42,67.1,161.03
42,54,29.21,70.1
54,42,29.21,70.1
42,55,39.86,95.67
55,42,39.86,95.67
42,56,43.44,104.27
56,42,43.44,104.27
42,57,43.06,103.35
57,42,43.06,103.35
42,58,26.56,63.75
58,42,26.56,63.75
42,59,37.85,90.84
59,42,37.85,90.84
42,60,39.25,94.19
60,42,39.25,94.19
42,61,49.81,119.54
61,42,49.81,119.54
42,62,35.63,85.52
62,42,35.63,85.52
42,63,45.11,108.25
63,42,45.11,108.25
42,64,32.22,77.31
64,42,32.22,77.31
42,65,23.18,55.64
65,42,23.18,55.64
42,66,36.22,86.92
66,42,36.22,86.92
42,67,58.68,140.83
67,42,58.68,140.83
42,68,65.15,156.35
68,42,65.15,156.35
42,69,73.49,176.36
69,42,73.49,176.36
42,70,72.39,173.73
70,42,72.39,173.73
42,71,55.25,132.6
71,42,55.25,132.6
42,72,45.93,110.24
72,42,45.93,110.24
42,73,58.11,139.46
73,42,58.11,139.46
42,74,40.32,96.76
74,42,40.32,96.76
42,75,83.23,199.76
75,42,83.23,199.76
42,76,40.67,97.61
76,42,40.67,97.61
42,77,32.54,78.11
77,42,32.54,78.11
42,78,56.92,136.61
78,42,56.92,136.61
42,79,80.98,194.35
79,42,80.98,194.35
42,80,79.56,190.92
80,42,79.56,190.92
42,81,61.22,146.93
81,42,61.22,146.93
42,82,26.75,64.2
82,42,26.75,64.2
42,83,54.16,129.98
83,42,54.16,129.98
42,84,54.46,130.72
84,42,54.46,130.72
42,85,50.6,121.44
85,42,50.6,121.44
42,86,31.32,75.18
86,42,31.32,75.18
42,87,27.92,67.0
87,42,27.92,67.0
42,88,46.3,111.13
88,42,46.3,111.13
42,89,44.01,105.62
89,42,44.01,105.62
42,90,48.85,117.23
90,42,48.85,117.23
42,91,52.18,125.24
91,42,52.18,125.24
42,92,74.42,178.6
92,42,74.42,178.6
42,93,74.67,179.2
93,42,74.67,179.2
42,94,49.0,117.61
94,42,49.0,117.61
42,95,37.11,89.06
95,42,37.11,89.06
42,96,38.83,93.2
96,42,38.83,93.2
42,97,68.41,164.19
97,42,68.41,164.19
42,98,34.08,81.8
98,42,34.08,81.8
42,99,60.13,144.32
99,42,60.13,144.32
42,100,10.5,25.21
100,42,10.5,25.21
42,101,18.99,45.57
101,42,18.99,45.57
42,102,91.21,218.92
102,42,91.21,218.92
42,103,85.67,205.61
103,42,85.67,205.61
42,104,58.43,140.23
104,42,58.43,140.23
42,105,40.33,96.8
105,42,40.33,96.8
42,106,67.93,163.02
106,42,67.93,163.02
42,107,50.35,120.85
107,42,50.35,120.85
42,108,55.86,134.06
108,42,55.86,134.06
42,109,49.75,119.39
109,42,49.75,119.39
42,110,92.47,221.92
110,42,92.47,221.92
42,111,51.98,124.75
111,42,51.98,124.75
42,112,60.23,144.55
112,42,60.23,144.55
42,113,97.69,234.45
113,42,97.69,234.45
42,114,59.1,141.83
114,42,59.1,141.83
42,115,26.77,64.25
115,42,26.77,64.25
42,116,70.84,170.02
116,42,70.84,170.02
42,117,57.38,137.71
117,42,57.38,137.71
42,118,57.05,136.9
118,42,57.05,136.9
42,119,64.01,153.62
119,42,64.01,153.62
42,120,48.71,116.91
120,42,48.71,116.91
42,121,31.86,76.46
121,42,31.86,76.46
42,122,33.74,80.99
122,42,33.74,80.99
42,123,76.63,183.9
123,42,76.63,183.9
42,124,51.93,124.63
124,42,51.93,124.63
42,125,15.72,37.73
125,42,15.72,37.73
42,126,61.63,147.91
126,42,61.63,147.91
42,127,74.07,177.77
127,42,74.07,177.77
42,128,72.21,173.29
128,42,72.21,173.29
42,129,29.32,70.37
129,42,29.32,70.37
42,130,50.52,121.23
130,42,50.52,121.23
42,131,70.82,169.97
131,42,70.82,169.97
42,132,46.42,111.41
132,42,46.42,111.41
42,133,9.77,23.45
133,42,9.77,23.45
42,134,39.3,94.32
134,42,39.3,94.32
42,135,81.14,194.72
135,42,81.14,194.72
42,136,67.07,160.95
136,42,67.07,160.95
42,137,55.88,134.12
137,42,55.88,134.12
42,138,59.85,143.64
138,42,59.85,143.64
42,139,76.85,184.43
139,42,76.85,184.43
42,140,41.34,99.21
140,42,41.34,99.21
42,141,48.14,115.54
141,42,48.14,115.54
42,142,56.62,135.9
142,42,56.62,135.9
42,143,25.1,60.25
143,42,25.1,60.25
42,144,29.21,70.1
144,42,29.21,70.1
42,145,63.46,152.29
145,42,63.46,152.29
42,146,59.61,143.05
146,42,59.61,143.05
42,147,60.1,144.23
147,42,60.1,144.23
42,148,30.51,73.22
148,42,30.51,73.22
42,149,76.67,184.01
149,42,76.67,184.01
42,150,68.09,163.42
150,42,68.09,163.42
43,44,14.07,33.77
44,43,14.07,33.77
43,45,50.41,121.0
45,43,50.41,121.0
43,46,53.22,127.72
46,43,53.22,127.72
43,47,91.08,218.6
47,43,91.08,218.6
43,48,98.36,236.07
48,43,98.36,236.07
43,49,99.75,239.4
49,43,99.75,239.4
43,50,72.96,175.09
50,43,72.96,175.09
43,51,54.01,129.62
51,43,54.01,129.62
43,52,17.65,42.36
52,43,17.65,42.36
43,53,26.42,63.41
53,43,26.42,63.41
43,54,80.96,194.3
54,43,80.96,194.3
43,55,89.41,214.57
55,43,89.41,214.57
43,56,82.19,197.25
56,43,82.19,197.25
43,57,66.17,158.81
57,43,66.17,158.81
43,58,88.56,212.55
58,43,88.56,212.55
43,59,98.61,236.67
59,43,98.61,236.67
43,60,94.9,227.76
60,43,94.9,227.76
43,61,81.05,194.53
61,43,81.05,194.53
43,62,32.16,77.18
62,43,32.16,77.18
43,63,33.72,80.94
63,43,33.72,80.94
43,64,45.27,108.65
64,43,45.27,108.65
43,65,44.59,107.01
65,43,44.59,107.01
43,66,40.88,98.12
66,43,40.88,98.12
43,67,46.19,110.85
67,43,46.19,110.85
43,68,10.04,24.1
68,43,10.04,24.1
43,69,18.03,43.27
69,43,18.03,43.27
43,70,8.09,19.42
70,43,8.09,19.42
43,71,67.05,160.92
71,43,67.05,160.92
43,72,98.57,236.56
72,43,98.57,236.56
43,73,11.08,26.6
73,43,11.08,26.6
43,74,27.97,67.14
74,43,27.97,67.14
43,75,23.69,56.85
75,43,23.69,56.85
43,76,107.0,256.8
76,43,107.0,256.8
43,77,33.92,81.4
77,43,33.92,81.4
43,78,103.27,247.84
78,43,103.27,247.84
43,79,16.68,40.03
79,43,16.68,40.03
43,80,40.8,97.92
80,43,40.8,97.92
43,81,102.07,244.97
81,43,102.07,244.97
43,82,44.35,106.46
82,43,44.35,106.46
43,83,118.61,284.65
83,43,118.61,284.65
43,84,74.94,179.86
84,43,74.94,179.86
43,85,58.82,141.16
85,43,58.82,141.16
43,86,97.73,234.56
86,43,97.73,234.56
43,87,86.17,206.82
87,43,86.17,206.82
43,88,59.01,141.62
88,43,59.01,141.62
43,89,108.99,261.59
89,43,108.99,261.59
43,90,114.71,275.31
90,43,114.71,275.31
43,91,91.31,219.13
91,43,91.31,219.13
43,92,25.19,60.47
92,43,25.19,60.47
43,93,13.49,32.38
93,43,13.49,32.38
43,94,80.27,192.66
94,43,80.27,192.66
43,95,61.87,148.51
95,43,61.87,148.51
43,96,68.25,163.8
96,43,68.25,163.8
43,97,47.12,113.1
97,43,47.12,113.1
43,98,90.19,216.44
98,43,90.19,216.44
43,99,125.36,300.87
99,43,125.36,300.87
43,100,55.92,134.2
100,43,55.92,134.2
43,101,82.26,197.42
101,43,82.26,197.42
43,102,27.08,64.98
102,43,27.08,64.98
43,103,27.86,66.85
103,43,27.86,66.85
43,104,63.47,152.34
104,43,63.47,152.34
43,105,26.69,64.05
105,43,26.69,64.05
43,106,59.2,142.09
106,43,59.2,142.09
43,107,74.84,179.61
107,43,74.84,179.61
43,108,38.48,92.35
108,43,38.48,92.35
43,109,47.88,114.91
109,43,47.88,114.91
43,110,31.76,76.24
110,43,31.76,76.24
43,111,66.01,158.42
111,43,66.01,158.42
43,112,45.08,108.2
112,43,45.08,108.2
43,113,37.34,89.63
113,43,37.34,89.63
43,114,66.44,159.45
114,43,66.44,159.45
43,115,57.86,138.87
115,43,57.86,138.87
43,116,32.43,77.83
116,43,32.43,77.83
43,117,74.94,179.84
117,43,74.94,179.84
43,118,17.97,43.13
118,43,17.97,43.13
43,119,40.06,96.14
119,43,40.06,96.14
43,120,18.6,44.64
120,43,18.6,44.64
43,121,96.68,232.02
121,43,96.68,232.02
43,122,38.52,92.45
122,43,38.52,92.45
43,123,83.28,199.88
123,43,83.28,199.88
43,124,115.44,277.05
124,43,115.44,277.05
43,125,57.23,137.35
125,43,57.23,137.35
43,126,126.77,304.25
126,43,126.77,304.25
43,127,11.33,27.18
127,43,11.33,27.18
43,128,79.62,191.09
128,43,79.62,191.09
43,129,69.29,166.3
129,43,69.29,166.3
43,130,48.83,117.19
130,43,48.83,117.19
43,131,34.19,82.06
131,43,34.19,82.06
43,132,65.69,157.65
132,43,65.69,157.65
43,133,74.7,179.28
133,43,74.7,179.28
43,134,80.36,192.87
134,43,80.36,192.87
43,135,43.49,104.38
135,43,43.49,104.38
43,136,32.57,78.16
136,43,32.57,78.16
43,137,121.17,290.8
137,43,121.17,290.8
43,138,63.25,151.81
138,43,63.25,151.81
43,139,68.63,164.72
139,43,68.63,164.72
43,140,25.36,60.86
140,43,25.36,60.86
43,141,88.4,212.16
141,43,88.4,212.16
43,142,120.84,290.01
142,43,120.84,290.01
43,143,81.9,196.57
143,43,81.9,196.57
43,144,68.31,163.94
144,43,68.31,163.94
43,145,38.23,91.75
145,43,38.23,91.75
43,146,59.4,142.56
146,43,59.4,142.56
43,147,73.09,175.42
147,43,73.09,175.42
43,148,81.07,194.57
148,43,81.07,194.57
43,149,90.19,216.44
149,43,90.19,216.44
43,150,94.37,226.48
150,43,94.37,226.48
44,45,37.08,88.99
45,44,37.08,88.99
44,46,40.65,97.57
46,44,40.65,97.57
44,47,78.92,189.42
47,44,78.92,189.42
44,48,87.23,209.34
48,44,87.23,209.34
44,49,87.8,210.72
49,44,87.8,210.72
44,50,60.69,145.66
50,44,60.69,145.66
44,51,41.16,98.78
51,44,41.16,98.78
44,52,12.38,29.72
52,44,12.38,29.72
44,53,18.43,44.24
53,44,18.43,44.24
44,54,74.55,178.91
54,44,74.55,178.91
44,55,83.93,201.43
55,44,83.93,201.43
44,56,78.57,188.56
56,44,78.57,188.56
44,57,64.33,154.38
57,44,64.33,154.38
44,58,80.13,192.32
58,44,80.13,192.32
44,59,85.99,206.38
59,44,85.99,206.38
44,60,81.71,196.12
60,44,81.71,196.12
44,61,66.98,160.76
61,44,66.98,160.76
44,62,25.66,61.58
62,44,25.66,61.58
44,63,33.45,80.28
63,44,33.45,80.28
44,64,31.6,75.83
64,44,31.6,75.83
44,65,33.2,79.68
65,44,33.2,79.68
44,66,37.69,90.45
66,44,37.69,90.45
44,67,33.61,80.65
67,44,33.61,80.65
44,68,9.06,21.75
68,44,9.06,21.75
44,69,18.16,43.59
69,44,18.16,43.59
44,70,17.04,40.9
70,44,17.04,40.9
44,71,53.28,127.86
71,44,53.28,127.86
44,72,85.06,204.15
72,44,85.06,204.15
44,73,15.77,37.86
73,44,15.77,37.86
44,74,15.87,38.1
74,44,15.87,38.1
44,75,27.53,66.09
75,44,27.53,66.09
44,76,96.08,230.61
76,44,96.08,230.61
44,77,24.07,57.77
77,44,24.07,57.77
44,78,89.36,214.46
78,44,89.36,214.46
44,79,25.08,60.19
79,44,25.08,60.19
44,80,34.82,83.56
80,44,34.82,83.56
44,81,88.03,211.27
81,44,88.03,211.27
44,82,31.81,76.35
82,44,31.81,76.35
44,83,106.53,255.69
83,44,106.53,255.69
44,84,60.98,146.35
84,44,60.98,146.35
44,85,44.96,107.9
85,44,44.96,107.9
44,86,87.21,209.3
86,44,87.21,209.3
44,87,78.61,188.67
87,44,78.61,188.67
44,88,58.56,140.54
88,44,58.56,140.54
44,89,97.2,233.29
89,44,97.2,233.29
44,90,103.3,247.92
90,44,103.3,247.92
44,91,77.28,185.47
91,44,77.28,185.47
44,92,21.86,52.47
92,44,21.86,52.47
44,93,18.58,44.6
93,44,18.58,44.6
44,94,78.08,187.39
94,44,78.08,187.39
44,95,59.03,141.68
95,44,59.03,141.68
44,96,54.25,130.2
96,44,54.25,130.2
44,97,36.46,87.5
97,44,36.46,87.5
44,98,83.28,199.87
98,44,83.28,199.87
44,99,113.54,272.49
99,44,113.54,272.49
44,100,45.68,109.63
100,44,45.68,109.63
44,101,70.48,169.15
101,44,70.48,169.15
44,102,35.51,85.24
102,44,35.51,85.24
44,103,30.57,73.36
103,44,30.57,73.36
44,104,50.01,120.02
104,44,50.01,120.02
44,105,20.18,48.44
105,44,20.18,48.44
44,106,47.06,112.94
106,44,47.06,112.94
44,107,73.64,176.73
107,44,73.64,176.73
44,108,42.25,101.41
108,44,42.25,101.41
44,109,49.15,117.95
109,44,49.15,117.95
44,110,36.77,88.25
110,44,36.77,88.25
44,111,66.21,158.9
111,44,66.21,158.9
44,112,49.6,119.04
112,44,49.6,119.04
44,113,41.99,100.78
113,44,41.99,100.78
44,114,68.22,163.73
114,44,68.22,163.73
44,115,44.41,106.59
115,44,44.41,106.59
44,116,24.87,59.69
116,44,24.87,59.69
44,117,75.25,180.6
117,44,75.25,180.6
44,118,23.42,56.2
118,44,23.42,56.2
44,119,46.25,110.99
119,44,46.25,110.99
44,120,7.94,19.06
120,44,7.94,19.06
44,121,87.41,209.79
121,44,87.41,209.79
44,122,33.79,81.09
122,44,33.79,81.09
44,123,70.42,169.0
123,44,70.42,169.0
44,124,103.13,247.52
124,44,103.13,247.52
44,125,49.46,118.69
125,44,49.46,118.69
44,126,114.9,275.75
126,44,114.9,275.75
44,127,18.15,43.55
127,44,18.15,43.55
44,128,66.57,159.77
128,44,66.57,159.77
44,129,55.72,133.72
129,44,55.72,133.72
44,130,35.13,84.32
130,44,35.13,84.32
44,131,26.28,63.07
131,44,26.28,63.07
44,132,51.64,123.93
132,44,51.64,123.93
44,133,65.06,156.15
133,44,65.06,156.15
44,134,66.52,159.65
134,44,66.52,159.65
44,135,37.42,89.82
135,44,37.42,89.82
44,136,23.45,56.29
136,44,23.45,56.29
44,137,109.39,262.55
137,44,109.39,262.55
44,138,65.61,157.46
138,44,65.61,157.46
44,139,57.01,136.84
139,44,57.01,136.84
44,140,15.3,36.72
140,44,15.3,36.72
44,141,74.42,178.61
141,44,74.42,178.61
44,142,108.67,260.82
142,44,108.67,260.82
44,143,69.18,166.03
143,44,69.18,166.03
44,144,54.72,131.34
144,44,54.72,131.34
44,145,27.29,65.49
145,44,27.29,65.49
44,146,62.16,149.18
146,44,62.16,149.18
44,147,74.25,178.2
147,44,74.25,178.2
44,148,74.91,179.79
148,44,74.91,179.79
44,149,76.9,184.56
149,44,76.9,184.56
44,150,80.44,193.07
150,44,80.44,193.07
45,46,7.15,17.17
46,45,7.15,17.17
45,47,43.09,103.42
47,45,43.09,103.42
45,48,53.43,128.22
48,45,53.43,128.22
45,49,52.21,125.31
49,45,52.21,125.31
45,50,25.21,60.51
50,45,25.21,60.51
45,51,33.01,79.22
51,45,33.01,79.22
45,52,44.31,106.36
52,45,44.31,106.36
45,53,42.47,101.94
53,45,42.47,101.94
45,54,55.51,133.23
54,45,55.51,133.23
45,55,66.28,159.06
55,45,66.28,159.06
45,56,66.81,160.36
56,45,66.81,160.36
45,57,59.79,143.5
57,45,59.79,143.5
45,58,54.31,130.34
58,45,54.31,130.34
45,59,49.33,118.38
59,45,49.33,118.38
45,60,44.64,107.13
60,45,44.64,107.13
45,61,35.0,84.0
61,45,35.0,84.0
45,62,29.55,70.92
62,45,29.55,70.92
45,63,44.32,106.37
63,45,44.32,106.37
45,64,6.37,15.28
64,45,6.37,15.28
45,65,12.48,29.94
65,45,12.48,29.94
45,66,39.57,94.98
66,45,39.57,94.98
45,67,31.86,76.46
67,45,31.86,76.46
45,68,45.53,109.27
68,45,45.53,109.27
45,69,51.57,123.77
69,45,51.57,123.77
45,70,54.05,129.71
70,45,54.05,129.71
45,71,31.21,74.91
71,45,31.21,74.91
45,72,48.16,115.59
72,45,48.16,115.59
45,73,46.04,110.49
73,45,46.04,110.49
45,74,22.83,54.79
74,45,22.83,54.79
45,75,61.41,147.4
75,45,61.41,147.4
45,76,62.53,150.07
76,45,62.53,150.07
45,77,21.51,51.63
77,45,21.51,51.63
45,78,53.74,128.97
78,45,53.74,128.97
45,79,61.49,147.57
79,45,61.49,147.57
45,80,53.75,129.0
80,45,53.75,129.0
45,81,53.98,129.55
81,45,53.98,129.55
45,82,7.49,17.97
82,45,7.49,17.97
45,83,70.51,169.22
83,45,70.51,169.22
45,84,34.06,81.75
84,45,34.06,81.75
45,85,24.62,59.08
85,45,24.62,59.08
45,86,54.93,131.82
86,45,54.93,131.82
45,87,55.55,133.33
87,45,55.55,133.33
45,88,58.91,141.4
88,45,58.91,141.4
45,89,61.76,148.22
89,45,61.76,148.22
45,90,68.5,164.39
90,45,68.5,164.39
45,91,43.13,103.51
91,45,43.13,103.51
45,92,50.53,121.28
92,45,50.53,121.28
45,93,54.53,130.87
93,45,54.53,130.87
45,94,70.13,168.32
94,45,70.13,168.32
45,95,53.17,127.61
95,45,53.17,127.61
45,96,20.99,50.39
96,45,20.99,50.39
45,97,41.78,100.27
97,45,41.78,100.27
45,98,61.58,147.8
98,45,61.58,147.8
45,99,77.84,186.82
99,45,77.84,186.82
45,100,21.25,50.99
100,45,21.25,50.99
45,101,35.77,85.85
101,45,35.77,85.85
45,102,69.39,166.56
102,45,69.39,166.56
45,103,62.82,150.76
103,45,62.82,150.76
45,104,32.72,78.53
104,45,32.72,78.53
45,105,30.76,73.82
105,45,30.76,73.82
45,106,40.58,97.4
106,45,40.58,97.4
45,107,68.95,165.47
107,45,68.95,165.47
45,108,56.5,135.59
108,45,56.5,135.59
45,109,56.31,135.15
109,45,56.31,135.15
45,110,70.65,169.56
110,45,70.65,169.56
45,111,66.42,159.4
111,45,66.42,159.4
45,112,63.63,152.71
112,45,63.63,152.71
45,113,75.87,182.09
113,45,75.87,182.09
45,114,71.91,172.58
114,45,71.91,172.58
45,115,7.5,18.01
115,45,7.5,18.01
45,116,45.41,108.99
116,45,45.41,108.99
45,117,74.12,177.89
117,45,74.12,177.89
45,118,49.35,118.44
118,45,49.35,118.44
45,119,62.61,150.26
119,45,62.61,150.26
45,120,32.06,76.95
120,45,32.06,76.95
45,121,58.54,140.51
121,45,58.54,140.51
45,122,34.5,82.79
122,45,34.5,82.79
45,123,53.21,127.71
123,45,53.21,127.71
45,124,66.77,160.26
124,45,66.77,160.26
45,125,32.41,77.78
125,45,32.41,77.78
45,126,79.11,189.86
126,45,79.11,189.86
45,127,54.7,131.28
127,45,54.7,131.28
45,128,48.66,116.79
128,45,48.66,116.79
45,129,19.01,45.63
129,45,19.01,45.63
45,130,23.22,55.74
130,45,23.22,55.74
45,131,45.26,108.62
131,45,45.26,108.62
45,132,23.98,57.56
132,45,23.98,57.56
45,133,37.45,89.88
133,45,37.45,89.88
45,134,30.8,73.92
134,45,30.8,73.92
45,135,55.2,132.48
135,45,55.2,132.48
45,136,41.57,99.77
136,45,41.57,99.77
45,137,73.83,177.19
137,45,73.83,177.19
45,138,71.14,170.73
138,45,71.14,170.73
45,139,50.05,120.13
139,45,50.05,120.13
45,140,26.86,64.46
140,45,26.86,64.46
45,141,39.66,95.19
141,45,39.66,95.19
45,142,72.49,173.98
142,45,72.49,173.98
45,143,32.52,78.06
143,45,32.52,78.06
45,144,18.05,43.33
144,45,18.05,43.33
45,145,37.44,89.87
145,45,37.44,89.87
45,146,69.32,166.38
146,45,69.32,166.38
45,147,75.37,180.88
147,45,75.37,180.88
45,148,56.57,135.78
148,45,56.57,135.78
45,149,55.64,133.53
149,45,55.64,133.53
45,150,52.18,125.23
150,45,52.18,125.23
46,47,38.31,91.94
47,46,38.31,91.94
46,48,47.6,114.25
48,46,47.6,114.25
46,49,47.27,113.45
49,46,47.27,113.45
46,50,20.08,48.19
50,46,20.08,48.19
46,51,39.81,95.55
51,46,39.81,95.55
46,52,48.0,115.21
52,46,48.0,115.21
46,53,46.82,112.37
53,46,46.82,112.37
46,54,48.48,116.35
54,46,48.48,116.35
46,55,59.25,142.2
55,46,59.25,142.2
46,56,60.33,144.79
56,46,60.33,144.79
46,57,54.76,131.43
57,46,54.76,131.43
46,58,47.2,113.29
58,46,47.2,113.29
46,59,45.42,109.01
59,46,45.42,109.01
46,60,42.01,100.82
60,46,42.01,100.82
46,61,37.83,90.79
61,46,37.83,90.79
46,62,28.83,69.21
62,46,28.83,69.21
46,63,42.95,103.08
63,46,42.95,103.08
46,64,11.56,27.73
64,46,11.56,27.73
46,65,10.54,25.31
65,46,10.54,25.31
46,66,36.99,88.78
66,46,36.99,88.78
46,67,38.02,91.25
67,46,38.02,91.25
46,68,48.69,116.85
68,46,48.69,116.85
46,69,55.25,132.6
69,46,55.25,132.6
46,70,57.06,136.94
70,46,57.06,136.94
46,71,37.14,89.14
71,46,37.14,89.14
46,72,46.47,111.52
72,46,46.47,111.52
46,73,47.48,113.95
73,46,47.48,113.95
46,74,25.18,60.43
74,46,25.18,60.43
46,75,65.11,156.28
75,46,65.11,156.28
46,76,56.67,136.0
76,46,56.67,136.0
46,77,21.63,51.92
77,46,21.63,51.92
46,78,53.66,128.78
78,46,53.66,128.78
46,79,64.75,155.38
79,46,64.75,155.38
46,80,58.9,141.34
80,46,58.9,141.34
46,81,55.04,132.1
81,46,55.04,132.1
46,82,8.88,21.31
82,46,8.88,21.31
46,83,65.92,158.2
83,46,65.92,158.2
46,84,38.77,93.04
84,46,38.77,93.04
46,85,31.18,74.82
85,46,31.18,74.82
46,86,48.65,116.75
86,46,48.65,116.75
46,87,48.4,116.16
87,46,48.4,116.16
46,88,54.81,131.54
88,46,54.81,131.54
46,89,56.75,136.2
89,46,56.75,136.2
46,90,63.16,151.58
90,46,63.16,151.58
46,91,44.43,106.62
91,46,44.43,106.62
46,92,54.71,131.29
92,46,54.71,131.29
46,93,57.86,138.87
93,46,57.86,138.87
46,94,64.22,154.13
94,46,64.22,154.13
46,95,48.16,115.57
95,46,48.16,115.57
46,96,24.21,58.1
96,46,24.21,58.1
46,97,47.75,114.61
97,46,47.75,114.61
46,98,54.44,130.65
98,46,54.44,130.65
46,99,73.02,175.25
99,46,73.02,175.25
46,100,14.5,34.79
100,46,14.5,34.79
46,101,30.22,72.54
101,46,30.22,72.54
46,102,73.09,175.44
102,46,73.09,175.44
46,103,66.78,160.26
103,46,66.78,160.26
46,104,39.25,94.19
104,46,39.25,94.19
46,105,31.09,74.64
105,46,31.09,74.64
46,106,47.49,113.97
106,46,47.49,113.97
46,107,63.62,152.7
107,46,63.62,152.7
46,108,55.53,133.27
108,46,55.53,133.27
46,109,53.54,128.49
109,46,53.54,128.49
46,110,74.35,178.44
110,46,74.35,178.44
46,111,62.02,148.85
111,46,62.02,148.85
46,112,61.74,148.17
112,46,61.74,148.17
46,113,79.57,190.97
113,46,79.57,190.97
46,114,67.96,163.11
114,46,67.96,163.11
46,115,9.23,22.16
115,46,9.23,22.16
46,116,50.18,120.44
116,46,50.18,120.44
46,117,69.29,166.3
117,46,69.29,166.3
46,118,50.01,120.02
118,46,50.01,120.02
46,119,61.8,148.33
119,46,61.8,148.33
46,120,34.53,82.87
120,46,34.53,82.87
46,121,51.69,124.05
121,46,51.69,124.05
46,122,32.28,77.47
122,46,32.28,77.47
46,123,59.12,141.91
123,46,59.12,141.91
46,124,62.48,149.95
124,46,62.48,149.95
46,125,26.31,63.14
125,46,26.31,63.14
46,126,74.35,178.44
126,46,74.35,178.44
46,127,57.89,138.94
127,46,57.89,138.94
46,128,54.59,131.02
128,46,54.59,131.02
46,129,18.94,45.46
129,46,18.94,45.46
46,130,29.86,71.65
130,46,29.86,71.65
46,131,50.16,120.39
131,46,50.16,120.39
46,132,29.17,70.01
132,46,29.17,70.01
46,133,30.35,72.84
133,46,30.35,72.84
46,134,31.34,75.22
134,46,31.34,75.22
46,135,60.48,145.14
135,46,60.48,145.14
46,136,46.41,111.37
136,46,46.41,111.37
46,137,68.92,165.4
137,46,68.92,165.4
46,138,67.54,162.09
138,46,67.54,162.09
46,139,56.98,136.75
139,46,56.98,136.75
46,140,28.4,68.16
140,46,28.4,68.16
46,141,40.66,97.58
141,46,40.66,97.58
46,142,68.03,163.28
142,46,68.03,163.28
46,143,28.69,68.85
143,46,28.69,68.85
46,144,18.17,43.6
144,46,18.17,43.6
46,145,42.8,102.71
145,46,42.8,102.71
46,146,66.06,158.55
146,46,66.06,158.55
46,147,70.89,170.14
147,46,70.89,170.14
46,148,49.57,118.97
148,46,49.57,118.97
46,149,60.84,146.02
149,46,60.84,146.02
46,150,55.77,133.85
150,46,55.77,133.85
47,48,13.93,33.44
48,47,13.93,33.44
47,49,9.16,21.97
49,47,9.16,21.97
47,50,18.23,43.76
50,47,18.23,43.76
47,51,68.72,164.92
51,47,68.72,164.92
47,52,84.81,203.57
52,47,84.81,203.57
47,53,83.63,200.73
53,47,83.63,200.73
47,54,46.26,111.02
54,47,46.26,111.02
47,55,54.27,130.24
55,47,54.27,130.24
47,56,63.18,151.63
56,47,63.18,151.63
47,57,68.45,164.28
57,47,68.45,164.28
47,58,33.69,80.85
58,47,33.69,80.85
47,59,9.54,22.89
59,47,9.54,22.89
47,60,15.07,36.18
60,47,15.07,36.18
47,61,41.75,100.2
61,47,41.75,100.2
47,62,62.68,150.43
62,47,62.68,150.43
47,63,73.46,176.31
63,47,73.46,176.31
47,64,48.37,116.09
64,47,48.37,116.09
47,65,46.57,111.76
65,47,46.57,111.76
47,66,64.73,155.34
66,47,64.73,155.34
47,67,71.07,170.57
67,47,71.07,170.57
47,68,85.5,205.21
68,47,85.5,205.21
47,69,92.06,220.96
69,47,92.06,220.96
47,70,93.87,225.3
70,47,93.87,225.3
47,71,56.65,135.97
71,47,56.65,135.97
47,72,22.42,53.81
72,47,22.42,53.81
47,73,84.19,202.06
73,47,84.19,202.06
47,74,61.99,148.79
74,47,61.99,148.79
47,75,101.92,244.64
75,47,101.92,244.64
47,76,21.98,52.74
76,47,21.98,52.74
47,77,57.74,138.59
77,47,57.74,138.59
47,78,35.48,85.16
78,47,35.48,85.16
47,79,101.56,243.74
79,47,101.56,243.74
47,80,95.42,229.01
80,47,95.42,229.01
47,81,42.52,102.06
81,47,42.52,102.06
47,82,46.42,111.41
82,47,46.42,111.41
47,83,27.61,66.27
83,47,27.61,66.27
47,84,51.25,123.0
84,47,51.25,123.0
47,85,56.16,134.78
85,47,56.16,134.78
47,86,19.03,45.68
86,47,19.03,45.68
47,87,39.5,94.8
87,47,39.5,94.8
47,88,73.28,175.87
88,47,73.28,175.87
47,89,18.7,44.88
89,47,18.7,44.88
47,90,25.79,61.89
90,47,25.79,61.89
47,91,37.41,89.78
91,47,37.41,89.78
47,92,91.52,219.65
92,47,91.52,219.65
47,93,94.67,227.23
93,47,94.67,227.23
47,94,70.57,169.38
94,47,70.57,169.38
47,95,63.34,152.02
95,47,63.34,152.02
47,96,38.75,92.99
96,47,38.75,92.99
47,97,80.79,193.9
97,47,80.79,193.9
47,98,45.0,108.0
98,47,45.0,108.0
47,99,34.77,83.46
99,47,34.77,83.46
47,100,37.39,89.74
100,47,37.39,89.74
47,101,9.58,22.98
101,47,9.58,22.98
47,102,109.9,263.8
102,47,109.9,263.8
47,103,103.59,248.62
103,47,103.59,248.62
47,104,62.0,148.81
104,47,62.0,148.81
47,105,66.65,159.96
105,47,66.65,159.96
47,106,74.51,178.83
106,47,74.51,178.83
47,107,73.95,177.48
107,47,73.95,177.48
47,108,84.39,202.55
108,47,84.39,202.55
47,109,78.0,187.21
109,47,78.0,187.21
47,110,111.16,266.8
110,47,111.16,266.8
47,111,77.91,186.98
111,47,77.91,186.98
47,112,88.68,212.83
112,47,88.68,212.83
47,113,116.38,279.33
113,47,116.38,279.33
47,114,85.39,204.95
114,47,85.39,204.95
47,115,37.08,88.99
115,47,37.08,88.99
47,116,86.99,208.8
116,47,86.99,208.8
47,117,81.73,196.15
117,47,81.73,196.15
47,118,85.09,204.2
118,47,85.09,204.2
47,119,92.55,222.11
119,47,92.55,222.11
47,120,71.34,171.23
120,47,71.34,171.23
47,121,29.43,70.63
121,47,29.43,70.63
47,122,62.0,148.79
122,47,62.0,148.79
47,123,73.68,176.85
123,47,73.68,176.85
47,124,24.38,58.52
124,47,24.38,58.52
47,125,44.01,105.63
125,47,44.01,105.63
47,126,36.07,86.57
126,47,36.07,86.57
47,127,94.7,227.3
127,47,94.7,227.3
47,128,70.01,168.03
128,47,70.01,168.03
47,129,29.39,70.53
129,47,29.39,70.53
47,130,61.44,147.46
130,47,61.44,147.46
47,131,86.97,208.75
131,47,86.97,208.75
47,132,48.03,115.27
132,47,48.03,115.27
47,133,26.83,64.38
133,47,26.83,64.38
47,134,29.58,71.0
134,47,29.58,71.0
47,135,96.49,231.57
135,47,96.49,231.57
47,136,83.22,199.73
136,47,83.22,199.73
47,137,30.74,73.77
137,47,30.74,73.77
47,138,86.7,208.09
138,47,86.7,208.09
47,139,80.76,193.83
139,47,80.76,193.83
47,140,65.79,157.9
140,47,65.79,157.9
47,141,34.16,81.98
141,47,34.16,81.98
47,142,29.77,71.46
142,47,29.77,71.46
47,143,11.7,28.07
143,47,11.7,28.07
47,144,30.17,72.41
144,47,30.17,72.41
47,145,78.97,189.54
145,47,78.97,189.54
47,146,86.97,208.72
146,47,86.97,208.72
47,147,85.16,204.39
147,47,85.16,204.39
47,148,47.84,114.83
148,47,47.84,114.83
47,149,70.26,168.62
149,47,70.26,168.62
47,150,56.77,136.25
150,47,56.77,136.25
48,49,9.47,22.73
49,48,9.47,22.73
48,50,28.39,68.14
50,48,28.39,68.14
48,51,81.47,195.54
51,48,81.47,195.54
48,52,94.79,227.52
52,48,94.79,227.52
48,53,93.61,224.68
53,48,93.61,224.68
48,54,39.99,95.98
54,48,39.99,95.98
48,55,43.82,105.17
55,48,43.82,105.17
48,56,56.03,134.47
56,48,56.03,134.47
48,57,65.37,156.88
57,48,65.37,156.88
48,58,25.31,60.74
58,48,25.31,60.74
48,59,18.43,44.23
59,48,18.43,44.23
48,60,27.44,65.85
60,48,27.44,65.85
48,61,55.68,133.64
61,48,55.68,133.64
48,62,67.93,163.04
62,48,67.93,163.04
48,63,76.56,183.73
63,48,76.56,183.73
48,64,58.35,140.04
64,48,58.35,140.04
48,65,54.07,129.76
65,48,54.07,129.76
48,66,67.23,161.36
66,48,67.23,161.36
48,67,83.2,199.67
67,48,83.2,199.67
48,68,95.48,229.16
68,48,95.48,229.16
48,69,102.04,244.91
69,48,102.04,244.91
48,70,103.85,249.25
70,48,103.85,249.25
48,71,70.21,168.49
71,48,70.21,168.49
48,72,34.2,82.09
72,48,34.2,82.09
48,73,90.37,216.89
73,48,90.37,216.89
48,74,71.36,171.26
74,48,71.36,171.26
48,75,111.9,268.59
75,48,111.9,268.59
48,76,9.1,21.85
76,48,9.1,21.85
48,77,64.46,154.69
77,48,64.46,154.69
48,78,47.28,113.48
78,48,47.28,113.48
48,79,111.54,267.69
79,48,111.54,267.69
48,80,105.69,253.65
80,48,105.69,253.65
48,81,55.02,132.05
81,48,55.02,132.05
48,82,55.93,134.23
82,48,55.93,134.23
48,83,23.15,55.55
83,48,23.15,55.55
48,84,65.11,156.25
84,48,65.11,156.25
48,85,69.16,165.98
85,48,69.16,165.98
48,86,6.28,15.06
86,48,6.28,15.06
48,87,31.81,76.34
87,48,31.81,76.34
48,88,71.58,171.79
88,48,71.58,171.79
48,89,12.96,31.12
89,48,12.96,31.12
48,90,16.56,39.73
90,48,16.56,39.73
48,91,50.93,122.23
91,48,50.93,122.23
48,92,101.5,243.6
92,48,101.5,243.6
48,93,104.65,251.18
93,48,104.65,251.18
48,94,64.39,154.52
94,48,64.39,154.52
48,95,61.26,147.03
95,48,61.26,147.03
48,96,52.13,125.1
96,48,52.13,125.1
48,97,93.29,223.89
97,48,93.29,223.89
48,98,34.14,81.93
98,48,34.14,81.93
48,99,28.13,67.51
99,48,28.13,67.51
48,100,42.62,102.3
100,48,42.62,102.3
48,101,17.73,42.56
101,48,17.73,42.56
48,102,119.88,287.75
102,48,119.88,287.75
48,103,113.57,272.57
103,48,113.57,272.57
48,104,75.37,180.9
104,48,75.37,180.9
48,105,72.59,174.22
105,48,72.59,174.22
48,106,87.6,210.25
106,48,87.6,210.25
48,107,69.25,166.21
107,48,69.25,166.21
48,108,86.22,206.93
108,48,86.22,206.93
48,109,78.3,187.93
109,48,78.3,187.93
48,110,121.14,290.75
110,48,121.14,290.75
48,111,74.95,179.88
111,48,74.95,179.88
48,112,89.48,214.76
112,48,89.48,214.76
48,113,126.36,303.28
113,48,126.36,303.28
48,114,82.58,198.2
114,48,82.58,198.2
48,115,48.4,116.15
115,48,48.4,116.15
48,116,96.97,232.75
116,48,96.97,232.75
48,117,77.3,185.53
117,48,77.3,185.53
48,118,88.94,213.44
118,48,88.94,213.44
48,119,94.22,226.13
119,48,94.22,226.13
48,120,80.25,192.6
120,48,80.25,192.6
48,121,17.95,43.08
121,48,17.95,43.08
48,122,65.52,157.24
122,48,65.52,157.24
48,123,87.61,210.26
123,48,87.61,210.26
48,124,22.44,53.86
124,48,22.44,53.86
48,125,45.71,109.7
125,48,45.71,109.7
48,126,29.67,71.22
126,48,29.67,71.22
48,127,104.68,251.25
127,48,104.68,251.25
48,128,83.91,201.38
128,48,83.91,201.38
48,129,42.3,101.53
129,48,42.3,101.53
48,130,73.62,176.68
130,48,73.62,176.68
48,131,96.95,232.7
131,48,96.95,232.7
48,132,61.43,147.42
132,48,61.43,147.42
48,133,26.25,63.0
133,48,26.25,63.0
48,134,43.51,104.42
134,48,43.51,104.42
48,135,107.27,257.45
135,48,107.27,257.45
48,136,93.2,223.68
136,48,93.2,223.68
48,137,23.9,57.36
137,48,23.9,57.36
48,138,84.48,202.75
138,48,84.48,202.75
48,139,94.26,226.23
139,48,94.26,226.23
48,140,73.06,175.35
140,48,73.06,175.35
48,141,47.86,114.86
141,48,47.86,114.86
48,142,25.77,61.84
142,48,25.77,61.84
48,143,24.97,59.92
143,48,24.97,59.92
48,144,42.98,103.16
144,48,42.98,103.16
48,145,89.59,215.02
145,48,89.59,215.02
48,146,85.39,204.95
146,48,85.39,204.95
48,147,80.93,194.21
147,48,80.93,194.21
48,148,41.51,99.62
148,48,41.51,99.62
48,149,84.16,201.98
149,48,84.16,201.98
48,150,70.41,168.98
150,48,70.41,168.98
49,50,27.2,65.29
50,49,27.2,65.29
49,51,77.54,186.1
51,49,77.54,186.1
49,52,93.89,225.36
52,49,93.89,225.36
49,53,92.71,222.52
53,49,92.71,222.52
49,54,48.24,115.77
54,49,48.24,115.77
49,55,52.08,125.0
55,49,52.08,125.0
49,56,64.29,154.3
56,49,64.29,154.3
49,57,72.64,174.34
57,49,72.64,174.34
49,58,33.62,80.7
58,49,33.62,80.7
49,59,9.26,22.23
59,49,9.26,22.23
49,60,18.9,45.35
60,49,18.9,45.35
49,61,48.83,117.2
61,49,48.83,117.2
49,62,70.67,169.61
62,49,70.67,169.61
49,63,80.69,193.66
63,49,80.69,193.66
49,64,57.45,137.88
64,49,57.45,137.88
49,65,55.16,132.4
65,49,55.16,132.4
49,66,71.67,172.02
66,49,71.67,172.02
49,67,80.1,192.23
67,49,80.1,192.23
49,68,94.58,227.0
68,49,94.58,227.0
49,69,101.14,242.75
69,49,101.14,242.75
49,70,102.95,247.09
70,49,102.95,247.09
49,71,64.91,155.79
71,49,64.91,155.79
49,72,25.19,60.47
72,49,25.19,60.47
49,73,92.55,222.11
73,49,92.55,222.11
49,74,71.07,170.58
74,49,71.07,170.58
49,75,111.0,266.43
75,49,111.0,266.43
49,76,14.05,33.71
76,49,14.05,33.71
49,77,66.17,158.82
77,49,66.17,158.82
49,78,38.13,91.51
78,49,38.13,91.51
49,79,110.64,265.53
79,49,110.64,265.53
49,80,104.54,250.9
80,49,104.54,250.9
49,81,46.09,110.63
81,49,46.09,110.63
49,82,55.5,133.2
82,49,55.5,133.2
49,83,18.88,45.32
83,49,18.88,45.32
49,84,58.93,141.44
84,49,58.93,141.44
49,85,64.89,155.73
85,49,64.89,155.73
49,86,14.5,34.8
86,49,14.5,34.8
49,87,40.11,96.27
87,49,40.11,96.27
49,88,78.26,187.82
88,49,78.26,187.82
49,89,9.55,22.92
89,49,9.55,22.92
49,90,16.74,40.17
90,49,16.74,40.17
49,91,42.87,102.9
91,49,42.87,102.9
49,92,100.6,241.44
92,49,100.6,241.44
49,93,103.75,249.02
93,49,103.75,249.02
49,94,72.65,174.35
94,49,72.65,174.35
49,95,68.07,163.36
95,49,68.07,163.36
49,96,47.28,113.48
96,49,47.28,113.48
49,97,89.67,215.2
97,49,89.67,215.2
49,98,42.4,101.76
98,49,42.4,101.76
49,99,25.75,61.8
99,49,25.75,61.8
49,100,45.19,108.45
100,49,45.19,108.45
49,101,17.52,42.06
101,49,17.52,42.06
49,102,118.98,285.59
102,49,118.98,285.59
49,103,112.67,270.41
103,49,112.67,270.41
49,104,70.45,169.07
104,49,70.45,169.07
49,105,74.88,179.72
105,49,74.88,179.72
49,106,83.14,199.55
106,49,83.14,199.55
49,107,77.21,185.3
107,49,77.21,185.3
49,108,91.13,218.72
108,49,91.13,218.72
49,109,84.01,201.64
109,49,84.01,201.64
49,110,120.24,288.59
110,49,120.24,288.59
49,111,82.21,197.31
111,49,82.21,197.31
49,112,94.97,227.92
112,49,94.97,227.92
49,113,125.46,301.12
113,49,125.46,301.12
49,114,89.81,215.55
114,49,89.81,215.55
49,115,46.24,110.96
115,49,46.24,110.96
49,116,96.07,230.59
116,49,96.07,230.59
49,117,85.19,204.45
117,49,85.19,204.45
49,118,92.62,222.27
118,49,92.62,222.27
49,119,99.24,238.18
119,49,99.24,238.18
49,120,80.42,193.02
120,49,80.42,193.02
49,121,26.19,62.85
121,49,26.19,62.85
49,122,69.34,166.43
122,49,69.34,166.43
49,123,80.92,194.22
123,49,80.92,194.22
49,124,16.33,39.19
124,49,16.33,39.19
49,125,50.44,121.05
125,49,50.44,121.05
49,126,27.1,65.03
126,49,27.1,65.03
49,127,103.78,249.09
127,49,103.78,249.09
49,128,77.46,185.9
128,49,77.46,185.9
49,129,38.28,91.87
129,49,38.28,91.87
49,130,70.47,169.12
130,49,70.47,169.12
49,131,96.05,230.54
131,49,96.05,230.54
49,132,56.5,135.6
132,49,56.5,135.6
49,133,31.79,76.3
133,49,31.79,76.3
49,134,37.06,88.95
134,49,37.06,88.95
49,135,105.58,253.4
135,49,105.58,253.4
49,136,92.3,221.52
136,49,92.3,221.52
49,137,21.65,51.97
137,49,21.65,51.97
49,138,91.45,219.48
138,49,91.45,219.48
49,139,89.03,213.66
139,49,89.03,213.66
49,140,74.41,178.59
140,49,74.41,178.59
49,141,40.13,96.3
141,49,40.13,96.3
49,142,21.21,50.91
142,49,21.21,50.91
49,143,20.65,49.55
143,49,20.65,49.55
49,144,39.1,93.84
144,49,39.1,93.84
49,145,88.1,211.44
145,49,88.1,211.44
49,146,92.07,220.96
146,49,92.07,220.96
49,147,88.84,213.21
147,49,88.84,213.21
49,148,49.77,119.44
148,49,49.77,119.44
49,149,76.82,184.36
149,49,76.82,184.36
49,150,62.4,149.76
150,49,62.4,149.76
50,51,53.84,129.22
51,50,53.84,129.22
50,52,66.76,160.23
52,50,66.76,160.23
50,53,65.58,157.39
53,50,65.58,157.39
50,54,42.93,103.04
54,50,42.93,103.04
50,55,53.01,127.23
55,50,53.01,127.23
50,56,58.45,140.28
56,50,58.45,140.28
50,57,58.97,141.54
57,50,58.97,141.54
50,58,35.57,85.38
58,50,35.57,85.38
50,59,25.85,62.05
59,50,25.85,62.05
50,60,24.57,58.97
60,50,24.57,58.97
50,61,35.4,84.97
61,50,35.4,84.97
50,62,45.55,109.32
62,50,45.55,109.32
50,63,57.59,138.22
63,50,57.59,138.22
50,64,30.32,72.75
64,50,30.32,72.75
50,65,28.61,68.66
65,50,28.61,68.66
50,66,49.58,118.99
66,50,49.58,118.99
50,67,54.99,131.98
67,50,54.99,131.98
50,68,67.45,161.87
68,50,67.45,161.87
50,69,74.01,177.62
69,50,74.01,177.62
50,70,75.82,181.96
70,50,75.82,181.96
50,71,44.71,107.3
71,50,44.71,107.3
50,72,30.68,73.62
72,50,30.68,73.62
50,73,66.4,159.36
73,50,66.4,159.36
50,74,43.94,105.45
74,50,43.94,105.45
50,75,83.87,201.3
75,50,83.87,201.3
50,76,37.48,89.96
76,50,37.48,89.96
50,77,39.95,95.89
77,50,39.95,95.89
50,78,41.1,98.65
78,50,41.1,98.65
50,79,83.51,200.4
79,50,83.51,200.4
50,80,77.66,186.36
80,50,77.66,186.36
50,81,45.32,108.77
81,50,45.32,108.77
50,82,28.37,68.07
82,50,28.37,68.07
50,83,45.84,110.03
83,50,45.84,110.03
50,84,41.87,100.49
84,50,41.87,100.49
50,85,42.08,100.99
85,50,42.08,100.99
50,86,30.62,73.49
86,50,30.62,73.49
50,87,39.23,94.16
87,50,39.23,94.16
50,88,61.97,148.72
88,50,61.97,148.72
50,89,36.7,88.09
89,50,36.7,88.09
50,90,43.3,103.91
90,50,43.3,103.91
50,91,36.5,87.6
91,50,36.5,87.6
50,92,73.47,176.31
92,50,73.47,176.31
50,93,76.62,183.89
93,50,76.62,183.89
50,94,64.51,154.83
94,50,64.51,154.83
50,95,52.98,127.14
95,50,52.98,127.14
50,96,26.76,64.23
96,50,26.76,64.23
50,97,65.1,156.25
97,50,65.1,156.25
50,98,45.54,109.3
98,50,45.54,109.3
50,99,52.95,127.07
99,50,52.95,127.07
50,100,21.37,51.3
100,50,21.37,51.3
50,101,10.66,25.58
101,50,10.66,25.58
50,102,91.85,220.46
102,50,91.85,220.46
50,103,85.54,205.28
103,50,85.54,205.28
50,104,49.08,117.79
104,50,49.08,117.79
50,105,49.1,117.84
105,50,49.1,117.84
50,106,60.45,145.07
106,50,60.45,145.07
50,107,66.19,158.86
107,50,66.19,158.86
50,108,69.3,166.33
108,50,69.3,166.33
50,109,64.44,154.66
109,50,64.44,154.66
50,110,93.11,223.46
110,50,93.11,223.46
50,111,67.84,162.82
111,50,67.84,162.82
50,112,74.38,178.51
112,50,74.38,178.51
50,113,98.33,235.99
113,50,98.33,235.99
50,114,74.88,179.71
114,50,74.88,179.71
50,115,20.04,48.1
115,50,20.04,48.1
50,116,68.94,165.46
116,50,68.94,165.46
50,117,73.28,175.89
117,50,73.28,175.89
50,118,67.85,162.84
118,50,67.85,162.84
50,119,77.43,185.84
119,50,77.43,185.84
50,120,53.29,127.89
120,50,53.29,127.89
50,121,36.59,87.81
121,50,36.59,87.81
50,122,46.1,110.64
122,50,46.1,110.64
50,123,64.7,155.27
123,50,64.7,155.27
50,124,42.5,102.0
124,50,42.5,102.0
50,125,30.98,74.36
125,50,30.98,74.36
50,126,54.27,130.25
126,50,54.27,130.25
50,127,76.65,183.96
127,50,76.65,183.96
50,128,60.5,145.2
128,50,60.5,145.2
50,129,16.36,39.26
129,50,16.36,39.26
50,130,45.49,109.17
130,50,45.49,109.17
50,131,68.92,165.41
131,50,68.92,165.41
50,132,35.62,85.49
132,50,35.62,85.49
50,133,20.85,50.03
133,50,20.85,50.03
50,134,24.02,57.65
134,50,24.02,57.65
50,135,79.24,190.16
135,50,79.24,190.16
50,136,65.17,156.39
136,50,65.17,156.39
50,137,48.85,117.26
137,50,48.85,117.26
50,138,75.49,181.18
138,50,75.49,181.18
50,139,68.08,163.39
139,50,68.08,163.39
50,140,47.74,114.56
140,50,47.74,114.56
50,141,32.48,77.95
141,50,32.48,77.95
50,142,47.99,115.18
142,50,47.99,115.18
50,143,10.07,24.18
143,50,10.07,24.18
50,144,16.68,40.03
144,50,16.68,40.03
50,145,61.56,147.73
145,50,61.56,147.73
50,146,75.04,180.09
146,50,75.04,180.09
50,147,76.01,182.42
147,50,76.01,182.42
50,148,44.4,106.56
148,50,44.4,106.56
50,149,63.45,152.28
149,50,63.45,152.28
50,150,53.3,127.93
150,50,53.3,127.93
51,52,38.45,92.27
52,51,38.45,92.27
51,53,30.75,73.81
53,51,30.75,73.81
51,54,88.5,212.39
54,51,88.5,212.39
51,55,99.25,238.19
55,51,99.25,238.19
51,56,99.21,238.1
56,51,99.21,238.1
51,57,90.51,217.22
57,51,90.51,217.22
51,58,86.79,208.29
58,51,86.79,208.29
51,59,71.65,171.95
59,51,71.65,171.95
51,60,63.55,152.52
60,51,63.55,152.52
51,61,36.57,87.77
61,51,36.57,87.77
51,62,53.36,128.07
62,51,53.36,128.07
51,63,67.37,161.68
63,51,67.37,161.68
51,64,28.74,68.99
64,51,28.74,68.99
51,65,43.34,104.01
65,51,43.34,104.01
51,66,66.5,159.59
66,51,66.5,159.59
51,67,7.93,19.04
67,51,7.93,19.04
51,68,44.64,107.14
68,51,44.64,107.14
51,69,43.68,104.85
69,51,43.68,104.85
51,70,52.63,126.32
70,51,52.63,126.32
51,71,17.0,40.81
71,51,17.0,40.81
51,72,63.32,151.97
72,51,63.32,151.97
51,73,56.53,135.67
73,51,56.53,135.67
51,74,38.63,92.71
74,51,38.63,92.71
51,75,51.55,123.71
75,51,51.55,123.71
51,76,90.33,216.79
76,51,90.33,216.79
51,77,45.6,109.45
77,51,45.6,109.45
51,78,61.8,148.31
78,51,61.8,148.31
51,79,54.59,131.01
79,51,54.59,131.01
51,80,29.24,70.19
80,51,29.24,70.19
51,81,57.21,137.3
81,51,57.21,137.3
51,82,37.36,89.66
82,51,37.36,89.66
51,83,93.5,224.41
83,51,93.5,224.41
51,84,26.37,63.29
84,51,26.37,63.29
51,85,12.84,30.81
85,51,12.84,30.81
51,86,84.39,202.53
86,51,84.39,202.53
51,87,88.43,212.24
87,51,88.43,212.24
51,88,87.96,211.11
88,51,87.96,211.11
51,89,86.71,208.09
89,51,86.71,208.09
51,90,94.25,226.2
90,51,94.25,226.2
51,91,48.16,115.57
91,51,48.16,115.57
51,92,37.5,89.99
92,51,37.5,89.99
51,93,49.58,118.99
93,51,49.58,118.99
51,94,101.96,244.7
94,51,101.96,244.7
51,95,84.02,201.65
95,51,84.02,201.65
51,96,30.64,73.54
96,51,30.64,73.54
51,97,12.32,29.58
97,51,12.32,29.58
51,98,94.53,226.86
98,51,94.53,226.86
51,99,101.33,243.2
99,51,101.33,243.2
51,100,54.1,129.84
100,51,54.1,129.84
51,101,64.14,153.94
101,51,64.14,153.94
51,102,59.53,142.87
102,51,59.53,142.87
51,103,48.84,117.21
103,51,48.84,117.21
51,104,11.22,26.93
104,51,11.22,26.93
51,105,50.85,122.05
105,51,50.85,122.05
51,106,7.78,18.67
106,51,7.78,18.67
51,107,99.98,239.94
107,51,99.98,239.94
51,108,77.91,186.99
108,51,77.91,186.99
51,109,82.31,197.55
109,51,82.31,197.55
51,110,59.03,141.68
110,51,59.03,141.68
51,111,95.82,229.97
111,51,95.82,229.97
51,112,85.36,204.88
112,51,85.36,204.88
51,113,61.04,146.5
113,51,61.04,146.5
51,114,100.17,240.4
114,51,100.17,240.4
51,115,34.48,82.75
115,51,34.48,82.75
51,116,27.62,66.29
116,51,27.62,66.29
51,117,104.22,250.13
117,51,104.22,250.13
51,118,63.46,152.3
118,51,63.46,152.3
51,119,84.02,201.66
119,51,84.02,201.66
51,120,42.66,102.38
120,51,42.66,102.38
51,121,89.93,215.84
121,51,89.93,215.84
51,122,61.2,146.88
122,51,61.2,146.88
51,123,29.3,70.32
123,51,29.3,70.32
51,124,88.95,213.49
124,51,88.95,213.49
51,125,64.79,155.5
125,51,64.79,155.5
51,126,102.31,245.54
126,51,102.31,245.54
51,127,51.2,122.87
127,51,51.2,122.87
51,128,25.63,61.52
128,51,25.63,61.52
51,129,39.34,94.41
129,51,39.34,94.41
51,130,10.07,24.16
130,51,10.07,24.16
51,131,26.02,62.45
131,51,26.02,62.45
51,132,22.13,53.12
132,51,22.13,53.12
51,133,69.99,167.97
133,51,69.99,167.97
51,134,43.25,103.81
134,51,43.25,103.81
51,135,29.2,70.09
135,51,29.2,70.09
51,136,25.12,60.29
136,51,25.12,60.29
51,137,97.83,234.78
137,51,97.83,234.78
51,138,98.59,236.62
138,51,98.59,236.62
51,139,18.1,43.43
139,51,18.1,43.43
51,140,43.52,104.45
140,51,43.52,104.45
51,141,47.03,112.87
141,51,47.03,112.87
51,142,94.9,227.76
142,51,94.9,227.76
51,143,57.02,136.85
143,51,57.02,136.85
51,144,38.58,92.59
144,51,38.58,92.59
51,145,17.99,43.17
145,51,17.99,43.17
51,146,95.97,230.33
146,51,95.97,230.33
51,147,104.72,251.33
147,51,104.72,251.33
51,148,89.53,214.87
148,51,89.53,214.87
51,149,36.38,87.31
149,51,36.38,87.31
51,150,43.53,104.48
150,51,43.53,104.48
52,53,8.83,21.19
53,52,8.83,21.19
52,54,86.53,207.67
54,52,86.53,207.67
52,55,96.08,230.58
55,52,96.08,230.58
52,56,90.93,218.23
56,52,90.93,218.23
52,57,76.67,184.0
57,52,76.67,184.0
52,58,91.4,219.35
58,52,91.4,219.35
52,59,93.61,224.66
59,52,93.61,224.66
52,60,88.32,211.98
60,52,88.32,211.98
52,61,69.65,167.16
61,52,69.65,167.16
52,62,37.97,91.12
62,52,37.97,91.12
52,63,45.41,108.98
63,52,45.41,108.98
52,64,38.16,91.58
64,52,38.16,91.58
52,65,43.33,103.98
65,52,43.33,103.98
52,66,50.05,120.12
66,52,50.05,120.12
52,67,30.52,73.24
67,52,30.52,73.24
52,68,7.67,18.41
68,52,7.67,18.41
52,69,7.26,17.41
69,52,7.26,17.41
52,70,14.27,34.24
70,52,14.27,34.24
52,71,53.29,127.9
71,52,53.29,127.9
52,72,90.83,217.99
72,52,90.83,217.99
52,73,25.2,60.47
73,52,25.2,60.47
52,74,26.45,63.47
74,52,26.45,63.47
52,75,17.11,41.08
75,52,17.11,41.08
52,76,105.65,253.56
76,52,105.65,253.56
52,77,35.56,85.34
77,52,35.56,85.34
52,78,93.52,224.45
78,52,93.52,224.45
52,79,18.42,44.2
79,52,18.42,44.2
52,80,23.75,56.99
80,52,23.75,56.99
52,81,91.08,218.59
81,52,91.08,218.59
52,82,40.72,97.73
82,52,40.72,97.73
52,83,114.79,275.5
83,52,114.79,275.5
52,84,61.96,148.7
84,52,61.96,148.7
52,85,45.61,109.47
85,52,45.61,109.47
52,86,97.15,233.17
86,52,97.15,233.17
52,87,90.23,216.56
87,52,90.23,216.56
52,88,70.73,169.76
88,52,70.73,169.76
52,89,105.86,254.07
89,52,105.86,254.07
52,90,112.34,269.61
90,52,112.34,269.61
52,91,80.68,193.63
91,52,80.68,193.63
52,92,9.51,22.83
92,52,9.51,22.83
52,93,11.48,27.54
93,52,11.48,27.54
52,94,90.45,217.08
94,52,90.45,217.08
52,95,71.41,171.39
95,52,71.41,171.39
52,96,58.27,139.84
96,52,58.27,139.84
52,97,29.85,71.65
97,52,29.85,71.65
52,98,95.09,228.22
98,52,95.09,228.22
52,99,122.05,292.94
99,52,122.05,292.94
52,100,56.34,135.21
100,52,56.34,135.21
52,101,79.4,190.57
101,52,79.4,190.57
52,102,25.09,60.24
102,52,25.09,60.24
52,103,19.16,46.0
103,52,19.16,46.0
52,104,48.84,117.23
104,52,48.84,117.23
52,105,32.54,78.1
105,52,32.54,78.1
52,106,42.7,102.48
106,52,42.7,102.48
52,107,85.94,206.26
107,52,85.94,206.26
52,108,53.2,127.68
108,52,53.2,127.68
52,109,60.93,146.24
109,52,60.93,146.24
52,110,26.35,63.24
110,52,26.35,63.24
52,111,78.3,187.93
111,52,78.3,187.93
52,112,60.34,144.82
112,52,60.34,144.82
52,113,31.57,75.77
113,52,31.57,75.77
52,114,79.98,191.97
114,52,79.98,191.97
52,115,51.08,122.6
115,52,51.08,122.6
52,116,14.81,35.54
116,52,14.81,35.54
52,117,87.35,209.64
117,52,87.35,209.64
52,118,33.18,79.62
118,52,33.18,79.62
52,119,56.21,134.9
119,52,56.21,134.9
52,120,20.14,48.34
120,52,20.14,48.34
52,121,98.21,235.71
121,52,98.21,235.71
52,122,46.16,110.8
122,52,46.16,110.8
52,123,67.29,161.5
123,52,67.29,161.5
52,124,111.08,266.61
124,52,111.08,266.61
52,125,61.21,146.91
125,52,61.21,146.91
52,126,123.35,296.04
126,52,123.35,296.04
52,127,12.8,30.72
127,52,12.8,30.72
52,128,63.94,153.46
128,52,63.94,153.46
52,129,61.73,148.15
129,52,61.73,148.15
52,130,35.36,84.87
130,52,35.36,84.87
52,131,16.55,39.72
131,52,16.55,39.72
52,132,53.76,129.03
132,52,53.76,129.03
52,133,75.81,181.96
133,52,75.81,181.96
52,134,71.3,171.12
134,52,71.3,171.12
52,135,26.44,63.45
135,52,26.44,63.45
52,136,15.05,36.13
136,52,15.05,36.13
52,137,118.0,283.2
137,52,118.0,283.2
52,138,77.21,185.3
138,52,77.21,185.3
52,139,51.62,123.89
139,52,51.62,123.89
52,140,27.14,65.14
140,52,27.14,65.14
52,141,78.29,187.89
141,52,78.29,187.89
52,142,116.8,280.32
142,52,116.8,280.32
52,143,76.83,184.39
143,52,76.83,184.39
52,144,60.73,145.75
144,52,60.73,145.75
52,145,21.34,51.21
145,52,21.34,51.21
52,146,73.62,176.68
146,52,73.62,176.68
52,147,86.18,206.83
147,52,86.18,206.83
52,148,86.95,208.68
148,52,86.95,208.68
52,149,74.8,179.53
149,52,74.8,179.53
52,150,80.86,194.07
150,52,80.86,194.07
53,54,89.39,214.53
54,53,89.39,214.53
53,55,99.34,238.43
55,53,99.34,238.43
53,56,95.23,228.56
56,53,95.23,228.56
53,57,81.95,196.67
57,53,81.95,196.67
53,58,92.87,222.88
58,53,92.87,222.88
53,59,91.09,218.6
59,53,91.09,218.6
53,60,85.04,204.1
60,53,85.04,204.1
53,61,63.98,153.56
61,53,63.98,153.56
53,62,42.4,101.77
62,53,42.4,101.77
53,63,51.79,124.31
63,53,51.79,124.31
53,64,36.11,86.67
64,53,36.11,86.67
53,65,44.16,105.99
65,53,44.16,105.99
53,66,55.3,132.72
66,53,55.3,132.72
53,67,22.94,55.06
67,53,22.94,55.06
53,68,16.39,39.33
68,53,16.39,39.33
53,69,12.93,31.04
69,53,12.93,31.04
53,70,22.8,54.72
70,53,22.8,54.72
53,71,46.49,111.57
71,53,46.49,111.57
53,72,86.89,208.55
72,53,86.89,208.55
53,73,33.13,79.52
73,53,33.13,79.52
53,74,28.78,69.08
74,53,28.78,69.08
53,75,21.51,51.62
75,53,21.51,51.62
53,76,104.87,251.68
76,53,104.87,251.68
53,77,38.37,92.09
77,53,38.37,92.09
53,78,88.49,212.38
78,53,88.49,212.38
53,79,24.55,58.92
79,53,24.55,58.92
53,80,16.43,39.44
80,53,16.43,39.44
53,81,85.4,204.96
81,53,85.4,204.96
53,82,40.48,97.16
82,53,40.48,97.16
53,83,112.66,270.4
83,53,112.66,270.4
53,84,55.49,133.18
84,53,55.49,133.18
53,85,39.33,94.39
85,53,39.33,94.39
53,86,96.85,232.45
86,53,96.85,232.45
53,87,92.32,221.56
87,53,92.32,221.56
53,88,76.63,183.92
88,53,76.63,183.92
53,89,104.17,250.0
89,53,104.17,250.0
53,90,110.96,266.32
90,53,110.96,266.32
53,91,75.3,180.73
91,53,75.3,180.73
53,92,8.35,20.04
92,53,8.35,20.04
53,93,18.98,45.56
93,53,18.98,45.56
53,94,95.43,229.03
94,53,95.43,229.03
53,95,76.34,183.21
95,53,76.34,183.21
53,96,53.63,128.72
96,53,53.63,128.72
53,97,21.12,50.69
97,53,21.12,50.69
53,98,97.53,234.06
98,53,97.53,234.06
53,99,120.13,288.32
99,53,120.13,288.32
53,100,57.4,137.77
100,53,57.4,137.77
53,101,78.2,187.69
101,53,78.2,187.69
53,102,29.49,70.78
102,53,29.49,70.78
53,103,21.05,50.51
103,53,21.05,50.51
53,104,41.58,99.79
104,53,41.58,99.79
53,105,37.4,89.76
105,53,37.4,89.76
53,106,34.34,82.42
106,53,34.34,82.42
53,107,91.39,219.34
107,53,91.39,219.34
53,108,60.59,145.42
108,53,60.59,145.42
53,109,67.54,162.09
109,53,67.54,162.09
53,110,30.75,73.78
110,53,30.75,73.78
53,111,84.37,202.5
111,53,84.37,202.5
53,112,67.88,162.91
112,53,67.88,162.91
53,113,34.71,83.31
113,53,34.71,83.31
53,114,86.6,207.85
114,53,86.6,207.85
53,115,48.53,116.48
115,53,48.53,116.48
53,116,6.47,15.52
116,53,6.47,15.52
53,117,93.39,224.15
117,53,93.39,224.15
53,118,41.1,98.63
118,53,41.1,98.63
53,119,64.15,153.97
119,53,64.15,153.97
53,120,25.02,60.05
120,53,25.02,60.05
53,121,98.96,237.49
121,53,98.96,237.49
53,122,50.93,122.24
122,53,50.93,122.24
53,123,59.08,141.8
123,53,59.08,141.8
53,124,108.72,260.93
124,53,108.72,260.93
53,125,63.83,153.2
125,53,63.83,153.2
53,126,121.36,291.25
126,53,121.36,291.25
53,127,20.83,49.98
127,53,20.83,49.98
53,128,55.91,134.19
128,53,55.91,134.19
53,129,58.39,140.15
129,53,58.39,140.15
53,130,29.27,70.24
130,53,29.27,70.24
53,131,8.02,19.24
131,53,8.02,19.24
53,132,48.08,115.39
132,53,48.08,115.39
53,133,76.7,184.08
133,53,76.7,184.08
53,134,66.92,160.62
134,53,66.92,160.62
53,135,19.01,45.62
135,53,19.01,45.62
53,136,6.25,14.99
136,53,6.25,14.99
53,137,116.18,278.82
137,53,116.18,278.82
53,138,84.03,201.67
138,53,84.03,201.67
53,139,42.95,103.09
139,53,42.95,103.09
53,140,30.91,74.2
140,53,30.91,74.2
53,141,73.22,175.74
141,53,73.22,175.74
53,142,114.54,274.9
142,53,114.54,274.9
53,143,74.52,178.85
143,53,74.52,178.85
53,144,57.41,137.79
144,53,57.41,137.79
53,145,13.0,31.21
145,53,13.0,31.21
53,146,80.59,193.41
146,53,80.59,193.41
53,147,92.54,222.1
147,53,92.54,222.1
53,148,89.95,215.89
148,53,89.95,215.89
53,149,66.88,160.51
149,53,66.88,160.51
53,150,73.91,177.38
150,53,73.91,177.38
54,55,10.77,25.86
55,54,10.77,25.86
54,56,16.97,40.72
56,54,16.97,40.72
54,57,27.27,65.46
57,54,27.27,65.46
54,58,15.2,36.48
58,54,15.2,36.48
54,59,55.17,132.4
59,54,55.17,132.4
54,60,60.81,145.96
60,54,60.81,145.96
54,61,78.24,187.78
61,54,78.24,187.78
54,62,49.28,118.27
62,54,49.28,118.27
54,63,50.12,120.28
63,54,50.12,120.28
54,64,59.92,143.81
64,54,59.92,143.81
54,65,46.64,111.94
65,54,46.64,111.94
54,66,41.0,98.4
66,54,41.0,98.4
54,67,86.38,207.33
67,54,86.38,207.33
54,68,83.01,199.21
68,54,83.01,199.21
54,69,92.71,222.5
69,54,92.71,222.5
54,70,88.37,212.08
70,54,88.37,212.08
54,71,84.4,202.56
71,54,84.4,202.56
54,72,68.2,163.68
72,54,68.2,163.68
54,73,69.93,167.83
73,54,69.93,167.83
54,74,60.64,145.55
74,54,60.64,145.55
54,75,101.91,244.6
75,54,101.91,244.6
54,76,43.62,104.69
76,54,43.62,104.69
54,77,51.13,122.71
77,54,51.13,122.71
54,78,80.8,193.92
78,54,80.8,193.92
54,79,97.3,233.53
79,54,97.3,233.53
54,80,104.36,250.47
80,54,104.36,250.47
54,81,86.66,207.99
81,54,86.66,207.99
54,82,52.01,124.83
82,54,52.01,124.83
54,83,62.15,149.17
83,54,62.15,149.17
54,84,83.59,200.62
84,54,83.59,200.62
54,85,79.4,190.55
85,54,79.4,190.55
54,86,34.65,83.17
86,54,34.65,83.17
54,87,8.86,21.26
87,54,8.86,21.26
54,88,35.17,84.4
88,54,35.17,84.4
54,89,52.57,126.17
89,54,52.57,126.17
54,90,53.26,127.81
90,54,53.26,127.81
54,91,78.94,189.45
91,54,78.94,189.45
54,92,95.53,229.28
92,54,95.53,229.28
54,93,92.11,221.06
93,54,92.11,221.06
54,94,24.76,59.42
94,54,24.76,59.42
54,95,25.31,60.75
95,54,25.31,60.75
54,96,67.97,163.12
96,54,67.97,163.12
54,97,95.87,230.09
97,54,95.87,230.09
54,98,9.58,23.0
98,54,9.58,23.0
54,99,65.12,156.28
99,54,65.12,156.28
54,100,34.45,82.69
100,54,34.45,82.69
54,101,39.52,94.84
101,54,39.52,94.84
54,102,107.57,258.16
102,54,107.57,258.16
54,103,105.1,252.24
103,54,105.1,252.24
54,104,87.35,209.64
104,54,87.35,209.64
54,105,54.92,131.81
105,54,54.92,131.81
54,106,95.85,230.05
106,54,95.85,230.05
54,107,29.46,70.71
107,54,29.46,70.71
54,108,55.47,133.13
108,54,55.47,133.13
54,109,45.05,108.12
109,54,45.05,108.12
54,110,111.15,266.76
110,54,111.15,266.76
54,111,36.01,86.43
111,54,36.01,86.43
54,112,56.28,135.07
112,54,56.28,135.07
54,113,116.37,279.29
113,54,116.37,279.29
54,114,43.33,104.0
114,54,43.33,104.0
54,115,55.74,133.77
115,54,55.74,133.77
54,116,94.51,226.81
116,54,94.51,226.81
54,117,37.56,90.14
117,54,37.56,90.14
54,118,64.32,154.35
118,54,64.32,154.35
54,119,62.46,149.91
119,54,62.46,149.91
54,120,66.61,159.85
120,54,66.61,159.85
54,121,25.18,60.42
121,54,25.18,60.42
54,122,42.47,101.93
122,54,42.47,101.93
54,123,105.83,254.0
123,54,105.83,254.0
54,124,62.27,149.45
124,54,62.27,149.45
54,125,25.56,61.35
125,54,25.56,61.35
54,126,66.69,160.05
126,54,66.69,160.05
54,127,90.85,218.03
127,54,90.85,218.03
54,128,101.41,243.39
128,54,101.41,243.39
54,129,58.18,139.63
129,54,58.18,139.63
54,130,78.22,187.73
130,54,78.22,187.73
54,131,95.05,228.13
131,54,95.05,228.13
54,132,75.62,181.48
132,54,75.62,181.48
54,133,22.12,53.08
133,54,22.12,53.08
54,134,66.92,160.62
134,54,66.92,160.62
54,135,106.41,255.38
135,54,106.41,255.38
54,136,91.24,218.98
136,54,91.24,218.98
54,137,61.32,147.17
137,54,61.32,147.17
54,138,46.18,110.83
138,54,46.18,110.83
54,139,105.43,253.04
139,54,105.43,253.04
54,140,59.39,142.54
140,54,59.39,142.54
54,141,75.0,180.01
141,54,75.0,180.01
54,142,64.77,155.44
142,54,64.77,155.44
54,143,49.37,118.48
143,54,49.37,118.48
54,144,58.17,139.61
144,54,58.17,139.61
54,145,89.59,215.02
145,54,89.59,215.02
54,146,48.32,115.96
146,54,48.32,115.96
54,147,41.24,98.97
147,54,41.24,98.97
54,148,1.59,3.81
148,54,1.59,3.81
54,149,105.71,253.71
149,54,105.71,253.71
54,150,96.23,230.97
150,54,96.23,230.97
55,56,13.21,31.71
56,55,13.21,31.71
55,57,28.99,69.58
57,55,28.99,69.58
55,58,20.81,49.95
58,55,20.81,49.95
55,59,62.62,150.29
59,55,62.62,150.29
55,60,69.19,166.06
60,55,69.19,166.06
55,61,88.41,212.19
61,55,88.41,212.19
55,62,58.37,140.1
62,55,58.37,140.1
55,63,57.25,137.41
63,55,57.25,137.41
55,64,70.69,169.65
64,55,70.69,169.65
55,65,57.16,137.18
65,55,57.16,137.18
55,66,48.72,116.92
66,55,48.72,116.92
55,67,97.15,233.17
67,55,97.15,233.17
55,68,92.15,221.17
68,55,92.15,221.17
55,69,102.04,244.89
69,55,102.04,244.89
55,70,96.62,231.88
70,55,96.62,231.88
55,71,95.1,228.24
71,55,95.1,228.24
55,72,76.59,183.82
72,55,76.59,183.82
55,73,77.48,185.95
73,55,77.48,185.95
55,74,70.56,169.35
74,55,70.56,169.35
55,75,111.07,266.59
75,55,111.07,266.59
55,76,47.66,114.39
76,55,47.66,114.39
55,77,60.98,146.35
77,55,60.98,146.35
55,78,89.46,214.72
78,55,89.46,214.72
55,79,105.1,252.23
79,55,105.1,252.23
55,80,114.56,274.95
80,55,114.56,274.95
55,81,95.76,229.82
81,55,95.76,229.82
55,82,62.63,150.32
82,55,62.63,150.32
55,83,66.51,159.64
83,55,66.51,159.64
55,84,94.1,225.84
84,55,94.1,225.84
55,85,90.16,216.39
85,55,90.16,216.39
55,86,39.96,95.9
86,55,39.96,95.9
55,87,14.77,35.45
87,55,14.77,35.45
55,88,37.43,89.84
88,55,37.43,89.84
55,89,57.66,138.39
89,55,57.66,138.39
55,90,56.96,136.71
90,55,56.96,136.71
55,91,88.52,212.45
91,55,88.52,212.45
55,92,105.23,252.54
92,55,105.23,252.54
55,93,101.06,242.54
93,55,101.06,242.54
55,94,21.45,51.48
94,55,21.45,51.48
55,95,29.9,71.75
95,55,29.9,71.75
55,96,78.5,188.41
96,55,78.5,188.41
55,97,106.46,255.5
97,55,106.46,255.5
55,98,9.8,23.52
98,55,9.8,23.52
55,99,68.32,163.98
99,55,68.32,163.98
55,100,45.18,108.42
100,55,45.18,108.42
55,101,48.54,116.5
101,55,48.54,116.5
55,102,115.12,276.28
102,55,115.12,276.28
55,103,114.37,274.5
103,55,114.37,274.5
55,104,98.1,235.45
104,55,98.1,235.45
55,105,63.99,153.57
105,55,63.99,153.57
55,106,106.62,255.89
106,55,106.62,255.89
55,107,28.03,67.27
107,55,28.03,67.27
55,108,60.73,145.76
108,55,60.73,145.76
55,109,49.6,119.04
109,55,49.6,119.04
55,110,120.24,288.57
110,55,120.24,288.57
55,111,35.43,85.04
111,55,35.43,85.04
55,112,59.28,142.27
112,55,59.28,142.27
55,113,125.53,301.28
113,55,125.53,301.28
55,114,42.75,102.61
114,55,42.75,102.61
55,115,66.48,159.55
115,55,66.48,159.55
55,116,104.62,251.08
116,55,104.62,251.08
55,117,35.74,85.78
117,55,35.74,85.78
55,118,71.87,172.47
118,55,71.87,172.47
55,119,66.28,159.08
119,55,66.28,159.08
55,120,76.01,182.41
120,55,76.01,182.41
55,121,28.84,69.23
121,55,28.84,69.23
55,122,50.96,122.31
122,55,50.96,122.31
55,123,116.45,279.48
123,55,116.45,279.48
55,124,67.38,161.7
124,55,67.38,161.7
55,125,35.76,85.81
125,55,35.76,85.81
55,126,69.85,167.64
126,55,69.85,167.64
55,127,99.66,239.19
127,55,99.66,239.19
55,128,112.05,268.92
128,55,112.05,268.92
55,129,68.59,164.61
129,55,68.59,164.61
55,130,88.99,213.57
130,55,88.99,213.57
55,131,105.23,252.55
131,55,105.23,252.55
55,132,86.28,207.07
132,55,86.28,207.07
55,133,32.19,77.27
133,55,32.19,77.27
55,134,76.87,184.48
134,55,76.87,184.48
55,135,116.66,279.98
135,55,116.66,279.98
55,136,101.43,243.44
136,55,101.43,243.44
55,137,64.87,155.7
137,55,64.87,155.7
55,138,45.6,109.44
138,55,45.6,109.44
55,139,116.2,278.9
139,55,116.2,278.9
55,140,68.96,165.51
140,55,68.96,165.51
55,141,84.65,203.15
141,55,84.65,203.15
55,142,69.05,165.72
142,55,69.05,165.72
55,143,58.72,140.93
143,55,58.72,140.93
55,144,68.62,164.69
144,55,68.62,164.69
55,145,100.02,240.05
145,55,100.02,240.05
55,146,48.01,115.22
146,55,48.01,115.22
55,147,40.31,96.76
147,55,40.31,96.76
55,148,9.74,23.36
148,55,9.74,23.36
55,149,116.14,278.74
149,55,116.14,278.74
55,150,106.24,254.97
150,55,106.24,254.97
56,57,16.14,38.73
57,56,16.14,38.73
56,58,31.49,75.57
58,56,31.49,75.57
56,59,72.13,173.11
59,56,72.13,173.11
56,60,77.61,186.28
60,56,77.61,186.28
56,61,93.24,223.78
61,56,93.24,223.78
56,62,53.01,127.22
62,56,53.01,127.22
56,63,48.59,116.6
63,56,48.59,116.6
56,64,70.47,169.13
64,56,70.47,169.13
56,65,55.96,134.31
65,56,55.96,134.31
56,66,41.44,99.45
66,56,41.44,99.45
56,67,96.12,230.69
67,56,96.12,230.69
56,68,86.18,206.82
68,56,86.18,206.82
56,69,96.33,231.19
69,56,96.33,231.19
56,70,88.63,212.71
70,56,88.63,212.71
56,71,97.32,233.56
71,56,97.32,233.56
56,72,84.98,203.94
72,56,84.98,203.94
56,73,69.49,166.78
73,56,69.49,166.78
56,74,66.8,160.32
74,56,66.8,160.32
56,75,104.19,250.05
75,56,104.19,250.05
56,76,59.59,143.01
76,56,59.59,143.01
56,77,57.28,137.47
77,56,57.28,137.47
56,78,97.43,233.84
78,56,97.43,233.84
56,79,97.11,233.06
79,56,97.11,233.06
56,80,111.09,266.61
80,56,111.09,266.61
56,81,103.02,247.24
81,56,103.02,247.24
56,82,61.87,148.48
82,56,61.87,148.48
56,83,78.36,188.06
83,56,78.36,188.06
56,84,97.57,234.18
84,56,97.57,234.18
56,85,91.47,219.53
85,56,91.47,219.53
56,86,51.13,122.71
86,56,51.13,122.71
56,87,24.94,59.86
87,56,24.94,59.86
56,88,24.58,58.99
88,56,24.58,58.99
56,89,69.05,165.73
89,56,69.05,165.73
56,90,69.09,165.82
90,56,69.09,165.82
56,91,94.87,227.68
91,56,94.87,227.68
56,92,100.33,240.79
92,56,100.33,240.79
56,93,93.71,224.9
93,56,93.71,224.9
56,94,8.37,20.1
94,56,8.37,20.1
56,95,20.41,48.98
95,56,20.41,48.98
56,96,81.99,196.77
96,56,81.99,196.77
56,97,104.81,251.54
97,56,104.81,251.54
56,98,21.96,52.69
98,56,21.96,52.69
56,99,80.71,193.7
99,56,80.71,193.7
56,100,45.84,110.01
100,56,45.84,110.01
56,101,56.13,134.71
101,56,56.13,134.71
56,102,107.13,257.11
102,56,107.13,257.11
56,103,108.03,259.28
103,56,108.03,259.28
56,104,99.56,238.94
104,56,99.56,238.94
56,105,58.39,140.13
105,56,58.39,140.13
56,106,106.96,256.71
106,56,106.96,256.71
56,107,14.84,35.62
107,56,14.84,35.62
56,108,48.28,115.87
108,56,48.28,115.87
56,109,36.79,88.29
109,56,36.79,88.29
56,110,112.25,269.4
110,56,112.25,269.4
56,111,22.58,54.19
111,56,22.58,54.19
56,112,46.43,111.42
112,56,46.43,111.42
56,113,117.84,282.82
113,56,117.84,282.82
56,114,29.9,71.76
114,56,29.9,71.76
56,115,68.58,164.6
115,56,68.58,164.6
56,116,100.93,242.24
116,56,100.93,242.24
56,117,22.54,54.1
117,56,22.54,54.1
56,118,63.88,153.3
118,56,63.88,153.3
56,119,53.43,128.23
119,56,53.43,128.23
56,120,70.83,169.98
120,56,70.83,169.98
56,121,40.75,97.79
121,56,40.75,97.79
56,122,44.79,107.5
122,56,44.79,107.5
56,123,119.16,285.99
123,56,119.16,285.99
56,124,78.79,189.1
124,56,78.79,189.1
56,125,34.43,82.64
125,56,34.43,82.64
56,126,82.26,197.42
126,56,82.26,197.42
56,127,91.76,220.22
127,56,91.76,220.22
56,128,114.66,275.19
128,56,114.66,275.19
56,129,72.75,174.6
129,56,72.75,174.6
56,130,89.15,213.95
130,56,89.15,213.95
56,131,101.76,244.21
131,56,101.76,244.21
56,132,88.89,213.35
132,56,88.89,213.35
56,133,38.11,91.45
133,56,38.11,91.45
56,134,82.43,197.82
134,56,82.43,197.82
56,135,113.36,272.07
135,56,113.36,272.07
56,136,98.06,235.34
136,56,98.06,235.34
56,137,77.1,185.04
137,56,77.1,185.04
56,138,32.75,78.59
138,56,32.75,78.59
56,139,116.82,280.36
139,56,116.82,280.36
56,140,64.33,154.39
140,56,64.33,154.39
56,141,90.87,218.1
141,56,90.87,218.1
56,142,80.94,194.26
142,56,80.94,194.26
56,143,65.68,157.64
143,56,65.68,157.64
56,144,72.6,174.25
144,56,72.6,174.25
56,145,97.59,234.23
145,56,97.59,234.23
56,146,35.16,84.37
146,56,35.16,84.37
56,147,27.1,65.05
147,56,27.1,65.05
56,148,15.39,36.93
148,56,15.39,36.93
56,149,119.87,287.68
149,56,119.87,287.68
56,150,111.48,267.56
150,56,111.48,267.56
57,58,42.1,101.03
58,57,42.1,101.03
57,59,77.93,187.03
59,57,77.93,187.03
57,60,81.45,195.47
60,57,81.45,195.47
57,61,91.16,218.79
61,57,91.16,218.79
57,62,39.73,95.36
62,57,39.73,95.36
57,63,32.45,77.87
63,57,32.45,77.87
57,64,62.46,149.9
64,57,62.46,149.9
57,65,47.73,114.55
65,57,47.73,114.55
57,66,26.67,64.02
66,57,26.67,64.02
57,67,86.27,207.04
67,57,86.27,207.04
57,68,70.54,169.31
68,57,70.54,169.31
57,69,80.7,193.69
69,57,80.7,193.69
57,70,72.52,174.05
70,57,72.52,174.05
57,71,91.54,219.71
71,57,91.54,219.71
57,72,88.48,212.35
72,57,88.48,212.35
57,73,53.38,128.12
73,57,53.38,128.12
57,74,54.7,131.28
74,57,54.7,131.28
57,75,88.08,211.39
75,57,88.08,211.39
57,76,70.21,168.51
76,57,70.21,168.51
57,77,45.75,109.81
77,57,45.75,109.81
57,78,99.92,239.8
78,57,99.92,239.8
57,79,81.0,194.4
79,57,81.0,194.4
57,80,98.22,235.73
80,57,98.22,235.73
57,81,104.24,250.19
81,57,104.24,250.19
57,82,53.76,129.02
82,57,53.76,129.02
57,83,88.26,211.83
83,57,88.26,211.83
57,84,93.48,224.36
84,57,93.48,224.36
57,85,84.68,203.24
85,57,84.68,203.24
57,86,60.73,145.76
86,57,60.73,145.76
57,87,36.07,86.57
87,57,36.07,86.57
57,88,8.95,21.47
88,57,8.95,21.47
57,89,78.29,187.9
89,57,78.29,187.9
57,90,79.87,191.7
90,57,79.87,191.7
57,91,94.94,227.85
91,57,94.94,227.85
57,92,86.18,206.82
92,57,86.18,206.82
57,93,77.6,186.24
93,57,77.6,186.24
57,94,14.11,33.87
94,57,14.11,33.87
57,95,6.62,15.9
95,57,6.62,15.9
57,96,78.45,188.27
96,57,78.45,188.27
57,97,94.07,225.76
97,57,94.07,225.76
57,98,35.76,85.81
98,57,35.76,85.81
57,99,91.85,220.44
99,57,91.85,220.44
57,100,41.18,98.82
100,57,41.18,98.82
57,101,59.88,143.72
101,57,59.88,143.72
57,102,91.02,218.45
102,57,91.02,218.45
57,103,91.92,220.62
103,57,91.92,220.62
57,104,92.74,222.56
104,57,92.74,222.56
57,105,44.55,106.91
105,57,44.55,106.91
57,106,98.26,235.84
106,57,98.26,235.84
57,107,9.58,23.0
107,57,9.58,23.0
57,108,32.43,77.83
108,57,32.43,77.83
57,109,20.95,50.29
109,57,20.95,50.29
57,110,96.14,230.74
110,57,96.14,230.74
57,111,9.59,23.01
111,57,9.59,23.01
57,112,31.02,74.46
112,57,31.02,74.46
57,113,101.73,244.16
113,57,101.73,244.16
57,114,17.22,41.32
114,57,17.22,41.32
57,115,63.83,153.2
115,57,63.83,153.2
57,116,88.0,211.21
116,57,88.0,211.21
57,117,14.61,35.07
117,57,14.61,35.07
57,118,47.77,114.64
118,57,47.77,114.64
57,119,37.91,90.99
119,57,37.91,90.99
57,120,56.98,136.76
120,57,56.98,136.76
57,121,52.27,125.45
121,57,52.27,125.45
57,122,31.12,74.69
122,57,31.12,74.69
57,123,113.54,272.52
123,57,113.54,272.52
57,124,87.79,210.7
124,57,87.79,210.7
57,125,29.12,69.88
125,57,29.12,69.88
57,126,93.43,224.24
126,57,93.43,224.24
57,127,75.65,181.56
127,57,75.65,181.56
57,128,108.99,261.6
128,57,108.99,261.6
57,129,70.57,169.37
129,57,70.57,169.37
57,130,80.55,193.31
130,57,80.55,193.31
57,131,89.03,213.67
131,57,89.03,213.67
57,132,83.91,201.39
132,57,83.91,201.39
57,133,41.63,99.92
133,57,41.63,99.92
57,134,81.77,196.25
134,57,81.77,196.25
57,135,100.65,241.56
135,57,100.65,241.56
57,136,85.51,205.21
136,57,85.51,205.21
57,137,87.92,211.01
137,57,87.92,211.01
57,138,19.35,46.45
138,57,19.35,46.45
57,139,108.55,260.51
139,57,108.55,260.51
57,140,51.33,123.19
140,57,51.33,123.19
57,141,90.89,218.14
141,57,90.89,218.14
57,142,90.89,218.15
142,57,90.89,218.15
57,143,67.89,162.93
143,57,67.89,162.93
57,144,70.19,168.45
144,57,70.19,168.45
57,145,86.1,206.64
145,57,86.1,206.64
57,146,21.08,50.59
146,57,21.08,50.59
57,147,17.04,40.89
147,57,17.04,40.89
57,148,26.17,62.81
148,57,26.17,62.81
57,149,115.6,277.45
149,57,115.6,277.45
57,150,109.53,262.86
150,57,109.53,262.86
58,59,41.83,100.4
59,58,41.83,100.4
58,60,48.73,116.94
60,58,48.73,116.94
58,61,70.45,169.09
61,58,70.45,169.09
58,62,56.41,135.4
62,58,56.41,135.4
58,63,60.62,145.5
63,58,60.62,145.5
58,64,58.75,140.98
64,58,58.75,140.98
58,65,48.72,116.92
65,58,48.72,116.92
58,66,51.09,122.63
66,58,51.09,122.63
58,67,85.21,204.5
67,58,85.21,204.5
58,68,89.02,213.66
68,58,89.02,213.66
58,69,98.09,235.42
69,58,98.09,235.42
58,70,95.4,228.95
70,58,95.4,228.95
58,71,79.87,191.69
71,58,79.87,191.69
58,72,56.1,134.64
72,58,56.1,134.64
58,73,78.87,189.28
73,58,78.87,189.28
58,74,64.95,155.88
74,58,64.95,155.88
58,75,107.65,258.36
75,58,107.65,258.36
58,76,28.42,68.21
76,58,28.42,68.21
58,77,56.06,134.55
77,58,56.06,134.55
58,78,69.1,165.84
78,58,69.1,165.84
58,79,104.26,250.21
79,58,104.26,250.21
58,80,106.09,254.59
80,58,106.09,254.59
58,81,75.75,181.81
81,58,75.75,181.81
58,82,53.01,127.23
82,58,53.01,127.23
58,83,47.01,112.82
83,58,47.01,112.82
58,84,77.44,185.87
84,58,77.44,185.87
58,85,76.2,182.88
85,58,76.2,182.88
58,86,19.64,47.14
86,58,19.64,47.14
58,87,6.55,15.72
87,58,6.55,15.72
58,88,49.46,118.71
88,58,49.46,118.71
58,89,37.57,90.17
89,58,37.57,90.17
58,90,38.06,91.33
90,58,38.06,91.33
58,91,69.21,166.1
91,58,69.21,166.1
58,92,99.81,239.55
92,58,99.81,239.55
58,93,98.45,236.27
93,58,98.45,236.27
58,94,39.64,95.12
94,58,39.64,95.12
58,95,39.24,94.18
95,58,39.24,94.18
58,96,62.23,149.36
96,58,62.23,149.36
58,97,94.94,227.86
97,58,94.94,227.86
58,98,11.31,27.15
98,58,11.31,27.15
58,99,49.93,119.84
99,58,49.93,119.84
58,100,35.48,85.16
100,58,35.48,85.16
58,101,29.0,69.61
101,58,29.0,69.61
58,102,114.94,275.86
102,58,114.94,275.86
58,103,110.46,265.1
103,58,110.46,265.1
58,104,83.73,200.96
104,58,83.73,200.96
58,105,61.89,148.53
105,58,61.89,148.53
58,106,94.01,225.62
106,58,94.01,225.62
58,107,44.65,107.16
107,58,44.65,107.16
58,108,67.86,162.87
108,58,67.86,162.87
58,109,58.26,139.82
109,58,58.26,139.82
58,110,116.89,280.52
110,58,116.89,280.52
58,111,51.21,122.91
111,58,51.21,122.91
58,112,69.63,167.1
112,58,69.63,167.1
58,113,122.11,293.05
113,58,122.11,293.05
58,114,58.53,140.48
114,58,58.53,140.48
58,115,52.48,125.94
115,58,52.48,125.94
58,116,97.29,233.5
116,58,97.29,233.5
58,117,52.75,126.59
117,58,52.75,126.59
58,118,74.15,177.96
118,58,74.15,177.96
58,119,75.34,180.82
119,58,75.34,180.82
58,120,72.34,173.61
120,58,72.34,173.61
58,121,10.22,24.53
121,58,10.22,24.53
58,122,51.21,122.89
122,58,51.21,122.89
58,123,100.26,240.62
123,58,100.26,240.62
58,124,47.3,113.53
124,58,47.3,113.53
58,125,31.35,75.24
125,58,31.35,75.24
58,126,51.51,123.62
126,58,51.51,123.62
58,127,97.51,234.03
127,58,97.51,234.03
58,128,96.03,230.48
128,58,96.03,230.48
58,129,51.88,124.52
129,58,51.88,124.52
58,130,77.05,184.9
130,58,77.05,184.9
58,131,97.35,233.64
131,58,97.35,233.64
58,132,70.81,169.94
132,58,70.81,169.94
58,133,16.86,40.46
133,58,16.86,40.46
58,134,58.43,140.23
134,58,58.43,140.23
58,135,107.67,258.39
135,58,107.67,258.39
58,136,93.6,224.62
136,58,93.6,224.62
58,137,46.12,110.69
137,58,46.12,110.69
58,138,61.38,147.31
138,58,61.38,147.31
58,139,102.51,246.04
139,58,102.51,246.04
58,140,64.87,155.69
140,58,64.87,155.69
58,141,65.48,157.15
141,58,65.48,157.15
58,142,49.61,119.07
142,58,49.61,119.07
58,143,39.42,94.6
143,58,39.42,94.6
58,144,52.12,125.1
144,58,52.12,125.1
58,145,89.99,215.96
145,58,89.99,215.96
58,146,62.96,151.11
146,58,62.96,151.11
58,147,56.44,135.45
147,58,56.44,135.45
58,148,16.61,39.86
148,58,16.61,39.86
58,149,98.88,237.31
149,58,98.88,237.31
58,150,87.65,210.36
150,58,87.65,210.36
59,60,9.93,23.84
60,59,9.93,23.84
59,61,40.76,97.82
61,59,40.76,97.82
59,62,71.22,170.94
62,59,71.22,170.94
59,63,82.52,198.04
63,59,82.52,198.04
59,64,54.92,131.8
64,59,54.92,131.8
59,65,54.45,130.68
65,59,54.45,130.68
59,66,73.93,177.43
66,59,73.93,177.43
59,67,74.92,179.82
67,59,74.92,179.82
59,68,92.05,220.92
68,59,92.05,220.92
59,69,98.61,236.67
69,59,98.61,236.67
59,70,100.42,241.01
70,59,100.42,241.01
59,71,57.96,139.1
71,59,57.96,139.1
59,72,15.93,38.24
72,59,15.93,38.24
59,73,91.52,219.64
73,59,91.52,219.64
59,74,68.54,164.5
74,59,68.54,164.5
59,75,108.47,260.35
75,59,108.47,260.35
59,76,23.02,55.23
76,59,23.02,55.23
59,77,65.8,157.94
77,59,65.8,157.94
59,78,28.9,69.35
78,59,28.9,69.35
59,79,108.11,259.45
79,59,108.11,259.45
59,80,99.86,239.66
80,59,99.86,239.66
59,81,36.83,88.4
81,59,36.83,88.4
59,82,52.97,127.12
82,59,52.97,127.12
59,83,21.93,52.64
83,59,21.93,52.64
59,84,51.3,123.12
84,59,51.3,123.12
59,85,58.84,141.21
85,59,58.84,141.21
59,86,23.47,56.32
86,59,23.47,56.32
59,87,47.95,115.09
87,59,47.95,115.09
59,88,82.81,198.76
88,59,82.81,198.76
59,89,15.86,38.06
89,59,15.86,38.06
59,90,23.63,56.72
90,59,23.63,56.72
59,91,33.96,81.52
91,59,33.96,81.52
59,92,98.07,235.36
92,59,98.07,235.36
59,93,101.22,242.94
93,59,101.22,242.94
59,94,79.69,191.25
94,59,79.69,191.25
59,95,72.87,174.88
95,59,72.87,174.88
59,96,41.03,98.46
96,59,41.03,98.46
59,97,83.89,201.35
97,59,83.89,201.35
59,98,51.37,123.28
98,59,51.37,123.28
59,99,29.71,71.31
99,59,29.71,71.31
59,100,46.25,111.0
100,59,46.25,111.0
59,101,18.88,45.31
101,59,18.88,45.31
59,102,116.45,279.51
102,59,116.45,279.51
59,103,110.14,264.33
103,59,110.14,264.33
59,104,63.75,153.0
104,59,63.75,153.0
59,105,74.93,179.82
105,59,74.93,179.82
59,106,76.74,184.18
106,59,76.74,184.18
59,107,83.27,199.84
107,59,83.27,199.84
59,108,93.65,224.76
108,59,93.65,224.76
59,109,87.46,209.9
109,59,87.46,209.9
59,110,117.71,282.51
110,59,117.71,282.51
59,111,87.4,209.77
111,59,87.4,209.77
59,112,98.07,235.36
112,59,98.07,235.36
59,113,122.93,295.04
113,59,122.93,295.04
59,114,94.9,227.77
114,59,94.9,227.77
59,115,42.62,102.3
115,59,42.62,102.3
59,116,93.02,223.24
116,59,93.02,223.24
59,117,91.1,218.63
117,59,91.1,218.63
59,118,93.61,224.66
118,59,93.61,224.66
59,119,101.81,244.34
119,59,101.81,244.34
59,120,77.89,186.94
120,59,77.89,186.94
59,121,35.16,84.37
121,59,35.16,84.37
59,122,71.02,170.44
122,59,71.02,170.44
59,123,72.76,174.63
123,59,72.76,174.63
59,124,17.67,42.41
124,59,17.67,42.41
59,125,53.43,128.24
125,59,53.43,128.24
59,126,30.75,73.8
126,59,30.75,73.8
59,127,101.25,243.01
127,59,101.25,243.01
59,128,69.48,166.75
128,59,69.48,166.75
59,129,33.14,79.53
129,59,33.14,79.53
59,130,65.36,156.86
130,59,65.36,156.86
59,131,92.49,221.97
131,59,92.49,221.97
59,132,49.98,119.95
132,59,49.98,119.95
59,133,36.33,87.18
133,59,36.33,87.18
59,134,29.56,70.94
134,59,29.56,70.94
59,135,100.7,241.69
135,59,100.7,241.69
59,136,89.12,213.88
136,59,89.12,213.88
59,137,26.19,62.85
137,59,26.19,62.85
59,138,96.23,230.96
138,59,96.23,230.96
59,139,81.94,196.66
139,59,81.94,196.66
59,140,72.34,173.61
140,59,72.34,173.61
59,141,31.46,75.5
141,59,31.46,75.5
59,142,23.56,56.56
142,59,23.56,56.56
59,143,16.83,40.38
143,59,16.83,40.38
59,144,34.06,81.75
144,59,34.06,81.75
59,145,83.54,200.51
145,59,83.54,200.51
59,146,96.5,231.6
146,59,96.5,231.6
59,147,94.59,227.01
147,59,94.59,227.01
59,148,56.75,136.2
148,59,56.75,136.2
59,149,68.22,163.73
149,59,68.22,163.73
59,150,53.44,128.26
150,59,53.44,128.26
60,61,31.12,74.69
61,60,31.12,74.69
60,62,69.64,167.15
62,60,69.64,167.15
60,63,82.12,197.08
63,60,82.12,197.08
60,64,50.38,120.91
64,60,50.38,120.91
60,65,51.93,124.62
65,60,51.93,124.62
60,66,74.14,177.94
66,60,74.14,177.94
60,67,67.46,161.89
67,60,67.46,161.89
60,68,87.8,210.72
68,60,87.8,210.72
60,69,94.36,226.47
69,60,94.36,226.47
60,70,96.17,230.81
70,60,96.17,230.81
60,71,49.06,117.73
71,60,49.06,117.73
60,72,7.4,17.77
72,60,7.4,17.77
60,73,87.27,209.44
73,60,87.27,209.44
60,74,64.29,154.3
74,60,64.29,154.3
60,75,104.22,250.15
75,60,104.22,250.15
60,76,32.83,78.77
76,60,32.83,78.77
60,77,62.74,150.58
77,60,62.74,150.58
60,78,20.41,48.98
78,60,20.41,48.98
60,79,103.86,249.25
79,60,103.86,249.25
60,80,92.66,222.4
80,60,92.66,222.4
60,81,27.66,66.39
81,60,27.66,66.39
60,82,48.72,116.92
82,60,48.72,116.92
60,83,30.34,72.81
83,60,30.34,72.81
60,84,41.91,100.59
84,60,41.91,100.59
60,85,50.72,121.73
85,60,50.72,121.73
60,86,33.28,79.86
86,60,33.28,79.86
60,87,54.42,130.61
87,60,54.42,130.61
60,88,85.44,205.05
88,60,85.44,205.05
60,89,25.64,61.53
89,60,25.64,61.53
60,90,33.37,80.1
90,60,33.37,80.1
60,91,24.04,57.71
91,60,24.04,57.71
60,92,93.37,224.1
92,60,93.37,224.1
60,93,96.97,232.74
93,60,96.97,232.74
60,94,84.74,203.38
94,60,84.74,203.38
60,95,75.9,182.16
95,60,75.9,182.16
60,96,33.01,79.23
96,60,33.01,79.23
60,97,75.86,182.07
97,60,75.86,182.07
60,98,60.02,144.06
98,60,60.02,144.06
60,99,38.2,91.67
99,60,38.2,91.67
60,100,45.94,110.26
100,60,45.94,110.26
60,101,21.71,52.09
101,60,21.71,52.09
60,102,112.2,269.31
102,60,112.2,269.31
60,103,105.89,254.13
103,60,105.89,254.13
60,104,55.02,132.05
104,60,55.02,132.05
60,105,71.99,172.77
105,60,71.99,172.77
60,106,68.18,163.62
106,60,68.18,163.62
60,107,87.63,210.31
107,60,87.63,210.31
60,108,93.87,225.29
108,60,93.87,225.29
60,109,88.77,213.05
109,60,88.77,213.05
60,110,113.46,272.31
110,60,113.46,272.31
60,111,90.71,217.69
111,60,90.71,217.69
60,112,98.88,237.32
112,60,98.88,237.32
60,113,118.68,284.84
113,60,118.68,284.84
60,114,98.02,235.24
114,60,98.02,235.24
60,115,37.4,89.76
115,60,37.4,89.76
60,116,86.43,207.44
116,60,86.43,207.44
60,117,95.21,228.51
117,60,95.21,228.51
60,118,90.58,217.39
118,60,90.58,217.39
60,119,101.97,244.72
119,60,101.97,244.72
60,120,73.64,176.74
120,60,73.64,176.74
60,121,44.28,106.27
121,60,44.28,106.27
60,122,70.64,169.54
122,60,70.64,169.54
60,123,62.99,151.18
123,60,62.99,151.18
60,124,25.58,61.4
124,60,25.58,61.4
60,125,54.91,131.79
125,60,54.91,131.79
60,126,39.03,93.68
126,60,39.03,93.68
60,127,97.0,232.81
127,60,97.0,232.81
60,128,59.81,143.53
128,60,59.81,143.53
60,129,26.67,64.0
129,60,26.67,64.0
60,130,58.05,139.33
130,60,58.05,139.33
60,131,85.76,205.82
131,60,85.76,205.82
60,132,41.54,99.7
132,60,41.54,99.7
60,133,40.16,96.38
133,60,40.16,96.38
60,134,20.56,49.34
134,60,20.56,49.34
60,135,92.74,222.58
135,60,92.74,222.58
60,136,82.56,198.14
136,60,82.56,198.14
60,137,35.07,84.16
137,60,35.07,84.16
60,138,98.98,237.55
138,60,98.98,237.55
60,139,72.82,174.76
139,60,72.82,174.76
60,140,68.09,163.41
140,60,68.09,163.41
60,141,21.55,51.72
141,60,21.55,51.72
60,142,31.5,75.59
142,60,31.5,75.59
60,143,14.5,34.81
143,60,14.5,34.81
60,144,27.66,66.38
144,60,27.66,66.38
60,145,76.59,183.81
145,60,76.59,183.81
60,146,98.84,237.22
146,60,98.84,237.22
60,147,98.39,236.13
147,60,98.39,236.13
60,148,62.4,149.76
148,60,62.4,149.76
60,149,58.3,139.93
149,60,58.3,139.93
60,150,43.54,104.5
150,60,43.54,104.5
61,62,63.04,151.3
62,61,63.04,151.3
61,63,77.81,186.75
63,61,77.81,186.75
61,64,37.53,90.07
64,61,37.53,90.07
61,65,45.97,110.32
65,61,45.97,110.32
61,66,73.06,175.36
66,61,73.06,175.36
61,67,42.54,102.11
67,61,42.54,102.11
61,68,73.71,176.92
68,61,73.71,176.92
61,69,76.23,182.95
69,61,76.23,182.95
61,70,82.49,197.97
70,61,82.49,197.97
61,71,19.93,47.84
71,61,19.93,47.84
61,72,28.53,68.47
72,61,28.53,68.47
61,73,79.11,189.87
73,61,79.11,189.87
61,74,56.01,134.42
74,61,56.01,134.42
61,75,85.41,205.0
75,61,85.41,205.0
61,76,62.88,150.91
76,61,62.88,150.91
61,77,55.0,132.01
77,61,55.0,132.01
61,78,25.23,60.55
78,61,25.23,60.55
61,79,88.07,211.36
79,61,88.07,211.36
61,80,65.64,157.53
80,61,65.64,157.53
61,81,21.45,51.47
81,61,21.45,51.47
61,82,40.98,98.35
82,61,40.98,98.35
61,83,61.19,146.85
83,61,61.19,146.85
61,84,11.26,27.03
84,61,11.26,27.03
61,85,24.9,59.77
85,61,24.9,59.77
61,86,60.49,145.17
86,61,60.49,145.17
61,87,74.55,178.92
87,61,74.55,178.92
61,88,92.22,221.31
88,61,92.22,221.31
61,89,56.62,135.88
89,61,56.62,135.88
61,90,64.39,154.53
90,61,64.39,154.53
61,91,11.6,27.84
91,61,11.6,27.84
61,92,72.11,173.06
92,61,72.11,173.06
61,93,81.09,194.61
93,61,81.09,194.61
61,94,98.67,236.82
94,61,98.67,236.82
61,95,84.7,203.28
95,61,84.7,203.28
61,96,14.01,33.62
96,61,14.01,33.62
61,97,48.72,116.92
97,61,48.72,116.92
61,98,80.82,193.98
98,61,80.82,193.98
61,99,68.98,165.57
99,61,68.98,165.57
61,100,50.05,120.11
100,61,50.05,120.11
61,101,41.94,100.65
101,61,41.94,100.65
61,102,93.39,224.16
102,61,93.39,224.16
61,103,84.65,203.16
103,61,84.65,203.16
61,104,26.18,62.83
104,61,26.18,62.83
61,105,64.25,154.2
105,61,64.25,154.2
61,106,39.33,94.4
106,61,39.33,94.4
61,107,99.37,238.5
107,61,99.37,238.5
61,108,89.99,215.97
108,61,89.99,215.97
61,109,89.8,215.53
109,61,89.8,215.53
61,110,94.65,227.16
110,61,94.65,227.16
61,111,99.12,237.88
111,61,99.12,237.88
61,112,97.12,233.09
112,61,97.12,233.09
61,113,97.44,233.84
113,61,97.44,233.84
61,114,105.4,252.96
114,61,105.4,252.96
61,115,28.75,68.99
115,61,28.75,68.99
61,116,63.46,152.3
116,61,63.46,152.3
61,117,105.77,253.85
117,61,105.77,253.85
61,118,82.84,198.82
118,61,82.84,198.82
61,119,96.1,230.64
119,61,96.1,230.64
61,120,64.29,154.29
120,61,64.29,154.29
61,121,69.52,166.84
121,61,69.52,166.84
61,122,67.99,163.17
122,61,67.99,163.17
61,123,32.09,77.02
123,61,32.09,77.02
61,124,56.29,135.11
124,61,56.29,135.11
61,125,62.05,148.91
125,61,62.05,148.91
61,126,69.69,167.26
126,61,69.69,167.26
61,127,82.07,196.97
127,61,82.07,196.97
61,128,28.72,68.93
128,61,28.72,68.93
61,129,20.67,49.61
129,61,20.67,49.61
61,130,34.72,83.32
130,61,34.72,83.32
61,131,62.33,149.6
131,61,62.33,149.6
61,132,15.92,38.21
132,61,15.92,38.21
61,133,56.23,134.94
133,61,56.23,134.94
61,134,12.31,29.55
134,61,12.31,29.55
61,135,65.6,157.43
135,61,65.6,157.43
61,136,59.88,143.7
136,61,59.88,143.7
61,137,66.07,158.58
137,61,66.07,158.58
61,138,104.63,251.11
138,61,104.63,251.11
61,139,42.33,101.59
139,61,42.33,101.59
61,140,60.35,144.84
140,61,60.35,144.84
61,141,10.85,26.04
141,61,10.85,26.04
61,142,62.07,148.96
142,61,62.07,148.96
61,143,31.76,76.23
143,61,31.76,76.23
61,144,20.99,50.38
144,61,20.99,50.38
61,145,52.87,126.9
145,61,52.87,126.9
61,146,102.81,246.76
146,61,102.81,246.76
61,147,107.83,258.78
147,61,107.83,258.78
61,148,79.67,191.23
148,61,79.67,191.23
61,149,28.72,68.93
149,61,28.72,68.93
61,150,18.39,44.13
150,61,18.39,44.13
62,63,14.99,35.97
63,62,14.99,35.97
62,64,28.83,69.2
64,62,28.83,69.2
62,65,18.29,43.91
65,62,18.29,43.91
62,66,13.51,32.43
66,62,13.51,32.43
62,67,47.96,115.11
67,62,47.96,115.11
62,68,33.79,81.09
68,62,33.79,81.09
62,69,43.69,104.85
69,62,43.69,104.85
62,70,39.22,94.13
70,62,39.22,94.13
62,71,58.69,140.87
71,62,58.69,140.87
62,72,74.79,179.49
72,62,74.79,179.49
62,73,22.72,54.53
73,62,22.72,54.53
62,74,15.3,36.72
74,62,15.3,36.72
62,75,52.71,126.51
75,62,52.71,126.51
62,76,76.19,182.85
76,62,76.19,182.85
62,77,8.43,20.23
77,62,8.43,20.23
62,78,82.49,197.98
78,62,82.49,197.98
62,79,48.15,115.56
79,62,48.15,115.56
62,80,58.55,140.53
80,62,58.55,140.53
62,81,83.7,200.88
81,62,83.7,200.88
62,82,22.08,53.0
82,62,22.08,53.0
62,83,89.47,214.73
83,62,89.47,214.73
62,84,63.44,152.27
84,62,63.44,152.27
62,85,50.65,121.57
85,62,50.65,121.57
62,86,66.6,159.84
86,62,66.6,159.84
62,87,54.08,129.79
87,62,54.08,129.79
62,88,35.37,84.89
88,62,35.37,84.89
62,89,79.45,190.69
89,62,79.45,190.69
62,90,84.48,202.75
90,62,84.48,202.75
62,91,72.96,175.11
91,62,72.96,175.11
62,92,47.33,113.59
92,62,47.33,113.59
62,93,42.83,102.79
93,62,42.83,102.79
62,94,53.04,127.29
94,62,53.04,127.29
62,95,33.95,81.49
95,62,33.95,81.49
62,96,51.23,122.95
96,62,51.23,122.95
62,97,54.88,131.73
97,62,54.88,131.73
62,98,58.3,139.92
98,62,58.3,139.92
62,99,95.69,229.65
99,62,95.69,229.65
62,100,25.5,61.21
100,62,25.5,61.21
62,101,53.28,127.87
101,62,53.28,127.87
62,102,58.82,141.16
102,62,58.82,141.16
62,103,56.0,134.41
103,62,56.0,134.41
62,104,58.1,139.44
104,62,58.1,139.44
62,105,5.64,13.54
105,62,5.64,13.54
62,106,60.87,146.09
106,62,60.87,146.09
62,107,49.27,118.24
107,62,49.27,118.24
62,108,26.95,64.68
108,62,26.95,64.68
62,109,28.98,69.56
109,62,28.98,69.56
62,110,61.95,148.67
110,62,61.95,148.67
62,111,43.28,103.88
111,62,43.28,103.88
62,112,34.4,82.57
112,62,34.4,82.57
62,113,67.17,161.2
113,62,67.17,161.2
62,114,46.97,112.72
114,62,46.97,112.72
62,115,36.93,88.62
115,62,36.93,88.62
62,116,48.34,116.02
116,62,48.34,116.02
62,117,52.09,125.02
117,62,52.09,125.02
62,118,22.45,53.89
118,62,22.45,53.89
62,119,33.06,79.35
119,62,33.06,79.35
62,120,17.83,42.79
120,62,17.83,42.79
62,121,64.71,155.29
121,62,64.71,155.29
62,122,8.61,20.67
122,62,8.61,20.67
62,123,79.75,191.41
123,62,79.75,191.41
62,124,86.87,208.49
124,62,86.87,208.49
62,125,25.07,60.18
125,62,25.07,60.18
62,126,97.17,233.2
126,62,97.17,233.2
62,127,41.6,99.83
127,62,41.6,99.83
62,128,75.32,180.78
128,62,75.32,180.78
62,129,47.72,114.53
129,62,47.72,114.53
62,130,44.0,105.61
130,62,44.0,105.61
62,131,49.32,118.38
131,62,49.32,118.38
62,132,53.15,127.57
132,62,53.15,127.57
62,133,43.08,103.4
133,62,43.08,103.4
62,134,60.08,144.19
134,62,60.08,144.19
62,135,60.95,146.29
135,62,60.95,146.29
62,136,45.78,109.87
136,62,45.78,109.87
62,137,91.44,219.46
137,62,91.44,219.46
62,138,45.24,108.59
138,62,45.24,108.59
62,139,71.37,171.29
139,62,71.37,171.29
62,140,11.6,27.84
140,62,11.6,27.84
62,141,69.3,166.33
141,62,69.3,166.33
62,142,91.87,220.48
142,62,91.87,220.48
62,143,55.43,133.04
143,62,55.43,133.04
62,144,46.9,112.56
144,62,46.9,112.56
62,145,46.59,111.8
145,62,46.59,111.8
62,146,42.62,102.29
146,62,42.62,102.29
62,147,51.97,124.74
147,62,51.97,124.74
62,148,49.54,118.9
148,62,49.54,118.9
62,149,83.84,201.22
149,62,83.84,201.22
62,150,82.19,197.25
150,62,82.19,197.25
63,64,43.82,105.16
64,63,43.82,105.16
63,65,32.53,78.07
65,63,32.53,78.07
63,66,9.57,22.96
66,63,9.57,22.96
63,67,61.38,147.32
67,63,61.38,147.32
63,68,38.27,91.86
68,63,38.27,91.86
63,69,48.43,116.24
69,63,48.43,116.24
63,70,40.25,96.6
70,63,40.25,96.6
63,71,73.59,176.62
71,63,73.59,176.62
63,72,87.77,210.65
72,63,87.77,210.65
63,73,21.11,50.67
73,63,21.11,50.67
63,74,28.74,68.98
74,63,28.74,68.98
63,75,55.81,133.94
75,63,55.81,133.94
63,76,84.07,201.76
76,63,84.07,201.76
63,77,23.41,56.19
77,63,23.41,56.19
63,78,96.29,231.1
78,63,96.29,231.1
63,79,48.73,116.95
79,63,48.73,116.95
63,80,67.98,163.14
80,63,67.98,163.14
63,81,97.99,235.18
81,63,97.99,235.18
63,82,36.91,88.57
82,63,36.91,88.57
63,83,99.09,237.81
83,63,99.09,237.81
63,84,78.43,188.24
84,63,78.43,188.24
63,85,65.48,157.14
85,63,65.48,157.14
63,86,74.16,177.99
86,63,74.16,177.99
63,87,56.81,136.34
87,63,56.81,136.34
63,88,25.52,61.26
88,63,25.52,61.26
63,89,88.85,213.24
89,63,88.85,213.24
63,90,93.0,223.21
90,63,93.0,223.21
63,91,87.36,209.66
91,63,87.36,209.66
63,92,54.12,129.89
92,63,54.12,129.89
63,93,45.33,108.79
93,63,45.33,108.79
63,94,46.55,111.73
94,63,46.55,111.73
63,95,28.43,68.22
95,63,28.43,68.22
63,96,66.03,158.46
96,63,66.03,158.46
63,97,67.28,161.48
97,63,67.28,161.48
63,98,59.68,143.22
98,63,59.68,143.22
63,99,104.68,251.23
99,63,104.68,251.23
63,100,36.34,87.22
100,63,36.34,87.22
63,101,63.89,153.33
101,63,63.89,153.33
63,102,58.75,141.0
102,63,58.75,141.0
63,103,59.65,143.17
103,63,59.65,143.17
63,104,72.78,174.67
104,63,72.78,174.67
63,105,16.52,39.65
105,63,16.52,39.65
63,106,74.67,179.2
106,63,74.67,179.2
63,107,41.19,98.86
107,63,41.19,98.86
63,108,12.71,30.5
108,63,12.71,30.5
63,109,15.79,37.9
109,63,15.79,37.9
63,110,63.87,153.29
110,63,63.87,153.29
63,111,32.93,79.03
111,63,32.93,79.03
63,112,19.59,47.0
112,63,19.59,47.0
63,113,69.46,166.71
113,63,69.46,166.71
63,114,34.82,83.57
114,63,34.82,83.57
63,115,51.48,123.56
115,63,51.48,123.56
63,116,58.05,139.33
116,63,58.05,139.33
63,117,41.97,100.74
117,63,41.97,100.74
63,118,15.5,37.19
118,63,15.5,37.19
63,119,20.36,48.87
119,63,20.36,48.87
63,120,27.17,65.2
120,63,27.17,65.2
63,121,70.05,168.11
121,63,70.05,168.11
63,122,11.51,27.63
122,63,11.51,27.63
63,123,94.45,226.67
123,63,94.45,226.67
63,124,97.02,232.85
124,63,97.02,232.85
63,125,30.93,74.24
125,63,30.93,74.24
63,126,106.21,254.92
126,63,106.21,254.92
63,127,43.38,104.11
127,63,43.38,104.11
63,128,90.06,216.14
128,63,90.06,216.14
63,129,61.88,148.52
129,63,61.88,148.52
63,130,58.37,140.08
130,63,58.37,140.08
63,131,59.43,142.64
131,63,59.43,142.64
63,132,68.14,163.54
132,63,68.14,163.54
63,133,50.46,121.11
133,63,50.46,121.11
63,134,74.28,178.28
134,63,74.28,178.28
63,135,70.6,169.44
135,63,70.6,169.44
63,136,56.28,135.07
136,63,56.28,135.07
63,137,100.44,241.06
137,63,100.44,241.06
63,138,32.39,77.74
138,63,32.39,77.74
63,139,85.17,204.41
139,63,85.17,204.41
63,140,23.94,57.45
140,63,23.94,57.45
63,141,83.61,200.66
141,63,83.61,200.66
63,142,101.6,243.84
142,63,101.6,243.84
63,143,67.66,162.38
143,63,67.66,162.38
63,144,61.12,146.68
144,63,61.12,146.68
63,145,58.48,140.34
145,63,58.48,140.34
63,146,29.2,70.09
146,63,29.2,70.09
63,147,40.8,97.93
147,63,40.8,97.93
63,148,49.9,119.75
148,63,49.9,119.75
63,149,98.74,236.99
149,63,98.74,236.99
63,150,97.13,233.11
150,63,97.13,233.11
64,65,14.78,35.47
65,64,14.78,35.47
64,66,40.43,97.02
66,64,40.43,97.02
64,67,26.52,63.66
67,64,26.52,63.66
64,68,39.77,95.44
68,64,39.77,95.44
64,69,45.41,108.97
69,64,45.41,108.97
64,70,48.4,116.17
70,64,48.4,116.17
64,71,30.11,72.27
71,64,30.11,72.27
64,72,53.48,128.35
72,64,53.48,128.35
64,73,41.87,100.5
73,64,41.87,100.5
64,74,18.57,44.58
74,64,18.57,44.58
64,75,55.23,132.57
75,64,55.23,132.57
64,76,68.88,165.32
76,64,68.88,165.32
64,77,20.41,48.98
77,64,20.41,48.98
64,78,58.12,139.49
78,64,58.12,139.49
64,79,55.59,133.42
79,64,55.59,133.42
64,80,47.54,114.1
80,64,47.54,114.1
64,81,57.59,138.23
81,64,57.59,138.23
64,82,8.73,20.96
82,64,8.73,20.96
64,83,76.76,184.23
83,64,76.76,184.23
64,84,34.65,83.16
84,64,34.65,83.16
64,85,22.49,53.97
85,64,22.49,53.97
64,86,61.21,146.9
86,64,61.21,146.9
64,87,60.73,145.76
87,64,60.73,145.76
64,88,60.84,146.02
88,64,60.84,146.02
64,89,68.09,163.41
89,64,68.09,163.41
64,90,74.85,179.65
90,64,74.85,179.65
64,91,46.72,112.13
91,64,46.72,112.13
64,92,44.2,106.07
92,64,44.2,106.07
64,93,48.59,116.61
93,64,48.59,116.61
64,94,73.4,176.16
94,64,73.4,176.16
64,95,55.88,134.11
95,64,55.88,134.11
64,96,23.79,57.09
96,64,23.79,57.09
64,97,36.21,86.89
97,64,36.21,86.89
64,98,66.63,159.92
98,64,66.63,159.92
64,99,84.14,201.93
99,64,84.14,201.93
64,100,25.62,61.49
100,64,25.62,61.49
64,101,42.14,101.13
101,64,42.14,101.13
64,102,63.21,151.73
102,64,63.21,151.73
64,103,56.52,135.66
103,64,56.52,135.66
64,104,30.4,72.97
104,64,30.4,72.97
64,105,28.68,68.84
105,64,28.68,68.84
64,106,36.49,87.58
106,64,36.49,87.58
64,107,71.79,172.3
107,64,71.79,172.3
64,108,55.38,132.91
108,64,55.38,132.91
64,109,57.05,136.92
109,64,57.05,136.92
64,110,64.47,154.73
110,64,64.47,154.73
64,111,68.53,164.47
111,64,68.53,164.47
64,112,62.83,150.8
112,64,62.83,150.8
64,113,69.69,167.26
113,64,69.69,167.26
64,114,73.59,176.63
114,64,73.59,176.63
64,115,12.98,31.16
115,64,12.98,31.16
64,116,39.08,93.78
116,64,39.08,93.78
64,117,76.55,183.73
117,64,76.55,183.73
64,118,46.25,111.02
118,64,46.25,111.02
64,119,61.49,147.58
119,64,61.49,147.58
64,120,27.34,65.63
120,64,27.34,65.63
64,121,64.52,154.85
121,64,64.52,154.85
64,122,35.15,84.36
122,64,35.15,84.36
64,123,51.72,124.12
123,64,51.72,124.12
64,124,72.97,175.13
124,64,72.97,175.13
64,125,36.05,86.52
125,64,36.05,86.52
64,126,85.39,204.94
126,64,85.39,204.94
64,127,48.88,117.3
127,64,48.88,117.3
64,128,47.2,113.28
128,64,47.2,113.28
64,129,24.13,57.91
129,64,24.13,57.91
64,130,18.69,44.86
130,64,18.69,44.86
64,131,38.95,93.49
131,64,38.95,93.49
64,132,24.36,58.46
132,64,24.36,58.46
64,133,43.06,103.35
133,64,43.06,103.35
64,134,35.15,84.37
134,64,35.15,84.37
64,135,49.05,117.74
135,64,49.05,117.74
64,136,35.25,84.59
136,64,35.25,84.59
64,137,80.14,192.34
137,64,80.14,192.34
64,138,72.52,174.06
138,64,72.52,174.06
64,139,46.43,111.44
139,64,46.43,111.44
64,140,23.24,55.79
140,64,23.24,55.79
64,141,43.52,104.46
141,64,43.52,104.46
64,142,78.72,188.92
142,64,78.72,188.92
64,143,38.7,92.88
143,64,38.7,92.88
64,144,23.13,55.52
144,64,23.13,55.52
64,145,31.34,75.21
145,64,31.34,75.21
64,146,70.41,168.98
146,64,70.41,168.98
64,147,77.49,185.98
147,64,77.49,185.98
64,148,61.04,146.49
148,64,61.04,146.49
64,149,55.17,132.41
149,64,55.17,132.41
64,150,53.64,128.73
150,64,53.64,128.73
65,66,27.19,65.26
66,65,27.19,65.26
65,67,40.25,96.61
67,65,40.25,96.61
65,68,42.25,101.41
68,65,42.25,101.41
65,69,50.33,120.79
69,65,50.33,120.79
65,70,49.88,119.72
70,65,49.88,119.72
65,71,44.14,105.94
71,65,44.14,105.94
65,72,56.74,136.17
72,65,56.74,136.17
65,73,37.81,90.75
73,65,37.81,90.75
65,74,17.33,41.59
74,65,17.33,41.59
65,75,60.1,144.25
75,65,60.1,144.25
65,76,62.89,150.95
76,65,62.89,150.95
65,77,11.44,27.46
77,65,11.44,27.46
65,78,64.2,154.08
78,65,64.2,154.08
65,79,58.25,139.8
79,65,58.25,139.8
65,80,58.16,139.58
80,65,58.16,139.58
65,81,65.52,157.24
81,65,65.52,157.24
65,82,6.05,14.51
82,65,6.05,14.51
65,83,74.03,177.67
83,65,74.03,177.67
65,84,47.31,113.54
84,65,47.31,113.54
65,85,36.99,88.77
85,65,36.99,88.77
65,86,54.04,129.7
86,65,54.04,129.7
65,87,48.49,116.38
87,65,48.49,116.38
65,88,46.51,111.62
88,65,46.51,111.62
65,89,64.41,154.59
89,65,64.41,154.59
65,90,70.26,168.61
90,65,70.26,168.61
65,91,54.84,131.62
91,65,54.84,131.62
65,92,51.3,123.12
92,65,51.3,123.12
65,93,51.76,124.21
93,65,51.76,124.21
65,94,58.66,140.77
94,65,58.66,140.77
65,95,41.14,98.73
95,65,41.14,98.73
65,96,33.78,81.08
96,65,33.78,81.08
65,97,49.32,118.37
97,65,49.32,118.37
65,98,54.02,129.64
98,65,54.02,129.64
65,99,80.78,193.88
99,65,80.78,193.88
65,100,13.24,31.78
100,65,13.24,31.78
65,101,37.67,90.41
101,65,37.67,90.41
65,102,68.08,163.41
102,65,68.08,163.41
65,103,62.49,149.98
103,65,62.49,149.98
65,104,45.02,108.04
104,65,45.02,108.04
65,105,20.82,49.97
105,65,20.82,49.97
65,106,51.11,122.67
106,65,51.11,122.67
65,107,57.03,136.86
107,65,57.03,136.86
65,108,45.16,108.38
108,65,45.16,108.38
65,109,43.91,105.38
109,65,43.91,105.38
65,110,69.34,166.41
110,65,69.34,166.41
65,111,54.07,129.77
111,65,54.07,129.77
65,112,51.56,123.74
112,65,51.56,123.74
65,113,74.56,178.94
113,65,74.56,178.94
65,114,59.46,142.7
114,65,59.46,142.7
65,115,19.0,45.59
115,65,19.0,45.59
65,116,48.62,116.7
116,65,48.62,116.7
65,117,61.92,148.62
117,65,61.92,148.62
65,118,39.75,95.41
118,65,39.75,95.41
65,119,51.27,123.05
119,65,51.27,123.05
65,120,26.22,62.94
120,65,26.22,62.94
65,121,54.97,131.92
121,65,54.97,131.92
65,122,22.21,53.31
122,65,22.21,53.31
65,123,66.04,158.5
123,65,66.04,158.5
65,124,70.95,170.28
124,65,70.95,170.28
65,125,21.71,52.1
125,65,21.71,52.1
65,126,82.18,197.24
126,65,82.18,197.24
65,127,51.32,123.16
127,65,51.32,123.16
65,128,61.5,147.6
128,65,61.5,147.6
65,129,29.46,70.7
129,65,29.46,70.7
65,130,33.27,79.85
130,65,33.27,79.85
65,131,48.97,117.53
131,65,48.97,117.53
65,132,37.21,89.31
132,65,37.21,89.31
65,133,32.61,78.26
133,65,32.61,78.26
65,134,41.84,100.42
134,65,41.84,100.42
65,135,60.07,144.16
135,65,60.07,144.16
65,136,45.13,108.32
136,65,45.13,108.32
65,137,76.59,183.82
137,65,76.59,183.82
65,138,58.66,140.79
138,65,58.66,140.79
65,139,61.17,146.8
139,65,61.17,146.8
65,140,19.25,46.2
140,65,19.25,46.2
65,141,51.12,122.69
141,65,51.12,122.69
65,142,76.28,183.08
142,65,76.28,183.08
65,143,38.07,91.37
143,65,38.07,91.37
65,144,28.66,68.78
144,65,28.66,68.78
65,145,42.99,103.17
145,65,42.99,103.17
65,146,56.86,136.46
146,65,56.86,136.46
65,147,63.03,151.28
147,65,63.03,151.28
65,148,47.46,113.91
148,65,47.46,113.91
65,149,68.81,165.15
149,65,68.81,165.15
65,150,65.24,156.58
150,65,65.24,156.58
66,67,61.35,147.25
67,66,61.35,147.25
66,68,44.85,107.65
68,66,44.85,107.65
66,69,55.07,132.16
69,66,55.07,132.16
66,70,48.07,115.36
70,66,48.07,115.36
66,71,70.54,169.29
71,66,70.54,169.29
66,72,80.11,192.26
72,66,80.11,192.26
66,73,28.93,69.43
73,66,28.93,69.43
66,74,28.81,69.15
74,66,28.81,69.15
66,75,63.55,152.54
75,66,63.55,152.54
66,76,74.62,179.08
76,66,74.62,179.08
66,77,20.91,50.18
77,66,20.91,50.18
66,78,89.3,214.32
78,66,89.3,214.32
66,79,56.55,135.71
79,66,56.55,135.71
66,80,71.62,171.88
80,66,71.62,171.88
66,81,91.62,219.89
81,66,91.62,219.89
66,82,32.48,77.96
82,66,32.48,77.96
66,83,89.91,215.79
83,66,89.91,215.79
66,84,74.38,178.52
84,66,74.38,178.52
66,85,62.81,150.74
85,66,62.81,150.74
66,86,64.69,155.27
86,66,64.69,155.27
66,87,47.41,113.78
87,66,47.41,113.78
66,88,21.86,52.46
88,66,21.86,52.46
66,89,79.65,191.15
89,66,79.65,191.15
66,90,83.63,200.7
90,66,83.63,200.7
66,91,81.2,194.9
91,66,81.2,194.9
66,92,59.55,142.92
92,66,59.55,142.92
66,93,53.15,127.55
93,66,53.15,127.55
66,94,40.41,96.97
94,66,40.41,96.97
66,95,21.42,51.41
95,66,21.42,51.41
66,96,60.92,146.22
96,66,60.92,146.22
66,97,68.39,164.16
97,66,68.39,164.16
66,98,50.51,121.22
98,66,50.51,121.22
66,99,95.36,228.87
99,66,95.36,228.87
66,100,28.21,67.7
100,66,28.21,67.7
66,101,55.16,132.37
101,66,55.16,132.37
66,102,66.57,159.76
102,66,66.57,159.76
66,103,67.06,160.94
103,66,67.06,160.94
66,104,70.52,169.25
104,66,70.52,169.25
66,105,17.92,43.0
105,66,17.92,43.0
66,106,74.09,177.82
106,66,74.09,177.82
66,107,36.09,86.62
107,66,36.09,86.62
66,108,19.76,47.42
108,66,19.76,47.42
66,109,16.74,40.17
109,66,16.74,40.17
66,110,71.69,172.05
110,66,71.69,172.05
66,111,29.77,71.45
111,66,29.77,71.45
66,112,25.04,60.09
112,66,25.04,60.09
66,113,77.28,185.47
113,66,77.28,185.47
66,114,33.67,80.81
114,66,33.67,80.81
66,115,46.01,110.41
115,66,46.01,110.41
66,116,61.41,147.37
116,66,61.41,147.37
66,117,38.59,92.63
117,66,38.59,92.63
66,118,23.32,55.95
118,66,23.32,55.95
66,119,27.91,66.99
119,66,27.91,66.99
66,120,30.31,72.75
120,66,30.31,72.75
66,121,60.48,145.16
121,66,60.48,145.16
66,122,5.33,12.79
122,66,5.33,12.79
66,123,92.05,220.92
123,66,92.05,220.92
66,124,87.98,211.16
124,66,87.98,211.16
66,125,21.53,51.67
125,66,21.53,51.67
66,126,96.9,232.57
126,66,96.9,232.57
66,127,51.2,122.87
127,66,51.2,122.87
66,128,87.56,210.15
128,66,87.56,210.15
66,129,55.61,133.47
129,66,55.61,133.47
66,130,56.91,136.59
130,66,56.91,136.59
66,131,62.48,149.96
131,66,62.48,149.96
66,132,64.19,154.07
132,66,64.19,154.07
66,133,41.06,98.54
133,66,41.06,98.54
66,134,67.93,163.04
134,66,67.93,163.04
66,135,74.08,177.78
135,66,74.08,177.78
66,136,59.02,141.65
136,66,59.02,141.65
66,137,91.13,218.71
137,66,91.13,218.71
66,138,32.23,77.35
138,66,32.23,77.35
66,139,84.57,202.96
139,66,84.57,202.96
66,140,24.95,59.87
140,66,24.95,59.87
66,141,77.34,185.61
141,66,77.34,185.61
66,142,92.44,221.86
142,66,92.44,221.86
66,143,59.64,143.13
143,66,59.64,143.13
66,144,54.93,131.84
144,66,54.93,131.84
66,145,60.07,144.17
145,66,60.07,144.17
66,146,29.98,71.96
146,66,29.98,71.96
66,147,38.48,92.36
147,66,38.48,92.36
66,148,40.89,98.14
148,66,40.89,98.14
66,149,95.54,229.29
149,66,95.54,229.29
66,150,92.43,221.82
150,66,92.43,221.82
67,68,36.74,88.18
68,67,36.74,88.18
67,69,35.86,86.06
69,67,35.86,86.06
67,70,44.7,107.28
70,67,44.7,107.28
67,71,23.86,57.27
71,67,23.86,57.27
67,72,67.98,163.15
72,67,67.98,163.15
67,73,49.16,117.99
73,67,49.16,117.99
67,74,32.81,78.75
74,67,32.81,78.75
67,75,44.26,106.24
75,67,44.26,106.24
67,76,92.2,221.29
76,67,92.2,221.29
67,77,40.69,97.65
77,67,40.69,97.65
67,78,67.65,162.35
78,67,67.65,162.35
67,79,47.3,113.54
79,67,47.3,113.54
67,80,25.33,60.79
80,67,25.33,60.79
67,81,63.67,152.8
81,67,63.67,152.8
67,82,34.56,82.94
82,67,34.56,82.94
67,83,96.85,232.46
83,67,96.85,232.46
67,84,33.1,79.45
84,67,33.1,79.45
67,85,17.7,42.49
85,67,17.7,42.49
67,86,85.58,205.39
86,67,85.58,205.39
67,87,87.23,209.36
87,67,87.23,209.36
67,88,83.09,199.42
88,67,83.09,199.42
67,89,89.46,214.72
89,67,89.46,214.72
67,90,96.83,232.39
90,67,96.83,232.39
67,91,54.11,129.87
91,67,54.11,129.87
67,92,30.41,72.97
92,67,30.41,72.97
67,93,41.68,100.04
93,67,41.68,100.04
67,94,98.29,235.89
94,67,98.29,235.89
67,95,79.9,191.76
95,67,79.9,191.76
67,96,34.53,82.87
96,67,34.53,82.87
67,97,10.11,24.27
97,67,10.11,24.27
67,98,93.15,223.58
98,67,93.15,223.58
67,99,104.61,251.08
99,67,104.61,251.08
67,100,52.11,125.05
100,67,52.11,125.05
67,101,65.56,157.35
101,67,65.56,157.35
67,102,52.24,125.4
102,67,52.24,125.4
67,103,42.55,102.13
103,67,42.55,102.13
67,104,18.66,44.78
104,67,18.66,44.78
67,105,44.9,107.76
105,67,44.9,107.76
67,106,13.6,32.64
106,67,13.6,32.64
67,107,95.82,229.96
107,67,95.82,229.96
67,108,71.73,172.14
108,67,71.73,172.14
67,109,76.67,184.01
109,67,76.67,184.01
67,110,52.87,126.9
110,67,52.87,126.9
67,111,91.0,218.39
111,67,91.0,218.39
67,112,79.18,190.03
112,67,79.18,190.03
67,113,55.46,133.09
113,67,55.46,133.09
67,114,94.93,227.83
114,67,94.93,227.83
67,115,35.01,84.03
115,67,35.01,84.03
67,116,21.11,50.67
116,67,21.11,50.67
67,117,99.6,239.03
117,67,99.6,239.03
67,118,56.31,135.14
118,67,56.31,135.14
67,119,77.84,186.81
119,67,77.84,186.81
67,120,35.75,85.79
120,67,35.75,85.79
67,121,90.17,216.41
121,67,90.17,216.41
67,122,56.14,134.74
122,67,56.14,134.74
67,123,37.1,89.04
123,67,37.1,89.04
67,124,92.48,221.94
124,67,92.48,221.94
67,125,61.96,148.7
125,67,61.96,148.7
67,126,105.67,253.61
126,67,105.67,253.61
67,127,43.28,103.86
127,67,43.28,103.86
67,128,33.53,80.48
128,67,33.53,80.48
67,129,41.92,100.6
129,67,41.92,100.6
67,130,9.63,23.12
130,67,9.63,23.12
67,131,19.86,47.66
131,67,19.86,47.66
67,132,27.12,65.1
132,67,27.12,65.1
67,133,69.31,166.34
133,67,69.31,166.34
67,134,47.72,114.52
134,67,47.72,114.52
67,135,25.88,62.11
135,67,25.88,62.11
67,136,17.8,42.73
136,67,17.8,42.73
67,137,100.94,242.27
137,67,100.94,242.27
67,138,93.13,223.52
138,67,93.13,223.52
67,139,23.95,57.47
139,67,23.95,57.47
67,140,37.45,89.88
140,67,37.45,89.88
67,141,52.57,126.18
141,67,52.57,126.18
67,142,98.42,236.2
142,67,98.42,236.2
67,143,59.45,142.68
143,67,59.45,142.68
67,144,41.05,98.52
144,67,41.05,98.52
67,145,10.51,25.22
145,67,10.51,25.22
67,146,90.33,216.79
146,67,90.33,216.79
67,147,99.81,239.54
147,67,99.81,239.54
67,148,87.44,209.85
148,67,87.44,209.85
67,149,44.31,106.34
149,67,44.31,106.34
67,150,51.04,122.5
150,67,51.04,122.5
68,69,10.26,24.62
69,68,10.26,24.62
68,70,8.8,21.12
70,68,8.8,21.12
68,71,58.52,140.46
71,68,58.52,140.46
68,72,93.18,223.63
72,68,93.18,223.63
68,73,17.98,43.15
73,68,17.98,43.15
68,74,24.93,59.83
74,68,24.93,59.83
68,75,18.92,45.42
75,68,18.92,45.42
68,76,105.13,252.32
76,68,105.13,252.32
68,77,33.01,79.22
77,68,33.01,79.22
68,78,96.84,232.42
78,68,96.84,232.42
68,79,16.1,38.65
79,68,16.1,38.65
68,80,31.24,74.98
80,68,31.24,74.98
68,81,95.01,228.02
81,68,95.01,228.02
68,82,40.69,97.66
82,68,40.69,97.66
68,83,115.4,276.96
83,68,115.4,276.96
68,84,66.81,160.35
84,68,66.81,160.35
68,85,50.5,121.21
85,68,50.5,121.21
68,86,96.27,231.05
86,68,96.27,231.05
68,87,87.35,209.63
87,68,87.35,209.63
68,88,64.79,155.49
88,68,64.79,155.49
68,89,106.14,254.73
89,68,106.14,254.73
68,90,112.3,269.51
90,68,112.3,269.51
68,91,84.39,202.55
91,68,84.39,202.55
68,92,16.13,38.72
92,68,16.13,38.72
68,93,9.52,22.85
93,68,9.52,22.85
68,94,85.15,204.36
94,68,85.15,204.36
68,95,66.27,159.04
95,68,66.27,159.04
68,96,61.55,147.73
96,68,61.55,147.73
68,97,37.14,89.13
97,68,37.14,89.13
68,98,91.88,220.51
98,68,91.88,220.51
68,99,122.46,293.9
99,68,122.46,293.9
68,100,54.73,131.35
100,68,54.73,131.35
68,101,79.44,190.66
101,68,79.44,190.66
68,102,26.46,63.51
102,68,26.46,63.51
68,103,22.28,53.47
103,68,22.28,53.47
68,104,54.54,130.9
104,68,54.54,130.9
68,105,28.17,67.6
105,68,28.17,67.6
68,106,49.48,118.76
106,68,49.48,118.76
68,107,80.28,192.68
107,68,80.28,192.68
68,108,46.19,110.86
108,68,46.19,110.86
68,109,54.49,130.76
109,68,54.49,130.76
68,110,28.16,67.58
110,68,28.16,67.58
68,111,72.19,173.26
111,68,72.19,173.26
68,112,53.2,127.68
112,68,53.2,127.68
68,113,33.38,80.11
113,68,33.38,80.11
68,114,73.45,176.27
114,68,73.45,176.27
68,115,52.72,126.53
115,68,52.72,126.53
68,116,22.48,53.95
116,68,22.48,53.95
68,117,81.22,194.94
117,68,81.22,194.94
68,118,25.89,62.13
118,68,25.89,62.13
68,119,48.81,117.14
119,68,48.81,117.14
68,120,16.69,40.05
120,68,16.69,40.05
68,121,96.42,231.4
121,68,96.42,231.4
68,122,41.47,99.53
122,68,41.47,99.53
68,123,73.8,177.13
123,68,73.8,177.13
68,124,111.93,268.63
124,68,111.93,268.63
68,125,58.16,139.57
125,68,58.16,139.57
68,126,123.8,297.13
126,68,123.8,297.13
68,127,9.21,22.1
127,68,9.21,22.1
68,128,70.27,168.65
128,68,70.27,168.65
68,129,63.84,153.23
129,68,63.84,153.23
68,130,40.32,96.77
130,68,40.32,96.77
68,131,24.21,58.11
131,68,24.21,58.11
68,132,58.02,139.25
132,68,58.02,139.25
68,133,74.08,177.8
133,68,74.08,177.8
68,134,74.21,178.09
134,68,74.21,178.09
68,135,33.94,81.46
135,68,33.94,81.46
68,136,22.53,54.06
136,68,22.53,54.06
68,137,118.33,283.99
137,68,118.33,283.99
68,138,70.52,169.26
138,68,70.52,169.26
68,139,58.74,140.98
139,68,58.74,140.98
68,140,24.16,57.98
140,68,24.16,57.98
68,141,81.74,196.17
141,68,81.74,196.17
68,142,117.52,282.04
142,68,117.52,282.04
68,143,77.86,186.88
143,68,77.86,186.88
68,144,62.85,150.83
144,68,62.85,150.83
68,145,28.33,67.99
145,68,28.33,67.99
68,146,66.84,160.41
146,68,66.84,160.41
68,147,79.81,191.55
147,68,79.81,191.55
68,148,83.31,199.93
148,68,83.31,199.93
68,149,80.98,194.35
149,68,80.98,194.35
68,150,86.04,206.5
150,68,86.04,206.5
69,70,11.65,27.97
70,69,11.65,27.97
69,71,59.25,142.21
71,69,59.25,142.21
69,72,97.93,235.03
72,69,97.93,235.03
69,73,27.79,66.7
73,69,27.79,66.7
69,74,33.25,79.8
74,69,33.25,79.8
69,75,9.86,23.68
75,69,9.86,23.68
69,76,112.82,270.77
76,69,112.82,270.77
69,77,42.07,100.98
77,69,42.07,100.98
69,78,100.36,240.85
78,69,100.36,240.85
69,79,12.33,29.59
79,69,12.33,29.59
69,80,23.48,56.35
80,69,23.48,56.35
69,81,97.68,234.42
81,69,97.68,234.42
69,82,47.9,114.97
82,69,47.9,114.97
69,83,122.05,292.91
83,69,122.05,292.91
69,84,68.14,163.53
84,69,68.14,163.53
69,85,51.86,124.47
85,69,51.86,124.47
69,86,104.26,250.22
86,69,104.26,250.22
69,87,96.72,232.13
87,69,96.72,232.13
69,88,75.03,180.08
88,69,75.03,180.08
69,89,113.1,271.46
89,69,113.1,271.46
69,90,119.56,286.95
90,69,119.56,286.95
69,91,87.39,209.73
91,69,87.39,209.73
69,92,7.71,18.5
92,69,7.71,18.5
69,93,6.49,15.58
93,69,6.49,15.58
69,94,95.4,228.95
94,69,95.4,228.95
69,95,76.49,183.57
95,69,76.49,183.57
69,96,65.18,156.43
96,69,65.18,156.43
69,97,33.44,80.26
97,69,33.44,80.26
69,98,101.44,243.45
98,69,101.44,243.45
69,99,129.31,310.34
99,69,129.31,310.34
69,100,63.23,151.76
100,69,63.23,151.76
69,101,86.63,207.9
101,69,86.63,207.9
69,102,17.84,42.84
102,69,17.84,42.84
69,103,12.41,29.79
103,69,12.41,29.79
69,104,54.47,130.72
104,69,54.47,130.72
69,105,38.12,91.48
105,69,38.12,91.48
69,106,47.09,113.01
106,69,47.09,113.01
69,107,90.54,217.3
107,69,90.54,217.3
69,108,55.99,134.37
108,69,55.99,134.37
69,109,64.61,155.08
109,69,64.61,155.08
69,110,19.1,45.84
110,69,19.1,45.84
69,111,82.4,197.77
111,69,82.4,197.77
69,112,62.83,150.8
112,69,62.83,150.8
69,113,24.32,58.37
113,69,24.32,58.37
69,114,83.51,200.43
114,69,83.51,200.43
69,115,58.31,139.95
115,69,58.31,139.95
69,116,16.97,40.72
116,69,16.97,40.72
69,117,91.43,219.43
117,69,91.43,219.43
69,118,35.49,85.19
118,69,35.49,85.19
69,119,58.04,139.3
119,69,58.04,139.3
69,120,26.1,62.65
120,69,26.1,62.65
69,121,105.1,252.24
121,69,105.1,252.24
69,122,51.57,123.76
122,69,51.57,123.76
69,123,71.88,172.5
123,69,71.88,172.5
69,124,118.34,284.02
124,69,118.34,284.02
69,125,67.59,162.22
125,69,67.59,162.22
69,126,130.6,313.45
126,69,130.6,313.45
69,127,8.79,21.09
127,69,8.79,21.09
69,128,68.78,165.08
128,69,68.78,165.08
69,129,68.9,165.35
129,69,68.9,165.35
69,130,41.67,100.0
130,69,41.67,100.0
69,131,18.79,45.11
131,69,18.79,45.11
69,132,60.31,144.75
132,69,60.31,144.75
69,133,82.71,198.49
133,69,82.71,198.49
69,134,78.3,187.91
134,69,78.3,187.91
69,135,26.11,62.67
135,69,26.11,62.67
69,136,18.74,44.98
136,69,18.74,44.98
69,137,125.24,300.6
137,69,125.24,300.6
69,138,80.52,193.24
138,69,80.52,193.24
69,139,55.25,132.61
139,69,55.25,132.61
69,140,33.42,80.2
140,69,33.42,80.2
69,141,85.1,204.24
141,69,85.1,204.24
69,142,124.05,297.73
142,69,124.05,297.73
69,143,84.08,201.8
143,69,84.08,201.8
69,144,67.9,162.96
144,69,67.9,162.96
69,145,25.88,62.11
145,69,25.88,62.11
69,146,76.77,184.26
146,69,76.77,184.26
69,147,89.94,215.88
147,69,89.94,215.88
69,148,93.07,223.36
148,69,93.07,223.36
69,149,79.77,191.46
149,69,79.77,191.46
69,150,86.74,208.19
150,69,86.74,208.19
70,71,67.03,160.87
71,70,67.03,160.87
70,72,101.86,244.47
72,70,101.86,244.47
70,73,19.14,45.94
73,70,19.14,45.94
70,74,32.68,78.43
74,70,32.68,78.43
70,75,15.6,37.44
75,70,15.6,37.44
70,76,112.72,270.53
76,70,112.72,270.53
70,77,39.89,95.73
77,70,39.89,95.73
70,78,105.64,253.53
78,70,105.64,253.53
70,79,8.94,21.45
79,70,8.94,21.45
70,80,35.13,84.31
80,70,35.13,84.31
70,81,103.8,249.11
81,70,103.8,249.11
70,82,48.83,117.18
82,70,48.83,117.18
70,83,123.53,296.47
83,70,123.53,296.47
70,84,75.44,181.06
84,70,75.44,181.06
70,85,59.11,141.85
85,70,59.11,141.85
70,86,103.67,248.8
86,70,103.67,248.8
70,87,93.28,223.88
87,70,93.28,223.88
70,88,67.1,161.04
88,70,67.1,161.04
70,89,114.13,273.91
89,70,114.13,273.91
70,90,120.12,288.3
90,70,120.12,288.3
70,91,93.19,223.66
91,70,93.19,223.66
70,92,19.33,46.4
92,70,19.33,46.4
70,93,5.83,13.99
93,70,5.83,13.99
70,94,88.31,211.94
94,70,88.31,211.94
70,95,69.83,167.59
95,70,69.83,167.59
70,96,70.35,168.85
96,70,70.35,168.85
70,97,43.92,105.4
97,70,43.92,105.4
70,98,97.49,233.98
98,70,97.49,233.98
70,99,130.48,313.16
99,70,130.48,313.16
70,100,61.9,148.55
100,70,61.9,148.55
70,101,87.39,209.73
101,70,87.39,209.73
70,102,19.6,47.03
102,70,19.6,47.03
70,103,19.93,47.82
103,70,19.93,47.82
70,104,62.84,150.82
104,70,62.84,150.82
70,105,33.62,80.69
105,70,33.62,80.69
70,106,56.96,136.7
106,70,56.96,136.7
70,107,82.92,199.0
107,70,82.92,199.0
70,108,46.42,111.4
108,70,46.42,111.4
70,109,55.96,134.3
109,70,55.96,134.3
70,110,23.8,57.12
110,70,23.8,57.12
70,111,74.1,177.84
111,70,74.1,177.84
70,112,52.86,126.87
112,70,52.86,126.87
70,113,29.35,70.45
113,70,29.35,70.45
70,114,74.46,178.69
114,70,74.46,178.69
70,115,61.31,147.15
115,70,61.31,147.15
70,116,28.0,67.19
116,70,28.0,67.19
70,117,83.02,199.25
117,70,83.02,199.25
70,118,25.98,62.35
118,70,25.98,62.35
70,119,47.56,114.14
119,70,47.56,114.14
70,120,23.71,56.91
120,70,23.71,56.91
70,121,103.2,247.69
121,70,103.2,247.69
70,122,46.07,110.57
122,70,46.07,110.57
70,123,81.56,195.74
123,70,81.56,195.74
70,124,120.16,288.38
124,70,120.16,288.38
70,125,64.18,154.03
125,70,64.18,154.03
70,126,131.85,316.45
126,70,131.85,316.45
70,127,3.4,8.16
127,70,3.4,8.16
70,128,78.18,187.63
128,70,78.18,187.63
70,129,72.52,174.04
129,70,72.52,174.04
70,130,48.88,117.32
130,70,48.88,117.32
70,131,29.83,71.59
131,70,29.83,71.59
70,132,66.76,160.23
132,70,66.76,160.23
70,133,81.02,194.45
133,70,81.02,194.45
70,134,82.98,199.15
134,70,82.98,199.15
70,135,37.76,90.64
135,70,37.76,90.64
70,136,29.02,69.65
136,70,29.02,69.65
70,137,126.32,303.17
137,70,126.32,303.17
70,138,71.23,170.96
138,70,71.23,170.96
70,139,65.75,157.8
139,70,65.75,157.8
70,140,31.05,74.52
140,70,31.05,74.52
70,141,90.54,217.29
141,70,90.54,217.29
70,142,125.68,301.64
142,70,125.68,301.64
70,143,86.22,206.93
143,70,86.22,206.93
70,144,71.52,171.64
144,70,71.52,171.64
70,145,35.58,85.4
145,70,35.58,85.4
70,146,67.35,161.64
146,70,67.35,161.64
70,147,81.14,194.74
147,70,81.14,194.74
70,148,88.54,212.49
148,70,88.54,212.49
70,149,89.01,213.62
149,70,89.01,213.62
70,150,94.59,227.0
150,70,94.59,227.0
71,72,47.78,114.66
72,71,47.78,114.66
71,73,67.4,161.77
73,71,67.4,161.77
71,74,46.05,110.53
74,71,46.05,110.53
71,75,67.96,163.11
75,71,67.96,163.11
71,76,78.63,188.7
76,71,78.63,188.7
71,77,50.3,120.71
77,71,50.3,120.71
71,78,45.06,108.13
78,71,45.06,108.13
71,79,71.0,170.41
79,71,71.0,170.41
71,80,45.86,110.07
80,71,45.86,110.07
71,81,40.22,96.52
81,71,40.22,96.52
71,82,38.31,91.93
82,71,38.31,91.93
71,83,79.38,190.52
83,71,79.38,190.52
71,84,9.37,22.49
84,71,9.37,22.49
71,85,8.45,20.28
85,71,8.45,20.28
71,86,74.02,177.64
86,71,74.02,177.64
71,87,82.67,198.41
87,71,82.67,198.41
71,88,89.73,215.36
88,71,89.73,215.36
71,89,73.58,176.59
89,71,73.58,176.59
71,90,81.31,195.13
90,71,81.31,195.13
71,91,31.41,75.38
91,71,31.41,75.38
71,92,54.12,129.87
92,71,54.12,129.87
71,93,64.72,155.34
93,71,64.72,155.34
71,94,100.95,242.28
94,71,100.95,242.28
71,95,83.99,201.57
95,71,83.99,201.57
71,96,18.19,43.66
96,71,18.19,43.66
71,97,28.94,69.46
97,71,28.94,69.46
71,98,88.97,213.54
98,71,88.97,213.54
71,99,87.24,209.39
99,71,87.24,209.39
71,100,51.55,123.73
100,71,51.55,123.73
71,101,53.95,129.48
101,71,53.95,129.48
71,102,75.94,182.27
102,71,75.94,182.27
71,103,65.46,157.09
103,71,65.46,157.09
71,104,6.25,15.0
104,71,6.25,15.0
71,105,57.73,138.55
105,71,57.73,138.55
71,106,19.48,46.75
106,71,19.48,46.75
71,107,99.77,239.43
107,71,99.77,239.43
71,108,84.82,203.56
108,71,84.82,203.56
71,109,87.13,209.11
109,71,87.13,209.11
71,110,75.65,181.56
110,71,75.65,181.56
71,111,97.24,233.36
111,71,97.24,233.36
71,112,92.27,221.45
112,71,92.27,221.45
71,113,77.66,186.38
113,71,77.66,186.38
71,114,102.73,246.54
114,71,102.73,246.54
71,115,28.78,69.08
115,71,28.78,69.08
71,116,44.24,106.17
116,71,44.24,106.17
71,117,104.94,251.85
117,71,104.94,251.85
71,118,73.37,176.09
118,71,73.37,176.09
71,119,90.93,218.23
119,71,90.93,218.23
71,120,52.6,126.24
120,71,52.6,126.24
71,121,81.23,194.96
121,71,81.23,194.96
71,122,65.26,156.63
122,71,65.26,156.63
71,123,22.02,52.84
123,71,22.02,52.84
71,124,74.64,179.13
124,71,74.64,179.13
71,125,63.23,151.74
125,71,63.23,151.74
71,126,88.09,211.41
126,71,88.09,211.41
71,127,66.06,158.54
127,71,66.06,158.54
71,128,17.47,41.93
128,71,17.47,41.93
71,129,28.51,68.43
129,71,28.51,68.43
71,130,18.24,43.77
130,71,18.24,43.77
71,131,42.64,102.33
131,71,42.64,102.33
71,132,9.09,21.82
132,71,9.09,21.82
71,133,63.75,153.0
133,71,63.75,153.0
71,134,28.51,68.43
134,71,28.51,68.43
71,135,45.82,109.97
135,71,45.82,109.97
71,136,41.65,99.96
136,71,41.65,99.96
71,137,84.01,201.62
137,71,84.01,201.62
71,138,101.96,244.69
138,71,101.96,244.69
71,139,24.12,57.89
139,71,24.12,57.89
71,140,51.16,122.79
140,71,51.16,122.79
71,141,30.67,73.62
141,71,30.67,73.62
71,142,80.53,193.28
142,71,80.53,193.28
71,143,45.24,108.57
143,71,45.24,108.57
71,144,28.07,67.37
144,71,28.07,67.37
71,145,34.37,82.49
145,71,34.37,82.49
71,146,100.14,240.34
146,71,100.14,240.34
71,147,106.19,254.84
147,71,106.19,254.84
71,148,85.65,205.55
148,71,85.65,205.55
71,149,25.15,60.37
149,71,25.15,60.37
71,150,27.57,66.18
150,71,27.57,66.18
72,73,91.13,218.71
73,72,91.13,218.71
72,74,68.15,163.57
74,72,68.15,163.57
72,75,107.58,258.2
75,72,107.58,258.2
72,76,38.88,93.3
76,72,38.88,93.3
72,77,66.6,159.85
77,72,66.6,159.85
72,78,13.15,31.56
78,72,13.15,31.56
72,79,107.72,258.52
79,72,107.72,258.52
72,80,92.56,222.15
80,72,92.56,222.15
72,81,20.9,50.17
81,72,20.9,50.17
72,82,52.58,126.19
82,72,52.58,126.19
72,83,33.18,79.63
83,72,33.18,79.63
72,84,39.75,95.39
84,72,39.75,95.39
72,85,50.65,121.56
85,72,50.65,121.56
72,86,39.33,94.39
86,72,39.33,94.39
72,87,61.82,148.37
87,72,61.82,148.37
72,88,92.23,221.34
88,72,92.23,221.34
72,89,30.5,73.21
89,72,30.5,73.21
72,90,37.97,91.13
90,72,37.97,91.13
72,91,19.37,46.49
91,72,19.37,46.49
72,92,95.24,228.58
92,72,95.24,228.58
72,93,100.83,242.01
93,72,100.83,242.01
72,94,92.05,220.92
94,72,92.05,220.92
72,95,82.83,198.79
95,72,82.83,198.79
72,96,33.58,80.58
96,72,33.58,80.58
72,97,75.64,181.54
97,72,75.64,181.54
72,98,67.23,161.35
98,72,67.23,161.35
72,99,40.84,98.01
99,72,40.84,98.01
72,100,51.93,124.64
100,72,51.93,124.64
72,101,28.96,69.5
101,72,28.96,69.5
72,102,115.56,277.36
102,72,115.56,277.36
72,103,107.94,259.06
103,72,107.94,259.06
72,104,53.95,129.47
104,72,53.95,129.47
72,105,75.85,182.04
105,72,75.85,182.04
72,106,67.22,161.32
106,72,67.22,161.32
72,107,94.83,227.59
107,72,94.83,227.59
72,108,99.76,239.42
108,72,99.76,239.42
72,109,95.11,228.28
109,72,95.11,228.28
72,110,116.82,280.36
110,72,116.82,280.36
72,111,97.67,234.41
111,72,97.67,234.41
72,112,105.01,252.02
112,72,105.01,252.02
72,113,121.58,291.8
113,72,121.58,291.8
72,114,104.92,251.81
114,72,104.92,251.81
72,115,40.71,97.69
115,72,40.71,97.69
72,116,87.76,210.61
116,72,87.76,210.61
72,117,102.36,245.66
117,72,102.36,245.66
72,118,94.44,226.66
118,72,94.44,226.66
72,119,107.36,257.69
119,72,107.36,257.69
72,120,77.5,186.01
120,72,77.5,186.01
72,121,51.02,122.44
121,72,51.02,122.44
72,122,76.37,183.29
122,72,76.37,183.29
72,123,59.41,142.59
123,72,59.41,142.59
72,124,28.21,67.7
124,72,28.21,67.7
72,125,61.48,147.55
125,72,61.48,147.55
72,126,41.43,99.43
126,72,41.43,99.43
72,127,100.86,242.08
127,72,100.86,242.08
72,128,56.61,135.85
128,72,56.61,135.85
72,129,29.35,70.44
129,72,29.35,70.44
72,130,58.89,141.33
130,72,58.89,141.33
72,131,86.94,208.66
131,72,86.94,208.66
72,132,41.2,98.89
132,72,41.2,98.89
72,133,47.39,113.73
133,72,47.39,113.73
72,134,20.27,48.65
134,72,20.27,48.65
72,135,92.52,222.05
135,72,92.52,222.05
72,136,83.93,201.43
136,72,83.93,201.43
72,137,38.27,91.85
137,72,38.27,91.85
72,138,105.77,253.85
138,72,105.77,253.85
72,139,70.85,170.04
139,72,70.85,170.04
72,140,71.95,172.68
140,72,71.95,172.68
72,141,17.92,43.02
141,72,17.92,43.02
72,142,33.8,81.12
142,72,33.8,81.12
72,143,20.85,50.04
143,72,20.85,50.04
72,144,30.35,72.83
144,72,30.35,72.83
72,145,77.59,186.22
145,72,77.59,186.22
72,146,105.51,253.23
146,72,105.51,253.23
72,147,105.46,253.11
147,72,105.46,253.11
72,148,69.78,167.48
148,72,69.78,167.48
72,149,53.9,129.35
149,72,53.9,129.35
72,150,38.34,92.01
150,72,38.34,92.01
73,74,23.34,56.0
74,73,23.34,56.0
73,75,34.7,83.27
75,73,34.7,83.27
73,76,98.76,237.03
76,73,98.76,237.03
73,77,26.46,63.51
77,73,26.46,63.51
73,78,99.75,239.39
78,73,99.75,239.39
73,79,27.73,66.55
79,73,27.73,66.55
73,80,48.93,117.43
80,73,48.93,117.43
73,81,99.46,238.72
81,73,99.46,238.72
73,82,38.93,93.43
82,73,38.93,93.43
73,83,111.42,267.41
83,73,111.42,267.41
73,84,74.41,178.58
84,73,74.41,178.58
73,85,58.97,141.52
85,73,58.97,141.52
73,86,89.25,214.2
86,73,89.25,214.2
73,87,76.11,182.67
87,73,76.11,182.67
73,88,47.97,115.13
88,73,47.97,115.13
73,89,101.56,243.74
89,73,101.56,243.74
73,90,106.87,256.49
90,73,106.87,256.49
73,91,88.59,212.62
91,73,88.59,212.62
73,92,34.11,81.87
92,73,34.11,81.87
73,93,24.26,58.21
93,73,24.26,58.21
73,94,69.19,166.06
94,73,69.19,166.06
73,95,50.84,122.02
95,73,50.84,122.02
73,96,65.61,157.47
96,73,65.61,157.47
73,97,52.2,125.28
97,73,52.2,125.28
73,98,79.86,191.67
98,73,79.86,191.67
73,99,117.88,282.92
99,73,117.88,282.92
73,100,47.75,114.6
100,73,47.75,114.6
73,101,75.03,180.08
101,73,75.03,180.08
73,102,37.98,91.14
102,73,37.98,91.14
73,103,38.62,92.69
103,73,38.62,92.69
73,104,64.74,155.37
104,73,64.74,155.37
73,105,17.78,42.67
105,73,17.78,42.67
73,106,62.7,150.47
106,73,62.7,150.47
73,107,63.78,153.06
107,73,63.78,153.06
73,108,28.23,67.76
108,73,28.23,67.76
73,109,37.02,88.86
109,73,37.02,88.86
73,110,42.84,102.82
110,73,42.84,102.82
73,111,55.06,132.14
111,73,55.06,132.14
73,112,35.22,84.54
112,73,35.22,84.54
73,113,48.42,116.22
113,73,48.42,116.22
73,114,55.79,133.88
114,73,55.79,133.88
73,115,53.52,128.46
115,73,53.52,128.46
73,116,39.56,94.95
116,73,39.56,94.95
73,117,64.02,153.65
117,73,64.02,153.65
73,118,7.99,19.17
118,73,7.99,19.17
73,119,31.05,74.51
119,73,31.05,74.51
73,120,14.93,35.83
120,73,14.93,35.83
73,121,87.37,209.69
121,73,87.37,209.69
73,122,28.07,67.38
122,73,28.07,67.38
73,123,85.63,205.51
123,73,85.63,205.51
73,124,108.55,260.53
124,73,108.55,260.53
73,125,47.55,114.12
125,73,47.55,114.12
73,126,119.33,286.4
126,73,119.33,286.4
73,127,22.27,53.44
127,73,22.27,53.44
73,128,81.64,195.94
128,73,81.64,195.94
73,129,65.02,156.04
129,73,65.02,156.04
73,130,49.66,119.19
130,73,49.66,119.19
73,131,41.15,98.76
131,73,41.15,98.76
73,132,64.56,154.94
132,73,64.56,154.94
73,133,65.8,157.92
133,73,65.8,157.92
73,134,76.77,184.25
134,73,76.77,184.25
73,135,51.62,123.88
135,73,51.62,123.88
73,136,38.73,92.95
136,73,38.73,92.95
73,137,113.65,272.76
137,73,113.65,272.76
73,138,52.74,126.57
138,73,52.74,126.57
73,139,72.74,174.58
139,73,72.74,174.58
73,140,19.18,46.04
140,73,19.18,46.04
73,141,85.37,204.88
141,73,85.37,204.88
73,142,113.75,273.0
142,73,113.75,273.0
73,143,75.85,182.04
143,73,75.85,182.04
73,144,64.07,153.78
144,73,64.07,153.78
73,145,43.03,103.28
145,73,43.03,103.28
73,146,48.98,117.56
146,73,48.98,117.56
73,147,62.32,149.57
147,73,62.32,149.57
73,148,70.56,169.34
148,73,70.56,169.34
73,149,91.7,220.07
149,73,91.7,220.07
73,150,93.93,225.42
150,73,93.93,225.42
74,75,42.94,103.06
75,74,42.94,103.06
74,76,80.21,192.51
76,74,80.21,192.51
74,77,9.6,23.05
77,74,9.6,23.05
74,78,76.44,183.47
78,74,76.44,183.47
74,79,40.94,98.26
79,74,40.94,98.26
74,80,44.3,106.33
80,74,44.3,106.33
74,81,76.16,182.78
81,74,76.16,182.78
74,82,16.38,39.32
82,74,16.38,39.32
74,83,90.89,218.15
83,74,90.89,218.15
74,84,52.13,125.11
84,74,52.13,125.11
74,85,37.68,90.44
85,74,37.68,90.44
74,86,71.35,171.25
86,74,71.35,171.25
74,87,63.91,153.39
87,74,63.91,153.39
74,88,50.66,121.59
88,74,50.66,121.59
74,89,81.45,195.49
89,74,81.45,195.49
74,90,87.47,209.93
90,74,87.47,209.93
74,91,65.28,156.67
91,74,65.28,156.67
74,92,35.03,84.07
92,74,35.03,84.07
74,93,34.43,82.63
93,74,34.43,82.63
74,94,67.62,162.29
94,74,67.62,162.29
74,95,48.67,116.8
95,74,48.67,116.8
74,96,42.36,101.66
96,74,42.36,101.66
74,97,39.59,95.02
97,74,39.59,95.02
74,98,68.93,165.44
98,74,68.93,165.44
74,99,97.81,234.74
99,74,97.81,234.74
74,100,30.0,72.0
100,74,30.0,72.0
74,101,54.71,131.3
101,74,54.71,131.3
74,102,50.92,122.22
102,74,50.92,122.22
74,103,45.55,109.32
103,74,45.55,109.32
74,104,44.52,106.85
104,74,44.52,106.85
74,105,12.23,29.35
105,74,12.23,29.35
74,106,45.96,110.3
106,74,45.96,110.3
74,107,64.27,154.26
107,74,64.27,154.26
74,108,39.36,94.45
108,74,39.36,94.45
74,109,43.87,105.28
109,74,43.87,105.28
74,110,52.18,125.22
110,74,52.18,125.22
74,111,58.58,140.59
111,74,58.58,140.59
74,112,46.81,112.34
112,74,46.81,112.34
74,113,57.4,137.75
113,74,57.4,137.75
74,114,62.19,149.25
114,74,62.19,149.25
74,115,30.33,72.8
115,74,30.33,72.8
74,116,34.2,82.07
116,74,34.2,82.07
74,117,67.36,161.66
117,74,67.36,161.66
74,118,27.85,66.85
118,74,27.85,66.85
74,119,45.47,109.12
119,74,45.47,109.12
74,120,9.38,22.52
120,74,9.38,22.52
74,121,71.85,172.45
121,74,71.85,172.45
74,122,23.77,57.05
122,74,23.77,57.05
74,123,66.13,158.7
123,74,66.13,158.7
74,124,87.6,210.25
124,74,87.6,210.25
74,125,35.12,84.29
125,74,35.12,84.29
74,126,99.18,238.04
126,74,99.18,238.04
74,127,34.01,81.62
127,74,34.01,81.62
74,128,61.82,148.38
128,74,61.82,148.38
74,129,41.84,100.42
129,74,41.84,100.42
74,130,29.78,71.48
130,74,29.78,71.48
74,131,34.96,83.91
131,74,34.96,83.91
74,132,42.0,100.81
132,74,42.0,100.81
74,133,49.46,118.7
133,74,49.46,118.7
74,134,53.46,128.3
134,74,53.46,128.3
74,135,46.56,111.75
135,74,46.56,111.75
74,136,31.26,75.02
136,74,31.26,75.02
74,137,93.64,224.75
137,74,93.64,224.75
74,138,60.33,144.79
138,74,60.33,144.79
74,139,56.47,135.52
139,74,56.47,135.52
74,140,5.12,12.28
140,74,5.12,12.28
74,141,62.03,148.88
141,74,62.03,148.88
74,142,93.07,223.39
142,74,93.07,223.39
74,143,53.93,129.44
143,74,53.93,129.44
74,144,40.88,98.12
144,74,40.88,98.12
74,145,31.41,75.38
145,74,31.41,75.38
74,146,57.52,138.06
146,74,57.52,138.06
74,147,67.27,161.46
147,74,67.27,161.46
74,148,61.19,146.85
148,74,61.19,146.85
74,149,71.05,170.53
149,74,71.05,170.53
74,150,71.5,171.61
150,74,71.5,171.61
75,76,124.1,297.85
76,75,124.1,297.85
75,77,52.71,126.51
77,75,52.71,126.51
75,78,111.17,266.81
78,75,111.17,266.81
75,79,8.46,20.31
79,75,8.46,20.31
75,80,27.21,65.31
80,75,27.21,65.31
75,81,108.17,259.62
81,75,108.17,259.62
75,82,59.22,142.13
82,75,59.22,142.13
75,83,133.43,320.24
83,75,133.43,320.24
75,84,78.18,187.64
84,75,78.18,187.64
75,85,62.09,149.01
85,75,62.09,149.01
75,86,115.46,277.11
86,75,115.46,277.11
75,87,107.13,257.12
87,75,107.13,257.12
75,88,82.67,198.4
88,75,82.67,198.4
75,89,124.48,298.76
89,75,124.48,298.76
75,90,130.92,314.2
90,75,130.92,314.2
75,91,98.05,235.32
91,75,98.05,235.32
75,92,14.89,35.75
92,75,14.89,35.75
75,93,10.71,25.71
93,75,10.71,25.71
75,94,103.75,249.01
94,75,103.75,249.01
75,95,85.14,204.33
95,75,85.14,204.33
75,96,76.14,182.73
96,75,76.14,182.73
75,97,41.03,98.48
97,75,41.03,98.48
75,98,111.65,267.95
98,75,111.65,267.95
75,99,140.69,337.67
99,75,140.69,337.67
75,100,74.22,178.12
100,75,74.22,178.12
75,101,97.98,235.15
101,75,97.98,235.15
75,102,9.59,23.02
102,75,9.59,23.02
75,103,5.55,13.32
103,75,5.55,13.32
75,104,63.92,153.42
104,75,63.92,153.42
75,105,47.82,114.76
105,75,47.82,114.76
75,106,55.16,132.39
106,75,55.16,132.39
75,107,98.46,236.3
107,75,98.46,236.3
75,108,61.9,148.57
108,75,61.9,148.57
75,109,71.56,171.74
109,75,71.56,171.74
75,110,9.46,22.69
110,75,9.46,22.69
75,111,89.7,215.27
111,75,89.7,215.27
75,112,68.19,163.65
112,75,68.19,163.65
75,113,14.52,34.86
113,75,14.52,34.86
75,114,90.01,216.02
114,75,90.01,216.02
75,115,69.67,167.21
115,75,69.67,167.21
75,116,24.61,59.07
116,75,24.61,59.07
75,117,98.62,236.69
117,75,98.62,236.69
75,118,41.55,99.72
118,75,41.55,99.72
75,119,62.59,150.22
119,75,62.59,150.22
75,120,36.45,87.47
120,75,36.45,87.47
75,121,116.03,278.46
121,75,116.03,278.46
75,122,60.86,146.07
122,75,60.86,146.07
75,123,79.83,191.59
123,75,79.83,191.59
75,124,129.72,311.35
124,75,129.72,311.35
75,125,77.94,187.06
125,75,77.94,187.06
75,126,141.99,340.78
126,75,141.99,340.78
75,127,12.44,29.85
127,75,12.44,29.85
75,128,77.11,185.07
128,75,77.11,185.07
75,129,80.17,192.42
129,75,80.17,192.42
75,130,52.04,124.9
130,75,52.04,124.9
75,131,26.23,62.95
131,75,26.23,62.95
75,132,70.85,170.03
132,75,70.85,170.03
75,133,93.65,224.76
133,75,93.65,224.76
75,134,89.34,214.42
134,75,89.34,214.42
75,135,29.39,70.54
135,75,29.39,70.54
75,136,27.52,66.04
136,75,27.52,66.04
75,137,136.63,327.91
137,75,136.63,327.91
75,138,86.75,208.19
138,75,86.75,208.19
75,139,62.2,149.27
139,75,62.2,149.27
75,140,43.9,105.37
140,75,43.9,105.37
75,141,95.9,230.17
141,75,95.9,230.17
75,142,135.44,325.06
142,75,135.44,325.06
75,143,95.47,229.12
143,75,95.47,229.12
75,144,79.18,190.03
144,75,79.18,190.03
75,145,34.87,83.69
145,75,34.87,83.69
75,146,82.83,198.8
146,75,82.83,198.8
75,147,96.72,232.13
147,75,96.72,232.13
75,148,103.0,247.19
148,75,103.0,247.19
75,149,88.18,211.63
149,75,88.18,211.63
75,150,96.32,231.17
150,75,96.32,231.17
76,77,73.08,175.4
77,76,73.08,175.4
76,78,52.04,124.9
78,76,52.04,124.9
76,79,120.64,289.52
79,76,120.64,289.52
76,80,114.79,275.48
80,76,114.79,275.48
76,81,60.27,144.64
81,76,60.27,144.64
76,82,64.93,155.83
82,76,64.93,155.83
76,83,18.85,45.25
83,76,18.85,45.25
76,84,73.1,175.45
84,76,73.1,175.45
76,85,77.91,187.0
85,76,77.91,187.0
76,86,9.96,23.9
86,76,9.96,23.9
76,87,33.69,80.86
87,76,33.69,80.86
76,88,77.07,184.97
88,76,77.07,184.97
76,89,10.94,26.27
89,76,10.94,26.27
76,90,9.66,23.19
90,76,9.66,23.19
76,91,57.46,137.9
91,76,57.46,137.9
76,92,110.6,265.43
92,76,110.6,265.43
76,93,113.75,273.01
93,76,113.75,273.01
76,94,65.09,156.22
94,76,65.09,156.22
76,95,66.73,160.15
95,76,66.73,160.15
76,96,60.67,145.61
96,76,60.67,145.61
76,97,102.29,245.48
97,76,102.29,245.48
76,98,34.84,83.63
98,76,34.84,83.63
76,99,21.65,51.96
99,76,21.65,51.96
76,100,51.12,122.68
100,76,51.12,122.68
76,101,26.82,64.38
101,76,26.82,64.38
76,102,128.98,309.58
102,76,128.98,309.58
76,103,122.67,294.4
103,76,122.67,294.4
76,104,83.94,201.45
104,76,83.94,201.45
76,105,81.0,194.39
105,76,81.0,194.39
76,106,96.33,231.19
106,76,96.33,231.19
76,107,70.8,169.94
107,76,70.8,169.94
76,108,93.18,223.62
108,76,93.18,223.62
76,109,84.67,203.22
109,76,84.67,203.22
76,110,130.24,312.58
110,76,130.24,312.58
76,111,77.78,186.68
111,76,77.78,186.68
76,112,95.98,230.34
112,76,95.98,230.34
76,113,135.46,325.11
113,76,135.46,325.11
76,114,85.1,204.25
114,76,85.1,204.25
76,115,57.47,137.92
115,76,57.47,137.92
76,116,106.07,254.58
116,76,106.07,254.58
76,117,78.85,189.25
117,76,78.85,189.25
76,118,96.7,232.07
118,76,96.7,232.07
76,119,101.06,242.54
119,76,101.06,242.54
76,120,89.01,213.63
120,76,89.01,213.63
76,121,18.87,45.29
121,76,18.87,45.29
76,122,73.27,175.85
122,76,73.27,175.85
76,123,95.32,228.78
123,76,95.32,228.78
76,124,20.15,48.35
124,76,20.15,48.35
76,125,53.14,127.53
125,76,53.14,127.53
76,126,23.23,55.76
126,76,23.23,55.76
76,127,113.78,273.08
127,76,113.78,273.08
76,128,91.77,220.25
128,76,91.77,220.25
76,129,51.05,122.53
129,76,51.05,122.53
76,130,82.61,198.26
130,76,82.61,198.26
76,131,106.05,254.53
131,76,106.05,254.53
76,132,69.97,167.92
132,76,69.97,167.92
76,133,33.63,80.7
133,76,33.63,80.7
76,134,51.3,123.12
134,76,51.3,123.12
76,135,116.37,279.28
135,76,116.37,279.28
76,136,102.3,245.51
136,76,102.3,245.51
76,137,17.72,42.54
137,76,17.72,42.54
76,138,87.95,211.08
138,76,87.95,211.08
76,139,102.73,246.56
139,76,102.73,246.56
76,140,81.77,196.24
140,76,81.77,196.24
76,141,54.71,131.31
141,76,54.71,131.31
76,142,21.4,51.35
142,76,21.4,51.35
76,143,33.5,80.4
143,76,33.5,80.4
76,144,51.77,124.25
144,76,51.77,124.25
76,145,98.69,236.85
145,76,98.69,236.85
76,146,90.36,216.86
146,76,90.36,216.86
76,147,83.01,199.22
147,76,83.01,199.22
76,148,43.28,103.89
148,76,43.28,103.89
76,149,91.38,219.31
149,76,91.38,219.31
76,150,76.98,184.74
150,76,76.98,184.74
77,78,75.11,180.26
78,77,75.11,180.26
77,79,48.57,116.57
79,77,48.57,116.57
77,80,53.88,129.3
80,77,53.88,129.3
77,81,75.91,182.2
81,77,75.91,182.2
77,82,14.03,33.67
82,77,14.03,33.67
77,83,85.05,204.14
83,77,85.05,204.14
77,84,55.03,132.07
84,77,55.03,132.07
77,85,42.31,101.54
85,77,42.31,101.54
77,86,63.86,153.27
86,77,63.86,153.27
77,87,54.68,131.23
87,77,54.68,131.23
77,88,42.44,101.86
88,77,42.44,101.86
77,89,75.29,180.69
89,77,75.29,180.69
77,90,80.85,194.03
90,77,80.85,194.03
77,91,65.11,156.28
91,77,65.11,156.28
77,92,44.42,106.6
92,77,44.42,106.6
77,93,42.48,101.96
93,77,42.48,101.96
77,94,58.35,140.05
94,77,58.35,140.05
77,95,39.55,94.91
95,77,39.55,94.91
77,96,43.05,103.33
96,77,43.05,103.33
77,97,48.32,115.96
97,77,48.32,115.96
77,98,59.55,142.93
98,77,59.55,142.93
77,99,91.64,219.95
99,77,91.64,219.95
77,100,22.04,52.9
100,77,22.04,52.9
77,101,48.65,116.77
101,77,48.65,116.77
77,102,59.21,142.1
102,77,59.21,142.1
77,103,54.47,130.73
103,77,54.47,130.73
77,104,49.84,119.62
104,77,49.84,119.62
77,105,9.46,22.72
105,77,9.46,22.72
77,106,53.23,127.74
106,77,53.23,127.74
77,107,55.33,132.8
107,77,55.33,132.8
77,108,35.13,84.3
108,77,35.13,84.3
77,109,37.1,89.04
109,77,37.1,89.04
77,110,60.83,145.97
110,77,60.83,145.97
77,111,50.33,120.8
111,77,50.33,120.8
77,112,42.58,102.19
112,77,42.58,102.19
77,113,66.05,158.5
113,77,66.05,158.5
77,114,54.57,130.97
114,77,54.57,130.97
77,115,29.07,69.78
115,77,29.07,69.78
77,116,43.79,105.1
116,77,43.79,105.1
77,117,58.91,141.38
117,77,58.91,141.38
77,118,28.38,68.12
118,77,28.38,68.12
77,119,41.24,98.97
119,77,41.24,98.97
77,120,16.35,39.24
120,77,16.35,39.24
77,121,63.44,152.25
121,77,63.44,152.25
77,122,15.6,37.44
122,77,15.6,37.44
77,123,71.46,171.52
123,77,71.46,171.52
77,124,82.12,197.08
124,77,82.12,197.08
77,125,25.68,61.63
125,77,25.68,61.63
77,126,93.08,223.38
126,77,93.08,223.38
77,127,41.71,100.11
127,77,41.71,100.11
77,128,67.02,160.84
128,77,67.02,160.84
77,129,40.18,96.44
129,77,40.18,96.44
77,130,36.01,86.43
130,77,36.01,86.43
77,131,44.53,106.88
131,77,44.53,106.88
77,132,44.74,107.37
132,77,44.74,107.37
77,133,41.16,98.79
133,77,41.16,98.79
77,134,52.44,125.86
134,77,52.44,125.86
77,135,56.11,134.66
135,77,56.11,134.66
77,136,40.8,97.93
136,77,40.8,97.93
77,137,87.43,209.82
137,77,87.43,209.82
77,138,53.09,127.43
138,77,53.09,127.43
77,139,63.68,152.84
139,77,63.68,152.84
77,140,8.88,21.31
140,77,8.88,21.31
77,141,61.54,147.7
141,77,61.54,147.7
77,142,87.36,209.67
142,77,87.36,209.67
77,143,49.5,118.8
143,77,49.5,118.8
77,144,39.32,94.36
144,77,39.32,94.36
77,145,40.53,97.28
145,77,40.53,97.28
77,146,50.66,121.58
146,77,50.66,121.58
77,147,59.18,142.04
147,77,59.18,142.04
77,148,51.64,123.94
148,77,51.64,123.94
77,149,75.44,181.05
149,77,75.44,181.05
77,150,73.84,177.21
150,77,73.84,177.21
78,79,111.86,268.46
79,78,111.86,268.46
78,80,90.85,218.04
80,78,90.85,218.04
78,81,8.7,20.89
81,78,8.7,20.89
78,82,58.73,140.96
82,78,58.73,140.96
78,83,43.2,103.69
83,78,43.2,103.69
78,84,35.95,86.27
84,78,35.95,86.27
78,85,49.95,119.88
85,78,49.95,119.88
78,86,52.1,125.05
86,78,52.1,125.05
78,87,74.71,179.29
87,78,74.71,179.29
78,88,103.06,247.35
88,78,103.06,247.35
78,89,42.47,101.92
89,78,42.47,101.92
78,90,49.53,118.86
90,78,49.53,118.86
78,91,13.65,32.76
91,78,13.65,32.76
78,92,96.73,232.16
92,78,96.73,232.16
78,93,104.81,251.54
93,78,104.81,251.54
78,94,104.28,250.29
94,78,104.28,250.29
78,95,94.03,225.67
95,78,94.03,225.67
78,96,35.31,84.75
96,78,35.31,84.75
78,97,73.93,177.43
97,78,73.93,177.43
78,98,80.0,192.01
98,78,80.0,192.01
78,99,50.32,120.76
99,78,50.32,120.76
78,100,61.56,147.74
100,78,61.56,147.74
78,101,41.31,99.14
101,78,41.31,99.14
78,102,117.73,282.56
102,78,117.73,282.56
78,103,109.37,262.49
103,78,109.37,262.49
78,104,51.27,123.06
104,78,51.27,123.06
78,105,82.0,196.81
105,78,82.0,196.81
78,106,64.26,154.22
106,78,64.26,154.22
78,107,106.7,256.09
107,78,106.7,256.09
78,108,107.74,258.58
108,78,107.74,258.58
78,109,104.97,251.92
109,78,104.97,251.92
78,110,118.99,285.56
110,78,118.99,285.56
78,111,108.9,261.36
111,78,108.9,261.36
78,112,114.34,274.41
112,78,114.34,274.41
78,113,122.65,294.35
113,78,122.65,294.35
78,114,115.98,278.35
114,78,115.98,278.35
78,115,46.31,111.14
115,78,46.31,111.14
78,116,88.39,212.13
116,78,88.39,212.13
78,117,114.05,273.72
117,78,114.05,273.72
78,118,100.59,241.43
118,78,100.59,241.43
78,119,113.85,273.25
119,78,113.85,273.25
78,120,83.65,200.78
120,78,83.65,200.78
78,121,63.79,153.1
121,78,63.79,153.1
78,122,85.15,204.36
122,78,85.15,204.36
78,123,51.95,124.67
123,78,51.95,124.67
78,124,38.3,91.92
124,78,38.3,91.92
78,125,72.04,172.89
125,78,72.04,172.89
78,126,50.6,121.43
126,78,50.6,121.43
78,127,105.57,253.36
127,78,105.57,253.36
78,128,49.92,119.82
128,78,49.92,119.82
78,129,34.94,83.86
129,78,34.94,83.86
78,130,59.41,142.58
130,78,59.41,142.58
78,131,87.34,209.61
131,78,87.34,209.61
78,132,40.63,97.52
132,78,40.63,97.52
78,133,59.51,142.83
133,78,59.51,142.83
78,134,22.99,55.17
134,78,22.99,55.17
78,135,90.81,217.94
135,78,90.81,217.94
78,136,84.73,203.34
136,78,84.73,203.34
78,137,48.46,116.32
137,78,48.46,116.32
78,138,116.58,279.78
138,78,116.58,279.78
78,139,65.99,158.37
139,78,65.99,158.37
78,140,78.1,187.45
140,78,78.1,187.45
78,141,15.27,36.65
141,78,15.27,36.65
78,142,43.22,103.72
142,78,43.22,103.72
78,143,32.11,77.06
143,78,32.11,77.06
78,144,35.83,86.0
144,78,35.83,86.0
78,145,77.87,186.88
145,78,77.87,186.88
78,146,116.03,278.47
146,78,116.03,278.47
78,147,116.95,280.68
147,78,116.95,280.68
78,148,82.37,197.7
148,78,82.37,197.7
78,149,45.06,108.15
149,78,45.06,108.15
78,150,28.57,68.58
150,78,28.57,68.58
79,80,33.66,80.79
80,79,33.66,80.79
79,81,109.49,262.79
81,79,109.49,262.79
79,82,56.79,136.31
82,79,56.79,136.31
79,83,131.5,315.6
83,79,131.5,315.6
79,84,80.27,192.64
84,79,80.27,192.64
79,85,63.94,153.46
85,79,63.94,153.46
79,86,112.2,269.27
86,79,112.2,269.27
79,87,102.2,245.29
87,79,102.2,245.29
79,88,75.48,181.15
88,79,75.48,181.15
79,89,122.24,293.38
89,79,122.24,293.38
79,90,128.37,308.11
90,79,128.37,308.11
79,91,99.08,237.79
91,79,99.08,237.79
79,92,19.02,45.65
92,79,19.02,45.65
79,93,7.06,16.95
93,79,7.06,16.95
79,94,96.9,232.56
94,79,96.9,232.56
79,95,78.55,188.54
95,79,78.55,188.54
79,96,76.57,183.76
96,79,76.57,183.76
79,97,45.52,109.25
97,79,45.52,109.25
79,98,106.43,255.42
98,79,106.43,255.42
79,99,138.56,332.55
99,79,138.56,332.55
79,100,70.51,169.22
100,79,70.51,169.22
79,101,95.54,229.29
101,79,95.54,229.29
79,102,10.69,25.65
102,79,10.69,25.65
79,103,13.85,33.25
103,79,13.85,33.25
79,104,66.76,160.24
104,79,66.76,160.24
79,105,42.54,102.1
105,79,42.54,102.1
79,106,59.32,142.37
106,79,59.32,142.37
79,107,91.36,219.27
107,79,91.36,219.27
79,108,54.09,129.82
108,79,54.09,129.82
79,109,64.09,153.82
109,79,64.09,153.82
79,110,15.15,36.35
110,79,15.15,36.35
79,111,82.31,197.55
111,79,82.31,197.55
79,112,60.17,144.41
112,79,60.17,144.41
79,113,20.74,49.78
113,79,20.74,49.78
79,114,82.29,197.48
114,79,82.29,197.48
79,115,68.57,164.57
115,79,68.57,164.57
79,116,28.89,69.34
116,79,28.89,69.34
79,117,91.16,218.77
117,79,91.16,218.77
79,118,34.01,81.63
118,79,34.01,81.63
79,119,54.4,130.56
119,79,54.4,130.56
79,120,32.27,77.46
120,79,32.27,77.46
79,121,111.97,268.74
121,79,111.97,268.74
79,122,54.99,131.98
122,79,54.99,131.98
79,123,84.12,201.88
123,79,84.12,201.88
79,124,128.01,307.22
124,79,128.01,307.22
79,125,73.08,175.39
125,79,73.08,175.39
79,126,139.9,335.78
126,79,139.9,335.78
79,127,6.93,16.64
127,79,6.93,16.64
79,128,81.08,194.59
128,79,81.08,194.59
79,129,79.54,190.89
129,79,79.54,190.89
79,130,53.71,128.9
130,79,53.71,128.9
79,131,30.68,73.63
131,79,30.68,73.63
79,132,72.18,173.23
132,79,72.18,173.23
79,133,89.73,215.36
133,79,89.73,215.36
79,134,89.49,214.79
134,79,89.49,214.79
79,135,36.08,86.59
135,79,36.08,86.59
79,136,30.99,74.39
136,79,30.99,74.39
79,137,134.43,322.63
137,79,134.43,322.63
79,138,78.94,189.44
138,79,78.94,189.44
79,139,67.22,161.32
139,79,67.22,161.32
79,140,39.7,95.28
140,79,39.7,95.28
79,141,96.64,231.95
141,79,96.64,231.95
79,142,133.61,320.66
142,79,133.61,320.66
79,143,93.9,225.37
143,79,93.9,225.37
79,144,78.54,188.49
144,79,78.54,188.49
79,145,38.19,91.66
145,79,38.19,91.66
79,146,74.97,179.94
146,79,74.97,179.94
79,147,89.09,213.81
147,79,89.09,213.81
79,148,97.47,233.93
148,79,97.47,233.93
79,149,92.08,221.0
149,79,92.08,221.0
79,150,99.0,237.59
150,79,99.0,237.59
80,81,88.14,211.53
81,80,88.14,211.53
80,82,53.63,128.71
82,80,53.63,128.71
80,83,121.76,292.23
83,80,121.76,292.23
80,84,57.28,137.48
84,80,57.28,137.48
80,85,42.87,102.9
85,80,42.87,102.9
80,86,108.66,260.77
86,80,108.66,260.77
80,87,106.65,255.96
87,80,106.65,255.96
80,88,93.04,223.3
88,80,93.04,223.3
80,89,114.01,273.63
89,80,114.01,273.63
80,90,121.2,290.89
90,80,121.2,290.89
80,91,79.03,189.66
91,80,79.03,189.66
80,92,15.8,37.93
92,80,15.8,37.93
80,93,29.77,71.44
93,80,29.77,71.44
80,94,111.58,267.8
94,80,111.58,267.8
80,95,92.5,222.01
95,80,92.5,222.01
80,96,59.83,143.59
96,80,59.83,143.59
80,97,17.0,40.81
97,80,17.0,40.81
80,98,112.12,269.08
98,80,112.12,269.08
80,99,129.46,310.71
99,80,129.46,310.71
80,100,71.26,171.03
100,80,71.26,171.03
80,101,89.14,213.94
101,80,89.14,213.94
80,102,35.99,86.38
102,80,35.99,86.38
80,103,22.46,53.92
103,80,22.46,53.92
80,104,41.94,100.66
104,80,41.94,100.66
80,105,53.7,128.88
105,80,53.7,128.88
80,106,30.6,73.44
106,80,30.6,73.44
80,107,107.7,258.48
107,80,107.7,258.48
80,108,76.78,184.27
108,80,76.78,184.27
80,109,83.95,201.49
109,80,83.95,201.49
80,110,31.79,76.29
110,80,31.79,76.29
80,111,100.8,241.91
111,80,100.8,241.91
80,112,84.0,201.59
112,80,84.0,201.59
80,113,32.76,78.63
113,80,32.76,78.63
80,114,103.03,247.26
114,80,103.03,247.26
80,115,58.53,140.48
115,80,58.53,140.48
80,116,10.22,24.52
116,80,10.22,24.52
80,117,109.81,263.55
117,80,109.81,263.55
80,118,56.91,136.6
118,80,56.91,136.6
80,119,79.95,191.89
119,80,79.95,191.89
80,120,41.41,99.38
120,80,41.41,99.38
80,121,111.94,268.65
121,80,111.94,268.65
80,122,67.13,161.12
122,80,67.13,161.12
80,123,54.25,130.2
123,80,54.25,130.2
80,124,117.48,281.96
124,80,117.48,281.96
80,125,78.84,189.21
125,80,78.84,189.21
80,126,130.56,313.36
126,80,130.56,313.36
80,127,32.19,77.26
127,80,32.19,77.26
80,128,52.13,125.12
128,80,52.13,125.12
80,129,66.72,160.14
129,80,66.72,160.14
80,130,34.61,83.08
130,80,34.61,83.08
80,131,9.35,22.43
131,80,9.35,22.43
80,132,52.36,125.66
132,80,52.36,125.66
80,133,90.07,216.17
133,80,90.07,216.17
80,134,73.05,175.31
134,80,73.05,175.31
80,135,2.7,6.48
135,80,2.7,6.48
80,136,13.13,31.51
136,80,13.13,31.51
80,137,125.7,301.67
137,80,125.7,301.67
80,138,100.42,241.01
138,80,100.42,241.01
80,139,35.84,86.01
139,80,35.84,86.01
80,140,46.98,112.75
140,80,46.98,112.75
80,141,77.71,186.51
141,80,77.71,186.51
80,142,123.41,296.18
142,80,123.41,296.18
80,143,83.96,201.51
143,80,83.96,201.51
80,144,65.81,157.95
144,80,65.81,157.95
80,145,16.46,39.51
145,80,16.46,39.51
80,146,96.95,232.67
146,80,96.95,232.67
80,147,108.97,261.54
147,80,108.97,261.54
80,148,105.03,252.07
148,80,105.03,252.07
80,149,63.1,151.45
149,80,63.1,151.45
80,150,73.46,176.31
150,80,73.46,176.31
81,82,59.38,142.51
82,81,59.38,142.51
81,83,51.9,124.57
83,81,51.9,124.57
81,84,30.86,74.05
84,81,30.86,74.05
81,85,46.19,110.85
85,81,46.19,110.85
81,86,60.22,144.52
86,81,60.22,144.52
81,87,81.08,194.59
87,81,81.08,194.59
81,88,106.76,256.22
88,81,106.76,256.22
81,89,50.95,122.28
89,81,50.95,122.28
81,90,58.12,139.48
90,81,58.12,139.48
81,91,10.88,26.11
91,81,10.88,26.11
81,92,93.49,224.38
92,81,93.49,224.38
81,93,102.5,246.01
93,81,102.5,246.01
81,94,109.54,262.89
94,81,109.54,262.89
81,95,98.14,235.54
95,81,98.14,235.54
81,96,33.91,81.39
96,81,33.91,81.39
81,97,69.11,165.87
97,81,69.11,165.87
81,98,86.95,208.67
98,81,86.95,208.67
81,99,59.0,141.61
99,81,59.0,141.61
81,100,64.6,155.04
100,81,64.6,155.04
81,101,47.24,113.37
101,81,47.24,113.37
81,102,114.83,275.61
102,81,114.83,275.61
81,103,105.63,253.5
103,81,105.63,253.5
81,104,46.26,111.03
104,81,46.26,111.03
81,105,82.65,198.36
105,81,82.65,198.36
81,106,58.79,141.09
106,81,58.79,141.09
81,107,111.49,267.58
107,81,111.49,267.58
81,108,108.39,260.13
108,81,108.39,260.13
81,109,107.73,258.56
109,81,107.73,258.56
81,110,115.82,277.97
110,81,115.82,277.97
81,111,112.97,271.12
111,81,112.97,271.12
81,112,115.52,277.25
112,81,115.52,277.25
81,113,117.83,282.79
113,81,117.83,282.79
81,114,119.83,287.6
114,81,119.83,287.6
81,115,46.84,112.43
115,81,46.84,112.43
81,116,84.41,202.58
116,81,84.41,202.58
81,117,118.6,284.64
117,81,118.6,284.64
81,118,101.24,242.98
118,81,101.24,242.98
81,119,114.5,274.8
119,81,114.5,274.8
81,120,84.3,202.33
120,81,84.3,202.33
81,121,71.9,172.56
121,81,71.9,172.56
81,122,86.39,207.33
122,81,86.39,207.33
81,123,44.33,106.39
123,81,44.33,106.39
81,124,47.0,112.8
124,81,47.0,112.8
81,125,75.73,181.75
125,81,75.73,181.75
81,126,59.26,142.23
126,81,59.26,142.23
81,127,103.45,248.29
127,81,103.45,248.29
81,128,42.71,102.5
128,81,42.71,102.5
81,129,36.12,86.68
129,81,36.12,86.68
81,130,56.13,134.72
130,81,56.13,134.72
81,131,82.81,198.74
131,81,82.81,198.74
81,132,37.37,89.68
132,81,37.37,89.68
81,133,64.91,155.79
133,81,64.91,155.79
81,134,23.72,56.94
134,81,23.72,56.94
81,135,85.99,206.38
135,81,85.99,206.38
81,136,81.18,194.84
136,81,81.18,194.84
81,137,57.16,137.2
137,81,57.16,137.2
81,138,120.17,288.4
138,81,120.17,288.4
81,139,59.46,142.71
139,81,59.46,142.71
81,140,78.75,189.0
140,81,78.75,189.0
81,141,14.4,34.56
141,81,14.4,34.56
81,142,51.91,124.58
142,81,51.91,124.58
81,143,37.34,89.61
143,81,37.34,89.61
81,144,36.88,88.5
144,81,36.88,88.5
81,145,74.09,177.83
145,81,74.09,177.83
81,146,119.35,286.44
146,81,119.35,286.44
81,147,121.26,291.03
147,81,121.26,291.03
81,148,88.22,211.72
148,81,88.22,211.72
81,149,36.95,88.67
149,81,36.95,88.67
81,150,20.33,48.78
150,81,20.33,48.78
82,83,74.72,179.34
83,82,74.72,179.34
82,84,41.92,100.61
84,82,41.92,100.61
82,85,31.01,74.42
85,82,31.01,74.42
82,86,56.54,135.7
86,82,56.54,135.7
82,87,53.3,127.92
87,82,53.3,127.92
82,88,52.36,125.67
88,82,52.36,125.67
82,89,65.46,157.1
89,82,65.46,157.1
82,90,71.73,172.14
90,82,71.73,172.14
82,91,51.09,122.62
91,82,51.09,122.62
82,92,48.04,115.3
92,82,48.04,115.3
82,93,50.04,120.09
93,82,50.04,120.09
82,94,64.68,155.23
94,82,64.68,155.23
82,95,47.17,113.21
95,82,47.17,113.21
82,96,29.15,69.96
96,82,29.15,69.96
82,97,43.86,105.28
97,82,43.86,105.28
82,98,59.01,141.63
98,82,59.01,141.63
82,99,81.77,196.25
99,82,81.77,196.25
82,100,17.83,42.78
100,82,17.83,42.78
82,101,38.81,93.14
101,82,38.81,93.14
82,102,65.74,157.78
102,82,65.74,157.78
82,103,59.75,143.41
103,82,59.75,143.41
82,104,39.01,93.62
104,82,39.01,93.62
82,105,23.31,55.94
105,82,23.31,55.94
82,106,45.13,108.31
106,82,45.13,108.31
82,107,63.07,151.37
107,82,63.07,151.37
82,108,49.01,117.62
108,82,49.01,117.62
82,109,49.21,118.11
109,82,49.21,118.11
82,110,67.0,160.78
110,82,67.0,160.78
82,111,59.99,143.97
111,82,59.99,143.97
82,112,56.28,135.07
112,82,56.28,135.07
82,113,72.22,173.31
113,82,72.22,173.31
82,114,65.23,156.55
114,82,65.23,156.55
82,115,15.07,36.18
115,82,15.07,36.18
82,116,44.43,106.64
116,82,44.43,106.64
82,117,67.91,162.99
117,82,67.91,162.99
82,118,41.98,100.76
118,82,41.98,100.76
82,119,55.12,132.29
119,82,55.12,132.29
82,120,25.76,61.83
120,82,25.76,61.83
82,121,58.55,140.52
121,82,58.55,140.52
82,122,27.32,65.57
122,82,27.32,65.57
82,123,60.13,144.32
123,82,60.13,144.32
82,124,71.33,171.2
124,82,71.33,171.2
82,125,27.5,66.0
125,82,27.5,66.0
82,126,83.11,199.47
126,82,83.11,199.47
82,127,49.89,119.73
127,82,49.89,119.73
82,128,55.6,133.44
128,82,55.6,133.44
82,129,26.35,63.23
129,82,26.35,63.23
82,130,27.29,65.5
130,82,27.29,65.5
82,131,44.61,107.07
131,82,44.61,107.07
82,132,31.71,76.11
132,82,31.71,76.11
82,133,36.47,87.52
133,82,36.47,87.52
82,134,38.49,92.38
134,82,38.49,92.38
82,135,55.41,132.97
135,82,55.41,132.97
82,136,40.79,97.9
136,82,40.79,97.9
82,137,77.64,186.34
137,82,77.64,186.34
82,138,64.31,154.35
138,82,64.31,154.35
82,139,55.14,132.34
139,82,55.14,132.34
82,140,19.76,47.42
140,82,19.76,47.42
82,141,47.54,114.09
141,82,47.54,114.09
82,142,76.86,184.47
142,82,76.86,184.47
82,143,37.55,90.12
143,82,37.55,90.12
82,144,25.45,61.07
144,82,25.45,61.07
82,145,38.01,91.22
145,82,38.01,91.22
82,146,62.37,149.69
146,82,62.37,149.69
82,147,68.95,165.48
147,82,68.95,165.48
82,148,52.91,126.97
148,82,52.91,126.97
82,149,63.14,151.53
149,82,63.14,151.53
82,150,60.28,144.66
150,82,60.28,144.66
83,84,72.16,173.19
84,83,72.16,173.19
83,85,80.67,193.62
85,83,80.67,193.62
83,86,26.95,64.68
86,83,26.95,64.68
83,87,52.54,126.1
87,83,52.54,126.1
83,88,91.9,220.57
88,83,91.9,220.57
83,89,10.29,24.69
89,83,10.29,24.69
83,90,10.05,24.11
90,83,10.05,24.11
83,91,52.54,126.09
91,83,52.54,126.09
83,92,119.04,285.69
92,83,119.04,285.69
83,93,122.19,293.27
93,83,122.19,293.27
83,94,83.94,201.46
94,83,83.94,201.46
83,95,81.61,195.87
95,83,81.61,195.87
83,96,62.86,150.87
96,83,62.86,150.87
83,97,105.77,253.85
97,83,105.77,253.85
83,98,53.69,128.87
98,83,53.69,128.87
83,99,7.86,18.87
99,83,7.86,18.87
83,100,61.53,147.66
100,83,61.53,147.66
83,101,35.22,84.53
101,83,35.22,84.53
83,102,137.42,329.84
102,83,137.42,329.84
83,103,131.11,314.66
103,83,131.11,314.66
83,104,85.31,204.74
104,83,85.31,204.74
83,105,91.48,219.56
105,83,91.48,219.56
83,106,98.41,236.19
106,83,98.41,236.19
83,107,89.65,215.18
107,83,89.65,215.18
83,108,106.03,254.46
108,83,106.03,254.46
83,109,98.35,236.04
109,83,98.35,236.04
83,110,138.68,332.84
110,83,138.68,332.84
83,111,95.42,229.03
111,83,95.42,229.03
83,112,109.47,262.73
112,83,109.47,262.73
83,113,143.9,345.37
113,83,143.9,345.37
83,114,103.06,247.34
114,83,103.06,247.34
83,115,64.13,153.92
115,83,64.13,153.92
83,116,114.51,274.84
116,83,114.51,274.84
83,117,97.7,234.49
117,83,97.7,234.49
83,118,108.35,260.04
118,83,108.35,260.04
83,119,114.07,273.76
119,83,114.07,273.76
83,120,98.69,236.87
120,83,98.69,236.87
83,121,37.71,90.5
121,83,37.71,90.5
83,122,84.94,203.85
122,83,84.94,203.85
83,123,92.57,222.16
123,83,92.57,222.16
83,124,4.98,11.95
124,83,4.98,11.95
83,125,65.38,156.92
125,83,65.38,156.92
83,126,8.82,21.16
126,83,8.82,21.16
83,127,122.22,293.34
127,83,122.22,293.34
83,128,89.66,215.17
128,83,89.66,215.17
83,129,55.04,132.1
129,83,55.04,132.1
83,130,87.29,209.5
130,83,87.29,209.5
83,131,114.31,274.34
131,83,114.31,274.34
83,132,71.69,172.05
132,83,71.69,172.05
83,133,46.1,110.64
133,83,46.1,110.64
83,134,50.87,122.09
134,83,50.87,122.09
83,135,122.63,294.31
135,83,122.63,294.31
83,136,110.74,265.77
136,83,110.74,265.77
83,137,5.27,12.65
137,83,5.27,12.65
83,138,104.89,251.73
138,83,104.89,251.73
83,139,103.14,247.54
139,83,103.14,247.54
83,140,91.61,219.87
140,83,91.61,219.87
83,141,50.95,122.28
141,83,50.95,122.28
83,142,2.63,6.32
142,83,2.63,6.32
83,143,38.15,91.56
143,83,38.15,91.56
83,144,55.95,134.28
144,83,55.95,134.28
83,145,105.43,253.02
145,83,105.43,253.02
83,146,105.72,253.74
146,83,105.72,253.74
83,147,101.56,243.72
147,83,101.56,243.72
83,148,62.13,149.13
148,83,62.13,149.13
83,149,87.0,208.8
149,83,87.0,208.8
83,150,71.11,170.67
150,83,71.11,170.67
84,85,16.35,39.25
85,84,16.35,39.25
84,86,69.46,166.72
86,84,69.46,166.72
84,87,80.9,194.16
87,84,80.9,194.16
84,88,92.14,221.16
88,84,92.14,221.16
84,89,67.13,161.1
89,84,67.13,161.1
84,90,74.9,179.76
90,84,74.9,179.76
84,91,22.36,53.66
91,84,22.36,53.66
84,92,63.34,152.03
92,84,63.34,152.03
84,93,73.43,176.23
93,84,73.43,176.23
84,94,102.29,245.5
94,84,102.29,245.5
84,95,86.4,207.37
95,84,86.4,207.37
84,96,15.63,37.52
96,84,15.63,37.52
84,97,38.26,91.83
97,84,38.26,91.83
84,98,87.23,209.35
98,84,87.23,209.35
84,99,79.99,191.99
99,84,79.99,191.99
84,100,52.54,126.1
100,84,52.54,126.1
84,101,49.98,119.96
101,84,49.98,119.96
84,102,84.97,203.95
102,84,84.97,203.95
84,103,74.78,179.46
103,84,74.78,179.46
84,104,15.43,37.04
104,84,15.43,37.04
84,105,63.21,151.7
105,84,63.21,151.7
84,106,28.31,67.95
106,84,28.31,67.95
84,107,102.18,245.23
107,84,102.18,245.23
84,108,89.73,215.35
108,84,89.73,215.35
84,109,89.54,214.91
109,84,89.54,214.91
84,110,84.97,203.93
110,84,84.97,203.93
84,111,99.65,239.16
111,84,99.65,239.16
84,112,96.86,232.47
112,84,96.86,232.47
84,113,86.98,208.75
113,84,86.98,208.75
84,114,105.14,252.34
114,84,105.14,252.34
84,115,29.65,71.16
115,84,29.65,71.16
84,116,53.56,128.54
116,84,53.56,128.54
84,117,107.35,257.65
117,84,107.35,257.65
84,118,79.89,191.73
118,84,79.89,191.73
84,119,95.84,230.02
119,84,95.84,230.02
84,120,59.49,142.76
120,84,59.49,142.76
84,121,77.66,186.39
121,84,77.66,186.39
84,122,67.73,162.55
122,84,67.73,162.55
84,123,22.9,54.95
123,84,22.9,54.95
84,124,67.31,161.55
124,84,67.31,161.55
84,125,64.67,155.21
125,84,64.67,155.21
84,126,80.74,193.78
126,84,80.74,193.78
84,127,74.65,179.17
127,84,74.65,179.17
84,128,18.89,45.35
128,84,18.89,45.35
84,129,25.64,61.53
129,84,25.64,61.53
84,130,26.6,63.86
130,84,26.6,63.86
84,131,51.96,124.7
131,84,51.96,124.7
84,132,10.29,24.7
132,84,10.29,24.7
84,133,62.1,149.03
133,84,62.1,149.03
84,134,21.87,52.5
134,84,21.87,52.5
84,135,55.14,132.34
135,84,55.14,132.34
84,136,50.84,122.01
136,84,50.84,122.01
84,137,76.97,184.73
137,84,76.97,184.73
84,138,104.37,250.49
138,84,104.37,250.49
84,139,31.11,74.66
139,84,31.11,74.66
84,140,57.16,137.17
140,84,57.16,137.17
84,141,22.1,53.04
141,84,22.1,53.04
84,142,73.13,175.51
142,84,73.13,175.51
84,143,40.4,96.97
143,84,40.4,96.97
84,144,25.52,61.24
144,84,25.52,61.24
84,145,43.61,104.65
145,84,43.61,104.65
84,146,102.55,246.14
146,84,102.55,246.14
84,147,108.6,260.64
147,84,108.6,260.64
84,148,84.93,203.84
148,84,84.93,203.84
84,149,22.31,53.53
149,84,22.31,53.53
84,150,19.52,46.86
150,84,19.52,46.86
85,86,72.36,173.67
86,85,72.36,173.67
85,87,78.43,188.23
87,85,78.43,188.23
85,88,83.32,199.97
88,85,83.32,199.97
85,89,73.98,177.55
89,85,73.98,177.55
85,90,81.56,195.75
90,85,81.56,195.75
85,91,36.44,87.45
91,85,36.44,87.45
85,92,47.33,113.6
92,85,47.33,113.6
85,93,57.09,137.01
93,85,57.09,137.01
85,94,94.57,226.97
94,85,94.57,226.97
85,95,77.61,186.26
95,85,77.61,186.26
85,96,17.81,42.75
96,85,17.81,42.75
85,97,25.14,60.34
97,85,25.14,60.34
85,98,84.66,203.17
98,85,84.66,203.17
85,99,88.51,212.42
99,85,88.51,212.42
85,100,45.66,109.58
100,85,45.66,109.58
85,101,52.09,125.01
101,85,52.09,125.01
85,102,68.81,165.16
102,85,68.81,165.16
85,103,59.8,143.53
103,85,59.8,143.53
85,104,8.11,19.46
104,85,8.11,19.46
85,105,49.47,118.72
105,85,49.47,118.72
85,106,18.46,44.3
106,85,18.46,44.3
85,107,93.39,224.12
107,85,93.39,224.12
85,108,76.6,183.83
108,85,76.6,183.83
85,109,79.33,190.39
109,85,79.33,190.39
85,110,70.07,168.16
110,85,70.07,168.16
85,111,90.86,218.05
111,85,90.86,218.05
85,112,84.05,201.72
112,85,84.05,201.72
85,113,72.96,175.1
113,85,72.96,175.1
85,114,96.08,230.59
114,85,96.08,230.59
85,115,23.85,57.24
115,85,23.85,57.24
85,116,38.56,92.53
116,85,38.56,92.53
85,117,98.56,236.54
117,85,98.56,236.54
85,118,64.93,155.82
118,85,64.93,155.82
85,119,82.71,198.5
119,85,82.71,198.5
85,120,44.15,105.96
120,85,44.15,105.96
85,121,78.56,188.54
121,85,78.56,188.54
85,122,57.5,138.0
122,85,57.5,138.0
85,123,29.25,70.19
123,85,29.25,70.19
85,124,76.12,182.68
124,85,76.12,182.68
85,125,56.85,136.43
125,85,56.85,136.43
85,126,89.48,214.74
126,85,89.48,214.74
85,127,58.3,139.92
127,85,58.3,139.92
85,128,24.75,59.41
128,85,24.75,59.41
85,129,26.86,64.47
129,85,26.86,64.47
85,130,10.25,24.61
130,85,10.25,24.61
85,131,37.43,89.84
131,85,37.43,89.84
85,132,9.49,22.78
132,85,9.49,22.78
85,133,59.63,143.13
133,85,59.63,143.13
85,134,30.49,73.18
134,85,30.49,73.18
85,135,42.02,100.85
135,85,42.02,100.85
85,136,35.0,84.0
136,85,35.0,84.0
85,137,85.02,204.05
137,85,85.02,204.05
85,138,94.97,227.93
138,85,94.97,227.93
85,139,26.32,63.17
139,85,26.32,63.17
85,140,42.8,102.71
140,85,42.8,102.71
85,141,34.88,83.71
141,85,34.88,83.71
85,142,82.06,196.96
142,85,82.06,196.96
85,143,44.48,106.75
143,85,44.48,106.75
85,144,26.18,62.82
144,85,26.18,62.82
85,145,27.97,67.13
145,85,27.97,67.13
85,146,92.78,222.67
146,85,92.78,222.67
85,147,99.81,239.53
147,85,99.81,239.53
85,148,80.56,193.33
148,85,80.56,193.33
85,149,33.39,80.13
149,85,33.39,80.13
85,150,35.57,85.37
150,85,35.57,85.37
86,87,26.19,62.86
87,86,26.19,62.86
86,88,67.36,161.68
88,86,67.36,161.68
86,89,17.94,43.04
89,86,17.94,43.04
86,90,19.38,46.5
90,86,19.38,46.5
86,91,56.42,135.41
91,86,56.42,135.41
86,92,102.84,246.81
92,86,102.84,246.81
86,93,105.78,253.87
93,86,105.78,253.87
86,94,58.15,139.55
94,86,58.15,139.55
86,95,57.02,136.85
95,86,57.02,136.85
86,96,55.83,134.0
96,86,55.83,134.0
86,97,95.69,229.66
97,86,95.69,229.66
86,98,27.9,66.96
98,86,27.9,66.96
86,99,31.39,75.34
99,86,31.39,75.34
86,100,41.82,100.38
100,86,41.82,100.38
86,101,20.28,48.66
101,86,20.28,48.66
86,102,121.22,290.96
102,86,121.22,290.96
86,103,114.91,275.78
103,86,114.91,275.78
86,104,78.94,189.45
104,86,78.94,189.45
86,105,71.52,171.65
105,86,71.52,171.65
86,106,90.81,217.94
106,86,90.81,217.94
86,107,63.86,153.27
107,86,63.86,153.27
86,108,83.22,199.72
108,86,83.22,199.72
86,109,74.76,179.43
109,86,74.76,179.43
86,110,122.48,293.96
110,86,122.48,293.96
86,111,70.28,168.67
111,86,70.28,168.67
86,112,86.05,206.53
112,86,86.05,206.53
86,113,127.7,306.49
113,86,127.7,306.49
86,114,77.9,186.96
114,86,77.9,186.96
86,115,50.57,121.38
115,86,50.57,121.38
86,116,98.31,235.96
116,86,98.31,235.96
86,117,71.91,172.58
117,86,71.91,172.58
86,118,86.86,208.46
118,86,86.86,208.46
86,119,91.1,218.65
119,86,91.1,218.65
86,120,79.96,191.91
120,86,79.96,191.91
86,121,11.69,28.05
121,86,11.69,28.05
86,122,63.44,152.25
122,86,63.44,152.25
86,123,92.17,221.21
123,86,92.17,221.21
86,124,27.66,66.39
124,86,27.66,66.39
86,125,43.24,103.78
125,86,43.24,103.78
86,126,32.97,79.14
126,86,32.97,79.14
86,127,105.27,252.66
127,86,105.27,252.66
86,128,88.34,212.03
128,86,88.34,212.03
86,129,45.7,109.67
129,86,45.7,109.67
86,130,76.1,182.64
130,86,76.1,182.64
86,131,98.29,235.91
131,86,98.29,235.91
86,132,65.09,156.21
132,86,65.09,156.21
86,133,23.78,57.06
133,86,23.78,57.06
86,134,48.2,115.69
134,86,48.2,115.69
86,135,108.61,260.66
135,86,108.61,260.66
86,136,94.54,226.89
136,86,94.54,226.89
86,137,27.32,65.58
137,86,27.32,65.58
86,138,79.99,191.98
138,86,79.99,191.98
86,139,97.92,235.0
139,86,97.92,235.0
86,140,72.63,174.32
140,86,72.63,174.32
86,141,53.19,127.66
141,86,53.19,127.66
86,142,30.21,72.5
142,86,30.21,72.5
86,143,29.06,69.75
143,86,29.06,69.75
86,144,46.29,111.08
144,86,46.29,111.08
86,145,90.93,218.23
145,86,90.93,218.23
86,146,81.12,194.7
146,86,81.12,194.7
86,147,75.81,181.93
147,86,75.81,181.93
86,148,36.13,86.71
148,86,36.13,86.71
86,149,89.13,213.91
149,86,89.13,213.91
86,150,75.8,181.93
150,86,75.8,181.93
87,88,43.77,105.04
88,87,43.77,105.04
87,89,44.12,105.89
89,87,44.12,105.89
87,90,44.49,106.78
90,87,44.49,106.78
87,91,74.07,177.77
91,87,74.07,177.77
87,92,98.93,237.44
92,87,98.93,237.44
87,93,96.65,231.97
93,87,96.65,231.97
87,94,33.09,79.41
94,87,33.09,79.41
87,95,33.71,80.9
95,87,33.71,80.9
87,96,65.45,157.08
96,87,65.45,157.08
87,97,96.14,230.76
97,87,96.14,230.76
87,98,6.33,15.19
98,87,6.33,15.19
87,99,56.31,135.14
99,87,56.31,135.14
87,100,35.48,85.16
100,87,35.48,85.16
87,101,33.93,81.44
101,87,33.93,81.44
87,102,112.88,270.91
102,87,112.88,270.91
87,103,109.13,261.91
103,87,109.13,261.91
87,104,86.17,206.8
104,87,86.17,206.8
87,105,59.66,143.19
105,87,59.66,143.19
87,106,95.84,230.01
106,87,95.84,230.01
87,107,38.2,91.67
107,87,38.2,91.67
87,108,63.19,151.65
108,87,63.19,151.65
87,109,53.15,127.57
109,87,53.15,127.57
87,110,115.38,276.9
110,87,115.38,276.9
87,111,44.8,107.52
111,87,44.8,107.52
87,112,64.47,154.74
112,87,64.47,154.74
87,113,120.6,289.43
113,87,120.6,289.43
87,114,52.12,125.09
114,87,52.12,125.09
87,115,54.58,130.99
115,87,54.58,130.99
87,116,97.06,232.94
116,87,97.06,232.94
87,117,46.29,111.1
117,87,46.29,111.1
87,118,70.66,169.57
118,87,70.66,169.57
87,119,70.44,169.06
119,87,70.44,169.06
87,120,70.72,169.72
120,87,70.72,169.72
87,121,16.32,39.17
121,87,16.32,39.17
87,122,48.12,115.49
122,87,48.12,115.49
87,123,103.54,248.51
123,87,103.54,248.51
87,124,53.85,129.25
124,87,53.85,129.25
87,125,29.19,70.06
125,87,29.19,70.06
87,126,57.88,138.91
126,87,57.88,138.91
87,127,95.57,229.37
127,87,95.57,229.37
87,128,99.23,238.16
128,87,99.23,238.16
87,129,55.26,132.64
129,87,55.26,132.64
87,130,78.25,187.8
130,87,78.25,187.8
87,131,97.45,233.88
131,87,97.45,233.88
87,132,73.68,176.84
132,87,73.68,176.84
87,133,18.93,45.42
133,87,18.93,45.42
87,134,62.76,150.62
134,87,62.76,150.62
87,135,108.55,260.51
135,87,108.55,260.51
87,136,93.61,224.67
136,87,93.61,224.67
87,137,52.55,126.11
137,87,52.55,126.11
87,138,54.97,131.92
138,87,54.97,131.92
87,139,104.72,251.32
139,87,104.72,251.32
87,140,63.32,151.96
140,87,63.32,151.96
87,141,70.25,168.59
141,87,70.25,168.59
87,142,56.13,134.72
142,87,56.13,134.72
87,143,44.22,106.12
143,87,44.22,106.12
87,144,55.4,132.97
144,87,55.4,132.97
87,145,91.19,218.86
145,87,91.19,218.86
87,146,57.07,136.97
146,87,57.07,136.97
87,147,50.03,120.06
147,87,50.03,120.06
87,148,10.17,24.41
148,87,10.17,24.41
87,149,102.67,246.41
149,87,102.67,246.41
87,150,92.11,221.07
150,87,92.11,221.07
88,89,84.54,202.91
89,88,84.54,202.91
88,90,86.69,208.05
90,88,86.69,208.05
88,91,97.0,232.79
91,88,97.0,232.79
88,92,79.62,191.1
92,88,79.62,191.1
88,93,70.83,170.0
93,88,70.83,170.0
88,94,22.19,53.25
94,88,22.19,53.25
88,95,10.35,24.83
95,88,10.35,24.83
88,96,78.95,189.49
96,88,78.95,189.49
88,97,90.25,216.61
97,88,90.25,216.61
88,98,44.08,105.79
98,88,44.08,105.79
88,99,98.71,236.89
99,88,98.71,236.89
88,100,42.4,101.75
100,88,42.4,101.75
88,101,64.28,154.26
101,88,64.28,154.26
88,102,84.25,202.21
102,88,84.25,202.21
88,103,85.15,204.38
103,88,85.15,204.38
88,104,91.24,218.97
104,88,91.24,218.97
88,105,39.53,94.88
105,88,39.53,94.88
88,106,95.63,229.52
106,88,95.63,229.52
88,107,15.94,38.25
107,88,15.94,38.25
88,108,23.73,56.95
108,88,23.73,56.95
88,109,12.24,29.39
109,88,12.24,29.39
88,110,89.37,214.5
110,88,89.37,214.5
88,111,7.92,19.0
111,88,7.92,19.0
88,112,22.09,53.01
112,88,22.09,53.01
88,113,94.96,227.92
113,88,94.96,227.92
88,114,13.2,31.69
114,88,13.2,31.69
88,115,64.03,153.68
115,88,64.03,153.68
88,116,82.86,198.88
116,88,82.86,198.88
88,117,16.8,40.31
117,88,16.8,40.31
88,118,41.0,98.4
118,88,41.0,98.4
88,119,28.97,69.53
119,88,28.97,69.53
88,120,51.63,123.92
120,88,51.63,123.92
88,121,59.68,143.24
121,88,59.68,143.24
88,122,26.96,64.71
122,88,26.96,64.71
88,123,112.49,269.99
123,88,112.49,269.99
88,124,93.86,225.25
124,88,93.86,225.25
88,125,31.06,74.53
125,88,31.06,74.53
88,126,100.29,240.7
126,88,100.29,240.7
88,127,68.88,165.32
127,88,68.88,165.32
88,128,107.96,259.11
128,88,107.96,259.11
88,129,71.94,172.65
129,88,71.94,172.65
88,130,78.2,187.69
130,88,78.2,187.69
88,131,84.02,201.65
131,88,84.02,201.65
88,132,83.56,200.54
132,88,83.56,200.54
88,133,46.62,111.88
133,88,46.62,111.88
88,134,83.68,200.82
134,88,83.68,200.82
88,135,95.55,229.33
135,88,95.55,229.33
88,136,80.64,193.54
136,88,80.64,193.54
88,137,94.68,227.24
137,88,94.68,227.24
88,138,13.55,32.51
138,88,13.55,32.51
88,139,106.06,254.54
139,88,106.06,254.54
88,140,46.74,112.18
140,88,46.74,112.18
88,141,92.98,223.15
141,88,92.98,223.15
88,142,97.3,233.53
142,88,97.3,233.53
88,143,71.4,171.38
143,88,71.4,171.38
88,144,71.44,171.47
144,88,71.44,171.47
88,145,81.91,196.59
145,88,81.91,196.59
88,146,13.82,33.17
146,88,13.82,33.17
88,147,16.76,40.22
147,88,16.76,40.22
88,148,34.23,82.15
148,88,34.23,82.15
88,149,115.25,276.6
149,88,115.25,276.6
88,150,110.42,265.01
150,88,110.42,265.01
89,90,7.78,18.67
90,89,7.78,18.67
89,91,49.44,118.67
91,89,49.44,118.67
89,92,108.91,261.37
92,89,108.91,261.37
89,93,112.06,268.95
93,89,112.06,268.95
89,94,74.88,179.7
94,89,74.88,179.7
89,95,71.39,171.34
95,89,71.39,171.34
89,96,56.26,135.02
96,89,56.26,135.02
89,97,98.88,237.31
97,89,98.88,237.31
89,98,44.63,107.11
98,89,44.63,107.11
89,99,16.37,39.29
99,89,16.37,39.29
89,100,51.31,123.13
100,89,51.31,123.13
89,101,25.0,60.0
101,89,25.0,60.0
89,102,127.29,305.52
102,89,127.29,305.52
89,103,120.98,290.34
103,89,120.98,290.34
89,104,79.26,190.23
104,89,79.26,190.23
89,105,81.26,195.03
105,89,81.26,195.03
89,106,92.11,221.07
106,89,92.11,221.07
89,107,79.67,191.2
107,89,79.67,191.2
89,108,95.81,229.93
108,89,95.81,229.93
89,109,88.13,211.51
109,89,88.13,211.51
89,110,128.55,308.52
110,89,128.55,308.52
89,111,85.2,204.5
111,89,85.2,204.5
89,112,99.25,238.2
112,89,99.25,238.2
89,113,133.77,321.05
113,89,133.77,321.05
89,114,92.84,222.81
114,89,92.84,222.81
89,115,55.28,132.67
115,89,55.28,132.67
89,116,104.38,250.52
116,89,104.38,250.52
89,117,87.71,210.5
117,89,87.71,210.5
89,118,98.13,235.51
118,89,98.13,235.51
89,119,103.85,249.23
119,89,103.85,249.23
89,120,88.47,212.34
120,89,88.47,212.34
89,121,28.42,68.2
121,89,28.42,68.2
89,122,74.72,179.32
122,89,74.72,179.32
89,123,88.6,212.64
123,89,88.6,212.64
89,124,9.74,23.37
124,89,9.74,23.37
89,125,55.16,132.39
125,89,55.16,132.39
89,126,17.79,42.69
126,89,17.79,42.69
89,127,112.09,269.02
127,89,112.09,269.02
89,128,85.34,204.81
128,89,85.34,204.81
89,129,47.57,114.18
129,89,47.57,114.18
89,130,79.84,191.62
130,89,79.84,191.62
89,131,104.36,250.47
131,89,104.36,250.47
89,132,65.38,156.91
132,89,65.38,156.91
89,133,35.88,86.11
133,89,35.88,86.11
89,134,45.32,108.77
134,89,45.32,108.77
89,135,114.68,275.22
135,89,114.68,275.22
89,136,100.61,241.45
136,89,100.61,241.45
89,137,12.19,29.26
137,89,12.19,29.26
89,138,94.67,227.2
138,89,94.67,227.2
89,139,97.63,234.32
139,89,97.63,234.32
89,140,81.39,195.34
140,89,81.39,195.34
89,141,47.17,113.2
141,89,47.17,113.2
89,142,12.87,30.9
142,89,12.87,30.9
89,143,30.06,72.14
143,89,30.06,72.14
89,144,48.42,116.21
144,89,48.42,116.21
89,145,97.0,232.79
145,89,97.0,232.79
89,146,95.5,229.21
146,89,95.5,229.21
89,147,91.34,219.19
147,89,91.34,219.19
89,148,52.0,124.79
148,89,52.0,124.79
89,149,83.89,201.33
149,89,83.89,201.33
89,150,68.76,165.02
150,89,68.76,165.02
90,91,57.07,136.96
91,90,57.07,136.96
90,92,115.03,276.06
92,90,115.03,276.06
90,93,118.18,283.64
93,90,118.18,283.64
90,94,74.39,178.52
94,90,74.39,178.52
90,95,76.34,183.22
95,90,76.34,183.22
90,96,63.89,153.33
96,90,63.89,153.33
90,97,105.84,254.02
97,90,105.84,254.02
90,98,44.14,105.93
98,90,44.14,105.93
90,99,12.02,28.85
99,90,12.02,28.85
90,100,57.43,137.82
100,90,57.43,137.82
90,101,31.12,74.69
101,90,31.12,74.69
90,102,133.41,320.21
102,90,133.41,320.21
90,103,127.1,305.03
103,90,127.1,305.03
90,104,86.95,208.69
104,90,86.95,208.69
90,105,87.38,209.72
105,90,87.38,209.72
90,106,99.73,239.36
106,90,99.73,239.36
90,107,80.1,192.24
107,90,80.1,192.24
90,108,101.93,244.62
108,90,101.93,244.62
90,109,94.12,225.89
109,90,94.12,225.89
90,110,134.67,323.21
110,90,134.67,323.21
90,111,87.08,208.98
111,90,87.08,208.98
90,112,105.37,252.89
112,90,105.37,252.89
90,113,139.89,335.74
113,90,139.89,335.74
90,114,94.4,226.55
114,90,94.4,226.55
90,115,61.4,147.36
115,90,61.4,147.36
90,116,110.5,265.21
116,90,110.5,265.21
90,117,88.15,211.55
117,90,88.15,211.55
90,118,104.25,250.2
118,90,104.25,250.2
90,119,109.97,263.92
119,90,109.97,263.92
90,120,94.59,227.03
120,90,94.59,227.03
90,121,28.35,68.03
121,90,28.35,68.03
90,122,80.84,194.01
122,90,80.84,194.01
90,123,96.35,231.25
123,90,96.35,231.25
90,124,12.93,31.03
124,90,12.93,31.03
90,125,61.28,147.08
125,90,61.28,147.08
90,126,13.61,32.66
126,90,13.61,32.66
90,127,118.21,283.71
127,90,118.21,283.71
90,128,93.11,223.46
128,90,93.11,223.46
90,129,54.5,130.81
129,90,54.5,130.81
90,130,86.29,207.09
130,90,86.29,207.09
90,131,110.48,265.16
131,90,110.48,265.16
90,132,73.05,175.32
132,90,73.05,175.32
90,133,42.0,100.8
133,90,42.0,100.8
90,134,53.09,127.41
134,90,53.09,127.41
90,135,120.8,289.91
135,90,120.8,289.91
90,136,106.73,256.14
136,90,106.73,256.14
90,137,8.06,19.36
137,90,8.06,19.36
90,138,97.25,233.38
138,90,97.25,233.38
90,139,105.37,252.9
139,90,105.37,252.9
90,140,87.51,210.03
140,90,87.51,210.03
90,141,54.88,131.7
141,90,54.88,131.7
90,142,12.35,29.64
142,90,12.35,29.64
90,143,36.88,88.5
143,90,36.88,88.5
90,144,55.25,132.59
144,90,55.25,132.59
90,145,103.12,247.48
145,90,103.12,247.48
90,146,99.66,239.16
146,90,99.66,239.16
90,147,92.31,221.52
147,90,92.31,221.52
90,148,52.58,126.19
148,90,52.58,126.19
90,149,91.56,219.75
149,90,91.56,219.75
90,150,76.3,183.11
150,90,76.3,183.11
91,92,83.48,200.37
92,91,83.48,200.37
91,93,92.06,220.94
93,91,92.06,220.94
91,94,101.01,242.43
94,91,101.01,242.43
91,95,88.7,212.87
95,91,88.7,212.87
91,96,23.08,55.39
96,91,23.08,55.39
91,97,60.28,144.67
97,91,60.28,144.67
91,98,80.15,192.36
98,91,80.15,192.36
91,99,60.16,144.38
99,91,60.16,144.38
91,100,54.65,131.16
100,91,54.65,131.16
91,101,40.22,96.53
101,91,40.22,96.53
91,102,104.65,251.17
102,91,104.65,251.17
91,103,96.08,230.58
103,91,96.08,230.58
91,104,37.64,90.33
104,91,37.64,90.33
91,105,71.86,172.46
105,91,71.86,172.46
91,106,50.67,121.6
106,91,50.67,121.6
91,107,102.52,246.06
107,91,102.52,246.06
91,108,97.6,234.23
108,91,97.6,234.23
91,109,97.41,233.79
109,91,97.41,233.79
91,110,105.91,254.17
110,91,105.91,254.17
91,111,103.44,248.25
111,91,103.44,248.25
91,112,104.73,251.35
112,91,104.73,251.35
91,113,109.0,261.59
113,91,109.0,261.59
91,114,110.14,264.35
114,91,110.14,264.35
91,115,36.06,86.54
115,91,36.06,86.54
91,116,74.96,179.91
116,91,74.96,179.91
91,117,109.42,262.6
117,91,109.42,262.6
91,118,90.45,217.08
118,91,90.45,217.08
91,119,103.71,248.9
119,91,103.71,248.9
91,120,73.51,176.43
120,91,73.51,176.43
91,121,66.61,159.86
121,91,66.61,159.86
91,122,75.6,181.43
122,91,75.6,181.43
91,123,40.16,96.39
123,91,40.16,96.39
91,124,47.57,114.16
124,91,47.57,114.16
91,125,66.1,158.65
125,91,66.1,158.65
91,126,60.7,145.67
126,91,60.7,145.67
91,127,92.94,223.05
127,91,92.94,223.05
91,128,37.58,90.19
128,91,37.58,90.19
91,129,25.59,61.43
129,91,25.59,61.43
91,130,46.09,110.62
130,91,46.09,110.62
91,131,73.87,177.28
131,91,73.87,177.28
91,132,27.26,65.41
132,91,27.26,65.41
91,133,56.89,136.53
133,91,56.89,136.53
91,134,13.36,32.06
134,91,13.36,32.06
91,135,77.16,185.18
135,91,77.16,185.18
91,136,71.35,171.23
136,91,71.35,171.23
91,137,57.64,138.34
137,91,57.64,138.34
91,138,110.31,264.75
138,91,110.31,264.75
91,139,52.84,126.82
139,91,52.84,126.82
91,140,67.96,163.1
140,91,67.96,163.1
91,141,4.05,9.71
141,91,4.05,9.71
91,142,53.09,127.41
142,91,53.09,127.41
91,143,29.86,71.65
143,91,29.86,71.65
91,144,26.3,63.11
144,91,26.3,63.11
91,145,64.4,154.57
145,91,64.4,154.57
91,146,109.34,262.42
146,91,109.34,262.42
91,147,111.88,268.52
147,91,111.88,268.52
91,148,80.46,193.1
148,91,80.46,193.1
91,149,34.55,82.92
149,91,34.55,82.92
91,150,19.53,46.87
150,91,19.53,46.87
92,93,14.12,33.9
93,92,14.12,33.9
92,94,99.94,239.86
94,92,99.94,239.86
92,95,80.89,194.15
95,92,80.89,194.15
92,96,61.96,148.69
96,92,61.96,148.69
92,97,26.6,63.83
97,92,26.6,63.83
92,98,103.94,249.47
98,92,103.94,249.47
92,99,128.3,307.93
99,92,128.3,307.93
92,100,64.49,154.76
100,92,64.49,154.76
92,101,86.18,206.83
101,92,86.18,206.83
92,102,22.03,52.88
102,92,22.03,52.88
92,103,12.7,30.49
103,92,12.7,30.49
92,104,49.03,117.68
104,92,49.03,117.68
92,105,41.97,100.72
105,92,41.97,100.72
92,106,40.57,97.37
106,92,40.57,97.37
92,107,95.45,229.09
107,92,95.45,229.09
92,108,62.3,149.53
108,92,62.3,149.53
92,109,70.33,168.79
109,92,70.33,168.79
92,110,22.89,54.93
110,92,22.89,54.93
92,111,87.79,210.68
111,92,87.79,210.68
92,112,69.33,166.4
112,92,69.33,166.4
92,113,26.37,63.28
113,92,26.37,63.28
92,114,89.36,214.46
114,92,89.36,214.46
92,115,56.75,136.21
115,92,56.75,136.21
92,116,9.95,23.89
116,92,9.95,23.89
92,117,96.83,232.39
117,92,96.83,232.39
92,118,42.02,100.84
118,92,42.02,100.84
92,119,64.88,155.7
119,92,64.88,155.7
92,120,29.5,70.81
120,92,29.5,70.81
92,121,106.26,255.01
121,92,106.26,255.01
92,122,55.61,133.45
122,92,55.61,133.45
92,123,65.34,156.82
123,92,65.34,156.82
92,124,116.96,280.72
124,92,116.96,280.72
92,125,70.09,168.21
125,92,70.09,168.21
92,126,129.54,310.89
126,92,129.54,310.89
92,127,16.48,39.56
127,92,16.48,39.56
92,128,62.47,149.93
128,92,62.47,149.93
92,129,66.72,160.13
129,92,66.72,160.13
92,130,37.4,89.76
130,92,37.4,89.76
92,131,11.7,28.08
131,92,11.7,28.08
92,132,56.24,134.97
132,92,56.24,134.97
92,133,83.91,201.38
133,92,83.91,201.38
92,134,75.26,180.62
134,92,75.26,180.62
92,135,18.46,44.3
135,92,18.46,44.3
92,136,12.63,30.3
136,92,12.63,30.3
92,137,124.33,298.38
137,92,124.33,298.38
92,138,86.52,207.64
138,92,86.52,207.64
92,139,48.21,115.7
139,92,48.21,115.7
92,140,36.27,87.06
140,92,36.27,87.06
92,141,81.47,195.53
141,92,81.47,195.53
92,142,122.77,294.65
142,92,122.77,294.65
92,143,82.73,198.56
143,92,82.73,198.56
92,144,65.74,157.77
144,92,65.74,157.77
92,145,19.98,47.96
145,92,19.98,47.96
92,146,82.88,198.91
146,92,82.88,198.91
92,147,95.61,229.46
147,92,95.61,229.46
92,148,96.01,230.41
148,92,96.01,230.41
92,149,73.52,176.46
149,92,73.52,176.46
92,150,81.43,195.43
150,92,81.43,195.43
93,94,93.12,223.49
94,93,93.12,223.49
93,95,74.46,178.69
95,93,74.46,178.69
93,96,69.51,166.83
96,93,69.51,166.83
93,97,39.81,95.55
97,93,39.81,95.55
93,98,101.08,242.59
98,93,101.08,242.59
93,99,131.79,316.3
99,93,131.79,316.3
93,100,64.25,154.19
100,93,64.25,154.19
93,101,88.83,213.2
101,93,88.83,213.2
93,102,16.99,40.77
102,93,16.99,40.77
93,103,14.38,34.52
103,93,14.38,34.52
93,104,60.17,144.4
104,93,60.17,144.4
93,105,37.19,89.25
105,93,37.19,89.25
93,106,53.31,127.94
106,93,53.31,127.94
93,107,87.91,210.99
107,93,87.91,210.99
93,108,51.97,124.73
108,93,51.97,124.73
93,109,61.26,147.02
109,93,61.26,147.02
93,110,19.75,47.39
110,93,19.75,47.39
93,111,79.31,190.35
111,93,79.31,190.35
93,112,58.53,140.48
112,93,58.53,140.48
93,113,25.1,60.25
113,93,25.1,60.25
93,114,79.9,191.77
114,93,79.9,191.77
93,115,61.57,147.77
115,93,61.57,147.77
93,116,23.43,56.23
116,93,23.43,56.23
93,117,88.28,211.86
117,93,88.28,211.86
93,118,31.46,75.5
118,93,31.46,75.5
93,119,53.33,127.98
119,93,53.33,127.98
93,120,26.14,62.73
120,93,26.14,62.73
93,121,105.91,254.19
121,93,105.91,254.19
93,122,50.16,120.38
122,93,50.16,120.38
93,123,78.06,187.36
123,93,78.06,187.36
93,124,121.14,290.74
124,93,121.14,290.74
93,125,67.46,161.92
125,93,67.46,161.92
93,126,133.12,319.5
126,93,133.12,319.5
93,127,2.5,6.01
127,93,2.5,6.01
93,128,74.88,179.71
128,93,74.88,179.71
93,129,72.5,174.0
129,93,72.5,174.0
93,130,46.84,112.41
130,93,46.84,112.41
93,131,25.26,60.63
131,93,25.26,60.63
93,132,65.22,156.52
132,93,65.22,156.52
93,133,83.59,200.62
133,93,83.59,200.62
93,134,82.43,197.84
134,93,82.43,197.84
93,135,32.36,77.66
135,93,32.36,77.66
93,136,25.01,60.02
136,93,25.01,60.02
93,137,127.67,306.43
137,93,127.67,306.43
93,138,76.74,184.18
138,93,76.74,184.18
93,139,61.65,147.97
139,93,61.65,147.97
93,140,33.62,80.68
140,93,33.62,80.68
93,141,89.6,215.05
141,93,89.6,215.05
93,142,126.77,304.24
142,93,126.77,304.24
93,143,86.99,208.78
143,93,86.99,208.78
93,144,71.5,171.6
144,93,71.5,171.6
93,145,31.98,76.76
145,93,31.98,76.76
93,146,72.89,174.94
146,93,72.89,174.94
93,147,86.52,207.65
147,93,86.52,207.65
93,148,92.36,221.66
148,93,92.36,221.66
93,149,85.83,205.98
149,93,85.83,205.98
93,150,92.28,221.48
150,93,92.28,221.48
94,95,16.68,40.02
95,94,16.68,40.02
94,96,86.84,208.42
96,94,86.84,208.42
94,97,104.53,250.86
97,94,104.53,250.86
94,98,30.33,72.78
98,94,30.33,72.78
94,99,89.05,213.71
99,94,89.05,213.71
94,100,49.89,119.72
100,94,49.89,119.72
94,101,63.1,151.44
101,94,63.1,151.44
94,102,102.06,244.94
102,94,102.06,244.94
94,103,102.96,247.11
103,94,102.96,247.11
94,104,102.47,245.92
104,94,102.47,245.92
94,105,55.38,132.9
105,94,55.38,132.9
94,106,108.38,260.09
106,94,108.38,260.09
94,107,7.37,17.68
107,94,7.37,17.68
94,108,43.18,103.63
108,94,43.18,103.63
94,109,31.69,76.05
109,94,31.69,76.05
94,110,107.18,257.23
110,94,107.18,257.23
94,111,17.48,41.95
111,94,17.48,41.95
94,112,41.33,99.18
112,94,41.33,99.18
94,113,112.77,270.65
113,94,112.77,270.65
94,114,23.84,57.21
114,94,23.84,57.21
94,115,72.88,174.91
115,94,72.88,174.91
94,116,98.79,237.08
116,94,98.79,237.08
94,117,14.38,34.51
117,94,14.38,34.51
94,118,58.81,141.13
118,94,58.81,141.13
94,119,48.33,115.99
119,94,48.33,115.99
94,120,67.84,162.82
120,94,67.84,162.82
94,121,49.05,117.73
121,94,49.05,117.73
94,122,41.87,100.48
122,94,41.87,100.48
94,123,123.08,295.38
123,94,123.08,295.38
94,124,86.92,208.62
124,94,86.92,208.62
94,125,37.92,91.0
125,94,37.92,91.0
94,126,90.6,217.44
126,94,90.6,217.44
94,127,86.69,208.05
127,94,86.69,208.05
94,128,118.53,284.47
128,94,118.53,284.47
94,129,78.04,187.28
129,94,78.04,187.28
94,130,90.6,217.43
130,94,90.6,217.43
94,131,99.78,239.49
131,94,99.78,239.49
94,132,93.23,223.74
132,94,93.23,223.74
94,133,44.77,107.46
133,94,44.77,107.46
94,134,88.29,211.89
134,94,88.29,211.89
94,135,111.41,267.39
135,94,111.41,267.39
94,136,96.24,230.96
136,94,96.24,230.96
94,137,85.42,205.0
137,94,85.42,205.0
94,138,27.43,65.82
138,94,27.43,65.82
94,139,118.59,284.62
139,94,118.59,284.62
94,140,62.06,148.94
140,94,62.06,148.94
94,141,96.99,232.77
141,94,96.99,232.77
94,142,89.19,214.05
142,94,89.19,214.05
94,143,72.31,173.54
143,94,72.31,173.54
94,144,77.8,186.73
144,94,77.8,186.73
94,145,96.67,232.01
145,94,96.67,232.01
94,146,30.06,72.13
146,94,30.06,72.13
94,147,19.03,45.66
147,94,19.03,45.66
94,148,23.22,55.73
148,94,23.22,55.73
94,149,124.59,299.01
149,94,124.59,299.01
94,150,117.02,280.85
150,94,117.02,280.85
95,96,71.9,172.55
96,95,71.9,172.55
95,97,87.85,210.84
97,95,87.85,210.84
95,98,34.54,82.9
98,95,34.54,82.9
95,99,88.36,212.07
99,95,88.36,212.07
95,100,34.67,83.21
100,95,34.67,83.21
95,101,54.51,130.83
101,95,54.51,130.83
95,102,86.75,208.21
102,95,86.75,208.21
95,103,87.65,210.38
103,95,87.65,210.38
95,104,86.13,206.71
104,95,86.13,206.71
95,105,39.01,93.62
105,95,39.01,93.62
95,106,91.78,220.28
106,95,91.78,220.28
95,107,15.96,38.3
107,95,15.96,38.3
95,108,30.85,74.04
108,95,30.85,74.04
95,109,19.9,47.77
109,95,19.9,47.77
95,110,91.87,220.5
110,95,91.87,220.5
95,111,14.87,35.69
111,95,14.87,35.69
95,112,31.0,74.41
112,95,31.0,74.41
95,113,97.46,233.92
113,95,97.46,233.92
95,114,22.12,53.09
114,95,22.12,53.09
95,115,57.24,137.38
115,95,57.24,137.38
95,116,82.29,197.5
116,95,82.29,197.5
95,117,21.16,50.77
117,95,21.16,50.77
95,118,43.5,104.4
118,95,43.5,104.4
95,119,37.37,89.69
119,95,37.37,89.69
95,120,51.5,123.61
120,95,51.5,123.61
95,121,49.45,118.69
121,95,49.45,118.69
95,122,25.41,60.97
122,95,25.41,60.97
95,123,106.92,256.62
123,95,106.92,256.62
95,124,83.57,200.57
124,95,83.57,200.57
95,125,22.69,54.45
125,95,22.69,54.45
95,126,89.95,215.87
126,95,89.95,215.87
95,127,71.38,171.32
127,95,71.38,171.32
95,128,102.37,245.7
128,95,102.37,245.7
95,129,64.15,153.95
129,95,64.15,153.95
95,130,74.04,177.69
130,95,74.04,177.69
95,131,83.26,199.83
131,95,83.26,199.83
95,132,77.3,185.52
132,95,77.3,185.52
95,133,36.57,87.76
133,95,36.57,87.76
95,134,75.48,181.15
134,95,75.48,181.15
95,135,94.89,227.75
135,95,94.89,227.75
95,136,79.68,191.23
136,95,79.68,191.23
95,137,84.34,202.41
137,95,84.34,202.41
95,138,23.4,56.17
138,95,23.4,56.17
95,139,102.04,244.89
139,95,102.04,244.89
95,140,45.53,109.27
140,95,45.53,109.27
95,141,84.66,203.17
141,95,84.66,203.17
95,142,86.97,208.74
142,95,86.97,208.74
95,143,62.11,149.07
143,95,62.11,149.07
95,144,63.74,152.98
144,95,63.74,152.98
95,145,80.02,192.04
145,95,80.02,192.04
95,146,24.13,57.92
146,95,24.13,57.92
95,147,23.2,55.68
147,95,23.2,55.68
95,148,24.53,58.86
148,95,24.53,58.86
95,149,108.99,261.59
149,95,108.99,261.59
95,150,103.05,247.31
150,95,103.05,247.31
96,97,42.92,103.01
97,96,42.92,103.01
96,98,71.78,172.27
98,96,71.78,172.27
96,99,70.7,169.67
99,96,70.7,169.67
96,100,37.31,89.54
100,96,37.31,89.54
96,101,35.76,85.83
101,96,35.76,85.83
96,102,82.65,198.37
102,96,82.65,198.37
96,103,74.65,179.17
103,96,74.65,179.17
96,104,23.27,55.85
104,96,23.27,55.85
96,105,50.31,120.73
105,96,50.31,120.73
96,106,35.87,86.09
106,96,35.87,86.09
96,107,86.98,208.76
107,96,86.98,208.76
96,108,76.05,182.5
108,96,76.05,182.5
96,109,75.86,182.06
109,96,75.86,182.06
96,110,83.91,201.37
110,96,83.91,201.37
96,111,85.97,206.31
111,96,85.97,206.31
96,112,83.18,199.62
112,96,83.18,199.62
96,113,88.21,211.71
113,96,88.21,211.71
96,114,91.46,219.49
114,96,91.46,219.49
96,115,15.0,35.99
115,96,15.0,35.99
96,116,54.21,130.11
116,96,54.21,130.11
96,117,93.05,223.32
117,96,93.05,223.32
96,118,68.9,165.35
118,96,68.9,165.35
96,119,82.16,197.17
119,96,82.16,197.17
96,120,50.92,122.22
120,96,50.92,122.22
96,121,63.14,151.54
121,96,63.14,151.54
96,122,54.05,129.7
122,96,54.05,129.7
96,123,38.1,91.43
123,96,38.1,91.43
96,124,58.32,139.97
124,96,58.32,139.97
96,125,49.44,118.67
125,96,49.44,118.67
96,126,71.67,172.0
126,96,71.67,172.0
96,127,70.26,168.62
127,96,70.26,168.62
96,128,33.81,81.15
128,96,33.81,81.15
96,129,10.42,25.01
129,96,10.42,25.01
96,130,25.32,60.76
130,96,25.32,60.76
96,131,53.37,128.09
131,96,53.37,128.09
96,132,9.3,22.32
132,96,9.3,22.32
96,133,46.58,111.8
133,96,46.58,111.8
96,134,13.36,32.05
134,96,13.36,32.05
96,135,59.8,143.52
135,96,59.8,143.52
96,136,50.41,120.97
136,96,50.41,120.97
96,137,67.21,161.31
137,96,67.21,161.31
96,138,90.69,217.64
138,96,90.69,217.64
96,139,42.14,101.14
139,96,42.14,101.14
96,140,46.41,111.37
140,96,46.41,111.37
96,141,20.2,48.47
141,96,20.2,48.47
96,142,64.27,154.24
142,96,64.27,154.24
96,143,27.19,65.25
143,96,27.19,65.25
96,144,10.11,24.26
144,96,10.11,24.26
96,145,44.02,105.64
145,96,44.02,105.64
96,146,88.87,213.29
146,96,88.87,213.29
96,147,94.87,227.68
147,96,94.87,227.68
96,148,69.31,166.34
148,96,69.31,166.34
96,149,37.88,90.92
149,96,37.88,90.92
96,150,31.57,75.77
150,96,31.57,75.77
97,98,102.77,246.64
98,97,102.77,246.64
97,99,114.41,274.59
99,97,114.41,274.59
97,100,61.6,147.85
100,97,61.6,147.85
97,101,75.67,181.6
101,97,75.67,181.6
97,102,48.57,116.6
102,97,48.57,116.6
97,103,37.32,89.57
103,97,37.32,89.57
97,104,24.94,59.86
104,97,24.94,59.86
97,105,51.13,122.71
105,97,51.13,122.71
97,106,14.18,34.03
106,97,14.18,34.03
97,107,103.65,248.76
107,97,103.65,248.76
97,108,77.35,185.63
108,97,77.35,185.63
97,109,82.92,199.0
109,97,82.92,199.0
97,110,47.4,113.75
110,97,47.4,113.75
97,111,98.16,235.61
111,97,98.16,235.61
97,112,84.8,203.52
112,97,84.8,203.52
97,113,49.15,117.96
113,97,49.15,117.96
97,114,101.58,243.81
114,97,101.58,243.81
97,115,45.12,108.3
115,97,45.12,108.3
97,116,16.65,39.95
116,97,16.65,39.95
97,117,106.95,256.68
117,97,106.95,256.68
97,118,59.86,143.67
118,97,59.86,143.67
97,119,82.49,197.98
119,97,82.49,197.98
97,120,40.47,97.14
120,97,40.47,97.14
97,121,100.21,240.5
121,97,100.21,240.5
97,122,63.35,152.04
122,97,63.35,152.04
97,123,38.8,93.13
123,97,38.8,93.13
97,124,102.18,245.24
124,97,102.18,245.24
97,125,70.97,170.33
125,97,70.97,170.33
97,126,115.44,277.07
126,97,115.44,277.07
97,127,41.82,100.37
127,97,41.82,100.37
97,128,36.13,86.71
128,97,36.13,86.71
97,129,51.83,124.39
129,97,51.83,124.39
97,130,19.68,47.22
130,97,19.68,47.22
97,131,14.9,35.77
131,97,14.9,35.77
97,132,35.93,86.23
132,97,35.93,86.23
97,133,79.19,190.05
133,97,79.19,190.05
97,134,56.93,136.62
134,97,56.93,136.62
97,135,16.88,40.52
135,97,16.88,40.52
97,136,14.9,35.75
136,97,14.9,35.75
97,137,110.79,265.9
137,97,110.79,265.9
97,138,99.52,238.85
138,97,99.52,238.85
97,139,21.85,52.45
139,97,21.85,52.45
97,140,43.7,104.88
140,97,43.7,104.88
97,141,61.04,146.5
141,97,61.04,146.5
97,142,108.13,259.52
142,97,108.13,259.52
97,143,69.43,166.63
143,97,69.43,166.63
97,144,50.98,122.36
144,97,50.98,122.36
97,145,9.17,22.01
145,97,9.17,22.01
97,146,96.47,231.54
146,97,96.47,231.54
97,147,106.84,256.41
147,97,106.84,256.41
97,148,96.74,232.18
148,97,96.74,232.18
97,149,47.2,113.28
149,97,47.2,113.28
97,150,56.62,135.88
150,97,56.62,135.88
98,99,58.82,141.16
99,98,58.82,141.16
98,100,41.19,98.87
100,98,41.19,98.87
98,101,39.95,95.88
101,98,39.95,95.88
98,102,117.08,280.98
102,98,117.08,280.98
98,103,113.84,273.23
103,98,113.84,273.23
98,104,92.42,221.82
104,98,92.42,221.82
98,105,63.93,153.43
105,98,63.93,153.43
98,106,101.91,244.59
106,98,101.91,244.59
98,107,36.26,87.04
107,98,36.26,87.04
98,108,64.97,155.92
108,98,64.97,155.92
98,109,54.4,130.56
109,98,54.4,130.56
98,110,119.99,287.96
110,98,119.99,287.96
98,111,43.18,103.63
111,98,43.18,103.63
98,112,65.54,157.31
112,98,65.54,157.31
98,113,125.21,300.49
113,98,125.21,300.49
98,114,50.5,121.2
114,98,50.5,121.2
98,115,60.81,145.94
115,98,60.81,145.94
98,116,102.42,245.81
116,98,102.42,245.81
98,117,44.25,106.2
117,98,44.25,106.2
98,118,73.83,177.17
118,98,73.83,177.17
98,119,71.85,172.44
119,98,71.85,172.44
98,120,75.35,180.84
120,98,75.35,180.84
98,121,19.09,45.81
121,98,19.09,45.81
98,122,51.79,124.3
122,98,51.79,124.3
98,123,109.87,263.7
123,98,109.87,263.7
98,124,57.58,138.2
124,98,57.58,138.2
98,125,33.88,81.32
125,98,33.88,81.32
98,126,60.36,144.86
126,98,60.36,144.86
98,127,99.89,239.74
127,98,99.89,239.74
98,128,105.56,253.34
128,98,105.56,253.34
98,129,61.59,147.82
129,98,61.59,147.82
98,130,84.28,202.27
130,98,84.28,202.27
98,131,102.87,246.89
131,98,102.87,246.89
98,132,80.0,191.99
132,98,80.0,191.99
98,133,25.24,60.57
133,98,25.24,60.57
98,134,68.99,165.57
134,98,68.99,165.57
98,135,114.07,273.77
135,98,114.07,273.77
98,136,99.04,237.69
136,98,99.04,237.69
98,137,55.28,132.68
137,98,55.28,132.68
98,138,53.35,128.03
138,98,53.35,128.03
98,139,110.93,266.22
139,98,110.93,266.22
98,140,68.03,163.28
140,98,68.03,163.28
98,141,76.36,183.26
141,98,76.36,183.26
98,142,59.34,142.41
142,98,59.34,142.41
98,143,50.3,120.72
143,98,50.3,120.72
98,144,61.73,148.16
144,98,61.73,148.16
98,145,96.95,232.68
145,98,96.95,232.68
98,146,55.76,133.81
146,98,55.76,133.81
98,147,48.41,116.17
147,98,48.41,116.17
98,148,10.06,24.14
148,98,10.06,24.14
98,149,108.99,261.57
149,98,108.99,261.57
98,150,98.32,235.97
150,98,98.32,235.97
99,100,67.58,162.18
100,99,67.58,162.18
99,101,41.27,99.05
101,99,41.27,99.05
99,102,143.56,344.57
102,99,143.56,344.57
99,103,137.25,329.39
103,99,137.25,329.39
99,104,93.17,223.61
104,99,93.17,223.61
99,105,97.53,234.08
105,99,97.53,234.08
99,106,106.27,255.05
106,99,106.27,255.05
99,107,91.58,219.79
107,99,91.58,219.79
99,108,112.08,268.98
108,99,112.08,268.98
99,109,104.4,250.56
109,99,104.4,250.56
99,110,144.82,347.57
110,99,144.82,347.57
99,111,98.56,236.53
111,99,98.56,236.53
99,112,115.52,277.25
112,99,115.52,277.25
99,113,150.04,360.1
113,99,150.04,360.1
99,114,105.88,254.1
114,99,105.88,254.1
99,115,71.55,171.72
115,99,71.55,171.72
99,116,120.65,289.57
116,99,120.65,289.57
99,117,99.63,239.1
117,99,99.63,239.1
99,118,114.4,274.56
118,99,114.4,274.56
99,119,120.12,288.28
119,99,120.12,288.28
99,120,104.74,251.39
120,99,104.74,251.39
99,121,40.05,96.11
121,99,40.05,96.11
99,122,90.99,218.37
122,99,90.99,218.37
99,123,100.25,240.6
123,99,100.25,240.6
99,124,12.69,30.46
124,99,12.69,30.46
99,125,71.43,171.44
125,99,71.43,171.44
99,126,1.59,3.81
126,99,1.59,3.81
99,127,128.36,308.07
127,99,128.36,308.07
99,128,97.39,233.76
128,99,97.39,233.76
99,129,62.75,150.61
129,99,62.75,150.61
99,130,95.03,228.08
130,99,95.03,228.08
99,131,120.63,289.52
131,99,120.63,289.52
99,132,79.54,190.9
132,99,79.54,190.9
99,133,52.15,125.16
133,99,52.15,125.16
99,134,58.73,140.96
134,99,58.73,140.96
99,135,130.36,312.86
135,99,130.36,312.86
99,136,116.88,280.5
136,99,116.88,280.5
99,137,4.25,10.2
137,99,4.25,10.2
99,138,108.73,260.93
138,99,108.73,260.93
99,139,110.99,266.38
139,99,110.99,266.38
99,140,97.66,234.39
140,99,97.66,234.39
99,141,58.68,140.84
141,99,58.68,140.84
99,142,7.12,17.08
142,99,7.12,17.08
99,143,45.67,109.61
143,99,45.67,109.61
99,144,63.65,152.77
144,99,63.65,152.77
99,145,113.1,271.43
145,99,113.1,271.43
99,146,111.14,266.71
146,99,111.14,266.71
99,147,103.79,249.07
147,99,103.79,249.07
99,148,64.06,153.74
148,99,64.06,153.74
99,149,94.53,226.88
149,99,94.53,226.88
99,150,78.5,188.4
150,99,78.5,188.4
100,101,27.89,66.94
101,100,27.89,66.94
100,102,80.92,194.22
102,100,80.92,194.22
100,103,75.49,181.18
103,100,75.49,181.18
100,104,53.74,128.97
104,100,53.74,128.97
100,105,29.98,71.94
105,100,29.98,71.94
100,106,61.64,147.93
106,100,61.64,147.93
100,107,49.68,119.24
107,100,49.68,119.24
100,108,47.93,115.03
108,100,47.93,115.03
100,109,43.41,104.19
109,100,43.41,104.19
100,110,82.18,197.22
110,100,82.18,197.22
100,111,49.1,117.84
111,100,49.1,117.84
100,112,53.08,127.38
112,100,53.08,127.38
100,113,87.4,209.75
113,100,87.4,209.75
100,114,55.58,133.39
114,100,55.58,133.39
100,115,23.0,55.2
115,100,23.0,55.2
100,116,61.82,148.38
116,100,61.82,148.38
100,117,55.79,133.89
117,100,55.79,133.89
100,118,47.72,114.52
118,100,47.72,114.52
100,119,56.06,134.55
119,100,56.06,134.55
100,120,38.24,91.77
120,100,38.24,91.77
100,121,41.88,100.5
121,100,41.88,100.5
100,122,24.83,59.59
122,100,24.83,59.59
100,123,73.49,176.38
123,100,73.49,176.38
100,124,61.43,147.43
124,100,61.43,147.43
100,125,12.14,29.14
125,100,12.14,29.14
100,126,71.69,172.05
126,100,71.69,172.05
100,127,63.61,152.67
127,100,63.61,152.67
100,128,68.96,165.52
128,100,68.96,165.52
100,129,29.58,70.99
129,100,29.58,70.99
100,130,44.01,105.61
130,100,44.01,105.61
100,131,62.13,149.11
131,100,62.13,149.11
100,132,43.34,104.02
132,100,43.34,104.02
100,133,19.48,46.75
133,100,19.48,46.75
100,134,41.31,99.14
134,100,41.31,99.14
100,135,73.11,175.47
135,100,73.11,175.47
100,136,58.29,139.9
136,100,58.29,139.9
100,137,65.97,158.33
137,100,65.97,158.33
100,138,55.66,133.6
138,100,55.66,133.6
100,139,71.3,171.12
139,100,71.3,171.12
100,140,30.85,74.03
140,100,30.85,74.03
100,141,50.65,121.56
141,100,50.65,121.56
100,142,66.37,159.3
142,100,66.37,159.3
100,143,31.44,75.46
143,100,31.44,75.46
100,144,29.13,69.9
144,100,29.13,69.9
100,145,55.82,133.96
145,100,55.82,133.96
100,146,54.75,131.4
146,100,54.75,131.4
100,147,57.78,138.68
147,100,57.78,138.68
100,148,35.45,85.07
148,100,35.45,85.07
100,149,74.79,179.51
149,100,74.79,179.51
100,150,68.38,164.11
150,100,68.38,164.11
101,102,102.3,245.56
102,101,102.3,245.56
101,103,95.99,230.38
103,101,95.99,230.38
101,104,58.73,140.95
104,101,58.73,140.95
101,105,57.39,137.75
105,101,57.39,137.75
101,106,70.53,169.28
106,101,70.53,169.28
101,107,65.93,158.22
107,101,65.93,158.22
101,108,74.84,179.61
108,101,74.84,179.61
101,109,68.59,164.62
109,101,68.59,164.62
101,110,103.56,248.56
110,101,103.56,248.56
101,111,69.23,166.15
111,101,69.23,166.15
101,112,79.19,190.05
112,101,79.19,190.05
101,113,108.78,261.09
113,101,108.78,261.09
101,114,76.63,183.9
114,101,76.63,183.9
101,115,30.68,73.63
115,101,30.68,73.63
101,116,79.39,190.56
116,101,79.39,190.56
101,117,73.53,176.48
117,101,73.53,176.48
101,118,75.55,181.3
118,101,75.55,181.3
101,119,82.99,199.17
119,101,82.99,199.17
101,120,63.74,152.99
120,101,63.74,152.99
101,121,27.7,66.49
121,101,27.7,66.49
101,122,52.43,125.83
122,101,52.43,125.83
101,123,72.86,174.85
123,101,72.86,174.85
101,124,33.6,80.63
124,101,33.6,80.63
101,125,34.56,82.94
125,101,34.56,82.94
101,126,44.51,106.83
126,101,44.51,106.83
101,127,87.1,209.06
127,101,87.1,209.06
101,128,68.86,165.26
128,101,68.86,165.26
101,129,25.5,61.2
129,101,25.5,61.2
101,130,56.02,134.44
130,101,56.02,134.44
101,131,79.37,190.51
131,101,79.37,190.51
101,132,44.95,107.88
132,101,44.95,107.88
101,133,18.46,44.29
133,101,18.46,44.29
101,134,29.71,71.3
134,101,29.71,71.3
101,135,89.69,215.26
135,101,89.69,215.26
101,136,75.62,181.49
136,101,75.62,181.49
101,137,38.94,93.46
137,101,38.94,93.46
101,138,77.77,186.64
138,101,77.77,186.64
101,139,77.73,186.56
139,101,77.73,186.56
101,140,56.91,136.59
140,101,56.91,136.59
101,141,36.48,87.54
141,101,36.48,87.54
101,142,38.72,92.92
142,101,38.72,92.92
101,143,10.42,25.02
143,101,10.42,25.02
101,144,26.05,62.52
144,101,26.05,62.52
101,145,72.01,172.83
145,101,72.01,172.83
101,146,77.87,186.89
146,101,77.87,186.89
101,147,76.77,184.24
147,101,76.77,184.24
101,148,41.08,98.61
148,101,41.08,98.61
101,149,70.61,169.47
149,101,70.61,169.47
101,150,58.72,140.93
150,101,58.72,140.93
102,103,13.59,32.61
103,102,13.59,32.61
102,104,73.51,176.44
104,102,73.51,176.44
102,105,53.22,127.72
105,102,53.22,127.72
102,106,64.67,155.22
106,102,64.67,155.22
102,107,101.2,242.88
107,102,101.2,242.88
102,108,63.19,151.67
108,102,63.19,151.67
102,109,73.63,176.71
109,102,73.63,176.71
102,110,6.98,16.75
110,102,6.98,16.75
102,111,91.87,220.5
111,102,91.87,220.5
102,112,68.83,165.18
112,102,68.83,165.18
102,113,11.9,28.57
113,102,11.9,28.57
102,114,91.39,219.34
114,102,91.39,219.34
102,115,78.23,187.74
115,102,78.23,187.74
102,116,34.18,82.04
116,102,34.18,82.04
102,117,100.6,241.45
117,102,100.6,241.45
102,118,43.69,104.86
118,102,43.69,104.86
102,119,62.63,150.32
119,102,62.63,150.32
102,120,42.88,102.92
120,102,42.88,102.92
102,121,122.63,294.32
121,102,122.63,294.32
102,122,65.55,157.33
122,102,65.55,157.33
102,123,89.29,214.28
123,102,89.29,214.28
102,124,138.01,331.24
124,102,138.01,331.24
102,125,83.76,201.03
125,102,83.76,201.03
102,126,150.07,360.17
126,102,150.07,360.17
102,127,17.5,42.0
127,102,17.5,42.0
102,128,86.63,207.91
128,102,86.63,207.91
102,129,88.96,213.5
129,102,88.96,213.5
102,130,61.49,147.57
130,102,61.49,147.57
102,131,35.77,85.86
131,102,35.77,85.86
102,132,80.25,192.6
132,102,80.25,192.6
102,133,100.37,240.89
133,102,100.37,240.89
102,134,98.44,236.26
134,102,98.44,236.26
102,135,38.02,91.25
135,102,38.02,91.25
102,136,37.11,89.06
136,102,37.11,89.06
102,137,144.63,347.13
137,102,144.63,347.13
102,138,87.91,210.98
138,102,87.91,210.98
102,139,71.48,171.55
139,102,71.48,171.55
102,140,50.33,120.8
140,102,50.33,120.8
102,141,105.19,252.45
141,102,105.19,252.45
102,142,143.67,344.8
142,102,143.67,344.8
102,143,103.82,249.16
143,102,103.82,249.16
102,144,87.96,211.1
144,102,87.96,211.1
102,145,44.46,106.71
145,102,44.46,106.71
102,146,83.88,201.31
146,102,83.88,201.31
102,147,98.3,235.94
147,102,98.3,235.94
102,148,108.07,259.38
148,102,108.07,259.38
102,149,97.7,234.48
149,102,97.7,234.48
102,150,105.91,254.19
150,102,105.91,254.19
103,104,61.01,146.42
104,103,61.01,146.42
103,105,50.4,120.97
105,103,50.4,120.97
103,106,51.5,123.6
106,103,51.5,123.6
103,107,102.09,245.01
107,103,102.09,245.01
103,108,65.68,157.64
108,103,65.68,157.64
103,109,75.25,180.59
109,103,75.25,180.59
103,110,10.32,24.77
110,103,10.32,24.77
103,111,93.37,224.08
111,103,93.37,224.08
103,112,72.04,172.9
112,103,72.04,172.9
103,113,13.74,32.98
113,103,13.74,32.98
103,114,93.75,225.0
114,103,93.75,225.0
103,115,69.23,166.15
115,103,69.23,166.15
103,116,21.47,51.53
116,103,21.47,51.53
103,117,102.3,245.52
117,103,102.3,245.52
103,118,45.28,108.67
118,103,45.28,108.67
103,119,66.54,159.71
119,103,66.54,159.71
103,120,38.5,92.41
120,103,38.5,92.41
103,121,117.37,281.68
121,103,117.37,281.68
103,122,63.75,153.0
122,103,63.75,153.0
103,123,75.96,182.29
123,103,75.96,182.29
103,124,129.44,310.65
124,103,129.44,310.65
103,125,80.0,192.0
125,103,80.0,192.0
103,126,141.91,340.6
126,103,141.91,340.6
103,127,16.07,38.57
127,103,16.07,38.57
103,128,73.44,176.25
128,103,73.44,176.25
103,129,79.35,190.44
129,103,79.35,190.44
103,130,49.99,119.97
130,103,49.99,119.97
103,131,22.89,54.94
131,103,22.89,54.94
103,132,68.82,165.17
132,103,68.82,165.17
103,133,94.97,227.93
133,103,94.97,227.93
103,134,87.96,211.11
134,103,87.96,211.11
103,135,24.46,58.71
135,103,24.46,58.71
103,136,24.82,59.58
136,103,24.82,59.58
103,137,136.65,327.95
137,103,136.65,327.95
103,138,90.51,217.24
138,103,90.51,217.24
103,139,57.98,139.15
139,103,57.98,139.15
103,140,45.83,109.98
140,103,45.83,109.98
103,141,94.12,225.89
141,103,94.12,225.89
103,142,135.22,324.52
142,103,135.22,324.52
103,143,95.18,228.43
143,103,95.18,228.43
103,144,78.37,188.08
144,103,78.37,188.08
103,145,32.05,76.91
145,103,32.05,76.91
103,146,86.61,207.88
146,103,86.61,207.88
103,147,100.44,241.06
147,103,100.44,241.06
103,148,105.44,253.06
148,103,105.44,253.06
103,149,84.5,202.81
149,103,84.5,202.81
103,150,93.35,224.04
150,103,93.35,224.04
104,105,56.55,135.71
105,104,56.55,135.71
104,106,13.27,31.85
106,104,13.27,31.85
104,107,101.49,243.56
107,104,101.49,243.56
104,108,83.73,200.94
108,104,83.73,200.94
104,109,86.94,208.64
109,104,86.94,208.64
104,110,69.56,166.95
110,104,69.56,166.95
104,111,98.93,237.44
111,104,98.93,237.44
104,112,91.18,218.83
112,104,91.18,218.83
104,113,71.57,171.77
113,104,71.57,171.77
104,114,103.92,249.42
114,104,103.92,249.42
104,115,31.66,75.99
115,104,31.66,75.99
104,116,38.15,91.56
116,104,38.15,91.56
104,117,106.66,255.98
117,104,106.66,255.98
104,118,71.12,170.69
118,104,71.12,170.69
104,119,89.84,215.61
119,104,89.84,215.61
104,120,50.19,120.46
120,104,50.19,120.46
104,121,85.67,205.6
121,104,85.67,205.6
104,122,65.2,156.48
122,104,65.2,156.48
104,123,21.67,52.0
123,104,21.67,52.0
104,124,80.6,193.44
124,104,80.6,193.44
104,125,64.95,155.87
125,104,64.95,155.87
104,126,94.04,225.71
126,104,94.04,225.71
104,127,61.64,147.95
127,104,61.64,147.95
104,128,17.31,41.54
128,104,17.31,41.54
104,129,33.24,79.78
129,104,33.24,79.78
104,130,15.09,36.22
130,104,15.09,36.22
104,131,36.55,87.72
131,104,36.55,87.72
104,132,13.98,33.54
132,104,13.98,33.54
104,133,67.31,161.54
133,104,67.31,161.54
104,134,34.46,82.71
134,104,34.46,82.71
104,135,39.73,95.36
135,104,39.73,95.36
104,136,35.65,85.56
136,104,35.65,85.56
104,137,89.87,215.69
137,104,89.87,215.69
104,138,102.73,246.56
138,104,102.73,246.56
104,139,19.01,45.63
139,104,19.01,45.63
104,140,49.62,119.08
140,104,49.62,119.08
104,141,36.92,88.61
141,104,36.92,88.61
104,142,86.51,207.63
142,104,86.51,207.63
104,143,50.45,121.09
143,104,50.45,121.09
104,144,32.68,78.44
144,104,32.68,78.44
104,145,28.64,68.74
145,104,28.64,68.74
104,146,100.45,241.09
146,104,100.45,241.09
104,147,107.89,258.95
147,104,107.89,258.95
104,148,88.53,212.46
148,104,88.53,212.46
104,149,26.96,64.71
149,104,26.96,64.71
104,150,32.4,77.75
150,104,32.4,77.75
105,106,58.15,139.56
106,105,58.15,139.56
105,107,54.0,129.6
107,105,54.0,129.6
105,108,27.18,65.24
108,105,27.18,65.24
105,109,31.85,76.43
109,105,31.85,76.43
105,110,56.33,135.18
110,105,56.33,135.18
105,111,47.39,113.74
111,105,47.39,113.74
105,112,34.63,83.13
112,105,34.63,83.13
105,113,61.55,147.71
113,105,61.55,147.71
105,114,50.47,121.12
114,105,50.47,121.12
105,115,38.38,92.12
115,105,38.38,92.12
105,116,43.49,104.37
116,105,43.49,104.37
105,117,56.33,135.19
117,105,56.33,135.19
105,118,18.94,45.44
118,105,18.94,45.44
105,119,33.29,79.91
119,105,33.29,79.91
105,120,12.5,30.0
120,105,12.5,30.0
105,121,70.02,168.05
121,105,70.02,168.05
105,122,13.64,32.74
122,105,13.64,32.74
105,123,78.2,187.67
123,105,78.2,187.67
105,124,90.97,218.32
124,105,90.97,218.32
105,125,30.59,73.41
125,105,30.59,73.41
105,126,101.6,243.83
126,105,101.6,243.83
105,127,35.96,86.31
127,105,35.96,86.31
105,128,73.85,177.25
128,105,73.85,177.25
105,129,49.59,119.02
129,105,49.59,119.02
105,130,41.95,100.69
130,105,41.95,100.69
105,131,44.57,106.97
131,105,44.57,106.97
105,132,52.95,127.07
132,105,52.95,127.07
105,133,48.19,115.65
133,105,48.19,115.65
105,134,61.8,148.32
134,105,61.8,148.32
105,135,56.16,134.78
135,105,56.16,134.78
105,136,41.13,98.72
136,105,41.13,98.72
105,137,95.9,230.16
137,105,95.9,230.16
105,138,48.41,116.19
138,105,48.41,116.19
105,139,68.65,164.77
139,105,68.65,164.77
105,140,7.47,17.93
140,105,7.47,17.93
105,141,70.83,170.0
141,105,70.83,170.0
105,142,96.09,230.63
142,105,96.09,230.63
105,143,58.78,141.07
143,105,58.78,141.07
105,144,48.71,116.91
144,105,48.71,116.91
105,145,42.53,102.08
145,105,42.53,102.08
105,146,45.47,109.13
146,105,45.47,109.13
105,147,55.88,134.1
147,105,55.88,134.1
105,148,55.18,132.43
148,105,55.18,132.43
105,149,82.84,198.83
149,105,82.84,198.83
105,150,82.32,197.57
150,105,82.32,197.57
106,107,107.74,258.58
107,106,107.74,258.58
106,108,84.53,202.87
108,106,84.53,202.87
106,109,89.61,215.06
109,106,89.61,215.06
106,110,59.65,143.16
110,106,59.65,143.16
106,111,103.51,248.41
111,106,103.51,248.41
106,112,91.98,220.76
112,106,91.98,220.76
106,113,61.66,147.98
113,106,61.66,147.98
106,114,107.76,258.62
114,106,107.76,258.62
106,115,41.55,99.72
115,106,41.55,99.72
106,116,28.24,67.77
116,106,28.24,67.77
106,117,111.94,268.65
117,106,111.94,268.65
106,118,68.14,163.55
118,106,68.14,163.55
106,119,90.36,216.85
119,106,90.36,216.85
106,120,47.99,115.18
120,106,47.99,115.18
106,121,96.8,232.33
121,106,96.8,232.33
106,122,68.81,165.15
122,106,68.81,165.15
106,123,24.8,59.52
123,106,24.8,59.52
106,124,93.74,224.97
124,106,93.74,224.97
106,125,72.54,174.09
125,106,72.54,174.09
106,126,107.17,257.21
126,106,107.17,257.21
106,127,52.5,126.0
127,106,52.5,126.0
106,128,21.96,52.7
128,106,21.96,52.7
106,129,45.3,108.72
129,106,45.3,108.72
106,130,17.84,42.82
130,106,17.84,42.82
106,131,26.64,63.93
131,106,26.64,63.93
106,132,26.76,64.23
132,106,26.76,64.23
106,133,77.27,185.45
133,106,77.27,185.45
106,134,47.64,114.33
134,106,47.64,114.33
106,135,29.82,71.57
135,106,29.82,71.57
106,136,25.74,61.77
136,106,25.74,61.77
106,137,102.91,246.98
137,106,102.91,246.98
106,138,106.11,254.68
138,106,106.11,254.68
106,139,10.51,25.23
139,106,10.51,25.23
106,140,50.3,120.72
140,106,50.3,120.72
106,141,50.13,120.31
141,106,50.13,120.31
106,142,99.67,239.2
142,106,99.67,239.2
106,143,62.86,150.86
143,106,62.86,150.86
106,144,44.63,107.1
144,106,44.63,107.1
106,145,18.73,44.95
145,106,18.73,44.95
106,146,103.24,247.78
146,106,103.24,247.78
106,147,112.39,269.74
147,106,112.39,269.74
106,148,97.15,233.16
148,106,97.15,233.16
106,149,33.03,79.27
149,106,33.03,79.27
106,150,42.95,103.08
150,106,42.95,103.08
107,108,39.28,94.28
108,107,39.28,94.28
107,109,27.96,67.1
109,107,27.96,67.1
107,110,104.99,251.97
110,107,104.99,251.97
107,111,10.74,25.78
111,107,10.74,25.78
107,112,36.36,87.26
112,107,36.36,87.26
107,113,110.58,265.39
113,107,110.58,265.39
107,114,16.54,39.69
114,107,16.54,39.69
107,115,71.47,171.53
115,107,71.47,171.53
107,116,97.24,233.37
116,107,97.24,233.37
107,117,8.1,19.43
117,107,8.1,19.43
107,118,56.62,135.87
118,107,56.62,135.87
107,119,43.52,104.44
119,107,43.52,104.44
107,120,66.29,159.11
120,107,66.29,159.11
107,121,54.45,130.69
121,107,54.45,130.69
107,122,40.32,96.77
122,107,40.32,96.77
107,123,121.53,291.67
123,107,121.53,291.67
107,124,91.63,219.92
124,107,91.63,219.92
107,125,36.44,87.46
125,107,36.44,87.46
107,126,96.06,230.54
126,107,96.06,230.54
107,127,84.5,202.79
127,107,84.5,202.79
107,128,116.98,280.76
128,107,116.98,280.76
107,129,77.66,186.37
129,107,77.66,186.37
107,130,89.05,213.72
130,107,89.05,213.72
107,131,98.23,235.78
131,107,98.23,235.78
107,132,91.69,220.05
132,107,91.69,220.05
107,133,47.0,112.8
133,107,47.0,112.8
107,134,88.55,212.52
134,107,88.55,212.52
107,135,109.86,263.68
135,107,109.86,263.68
107,136,94.69,227.25
136,107,94.69,227.25
107,137,90.74,217.78
137,107,90.74,217.78
107,138,20.07,48.17
138,107,20.07,48.17
107,139,117.04,280.91
139,107,117.04,280.91
107,140,60.51,145.23
140,107,60.51,145.23
107,141,97.55,234.11
141,107,97.55,234.11
107,142,94.23,226.15
142,107,94.23,226.15
107,143,73.89,177.33
143,107,73.89,177.33
107,144,77.33,185.58
144,107,77.33,185.58
107,145,95.12,228.3
145,107,95.12,228.3
107,146,23.26,55.83
146,107,23.26,55.83
107,147,12.41,29.78
147,107,12.41,29.78
107,148,28.05,67.31
148,107,28.05,67.31
107,149,123.3,295.92
149,107,123.3,295.92
107,150,116.7,280.08
150,107,116.7,280.08
108,109,11.49,27.59
109,108,11.49,27.59
108,110,69.05,165.73
110,108,69.05,165.73
108,111,29.16,69.98
111,108,29.16,69.98
108,112,7.46,17.91
112,108,7.46,17.91
108,113,74.62,179.08
113,108,74.62,179.08
108,114,28.22,67.72
114,108,28.22,67.72
108,115,64.15,153.96
115,108,64.15,153.96
108,116,67.06,160.94
116,108,67.06,160.94
108,117,37.58,90.18
117,108,37.58,90.18
108,118,20.54,49.3
118,108,20.54,49.3
108,119,8.16,19.58
119,108,8.16,19.58
108,120,37.33,89.59
120,108,37.33,89.59
108,121,77.77,186.65
121,108,77.77,186.65
108,122,23.49,56.38
122,108,23.49,56.38
108,123,106.66,255.98
123,108,106.66,255.98
108,124,107.4,257.76
124,108,107.4,257.76
108,125,40.71,97.7
125,108,40.71,97.7
108,126,115.85,278.04
126,108,115.85,278.04
108,127,49.76,119.41
127,108,49.76,119.41
108,128,102.31,245.55
128,108,102.31,245.55
108,129,74.43,178.64
129,108,74.43,178.64
108,130,70.38,168.9
130,108,70.38,168.9
108,131,68.52,164.44
131,108,68.52,164.44
108,132,80.78,193.88
132,108,80.78,193.88
108,133,59.98,143.94
133,108,59.98,143.94
108,134,86.83,208.39
134,108,86.83,208.39
108,135,79.44,190.66
135,108,79.44,190.66
108,136,65.68,157.63
136,108,65.68,157.63
108,137,110.09,264.21
137,108,110.09,264.21
108,138,24.85,59.64
138,108,24.85,59.64
108,139,96.61,231.87
139,108,96.61,231.87
108,140,35.58,85.4
140,108,35.58,85.4
108,141,96.18,230.83
141,108,96.18,230.83
108,142,111.69,268.06
142,108,111.69,268.06
108,143,79.37,190.49
143,108,79.37,190.49
108,144,73.69,176.85
144,108,73.69,176.85
108,145,68.76,165.03
145,108,68.76,165.03
108,146,20.93,50.24
146,108,20.93,50.24
108,147,35.11,84.27
147,108,35.11,84.27
108,148,54.91,131.79
148,108,54.91,131.79
108,149,111.2,266.88
149,108,111.2,266.88
108,150,109.82,263.58
150,108,109.82,263.58
109,110,79.2,190.08
110,109,79.2,190.08
109,111,18.25,43.79
111,109,18.25,43.79
109,112,11.37,27.29
112,109,11.37,27.29
109,113,84.79,203.5
113,109,84.79,203.5
109,114,19.08,45.78
114,109,19.08,45.78
109,115,62.63,150.32
115,109,62.63,150.32
109,116,73.72,176.94
116,109,73.72,176.94
109,117,27.07,64.97
117,109,27.07,64.97
109,118,30.08,72.2
118,109,30.08,72.2
109,119,17.47,41.92
119,109,17.47,41.92
109,120,42.95,103.09
120,109,42.95,103.09
109,121,68.36,164.06
121,109,68.36,164.06
109,122,21.92,52.61
122,109,21.92,52.61
109,123,108.54,260.49
123,109,108.54,260.49
109,124,100.08,240.19
124,109,100.08,240.19
109,125,34.05,81.72
125,109,34.05,81.72
109,126,107.68,258.43
126,109,107.68,258.43
109,127,59.05,141.72
127,109,59.05,141.72
109,128,104.07,249.77
128,109,104.07,249.77
109,129,71.92,172.6
129,109,71.92,172.6
109,130,72.98,175.16
130,109,72.98,175.16
109,131,75.1,180.25
131,109,75.1,180.25
109,132,80.92,194.22
132,109,80.92,194.22
109,133,52.31,125.55
133,109,52.31,125.55
109,134,84.14,201.93
134,109,84.14,201.93
109,135,86.27,207.05
135,109,86.27,207.05
109,136,72.07,172.96
136,109,72.07,172.96
109,137,101.96,244.71
137,109,101.96,244.71
109,138,16.62,39.9
138,109,16.62,39.9
109,139,100.28,240.66
139,109,100.28,240.66
109,140,39.32,94.36
140,109,39.32,94.36
109,141,93.55,224.52
141,109,93.55,224.52
109,142,104.02,249.65
142,109,104.02,249.65
109,143,74.35,178.44
143,109,74.35,178.44
109,144,71.28,171.08
144,109,71.28,171.08
109,145,74.18,178.04
145,109,74.18,178.04
109,146,13.66,32.79
146,109,13.66,32.79
109,147,25.33,60.8
147,109,25.33,60.8
109,148,44.35,106.45
148,109,44.35,106.45
109,149,112.21,269.3
149,109,112.21,269.3
109,150,109.12,261.89
150,109,109.12,261.89
110,111,97.43,233.83
111,110,97.43,233.83
110,112,74.93,179.84
112,110,74.93,179.84
110,113,5.6,13.43
113,110,5.6,13.43
110,114,97.27,233.45
114,110,97.27,233.45
110,115,78.87,189.28
115,110,78.87,189.28
110,116,31.78,76.27
116,110,31.78,76.27
110,117,106.25,255.0
117,110,106.25,255.0
110,118,49.13,117.91
118,110,49.13,117.91
110,119,68.92,165.4
119,110,68.92,165.4
110,120,45.78,109.88
120,110,45.78,109.88
110,121,125.45,301.07
121,110,125.45,301.07
110,122,69.74,167.38
122,110,69.74,167.38
110,123,85.83,206.0
123,110,85.83,206.0
110,124,139.0,333.6
124,110,139.0,333.6
110,125,87.2,209.28
125,110,87.2,209.28
110,126,151.33,363.18
126,110,151.33,363.18
110,127,21.03,50.48
127,110,21.03,50.48
110,128,83.45,200.27
128,110,83.45,200.27
110,129,89.21,214.12
129,110,89.21,214.12
110,130,60.26,144.63
130,110,60.26,144.63
110,131,33.16,79.59
131,110,33.16,79.59
110,132,79.1,189.84
132,110,79.1,189.84
110,133,103.08,247.39
133,110,103.08,247.39
110,134,98.08,235.39
134,110,98.08,235.39
110,135,33.45,80.27
135,110,33.45,80.27
110,136,35.14,84.35
136,110,35.14,84.35
110,137,145.99,350.37
137,110,145.99,350.37
110,138,93.86,225.27
138,110,93.86,225.27
110,139,67.6,162.25
139,110,67.6,162.25
110,140,53.25,127.81
140,110,53.25,127.81
110,141,104.36,250.46
141,110,104.36,250.46
110,142,144.74,347.37
142,110,144.74,347.37
110,143,104.73,251.35
143,110,104.73,251.35
110,144,88.22,211.74
144,110,88.22,211.74
110,145,42.37,101.68
145,110,42.37,101.68
110,146,89.87,215.69
146,110,89.87,215.69
110,147,104.12,249.88
147,110,104.12,249.88
110,148,112.06,268.95
148,110,112.06,268.95
110,149,94.5,226.79
149,110,94.5,226.79
110,150,103.62,248.68
150,110,103.62,248.68
111,112,25.71,61.7
112,111,25.71,61.7
111,113,102.39,245.74
113,111,102.39,245.74
111,114,7.64,18.34
114,111,7.64,18.34
111,115,71.22,170.92
115,111,71.22,170.92
111,116,90.64,217.53
116,111,90.64,217.53
111,117,9.05,21.71
117,111,9.05,21.71
111,118,48.3,115.93
118,111,48.3,115.93
111,119,32.88,78.92
119,111,32.88,78.92
111,120,59.41,142.58
120,111,59.41,142.58
111,121,61.63,147.9
121,111,61.63,147.9
111,122,34.88,83.71
122,111,34.88,83.71
111,123,120.11,288.26
123,111,120.11,288.26
111,124,97.37,233.7
124,111,97.37,233.7
111,125,37.34,89.61
125,111,37.34,89.61
111,126,102.92,247.01
126,111,102.92,247.01
111,127,76.31,183.14
127,111,76.31,183.14
111,128,115.57,277.36
128,111,115.57,277.36
111,129,78.67,188.81
129,111,78.67,188.81
111,130,86.03,206.48
130,111,86.03,206.48
111,131,91.82,220.36
131,111,91.82,220.36
111,132,90.96,218.3
132,111,90.96,218.3
111,133,51.08,122.6
133,111,51.08,122.6
111,134,90.18,216.42
134,111,90.18,216.42
111,135,103.32,247.98
135,111,103.32,247.98
111,136,88.47,212.32
136,111,88.47,212.32
111,137,97.43,233.83
137,111,97.43,233.83
111,138,10.17,24.41
138,111,10.17,24.41
111,139,113.92,273.4
139,111,113.92,273.4
111,140,54.63,131.12
140,111,54.63,131.12
111,141,99.4,238.56
141,111,99.4,238.56
111,142,100.45,241.1
142,111,100.45,241.1
111,143,76.97,184.74
143,111,76.97,184.74
111,144,78.23,187.74
144,111,78.23,187.74
111,145,89.81,215.54
145,111,89.81,215.54
111,146,12.76,30.64
146,111,12.76,30.64
111,147,8.96,21.51
147,111,8.96,21.51
111,148,35.3,84.72
148,111,35.3,84.72
111,149,122.68,294.42
149,111,122.68,294.42
111,150,117.4,281.77
150,111,117.4,281.77
112,113,80.45,193.08
113,112,80.45,193.08
112,114,23.06,55.35
114,112,23.06,55.35
112,115,70.55,169.32
115,112,70.55,169.32
112,116,74.35,178.43
116,112,74.35,178.43
112,117,33.27,79.86
117,112,33.27,79.86
112,118,27.35,65.65
118,112,27.35,65.65
112,119,7.18,17.22
119,112,7.18,17.22
112,120,44.79,107.49
120,112,44.79,107.49
112,121,79.73,191.35
121,112,79.73,191.35
112,122,29.46,70.7
122,112,29.46,70.7
112,123,113.93,273.42
123,112,113.93,273.42
112,124,111.11,266.67
124,112,111.11,266.67
112,125,44.67,107.22
125,112,44.67,107.22
112,126,118.93,285.44
126,112,118.93,285.44
112,127,56.24,134.98
127,112,56.24,134.98
112,128,109.56,262.94
128,112,109.56,262.94
112,129,80.52,193.25
129,112,80.52,193.25
112,130,77.71,186.49
130,112,77.71,186.49
112,131,75.83,181.99
131,112,75.83,181.99
112,132,87.68,210.45
132,112,87.68,210.45
112,133,63.38,152.12
133,112,63.38,152.12
112,134,92.88,222.92
134,112,92.88,222.92
112,135,86.67,208.0
135,112,86.67,208.0
112,136,73.05,175.31
136,112,73.05,175.31
112,137,113.2,271.69
137,112,113.2,271.69
112,138,19.32,46.37
138,112,19.32,46.37
112,139,104.05,249.73
139,112,104.05,249.73
112,140,42.96,103.1
140,112,42.96,103.1
112,141,102.27,245.45
141,112,102.27,245.45
112,142,115.15,276.37
142,112,115.15,276.37
112,143,84.4,202.55
143,112,84.4,202.55
112,144,79.81,191.55
144,112,79.81,191.55
112,145,76.21,182.9
145,112,76.21,182.9
112,146,15.22,36.54
146,112,15.22,36.54
112,147,30.16,72.39
147,112,30.16,72.39
112,148,55.53,133.26
148,112,55.53,133.26
112,149,118.32,283.98
149,112,118.32,283.98
112,150,116.55,279.73
150,112,116.55,279.73
113,114,102.84,246.8
114,113,102.84,246.8
113,115,82.97,199.13
115,113,82.97,199.13
113,116,34.4,82.57
116,113,34.4,82.57
113,117,111.84,268.42
117,113,111.84,268.42
113,118,54.72,131.34
118,113,54.72,131.34
113,119,74.37,178.5
119,113,74.37,178.5
113,120,50.97,122.32
120,113,50.97,122.32
113,121,130.47,313.12
121,113,130.47,313.12
113,122,75.21,180.5
122,113,75.21,180.5
113,123,87.01,208.82
123,113,87.01,208.82
113,124,143.18,343.62
124,113,143.18,343.62
113,125,92.46,221.91
125,113,92.46,221.91
113,126,155.63,373.52
126,113,155.63,373.52
113,127,26.52,63.64
127,113,26.52,63.64
113,128,84.87,203.69
128,113,84.87,203.69
113,129,93.08,223.38
129,113,93.08,223.38
113,130,63.34,152.0
130,113,63.34,152.0
113,131,35.6,85.43
131,113,35.6,85.43
113,132,82.12,197.09
132,113,82.12,197.09
113,133,108.08,259.39
133,113,108.08,259.39
113,134,101.55,243.71
134,113,101.55,243.71
113,135,34.04,81.7
135,113,34.04,81.7
113,136,38.01,91.23
136,113,38.01,91.23
113,137,150.34,360.83
137,113,150.34,360.83
113,138,99.42,238.6
138,113,99.42,238.6
113,139,68.48,164.35
139,113,68.48,164.35
113,140,58.42,140.2
140,113,58.42,140.2
113,141,107.51,258.03
141,113,107.51,258.03
113,142,148.95,357.48
142,113,148.95,357.48
113,143,108.91,261.39
143,113,108.91,261.39
113,144,92.09,221.02
144,113,92.09,221.02
113,145,45.01,108.02
145,113,45.01,108.02
113,146,95.42,229.0
146,113,95.42,229.0
113,147,109.69,263.26
147,113,109.69,263.26
113,148,117.46,281.9
148,113,117.46,281.9
113,149,95.86,230.07
149,113,95.86,230.07
113,150,105.71,253.7
150,113,105.71,253.7
114,115,77.19,185.27
115,114,77.19,185.27
114,116,92.79,222.7
116,114,92.79,222.7
114,117,10.79,25.89
117,114,10.79,25.89
114,118,48.48,116.34
118,114,48.48,116.34
114,119,30.05,72.12
119,114,30.05,72.12
114,120,61.93,148.64
120,114,61.93,148.64
114,121,69.19,166.07
121,114,69.19,166.07
114,122,38.97,93.54
122,114,38.97,93.54
114,123,125.31,300.73
123,114,125.31,300.73
114,124,105.01,252.02
124,114,105.01,252.02
114,125,44.1,105.85
125,114,44.1,105.85
114,126,110.54,265.29
126,114,110.54,265.29
114,127,77.76,186.62
127,114,77.76,186.62
114,128,120.78,289.88
128,114,120.78,289.88
114,129,85.13,204.32
129,114,85.13,204.32
114,130,90.56,217.34
130,114,90.56,217.34
114,131,94.17,226.01
131,114,94.17,226.01
114,132,96.6,231.85
132,114,96.6,231.85
114,133,58.58,140.59
133,114,58.58,140.59
114,134,96.83,232.4
134,114,96.83,232.4
114,135,105.34,252.81
135,114,105.34,252.81
114,136,91.07,218.58
136,114,91.07,218.58
114,137,105.06,252.13
137,114,105.06,252.13
114,138,3.96,9.51
138,114,3.96,9.51
114,139,118.24,283.77
139,114,118.24,283.77
114,140,57.89,138.93
140,114,57.89,138.93
114,141,106.12,254.7
141,114,106.12,254.7
114,142,108.09,259.43
142,114,108.09,259.43
114,143,84.16,201.99
143,114,84.16,201.99
114,144,84.64,203.14
144,114,84.64,203.14
114,145,92.98,223.15
145,114,92.98,223.15
114,146,7.96,19.11
146,114,7.96,19.11
114,147,7.11,17.07
147,114,7.11,17.07
114,148,42.81,102.74
148,114,42.81,102.74
114,149,128.26,307.83
149,114,128.26,307.83
114,150,123.62,296.68
150,114,123.62,296.68
115,116,50.86,122.07
116,115,50.86,122.07
115,117,78.4,188.15
117,115,78.4,188.15
115,118,54.4,130.55
118,115,54.4,130.55
115,119,67.66,162.37
119,115,67.66,162.37
115,120,37.46,89.9
120,115,37.46,89.9
115,121,55.48,133.16
121,115,55.48,133.16
115,122,39.55,94.9
122,115,39.55,94.9
115,123,50.58,121.4
123,115,50.58,121.4
115,124,60.22,144.52
124,115,60.22,144.52
115,125,35.09,84.21
125,115,35.09,84.21
115,126,72.83,174.79
126,115,72.83,174.79
115,127,60.82,145.97
127,115,60.82,145.97
115,128,46.08,110.59
128,115,46.08,110.59
115,129,11.51,27.62
129,115,11.51,27.62
115,130,25.6,61.44
130,115,25.6,61.44
115,131,50.51,121.22
131,115,50.51,121.22
115,132,20.35,48.85
132,115,20.35,48.85
115,133,35.82,85.96
133,115,35.82,85.96
115,134,23.44,56.25
134,115,23.44,56.25
115,135,59.74,143.37
135,115,59.74,143.37
115,136,46.97,112.72
136,115,46.97,112.72
115,137,67.7,162.47
137,115,67.7,162.47
115,138,76.19,182.84
138,115,76.19,182.84
115,139,50.15,120.35
139,115,50.15,120.35
115,140,31.91,76.57
140,115,31.91,76.57
115,141,32.47,77.92
141,115,32.47,77.92
115,142,66.02,158.44
142,115,66.02,158.44
115,143,25.99,62.37
143,115,25.99,62.37
115,144,10.55,25.33
144,115,10.55,25.33
115,145,42.07,100.97
145,115,42.07,100.97
115,146,74.37,178.49
146,115,74.37,178.49
115,147,80.07,192.17
147,115,80.07,192.17
115,148,56.95,136.67
148,115,56.95,136.67
115,149,51.83,124.4
149,115,51.83,124.4
115,150,46.57,111.76
150,115,46.57,111.76
116,117,99.64,239.15
117,116,99.64,239.15
116,118,47.53,114.08
118,116,47.53,114.08
116,119,70.6,169.43
119,116,70.6,169.43
116,120,31.23,74.96
120,116,31.23,74.96
116,121,102.96,247.11
121,116,102.96,247.11
116,122,56.92,136.6
122,116,56.92,136.6
116,123,55.39,132.94
123,116,55.39,132.94
116,124,110.69,265.65
124,116,110.69,265.65
116,125,68.95,165.48
125,116,68.95,165.48
116,126,123.55,296.52
126,116,123.55,296.52
116,127,25.58,61.39
127,116,25.58,61.39
116,128,52.55,126.12
128,116,52.55,126.12
116,129,59.99,143.97
129,116,59.99,143.97
116,130,29.05,69.72
130,116,29.05,69.72
116,131,1.84,4.41
131,116,1.84,4.41
116,132,47.76,114.61
132,116,47.76,114.61
116,133,80.88,194.12
133,116,80.88,194.12
116,134,67.57,162.16
134,116,67.57,162.16
116,135,12.69,30.45
135,116,12.69,30.45
116,136,3.9,9.37
136,116,3.9,9.37
116,137,118.51,284.42
137,116,118.51,284.42
116,138,90.44,217.06
138,116,90.44,217.06
116,139,38.34,92.02
139,116,38.34,92.02
116,140,36.77,88.25
140,116,36.77,88.25
116,141,73.2,175.67
141,116,73.2,175.67
116,142,116.57,279.76
142,116,116.57,279.76
116,143,76.71,184.12
143,116,76.71,184.12
116,144,59.03,141.68
144,116,59.03,141.68
116,145,10.62,25.48
145,116,10.62,25.48
116,146,87.02,208.85
146,116,87.02,208.85
116,147,98.86,237.28
147,116,98.86,237.28
116,148,95.13,228.32
148,116,95.13,228.32
116,149,63.61,152.67
149,116,63.61,152.67
116,150,71.9,172.56
150,116,71.9,172.56
117,118,57.15,137.16
118,117,57.15,137.16
117,119,40.4,96.95
119,117,40.4,96.95
117,120,68.41,164.19
120,117,68.41,164.19
117,121,62.54,150.1
121,117,62.54,150.1
117,122,43.6,104.64
122,117,43.6,104.64
117,123,127.9,306.96
123,117,127.9,306.96
117,124,99.7,239.28
124,117,99.7,239.28
117,125,43.73,104.94
125,117,43.73,104.94
117,126,104.15,249.96
126,117,104.15,249.96
117,127,85.35,204.85
127,117,85.35,204.85
117,128,123.35,296.05
128,117,123.35,296.05
117,129,85.17,204.4
129,117,85.17,204.4
117,130,94.35,226.45
130,117,94.35,226.45
117,131,100.81,241.95
131,117,100.81,241.95
117,132,98.41,236.18
132,117,98.41,236.18
117,133,55.0,132.0
133,117,55.0,132.0
117,134,96.3,231.11
134,117,96.3,231.11
117,135,112.33,269.6
135,117,112.33,269.6
117,136,97.44,233.85
136,117,97.44,233.85
117,137,98.84,237.21
137,117,98.84,237.21
117,138,14.74,35.36
138,117,14.74,35.36
117,139,122.31,293.54
139,117,122.31,293.54
117,140,63.52,152.44
140,117,63.52,152.44
117,141,105.37,252.89
141,117,105.37,252.89
117,142,102.32,245.58
142,117,102.32,245.58
117,143,81.89,196.53
143,117,81.89,196.53
117,144,84.79,203.5
144,117,84.79,203.5
117,145,98.66,236.8
145,117,98.66,236.8
117,146,18.6,44.65
146,117,18.6,44.65
117,147,4.68,11.23
147,117,4.68,11.23
117,148,36.14,86.74
148,117,36.14,86.74
117,149,130.12,312.29
149,117,130.12,312.29
117,150,124.14,297.92
150,117,124.14,297.92
118,119,23.07,55.36
119,118,23.07,55.36
118,120,20.94,50.26
120,118,20.94,50.26
118,121,85.57,205.36
121,118,85.57,205.36
118,122,25.41,60.97
122,118,25.41,60.97
118,123,92.32,221.56
123,118,92.32,221.56
118,124,109.32,262.37
124,118,109.32,262.37
118,125,45.69,109.66
125,118,45.69,109.66
118,126,119.51,286.84
126,118,119.51,286.84
118,127,29.28,70.28
127,118,29.28,70.28
118,128,88.22,211.74
128,118,88.22,211.74
118,129,68.33,163.99
129,118,68.33,163.99
118,130,56.04,134.5
130,118,56.04,134.5
118,131,49.11,117.86
131,118,49.11,117.86
118,132,69.82,167.58
132,118,69.82,167.58
118,133,64.75,155.39
133,118,64.75,155.39
118,134,80.42,193.0
134,118,80.42,193.0
118,135,59.6,143.05
135,118,59.6,143.05
118,136,46.63,111.9
136,118,46.63,111.9
118,137,113.77,273.06
137,118,113.77,273.06
118,138,45.28,108.68
138,118,45.28,108.68
118,139,80.08,192.18
139,118,80.08,192.18
118,140,23.01,55.23
140,118,23.01,55.23
118,141,89.31,214.34
141,118,89.31,214.34
118,142,114.3,274.32
142,118,114.3,274.32
118,143,77.62,186.3
143,118,77.62,186.3
118,144,67.43,161.83
144,118,67.43,161.83
118,145,50.69,121.66
145,118,50.69,121.66
118,146,41.44,99.45
146,118,41.44,99.45
118,147,55.17,132.41
147,118,55.17,132.41
118,148,66.85,160.44
148,118,66.85,160.44
118,149,98.02,235.26
149,118,98.02,235.26
118,150,99.32,238.36
150,118,99.32,238.36
119,120,42.39,101.74
120,119,42.39,101.74
119,121,85.34,204.82
121,119,85.34,204.82
119,122,31.51,75.62
122,119,31.51,75.62
119,123,112.95,271.08
123,119,112.95,271.08
119,124,115.49,277.19
124,119,115.49,277.19
119,125,48.8,117.13
125,119,48.8,117.13
119,126,123.82,297.16
126,119,123.82,297.16
119,127,50.95,122.29
127,119,50.95,122.29
119,128,108.67,260.82
128,119,108.67,260.82
119,129,82.24,197.39
129,119,82.24,197.39
119,130,76.53,183.68
130,119,76.53,183.68
119,131,72.16,173.19
131,119,72.16,173.19
119,132,87.87,210.88
132,119,87.87,210.88
119,133,67.99,163.18
133,119,67.99,163.18
119,134,94.64,227.15
134,119,94.64,227.15
119,135,82.64,198.34
135,119,82.64,198.34
119,136,69.62,167.08
136,119,69.62,167.08
119,137,118.06,283.35
137,119,118.06,283.35
119,138,26.22,62.94
138,119,26.22,62.94
119,139,102.05,244.93
139,119,102.05,244.93
119,140,41.75,100.21
140,119,41.75,100.21
119,141,103.97,249.53
141,119,103.97,249.53
119,142,119.75,287.39
142,119,119.75,287.39
119,143,87.5,210.01
143,119,87.5,210.01
119,144,81.48,195.55
144,119,81.48,195.55
119,145,73.35,176.05
145,119,73.35,176.05
119,146,22.12,53.1
146,119,22.12,53.1
119,147,37.16,89.19
147,119,37.16,89.19
119,148,61.8,148.31
148,119,61.8,148.31
119,149,117.85,282.84
149,119,117.85,282.84
119,150,117.09,281.02
150,119,117.09,281.02
120,121,79.79,191.49
121,120,79.79,191.49
120,122,26.14,62.73
122,120,26.14,62.73
120,123,71.38,171.32
123,120,71.38,171.32
120,124,96.89,232.54
124,120,96.89,232.54
120,125,41.54,99.71
125,120,41.54,99.71
120,126,108.35,260.05
126,120,108.35,260.05
120,127,25.38,60.92
127,120,25.38,60.92
120,128,67.28,161.48
128,120,67.28,161.48
120,129,51.05,122.52
129,120,51.05,122.52
120,130,35.1,84.25
130,120,35.1,84.25
120,131,32.42,77.81
131,120,32.42,77.81
120,132,49.63,119.11
132,120,49.63,119.11
120,133,57.49,137.98
133,120,57.49,137.98
120,134,62.47,149.92
134,120,62.47,149.92
120,135,43.92,105.41
135,120,43.92,105.41
120,136,29.15,69.96
136,120,29.15,69.96
120,137,102.78,246.68
137,120,102.78,246.68
120,138,59.56,142.94
138,120,59.56,142.94
120,139,59.67,143.21
139,120,59.67,143.21
120,140,7.48,17.95
140,120,7.48,17.95
120,141,70.85,170.04
141,120,70.85,170.04
120,142,102.33,245.59
142,120,102.33,245.59
120,143,63.3,151.93
143,120,63.3,151.93
120,144,50.08,120.19
144,120,50.08,120.19
120,145,31.49,75.58
145,120,31.49,75.58
120,146,56.31,135.15
146,120,56.31,135.15
120,147,67.68,162.44
147,120,67.68,162.44
120,148,66.97,160.74
148,120,66.97,160.74
120,149,77.11,185.07
149,120,77.11,185.07
120,150,79.0,189.59
150,120,79.0,189.59
121,122,60.16,144.4
122,121,60.16,144.4
121,123,100.55,241.31
123,121,100.55,241.31
121,124,38.56,92.55
124,121,38.56,92.55
121,125,39.93,95.82
125,121,39.93,95.82
121,126,41.61,99.87
126,121,41.61,99.87
121,127,105.14,252.33
127,121,105.14,252.33
121,128,96.52,231.65
128,121,96.52,231.65
121,129,52.74,126.58
129,121,52.74,126.58
121,130,80.98,194.37
130,121,80.98,194.37
121,131,101.69,244.07
131,121,101.69,244.07
121,132,72.16,173.18
132,121,72.16,173.18
121,133,22.4,53.76
133,121,22.4,53.76
121,134,57.22,137.34
134,121,57.22,137.34
121,135,112.01,268.82
135,121,112.01,268.82
121,136,97.94,235.05
136,121,97.94,235.05
121,137,36.37,87.28
137,121,36.37,87.28
121,138,69.35,166.44
138,121,69.35,166.44
121,139,104.66,251.17
139,121,104.66,251.17
121,140,72.32,173.56
140,121,72.32,173.56
121,141,63.15,151.57
141,121,63.15,151.57
121,142,40.27,96.64
142,121,40.27,96.64
121,143,37.76,90.63
143,121,37.76,90.63
121,144,53.16,127.6
144,121,53.16,127.6
121,145,94.33,226.39
145,121,94.33,226.39
121,146,71.76,172.22
146,121,71.76,172.22
121,147,64.41,154.58
147,121,64.41,154.58
121,148,24.68,59.25
148,121,24.68,59.25
121,149,98.23,235.76
149,121,98.23,235.76
121,150,85.72,205.74
150,121,85.72,205.74
122,123,86.74,208.17
123,122,86.74,208.17
122,124,85.67,205.61
124,122,85.67,205.61
122,125,20.34,48.83
125,122,20.34,48.83
122,126,95.12,228.29
126,122,95.12,228.29
122,127,48.71,116.9
127,122,48.71,116.9
122,128,82.25,197.41
128,122,82.25,197.41
122,129,51.08,122.59
129,122,51.08,122.59
122,130,51.59,123.82
130,122,51.59,123.82
122,131,57.92,139.01
131,122,57.92,139.01
122,132,59.03,141.66
132,122,59.03,141.66
122,133,39.66,95.19
133,122,39.66,95.19
122,134,63.45,152.29
134,122,63.45,152.29
122,135,69.55,166.91
135,122,69.55,166.91
122,136,54.39,130.53
136,122,54.39,130.53
122,137,89.35,214.44
137,122,89.35,214.44
122,138,37.56,90.14
138,122,37.56,90.14
122,139,79.28,190.27
139,122,79.28,190.27
122,140,20.21,48.5
140,122,20.21,48.5
122,141,72.83,174.8
141,122,72.83,174.8
122,142,90.34,216.81
142,122,90.34,216.81
122,143,56.17,134.81
143,122,56.17,134.81
122,144,50.36,120.87
144,122,50.36,120.87
122,145,55.14,132.34
145,122,55.14,132.34
122,146,35.28,84.67
146,122,35.28,84.67
122,147,43.67,104.8
147,122,43.67,104.8
122,148,42.55,102.13
148,122,42.55,102.13
122,149,90.29,216.7
149,122,90.29,216.7
122,150,87.43,209.83
150,122,87.43,209.83
123,124,87.61,210.26
124,123,87.61,210.26
123,125,85.25,204.58
125,123,85.25,204.58
123,126,100.83,241.98
126,123,100.83,241.98
123,127,77.23,185.35
127,123,77.23,185.35
123,128,4.55,10.92
128,123,4.55,10.92
123,129,48.38,116.11
129,123,48.38,116.11
123,130,36.44,87.45
130,123,36.44,87.45
123,131,51.37,123.28
131,123,51.37,123.28
123,132,30.29,72.7
132,123,30.29,72.7
123,133,84.67,203.2
133,123,84.67,203.2
123,134,44.1,105.85
134,123,44.1,105.85
123,135,53.05,127.31
135,123,53.05,127.31
123,136,50.47,121.12
136,123,50.47,121.12
123,137,97.6,234.24
137,123,97.6,234.24
123,138,123.98,297.53
138,123,123.98,297.53
123,139,18.86,45.26
139,123,18.86,45.26
123,140,71.21,170.9
140,123,71.21,170.9
123,141,41.65,99.96
141,123,41.65,99.96
123,142,93.21,223.69
142,123,93.21,223.69
123,143,63.15,151.55
143,123,63.15,151.55
123,144,48.17,115.62
144,123,48.17,115.62
123,145,43.46,104.3
145,123,43.46,104.3
123,146,122.02,292.84
146,123,122.02,292.84
123,147,128.21,307.68
147,123,128.21,307.68
123,148,107.13,257.1
148,123,107.13,257.1
123,149,9.32,22.37
149,123,9.32,22.37
123,150,24.5,58.79
150,123,24.5,58.79
124,125,63.98,153.57
125,124,63.98,153.57
124,126,13.45,32.29
126,124,13.45,32.29
124,127,118.58,284.62
127,124,118.58,284.62
124,128,84.72,203.33
128,124,84.72,203.33
124,129,50.79,121.88
129,124,50.79,121.88
124,130,82.94,199.06
130,124,82.94,199.06
124,131,110.16,264.37
131,124,110.16,264.37
124,132,67.05,160.93
132,124,67.05,160.93
124,133,44.7,107.29
133,124,44.7,107.29
124,134,46.14,110.74
134,124,46.14,110.74
124,135,118.12,283.48
135,124,118.12,283.48
124,136,106.79,256.29
136,124,106.79,256.29
124,137,10.19,24.45
137,124,10.19,24.45
124,138,103.49,248.38
138,124,103.49,248.38
124,139,98.33,235.98
139,124,98.33,235.98
124,140,89.67,215.22
140,124,89.67,215.22
124,141,46.01,110.43
141,124,46.01,110.43
124,142,5.95,14.28
142,124,5.95,14.28
124,143,34.27,82.25
143,124,34.27,82.25
124,144,51.72,124.12
144,124,51.72,124.12
124,145,101.19,242.86
145,124,101.19,242.86
124,146,104.32,250.39
146,124,104.32,250.39
124,147,100.16,240.37
147,124,100.16,240.37
124,148,60.82,145.97
148,124,60.82,145.97
124,149,82.02,196.86
149,124,82.02,196.86
124,150,66.14,158.74
150,124,66.14,158.74
125,126,75.38,180.91
126,125,75.38,180.91
125,127,66.41,159.37
127,125,66.41,159.37
125,128,80.9,194.16
128,125,80.9,194.16
125,129,41.46,99.51
129,125,41.46,99.51
125,130,54.74,131.37
130,125,54.74,131.37
125,131,69.52,166.85
131,125,69.52,166.85
125,132,55.39,132.93
132,125,55.39,132.93
125,133,19.54,46.88
133,125,19.54,46.88
125,134,52.84,126.82
134,125,52.84,126.82
125,135,80.92,194.2
135,125,80.92,194.2
125,136,65.71,157.71
136,125,65.71,157.71
125,137,69.61,167.06
137,125,69.61,167.06
125,138,44.54,106.9
138,125,44.54,106.9
125,139,82.39,197.72
139,125,82.39,197.72
125,140,34.18,82.02
140,125,34.18,82.02
125,141,62.07,148.97
141,125,62.07,148.97
125,142,71.02,170.44
142,125,71.02,170.44
125,143,40.63,97.52
143,125,40.63,97.52
125,144,41.07,98.57
144,125,41.07,98.57
125,145,64.3,154.33
145,125,64.3,154.33
125,146,44.06,105.75
146,125,44.06,105.75
125,147,45.88,110.1
147,125,45.88,110.1
125,148,26.19,62.86
148,125,26.19,62.86
125,149,86.91,208.58
149,125,86.91,208.58
125,150,80.41,192.98
150,125,80.41,192.98
126,127,129.81,311.55
127,126,129.81,311.55
126,128,98.02,235.26
128,126,98.02,235.26
126,129,63.84,153.23
129,126,63.84,153.23
126,130,96.1,230.65
130,126,96.1,230.65
126,131,122.08,293.0
131,126,122.08,293.0
126,132,80.46,193.11
132,126,80.46,193.11
126,133,53.6,128.64
133,126,53.6,128.64
126,134,59.59,143.01
134,126,59.59,143.01
126,135,131.44,315.46
135,126,131.44,315.46
126,136,118.33,283.98
136,126,118.33,283.98
126,137,5.77,13.86
137,126,5.77,13.86
126,138,110.27,264.64
138,126,110.27,264.64
126,139,111.77,268.26
139,126,111.77,268.26
126,140,99.11,237.87
140,126,99.11,237.87
126,141,59.31,142.36
141,126,59.31,142.36
126,142,7.63,18.32
142,126,7.63,18.32
126,143,46.86,112.46
143,126,46.86,112.46
126,144,64.75,155.41
144,126,64.75,155.41
126,145,114.22,274.13
145,126,114.22,274.13
126,146,112.68,270.42
146,126,112.68,270.42
126,147,105.33,252.78
147,126,105.33,252.78
126,148,65.6,157.45
148,126,65.6,157.45
126,149,94.99,227.99
149,126,94.99,227.99
126,150,78.89,189.33
150,126,78.89,189.33
127,128,76.61,183.86
128,127,76.61,183.86
127,129,72.9,174.96
129,127,72.9,174.96
127,130,48.05,115.32
130,127,48.05,115.32
127,131,27.42,65.8
131,127,27.42,65.8
127,132,66.25,158.99
132,127,66.25,158.99
127,133,82.87,198.89
133,127,82.87,198.89
127,134,83.06,199.35
134,127,83.06,199.35
127,135,34.8,83.52
135,127,34.8,83.52
127,136,26.95,64.69
136,127,26.95,64.69
127,137,127.51,306.03
137,127,127.51,306.03
127,138,74.56,178.94
138,127,74.56,178.94
127,139,63.67,152.82
139,127,63.67,152.82
127,140,32.83,78.8
140,127,32.83,78.8
127,141,90.4,216.96
141,127,90.4,216.96
127,142,126.72,304.13
142,127,126.72,304.13
127,143,87.07,208.96
143,127,87.07,208.96
127,144,71.9,172.56
144,127,71.9,172.56
127,145,33.79,81.08
145,127,33.79,81.08
127,146,70.69,169.65
146,127,70.69,169.65
127,147,84.42,202.6
147,127,84.42,202.6
127,148,91.06,218.54
148,127,91.06,218.54
127,149,87.52,210.04
149,127,87.52,210.04
127,150,93.63,224.72
150,127,93.63,224.72
128,129,44.15,105.97
129,128,44.15,105.97
128,130,32.24,77.36
130,128,32.24,77.36
128,131,48.34,116.01
131,128,48.34,116.01
128,132,25.82,61.98
132,128,25.82,61.98
128,133,80.33,192.8
133,128,80.33,192.8
128,134,40.47,97.14
134,128,40.47,97.14
128,135,51.12,122.69
135,128,51.12,122.69
128,136,47.44,113.85
136,128,47.44,113.85
128,137,94.63,227.11
137,128,94.63,227.11
128,138,119.43,286.62
138,128,119.43,286.62
128,139,17.84,42.82
139,128,17.84,42.82
128,140,66.92,160.61
140,128,66.92,160.61
128,141,38.71,92.92
141,128,38.71,92.92
128,142,90.39,216.95
142,128,90.39,216.95
128,143,59.29,142.29
143,128,59.29,142.29
128,144,43.91,105.39
144,128,43.91,105.39
128,145,40.43,97.03
145,128,40.43,97.03
128,146,117.53,282.08
146,128,117.53,282.08
128,147,123.66,296.77
147,128,123.66,296.77
128,148,102.7,246.47
148,128,102.7,246.47
128,149,11.07,26.57
149,128,11.07,26.57
128,150,23.66,56.78
150,128,23.66,56.78
129,130,32.31,77.53
130,129,32.31,77.53
129,131,59.4,142.57
131,129,59.4,142.57
129,132,19.47,46.72
132,129,19.47,46.72
129,133,36.49,87.58
133,129,36.49,87.58
129,134,12.4,29.76
134,129,12.4,29.76
129,135,67.61,162.25
135,129,67.61,162.25
129,136,56.09,134.62
136,129,56.09,134.62
129,137,59.04,141.7
137,129,59.04,141.7
129,138,85.1,204.25
138,129,85.1,204.25
129,139,52.24,125.36
139,129,52.24,125.36
129,140,43.18,103.63
140,129,43.18,103.63
129,141,21.75,52.21
141,129,21.75,52.21
129,142,56.7,136.08
142,129,56.7,136.08
129,143,17.69,42.46
143,129,17.69,42.46
129,144,1.0,2.4
144,129,1.0,2.4
129,145,50.41,120.98
145,129,50.41,120.98
129,146,83.97,201.53
146,129,83.97,201.53
129,147,87.31,209.56
147,129,87.31,209.56
129,148,59.56,142.96
148,129,59.56,142.96
129,149,47.55,114.13
149,129,47.55,114.13
129,150,39.06,93.73
150,129,39.06,93.73
130,131,28.12,67.48
131,130,28.12,67.48
130,132,18.84,45.21
132,130,18.84,45.21
130,133,60.52,145.25
133,130,60.52,145.25
130,134,38.64,92.73
134,130,38.64,92.73
130,135,35.35,84.85
135,130,35.35,84.85
130,136,25.33,60.8
136,130,25.33,60.8
130,137,91.34,219.23
137,130,91.34,219.23
130,138,89.1,213.85
138,130,89.1,213.85
130,139,28.0,67.2
139,130,28.0,67.2
130,140,34.83,83.59
140,130,34.83,83.59
130,141,44.18,106.03
141,130,44.18,106.03
130,142,88.88,213.31
142,130,88.88,213.31
130,143,49.82,119.57
143,130,49.82,119.57
130,144,31.43,75.44
144,130,31.43,75.44
130,145,18.71,44.91
145,130,18.71,44.91
130,146,86.6,207.85
146,130,86.6,207.85
130,147,94.96,227.9
147,130,94.96,227.9
130,148,79.59,191.03
148,130,79.59,191.03
130,149,42.04,100.9
149,130,42.04,100.9
130,150,45.72,109.73
150,130,45.72,109.73
131,132,46.71,112.1
132,131,46.71,112.1
131,133,81.08,194.59
133,131,81.08,194.59
131,134,66.72,160.12
134,131,66.72,160.12
131,135,11.64,27.92
135,131,11.64,27.92
131,136,3.84,9.21
136,131,3.84,9.21
131,137,118.07,283.38
137,131,118.07,283.38
131,138,91.77,220.24
138,131,91.77,220.24
131,139,36.54,87.7
139,131,36.54,87.7
131,140,37.73,90.56
140,131,37.73,90.56
131,141,72.17,173.22
141,131,72.17,173.22
131,142,116.05,278.51
142,131,116.05,278.51
131,143,76.28,183.06
143,131,76.28,183.06
131,144,58.46,140.3
144,131,58.46,140.3
131,145,9.47,22.73
145,131,9.47,22.73
131,146,88.38,212.11
146,131,88.38,212.11
131,147,100.1,240.23
147,131,100.1,240.23
131,148,95.71,229.7
148,131,95.71,229.7
131,149,61.96,148.7
149,131,61.96,148.7
131,150,70.46,169.1
150,131,70.46,169.1
132,133,54.76,131.42
133,132,54.76,131.42
132,134,21.13,50.72
134,132,21.13,50.72
132,135,51.33,123.21
135,132,51.33,123.21
132,136,44.11,105.86
136,132,44.11,105.86
132,137,76.15,182.77
137,132,76.15,182.77
132,138,94.44,226.64
138,132,94.44,226.64
132,139,32.85,78.84
139,132,32.85,78.84
132,140,46.99,112.79
140,132,46.99,112.79
132,141,25.47,61.14
141,132,25.47,61.14
132,142,72.99,175.18
142,132,72.99,175.18
132,143,36.49,87.57
143,132,36.49,87.57
132,144,19.0,45.6
144,132,19.0,45.6
132,145,37.24,89.38
145,132,37.24,89.38
132,146,92.62,222.29
146,132,92.62,222.29
132,147,98.67,236.79
147,132,98.67,236.79
132,148,76.89,184.54
148,132,76.89,184.54
132,149,31.72,76.14
149,132,31.72,76.14
132,150,29.5,70.8
150,132,29.5,70.8
133,134,44.81,107.54
134,133,44.81,107.54
133,135,90.81,217.94
135,133,90.81,217.94
133,136,76.74,184.17
136,133,76.74,184.17
133,137,50.13,120.32
137,133,50.13,120.32
133,138,59.96,143.91
138,133,59.96,143.91
133,139,85.95,206.29
139,133,85.95,206.29
133,140,50.04,120.09
140,133,50.04,120.09
133,141,52.93,127.03
141,133,52.93,127.03
133,142,51.79,124.3
142,133,51.79,124.3
133,143,27.59,66.22
143,133,27.59,66.22
133,144,36.58,87.79
144,133,36.58,87.79
133,145,73.13,175.51
145,133,73.13,175.51
133,146,60.38,144.92
146,133,60.38,144.92
133,147,58.41,140.19
147,133,58.41,140.19
133,148,23.61,56.66
148,133,23.61,56.66
133,149,84.02,201.64
149,133,84.02,201.64
133,150,74.14,177.93
150,133,74.14,177.93
134,135,72.45,173.9
135,134,72.45,173.9
134,136,63.76,153.02
136,134,63.76,153.02
134,137,55.51,133.22
137,134,55.51,133.22
134,138,96.97,232.73
138,134,96.97,232.73
134,139,52.4,125.75
139,134,52.4,125.75
134,140,55.31,132.73
140,134,55.31,132.73
134,141,9.41,22.59
141,134,9.41,22.59
134,142,52.05,124.92
142,134,52.05,124.92
134,143,19.46,46.71
143,134,19.46,46.71
134,144,13.19,31.65
144,134,13.19,31.65
134,145,57.35,137.63
145,134,57.35,137.63
134,146,95.98,230.36
146,134,95.98,230.36
134,147,98.68,236.82
147,134,98.68,236.82
134,148,68.4,164.17
148,134,68.4,164.17
134,149,41.03,98.47
149,134,41.03,98.47
134,150,29.37,70.49
150,134,29.37,70.49
135,136,15.31,36.73
136,135,15.31,36.73
135,137,126.63,303.92
137,135,126.63,303.92
135,138,103.03,247.28
138,135,103.03,247.28
135,139,34.44,82.66
139,135,34.44,82.66
135,140,49.36,118.48
140,135,49.36,118.48
135,141,77.9,186.96
141,135,77.9,186.96
135,142,124.23,298.16
142,135,124.23,298.16
135,143,84.97,203.92
143,135,84.97,203.92
135,144,66.71,160.11
144,135,66.71,160.11
135,145,17.76,42.62
145,135,17.76,42.62
135,146,99.57,238.97
146,135,99.57,238.97
135,147,111.53,267.69
147,135,111.53,267.69
135,148,107.1,257.03
148,135,107.1,257.03
135,149,62.02,148.84
149,135,62.02,148.84
135,150,72.86,174.86
150,135,72.86,174.86
136,137,114.61,275.05
137,136,114.61,275.05
136,138,88.65,212.76
138,136,88.65,212.76
136,139,36.74,88.18
139,136,36.74,88.18
136,140,34.18,82.03
140,136,34.18,82.03
136,141,69.51,166.82
141,136,69.51,166.82
136,142,112.67,270.4
142,136,112.67,270.4
136,143,72.81,174.75
143,136,72.81,174.75
136,144,55.14,132.33
144,136,55.14,132.33
136,145,7.36,17.66
145,136,7.36,17.66
136,146,85.32,204.77
146,136,85.32,204.77
136,147,96.81,232.35
147,136,96.81,232.35
136,148,91.9,220.57
148,136,91.9,220.57
136,149,61.11,146.67
149,136,61.11,146.67
136,150,68.81,165.13
150,136,68.81,165.13
137,138,105.19,252.45
138,137,105.19,252.45
137,139,107.87,258.89
139,137,107.87,258.89
137,140,93.44,224.25
140,137,93.44,224.25
137,141,55.96,134.3
141,137,55.96,134.3
137,142,6.07,14.56
142,137,6.07,14.56
137,143,41.8,100.32
143,137,41.8,100.32
137,144,59.92,143.82
144,137,59.92,143.82
137,145,109.05,261.7
145,137,109.05,261.7
137,146,107.55,258.12
146,137,107.55,258.12
137,147,100.25,240.59
147,137,100.25,240.59
137,148,60.52,145.26
148,137,60.52,145.26
137,149,92.14,221.15
149,137,92.14,221.15
137,150,76.32,183.16
150,137,76.32,183.16
138,139,116.61,279.88
139,138,116.61,279.88
138,140,55.87,134.1
140,138,55.87,134.1
138,141,106.31,255.15
141,138,106.31,255.15
138,142,110.1,264.25
142,138,110.1,264.25
138,143,84.95,203.89
143,138,84.95,203.89
138,144,84.57,202.97
144,138,84.57,202.97
138,145,90.8,217.93
145,138,90.8,217.93
138,146,4.1,9.85
146,138,4.1,9.85
138,147,11.0,26.4
147,138,11.0,26.4
138,148,45.39,108.95
148,138,45.39,108.95
138,149,127.44,305.87
149,138,127.44,305.87
138,150,123.3,295.91
150,138,123.3,295.91
139,140,59.96,143.9
140,139,59.96,143.9
139,141,53.1,127.44
141,139,53.1,127.44
139,142,104.18,250.02
142,139,104.18,250.02
139,143,69.3,166.32
143,139,69.3,166.32
139,144,51.69,124.05
144,139,51.69,124.05
139,145,28.39,68.13
145,139,28.39,68.13
139,146,112.9,270.96
146,139,112.9,270.96
139,147,122.66,294.38
147,139,122.66,294.38
139,148,106.55,255.71
148,139,106.55,255.71
139,149,28.09,67.43
149,139,28.09,67.43
139,150,41.31,99.14
150,139,41.31,99.14
140,141,66.46,159.51
141,140,66.46,159.51
140,142,95.53,229.27
142,140,95.53,229.27
140,143,56.96,136.7
143,140,56.96,136.7
140,144,44.93,107.83
144,140,44.93,107.83
140,145,35.19,84.45
145,140,35.19,84.45
140,146,52.94,127.06
146,140,52.94,127.06
140,147,63.2,151.68
147,140,63.2,151.68
140,148,59.81,143.55
148,140,59.81,143.55
140,149,76.17,182.8
149,140,76.17,182.8
140,150,76.49,183.57
150,140,76.49,183.57
141,142,51.68,124.04
142,141,51.68,124.04
141,143,26.07,62.57
143,141,26.07,62.57
141,144,22.49,53.99
144,141,22.49,53.99
141,145,62.71,150.5
145,141,62.71,150.5
141,146,105.36,252.87
146,141,105.36,252.87
141,147,107.84,258.82
147,141,107.84,258.82
141,148,76.52,183.64
148,141,76.52,183.64
141,149,36.76,88.23
149,141,36.76,88.23
141,150,22.62,54.29
150,141,22.62,54.29
142,143,40.04,96.1
143,142,40.04,96.1
142,144,57.62,138.3
144,142,57.62,138.3
142,145,107.1,257.06
145,142,107.1,257.06
142,146,108.26,259.83
146,142,108.26,259.83
142,147,104.1,249.81
147,142,104.1,249.81
142,148,64.66,155.19
148,142,64.66,155.19
142,149,87.43,209.83
149,142,87.43,209.83
142,150,71.39,171.32
150,142,71.39,171.32
143,144,18.48,44.35
144,143,18.48,44.35
143,145,67.54,162.1
145,143,67.54,162.1
143,146,84.67,203.2
146,143,84.67,203.2
143,147,84.91,203.78
147,143,84.91,203.78
143,148,50.91,122.19
148,143,50.91,122.19
143,149,60.48,145.15
149,143,60.48,145.15
143,150,48.31,115.93
150,143,48.31,115.93
144,145,49.49,118.77
145,144,49.49,118.77
144,146,83.4,200.16
146,144,83.4,200.16
144,147,86.89,208.54
147,144,86.89,208.54
144,148,59.54,142.9
148,144,59.54,142.9
144,149,47.54,114.1
149,144,47.54,114.1
144,150,39.37,94.5
150,144,39.37,94.5
145,146,87.68,210.43
146,145,87.68,210.43
145,147,98.39,236.12
147,145,98.39,236.12
145,148,90.37,216.88
148,145,90.37,216.88
145,149,53.9,129.36
149,145,53.9,129.36
145,150,61.46,147.5
150,145,61.46,147.5
146,147,15.06,36.15
147,146,15.06,36.15
146,148,47.24,113.39
148,146,47.24,113.39
146,149,125.49,301.17
149,146,125.49,301.17
146,150,121.82,292.38
150,146,121.82,292.38
147,148,40.32,96.76
148,147,40.32,96.76
147,149,131.6,315.84
149,147,131.6,315.84
147,150,126.14,302.75
150,147,126.14,302.75
148,149,107.08,256.99
149,148,107.08,256.99
148,150,97.7,234.48
150,148,97.7,234.48
149,150,16.63,39.92
150,149,16.63,39.92
151,1,89.85,215.64
1,151,89.85,215.64
151,2,91.93,220.63
2,151,91.93,220.63
151,3,16.68,40.03
3,151,16.68,40.03
151,4,24.15,57.96
4,151,24.15,57.96
151,5,31.06,74.54
5,151,31.06,74.54
151,6,23.67,56.81
6,151,23.67,56.81
151,7,69.37,166.49
7,151,69.37,166.49
151,8,48.52,116.46
8,151,48.52,116.46
151,9,45.18,108.43
9,151,45.18,108.43
151,10,49.56,118.96
10,151,49.56,118.96
151,11,63.91,153.39
11,151,63.91,153.39
151,12,55.2,132.47
12,151,55.2,132.47
151,13,60.96,146.3
13,151,60.96,146.3
151,14,50.75,121.79
14,151,50.75,121.79
151,15,13.73,32.95
15,151,13.73,32.95
151,16,34.67,83.22
16,151,34.67,83.22
151,17,18.82,45.16
17,151,18.82,45.16
151,18,63.49,152.37
18,151,63.49,152.37
151,19,52.83,126.79
19,151,52.83,126.79
151,20,54.32,130.36
20,151,54.32,130.36
151,21,50.41,120.99
21,151,50.41,120.99
151,22,82.41,197.78
22,151,82.41,197.78
151,23,65.57,157.36
23,151,65.57,157.36
151,24,78.19,187.66
24,151,78.19,187.66
151,25,56.53,135.66
25,151,56.53,135.66
151,26,64.09,153.81
26,151,64.09,153.81
151,27,64.66,155.19
27,151,64.66,155.19
151,28,29.61,71.06
28,151,29.61,71.06
151,29,24.12,57.88
29,151,24.12,57.88
151,30,77.41,185.8
30,151,77.41,185.8
151,31,81.47,195.53
31,151,81.47,195.53
151,32,34.18,82.03
32,151,34.18,82.03
151,33,13.56,32.55
33,151,13.56,32.55
151,34,31.14,74.74
34,151,31.14,74.74
151,35,63.17,151.63
35,151,63.17,151.63
151,36,61.8,148.32
36,151,61.8,148.32
151,37,57.83,138.78
37,151,57.83,138.78
151,38,50.56,121.35
38,151,50.56,121.35
151,39,70.61,169.46
39,151,70.61,169.46
151,40,72.19,173.25
40,151,72.19,173.25
151,41,76.47,183.53
41,151,76.47,183.53
151,42,41.68,100.02
42,151,41.68,100.02
151,43,86.18,206.84
43,151,86.18,206.84
151,44,73.16,175.59
44,151,73.16,175.59
151,45,37.94,91.06
45,151,37.94,91.06
151,46,37.45,89.88
46,151,37.45,89.88
151,47,25.67,61.62
47,151,25.67,61.62
151,48,39.38,94.51
48,151,39.38,94.51
151,49,31.79,76.29
49,151,31.79,76.29
151,50,25.77,61.84
50,151,25.77,61.84
151,51,51.32,123.16
51,151,51.32,123.16
151,52,79.44,190.65
52,151,79.44,190.65
151,53,75.19,180.45
53,151,75.19,180.45
151,54,67.48,161.95
54,151,67.48,161.95
151,55,76.88,184.51
55,151,76.88,184.51
151,56,83.65,200.75
56,151,83.65,200.75
151,57,84.72,203.32
57,151,84.72,203.32
151,58,57.38,137.72
58,151,57.38,137.72
151,59,23.35,56.05
59,151,23.35,56.05
151,60,13.61,32.67
60,151,13.61,32.67
151,61,17.51,42.03
61,151,17.51,42.03
151,62,64.81,155.54
62,151,64.81,155.54
151,63,79.58,190.99
63,151,79.58,190.99
151,64,42.76,102.62
64,151,42.76,102.62
151,65,47.74,114.56
65,151,47.74,114.56
151,66,73.09,175.41
66,151,73.09,175.41
151,67,55.97,134.33
67,151,55.97,134.33
151,68,81.83,196.39
68,151,81.83,196.39
151,69,86.47,207.52
69,151,86.47,207.52
151,70,90.2,216.48
70,151,90.2,216.48
151,71,36.0,86.41
71,151,36.0,86.41
151,72,12.03,28.86
72,151,12.03,28.86
151,73,81.3,195.11
73,151,81.3,195.11
151,74,58.32,139.97
74,151,58.32,139.97
151,75,96.05,230.53
75,151,96.05,230.53
151,76,45.83,109.97
76,151,45.83,109.97
151,77,56.77,136.25
77,151,56.77,136.25
151,78,16.27,39.04
78,151,16.27,39.04
151,79,97.56,234.16
79,151,97.56,234.16
151,80,80.56,193.35
80,151,80.56,193.35
151,81,19.55,46.93
81,151,19.55,46.93
151,82,42.75,102.59
82,151,42.75,102.59
151,83,43.74,104.98
83,151,43.74,104.98
151,84,28.42,68.22
84,151,28.42,68.22
151,85,38.63,92.71
85,151,38.63,92.71
151,86,44.7,107.3
86,151,44.7,107.3
151,87,62.35,149.63
87,151,62.35,149.63
151,88,87.4,209.76
88,151,87.4,209.76
151,89,39.19,94.05
89,151,39.19,94.05
151,90,46.94,112.67
90,151,46.94,112.67
151,91,11.88,28.51
91,151,11.88,28.51
151,92,83.53,200.47
92,151,83.53,200.47
151,93,90.5,217.21
93,151,90.5,217.21
151,94,90.05,216.12
94,151,90.05,216.12
151,95,78.65,188.77
95,151,78.65,188.77
151,96,21.66,51.98
96,151,21.66,51.98
151,97,63.64,152.74
97,151,63.64,152.74
151,98,68.38,164.12
98,151,68.38,164.12
151,99,51.57,123.77
99,151,51.57,123.77
151,100,45.52,109.24
100,151,45.52,109.24
151,101,28.44,68.25
101,151,28.44,68.25
151,102,104.03,249.69
102,151,104.03,249.69
151,103,96.23,230.96
103,151,96.23,230.96
151,104,42.11,101.07
104,151,42.11,101.07
151,105,66.02,158.44
105,151,66.02,158.44
151,106,55.37,132.88
106,151,55.37,132.88
151,107,91.94,220.65
107,151,91.94,220.65
151,108,91.76,220.21
108,151,91.76,220.21
151,109,88.87,213.3
109,151,88.87,213.3
151,110,105.29,252.69
110,151,105.29,252.69
151,111,93.5,224.39
111,151,93.5,224.39
151,112,98.13,235.5
112,151,98.13,235.5
151,113,109.83,263.59
113,151,109.83,263.59
151,114,100.43,241.03
114,151,100.43,241.03
151,115,30.45,73.08
115,151,30.45,73.08
151,116,75.87,182.09
116,151,75.87,182.09
151,117,99.05,237.73
117,151,99.05,237.73
151,118,84.61,203.06
118,151,84.61,203.06
151,119,97.87,234.88
119,151,97.87,234.88
151,120,67.67,162.41
120,151,67.67,162.41
151,121,54.75,131.4
121,151,54.75,131.4
151,122,68.9,165.35
122,151,68.9,165.35
151,123,49.41,118.59
123,151,49.41,118.59
151,124,38.89,93.33
124,151,38.89,93.33
151,125,56.35,135.23
125,151,56.35,135.23
151,126,52.32,125.58
126,151,52.32,125.58
151,127,91.03,218.48
127,151,91.03,218.48
151,128,46.19,110.87
128,151,46.19,110.87
151,129,18.96,45.49
129,151,18.96,45.49
151,130,46.93,112.64
130,151,46.93,112.64
151,131,75.02,180.05
131,151,75.02,180.05
151,132,29.19,70.05
132,151,29.19,70.05
151,133,45.55,109.33
133,151,45.55,109.33
151,134,8.3,19.93
134,151,8.3,19.93
151,135,80.52,193.25
135,151,80.52,193.25
151,136,72.06,172.95
136,151,72.06,172.95
151,137,48.59,116.6
137,151,48.59,116.6
151,138,100.86,242.07
138,151,100.86,242.07
151,139,59.46,142.71
139,151,59.46,142.71
151,140,62.12,149.08
140,151,62.12,149.08
151,141,8.49,20.37
141,151,8.49,20.37
151,142,44.72,107.32
142,151,44.72,107.32
151,143,18.16,43.59
143,151,18.16,43.59
151,144,19.9,47.75
144,151,19.9,47.75
151,145,65.64,157.55
145,151,65.64,157.55
151,146,100.17,240.41
146,151,100.17,240.41
151,147,101.74,244.18
147,151,101.74,244.18
151,148,69.02,165.64
148,151,69.02,165.64
151,149,45.03,108.07
149,151,45.03,108.07
151,150,31.1,74.63
150,151,31.1,74.63
160,161,0.0,0.0
164,165,0.0,0.0
158,159,0.0,0.0
166,167,0.0,0.0
170,171,0.0,0.0
152,153,0.0,0.0
162,163,0.0,0.0
1,152,54.82,131.56
1,158,44.01,105.63
1,160,54.86,131.67
1,162,69.71,167.31
1,164,85.1,204.23
1,166,98.28,235.87
1,170,15.24,36.59
2,152,56.91,136.59
2,158,27.8,66.73
2,160,71.11,170.66
2,162,60.87,146.09
2,164,97.15,233.16
2,166,106.21,254.91
2,170,27.83,66.8
3,152,21.72,52.13
3,158,79.55,190.93
3,160,73.13,175.51
3,162,50.61,121.46
3,164,52.69,126.47
3,166,37.65,90.35
3,170,62.39,149.75
4,152,15.06,36.13
4,158,69.16,165.97
4,160,75.12,180.29
4,162,39.67,95.2
4,164,60.94,146.25
4,166,48.66,116.77
4,170,57.41,137.79
5,152,16.11,38.67
5,158,61.75,148.19
5,160,79.39,190.54
5,162,30.55,73.32
5,164,69.11,165.86
5,166,57.79,138.69
5,170,56.34,135.23
6,152,28.05,67.33
6,158,72.08,173.0
6,160,89.76,215.43
6,162,34.5,82.79
6,164,73.59,176.62
6,166,56.69,136.07
6,170,69.4,166.55
7,152,34.33,82.39
7,158,36.35,87.24
7,160,58.7,140.88
7,162,48.96,117.51
7,164,76.62,183.89
7,166,83.38,200.12
7,170,16.59,39.83
8,152,13.4,32.15
8,158,50.24,120.58
8,160,57.74,138.58
8,162,42.31,101.55
8,164,62.33,149.6
8,166,63.9,153.36
8,170,29.61,71.07
9,152,19.71,47.31
9,158,47.71,114.51
9,160,80.3,192.71
9,162,20.89,50.14
9,164,77.7,186.47
9,166,70.29,168.7
9,170,49.76,119.42
10,152,29.07,69.76
10,158,45.93,110.24
10,160,89.48,214.75
10,162,11.49,27.58
10,164,86.8,208.31
10,166,77.72,186.54
10,170,56.87,136.49
11,152,28.78,69.08
11,158,31.75,76.2
11,160,69.44,166.65
11,162,35.11,84.26
11,164,80.42,193.0
11,166,81.95,196.68
11,170,30.1,72.24
12,152,22.78,54.68
12,158,37.91,90.99
12,160,75.43,181.04
12,162,25.16,60.38
12,164,79.51,190.82
12,166,76.51,183.62
12,170,40.3,96.73
13,152,33.61,80.67
13,158,33.05,79.32
13,160,87.51,210.02
13,162,15.42,37.0
13,164,91.32,219.18
13,166,86.16,206.78
13,170,50.11,120.27
14,152,15.64,37.55
14,158,44.55,106.93
14,160,64.49,154.79
14,162,35.59,85.41
14,164,69.18,166.04
14,166,68.9,165.35
14,170,32.6,78.23
15,152,38.24,91.78
15,158,97.02,232.86
15,160,77.52,186.04
15,162,66.99,160.78
15,164,46.58,111.78
15,166,23.01,55.23
15,170,75.84,182.02
16,152,19.42,46.62
16,158,77.21,185.31
16,160,53.46,128.32
16,162,59.28,142.28
16,164,38.97,93.53
16,166,36.9,88.55
16,170,48.24,115.77
17,152,29.68,71.24
17,158,89.19,214.07
17,160,68.9,165.37
17,162,62.51,150.02
17,164,42.39,101.74
17,166,25.8,61.92
17,170,65.96,158.32
18,152,35.59,85.41
18,158,73.0,175.2
18,160,27.97,67.12
18,162,72.54,174.09
18,164,42.03,100.87
18,166,57.84,138.81
18,170,28.25,67.8
19,152,32.22,77.34
19,158,80.37,192.88
19,160,34.71,83.3
19,162,72.29,173.49
19,164,31.44,75.45
19,166,44.41,106.58
19,170,40.18,96.44
20,152,22.71,54.49
20,158,64.08,153.8
20,160,41.18,98.83
20,162,59.47,142.72
20,164,47.65,114.35
20,166,56.14,134.73
20,170,27.17,65.21
21,152,23.79,57.1
21,158,71.02,170.45
21,160,40.15,96.36
21,162,63.09,151.43
21,164,40.58,97.39
21,166,49.06,117.74
21,170,34.05,81.72
22,152,59.93,143.83
22,158,93.96,225.51
22,160,5.49,13.17
22,162,97.46,233.91
22,164,39.6,95.03
22,166,66.12,158.7
22,170,44.69,107.27
23,152,32.6,78.23
23,158,62.48,149.95
23,160,34.77,83.46
23,162,65.58,157.4
23,164,52.36,125.66
23,166,65.37,156.9
23,170,18.23,43.76
24,152,45.34,108.81
24,158,65.92,158.2
24,160,28.2,67.67
24,162,75.92,182.21
24,164,57.57,138.18
24,166,75.07,180.16
24,170,16.24,38.98
25,152,20.71,49.71
25,158,55.28,132.67
25,160,47.14,113.14
25,162,52.89,126.94
25,164,56.38,135.32
25,166,63.0,151.2
25,170,22.57,54.16
26,152,30.07,72.17
26,158,29.63,71.12
26,160,75.51,181.22
26,162,29.1,69.83
26,164,84.46,202.71
26,166,83.91,201.4
26,170,36.43,87.42
27,152,32.85,78.84
27,158,28.12,67.49
27,160,81.08,194.58
27,162,24.28,58.28
27,164,88.76,213.01
27,166,86.64,207.94
27,170,41.93,100.64
28,152,14.33,34.4
28,158,73.85,177.25
28,160,60.39,144.93
28,162,52.51,126.03
28,164,45.97,110.33
28,166,39.59,95.0
28,170,50.21,120.52
29,152,16.66,39.99
29,158,76.14,182.75
29,160,65.63,157.51
29,162,51.46,123.5
29,164,48.31,115.94
29,166,38.07,91.37
29,170,55.3,132.72
30,152,47.66,114.38
30,158,74.4,178.57
30,160,19.9,47.75
30,162,81.47,195.52
30,164,50.27,120.64
30,166,70.27,168.64
30,170,25.03,60.08
31,152,50.34,120.81
31,158,72.43,173.84
31,160,21.83,52.4
31,162,82.35,197.64
31,164,55.31,132.75
31,166,75.32,180.76
31,170,22.6,54.23
32,152,40.84,98.01
32,158,99.7,239.29
32,160,59.6,143.04
32,162,78.04,187.29
32,164,25.69,61.66
32,166,15.03,36.07
32,170,68.08,163.39
33,152,27.87,66.89
33,158,79.61,191.07
33,160,85.04,204.09
33,162,44.71,107.3
33,164,64.57,154.97
33,166,46.01,110.42
33,170,70.21,168.51
34,152,8.17,19.62
34,158,67.82,162.76
34,160,63.27,151.85
34,162,45.99,110.38
34,164,52.32,125.56
34,166,45.86,110.07
34,170,47.95,115.08
35,152,39.01,93.62
35,158,34.11,81.88
35,160,94.25,226.19
35,162,10.54,25.29
35,164,97.04,232.9
35,166,90.38,216.91
35,170,56.63,135.91
36,152,44.89,107.74
36,158,90.95,218.29
36,160,26.61,63.86
36,162,84.97,203.93
36,164,23.91,57.38
36,166,45.66,109.59
36,170,46.8,112.32
37,152,45.75,109.79
37,158,95.54,229.29
37,160,32.94,79.05
37,162,86.27,207.05
37,164,17.12,41.1
37,166,38.74,92.98
37,170,53.15,127.57
38,152,43.13,103.52
38,158,96.64,231.93
38,160,41.09,98.61
38,162,83.51,200.43
38,164,15.23,36.54
38,166,30.78,73.87
38,170,57.29,137.49
39,152,43.6,104.64
39,158,26.05,62.51
39,160,94.49,226.77
39,162,18.14,43.54
39,164,100.95,242.29
39,166,96.35,231.24
39,170,54.46,130.7
40,152,46.31,111.14
40,158,80.86,194.05
40,160,17.17,41.21
40,162,83.17,199.6
40,164,40.66,97.59
40,166,61.77,148.25
40,170,32.88,78.91
41,152,41.33,99.18
41,158,40.64,97.55
41,160,53.51,128.43
41,162,58.19,139.66
41,164,76.87,184.48
41,166,86.97,208.73
41,170,9.23,22.15
42,152,25.3,60.71
42,158,79.95,191.88
42,160,45.82,109.96
42,162,65.8,157.92
42,164,33.07,79.37
42,166,37.28,89.47
42,170,45.87,110.08
43,152,51.15,122.76
43,158,21.05,50.51
43,160,73.96,177.5
43,162,51.9,124.56
43,164,95.92,230.21
43,166,102.41,245.78
43,170,29.61,71.06
44,152,38.08,91.38
44,158,24.25,58.21
44,160,71.89,172.53
44,162,39.99,95.99
44,164,87.38,209.72
44,166,90.74,217.78
44,170,29.17,70.02
45,152,2.52,6.05
45,158,58.14,139.52
45,160,65.68,157.62
45,162,38.03,91.28
45,164,60.55,145.33
45,166,55.66,133.59
45,170,43.16,103.59
46,152,4.64,11.13
46,158,62.99,151.18
46,160,59.69,143.26
46,162,45.18,108.44
46,164,53.52,128.45
46,166,50.42,121.02
46,170,41.7,100.09
47,152,41.45,99.49
47,158,101.12,242.68
47,160,69.18,166.03
47,162,75.23,180.55
47,164,34.91,83.78
47,166,13.04,31.29
47,170,73.91,177.38
48,152,51.43,123.44
48,158,110.4,264.96
48,160,64.54,154.88
48,162,87.83,210.79
48,164,24.0,57.59
48,166,7.14,17.15
48,170,77.76,186.62
49,152,50.53,121.28
49,158,110.18,264.43
49,160,72.45,173.88
49,162,84.11,201.85
49,164,33.42,80.2
49,166,4.5,10.8
49,170,81.44,195.45
50,152,23.4,56.15
50,158,82.99,199.17
50,160,61.61,147.86
50,162,59.98,143.94
50,164,40.14,96.34
50,166,30.48,73.16
50,170,57.48,137.94
51,152,35.53,85.26
51,158,48.64,116.74
51,160,96.69,232.06
51,162,6.76,16.23
51,164,92.63,222.31
51,166,81.72,196.14
51,170,63.92,153.42
52,152,45.84,110.0
52,158,13.83,33.2
52,160,84.25,202.2
52,162,35.32,84.78
52,164,98.56,236.53
52,166,99.6,239.03
52,170,41.09,98.63
53,152,44.36,106.46
53,158,18.23,43.74
53,160,89.34,214.43
53,162,26.98,64.76
53,164,99.84,239.61
53,166,98.13,235.52
53,170,47.55,114.11
54,152,53.0,127.21
54,158,98.63,236.72
54,160,24.85,59.64
54,162,93.19,223.66
54,164,20.54,49.3
54,166,47.12,113.09
54,170,53.14,127.53
55,152,63.77,153.05
55,158,107.8,258.71
55,160,24.27,58.25
55,162,103.89,249.34
55,164,22.98,55.14
55,166,52.99,127.18
55,170,60.69,145.65
56,152,64.53,154.86
56,158,101.68,244.02
56,160,11.42,27.4
56,162,103.18,247.62
56,164,35.25,84.59
56,166,63.85,153.24
56,170,52.7,126.48
57,152,58.23,139.76
57,158,86.37,207.28
57,160,7.8,18.71
57,162,93.56,224.54
57,164,47.81,114.75
57,166,72.28,173.47
57,170,36.59,87.82
58,152,51.83,124.38
58,158,104.37,250.48
58,160,40.05,96.12
58,162,92.23,221.35
58,164,7.37,17.69
58,166,32.44,77.87
58,170,62.97,151.14
59,152,48.0,115.21
59,158,107.41,257.78
59,160,78.49,188.39
59,162,78.33,188.0
59,164,41.94,100.66
59,166,13.47,32.32
59,170,82.78,198.68
60,152,43.75,105.0
60,158,101.99,244.77
60,160,82.89,198.94
60,162,70.3,168.72
60,164,49.9,119.76
60,166,23.28,55.86
60,170,81.87,196.48
61,152,36.01,86.43
61,158,82.13,197.12
61,160,95.05,228.11
61,162,43.16,103.57
61,164,74.07,177.77
61,166,53.33,128.0
61,170,78.16,187.57
62,152,29.39,70.54
62,158,49.43,118.64
62,160,46.99,112.79
62,162,55.31,132.74
62,164,63.78,153.07
62,166,72.74,174.58
62,170,12.96,31.11
63,152,44.04,105.69
63,158,54.11,129.87
63,160,40.24,96.57
63,162,68.66,164.78
63,164,67.86,162.86
63,166,82.14,197.15
63,170,4.32,10.37
64,152,8.44,20.27
64,158,51.95,124.69
64,160,68.3,163.92
64,162,33.12,79.49
64,164,66.3,159.12
64,166,62.02,148.84
64,170,41.39,99.34
65,152,11.73,28.16
65,158,56.82,136.37
65,160,53.52,128.45
65,162,47.23,113.36
65,164,55.67,133.62
65,166,57.84,138.83
65,170,31.17,74.81
66,152,38.92,93.41
66,158,60.27,144.66
66,160,34.2,82.08
66,162,68.71,164.89
66,164,58.35,140.04
66,166,72.96,175.11
66,170,12.14,29.13
67,152,34.34,82.42
67,158,40.98,98.36
67,160,92.78,222.68
67,162,7.35,17.64
67,164,92.38,221.72
67,166,84.1,201.85
67,170,57.74,138.57
68,152,46.7,112.07
68,158,15.64,37.54
68,160,78.88,189.32
68,162,42.14,101.13
68,164,96.3,231.12
68,166,99.71,239.3
68,170,34.97,83.93
69,152,53.09,127.41
69,158,6.58,15.8
69,160,89.13,213.92
69,162,39.77,95.45
69,164,105.3,252.71
69,166,106.83,256.39
69,170,45.21,108.5
70,152,55.1,132.25
70,158,13.23,31.76
70,160,81.99,196.79
70,162,49.58,119.0
70,164,102.73,246.55
70,166,107.63,258.32
70,170,37.63,90.3
71,152,33.34,80.01
71,158,64.68,155.23
71,160,96.77,232.25
71,162,23.38,56.11
71,164,84.82,203.58
71,166,69.3,166.33
71,170,70.83,169.99
72,152,47.61,114.27
72,158,104.3,250.32
72,160,90.1,216.25
72,162,70.08,168.19
72,164,57.12,137.08
72,166,29.33,70.39
72,170,87.27,209.45
73,152,46.26,111.03
73,158,31.75,76.21
73,160,62.88,150.91
73,162,55.71,133.7
73,164,86.24,206.97
73,166,94.88,227.72
73,170,18.54,44.5
74,152,23.3,55.93
74,158,39.66,95.18
74,160,61.73,148.16
74,162,40.14,96.33
74,164,72.11,173.07
74,166,74.96,179.89
74,170,25.37,60.88
75,152,64.48,154.74
75,158,4.83,11.59
75,160,97.45,233.87
75,162,48.11,115.46
75,164,116.03,278.46
75,166,118.19,283.67
75,170,53.09,127.41
76,152,60.53,145.27
76,158,119.38,286.51
76,160,68.47,164.33
76,162,96.74,232.17
76,164,24.7,59.29
76,166,10.17,24.41
76,170,85.52,205.25
77,152,21.51,51.62
77,158,48.31,115.93
77,160,52.58,126.19
77,162,48.03,115.26
77,164,63.31,151.95
77,166,68.65,164.76
77,170,21.14,50.73
78,152,53.77,129.04
78,158,106.47,255.52
78,160,102.02,244.85
78,162,68.37,164.08
78,164,70.26,168.62
78,166,42.1,101.05
78,170,95.31,228.75
79,152,62.73,150.55
79,158,8.96,21.5
79,160,90.59,217.41
79,162,52.03,124.88
79,164,111.58,267.8
79,166,115.8,277.93
79,170,46.27,111.05
80,152,55.98,134.35
80,158,24.73,59.34
80,160,105.55,253.32
80,162,24.68,59.23
80,164,113.37,272.09
80,166,108.39,260.13
80,170,63.97,153.52
81,152,54.41,130.59
81,158,103.57,248.57
81,160,106.88,256.51
81,162,63.55,152.52
81,164,77.43,185.84
81,166,50.22,120.52
81,170,96.65,231.95
82,152,7.53,18.06
82,158,54.48,130.74
82,160,59.57,142.96
82,162,41.43,99.42
82,164,59.75,143.4
82,166,59.06,141.75
82,170,35.02,84.05
83,152,68.97,165.53
83,158,128.62,308.7
83,160,86.97,208.72
83,162,100.21,240.5
83,164,43.55,104.53
83,166,16.95,40.68
83,170,100.01,240.03
84,152,35.75,85.81
84,158,73.71,176.91
84,160,98.12,235.49
84,162,32.7,78.48
84,164,81.76,196.23
84,166,63.41,152.18
84,170,76.04,182.49
85,152,26.96,64.7
85,158,57.55,138.12
85,160,90.23,216.54
85,162,19.58,46.99
85,164,81.65,195.96
85,166,69.12,165.88
85,170,62.61,150.26
86,152,52.77,126.65
86,158,110.79,265.89
86,160,59.42,142.6
86,162,90.58,217.4
86,164,17.76,42.62
86,166,13.1,31.43
86,170,75.68,181.64
87,152,53.03,127.28
87,158,102.86,246.86
87,160,33.64,80.73
87,162,93.58,224.59
87,164,11.85,28.43
87,166,38.95,93.48
87,170,59.48,142.75
88,152,57.75,138.59
88,158,79.61,191.06
88,160,16.11,38.66
88,162,90.44,217.05
88,164,55.61,133.46
88,166,78.3,187.93
88,170,29.82,71.58
89,152,60.06,144.15
89,158,119.69,287.26
89,160,77.27,185.46
89,162,93.32,223.96
89,164,34.92,83.82
89,166,6.73,16.15
89,170,89.83,215.6
90,152,66.69,160.05
90,158,126.15,302.75
90,160,78.1,187.45
90,162,100.83,241.99
90,164,34.0,81.59
90,166,12.85,30.84
90,170,94.28,226.27
91,152,43.62,104.69
91,158,93.39,224.13
91,160,98.0,235.2
91,162,54.72,131.32
91,164,71.75,172.21
91,166,47.3,113.51
91,170,85.92,206.21
92,152,52.33,125.6
92,158,10.77,25.84
92,160,93.75,225.0
92,162,33.4,80.16
92,164,106.89,256.53
92,166,106.19,254.86
92,170,50.55,121.33
93,152,55.82,133.97
93,158,7.55,18.13
93,160,86.82,208.36
93,162,45.96,110.3
93,164,105.74,253.77
93,166,109.09,261.83
93,170,42.49,101.98
94,152,68.16,163.58
94,158,100.4,240.96
94,160,6.32,15.16
94,162,105.49,253.17
94,164,43.6,104.65
94,166,71.86,172.47
94,170,50.68,121.64
95,152,51.61,123.87
95,158,81.64,195.94
95,160,13.07,31.37
95,162,87.17,209.22
95,164,45.55,109.32
95,166,68.02,163.25
95,170,32.32,77.58
96,152,22.07,52.96
96,158,71.39,171.33
96,160,82.81,198.75
96,162,37.36,89.66
96,164,66.89,160.55
96,166,51.59,123.81
96,170,64.15,153.96
97,152,44.23,106.16
97,158,37.31,89.56
97,160,100.86,242.05
97,162,7.68,18.44
97,164,102.33,245.6
97,166,94.12,225.88
97,170,63.36,152.07
98,152,59.06,141.75
98,158,107.47,257.92
98,160,32.02,76.84
98,162,99.59,239.01
98,164,13.34,32.02
98,166,43.21,103.71
98,170,62.65,150.36
99,152,76.23,182.94
99,158,135.89,326.14
99,160,89.94,215.86
99,162,108.03,259.28
99,164,45.48,109.14
99,166,23.0,55.2
99,170,105.83,253.98
100,152,18.79,45.09
100,158,69.66,167.18
100,160,45.58,109.39
100,162,58.74,140.97
100,164,42.44,101.85
100,166,47.25,113.39
100,170,36.54,87.7
101,152,33.85,81.25
101,158,93.21,223.7
101,160,61.19,146.84
101,162,70.39,168.93
101,164,32.14,77.13
101,166,20.27,48.64
101,170,64.37,154.48
102,152,72.68,174.43
102,158,14.04,33.69
102,160,100.62,241.48
102,162,57.66,138.38
102,164,122.27,293.44
102,166,126.07,302.57
102,170,56.46,135.52
103,152,64.51,154.82
103,158,6.87,16.49
103,160,100.95,242.27
103,162,44.66,107.17
103,164,117.65,282.36
103,166,118.38,284.12
103,170,56.72,136.13
104,152,35.06,84.14
104,158,59.64,143.13
104,160,98.32,235.97
104,162,17.29,41.5
104,164,88.99,213.57
104,166,74.79,179.5
104,170,69.74,167.37
105,152,30.83,74.0
105,158,43.81,105.14
105,160,51.97,124.73
105,162,52.19,125.26
105,164,69.24,166.19
105,166,77.15,185.15
105,170,13.19,31.67
106,152,43.09,103.42
106,158,51.33,123.2
106,160,104.47,250.72
106,162,7.38,17.71
106,164,99.7,239.28
106,166,87.42,209.82
106,170,71.12,170.69
107,152,67.26,161.43
107,158,95.3,228.71
107,160,4.77,11.45
107,162,103.1,247.44
107,164,49.3,118.33
107,166,76.34,183.21
107,170,45.44,109.05
108,152,56.73,136.15
108,158,59.53,142.86
108,160,39.83,95.6
108,162,79.84,191.63
108,164,74.79,179.5
108,166,92.21,221.3
108,170,15.27,36.65
109,152,55.63,133.51
109,158,68.77,165.06
109,160,28.35,68.03
109,162,83.99,201.58
109,164,64.93,155.82
109,166,84.65,203.16
109,170,19.99,47.98
110,152,73.82,177.16
110,158,14.18,34.03
110,160,105.71,253.71
110,162,54.83,131.58
110,164,125.39,300.94
110,166,127.59,306.21
110,170,61.37,147.3
111,152,65.14,156.34
111,158,86.79,208.31
111,160,13.16,31.57
111,162,98.34,236.03
111,164,56.98,136.76
111,166,81.87,196.48
111,170,37.25,89.4
112,152,63.23,151.74
112,158,66.07,158.56
112,160,37.77,90.64
112,162,87.3,209.52
112,164,76.27,183.04
112,166,95.74,229.77
112,170,22.57,54.18
113,152,78.19,187.65
113,158,18.97,45.52
113,160,111.3,267.12
113,162,56.74,136.17
113,164,130.53,313.26
113,166,132.04,316.91
113,170,66.95,160.69
114,152,70.82,169.96
114,158,87.45,209.88
114,160,20.02,48.04
114,162,102.28,245.46
114,164,64.47,154.74
114,166,89.5,214.79
114,170,39.06,93.74
115,152,7.57,18.16
115,158,64.84,155.62
115,160,68.55,164.51
115,162,40.3,96.73
115,164,58.17,139.61
115,166,49.94,119.85
115,170,49.89,119.74
116,152,47.49,113.98
116,158,20.7,49.69
116,160,95.33,228.8
116,162,23.5,56.41
116,164,104.14,249.93
116,166,100.78,241.86
116,170,53.93,129.43
117,152,72.67,174.4
117,158,95.77,229.85
117,160,12.77,30.65
117,162,106.93,256.64
117,164,57.35,137.65
117,166,84.38,202.5
117,170,46.29,111.11
118,152,49.5,118.79
118,158,39.01,93.63
118,160,57.02,136.84
118,162,63.04,151.31
118,164,83.9,201.36
118,166,95.11,228.28
118,170,13.84,33.21
119,152,64.3,154.33
119,158,60.79,145.9
119,160,44.82,107.57
119,162,85.12,204.29
119,164,82.15,197.16
119,166,100.27,240.64
119,170,22.14,53.13
120,152,32.65,78.36
120,158,32.14,77.14
120,160,64.45,154.68
120,162,42.73,102.55
120,164,79.61,191.07
120,166,84.05,201.73
120,170,23.06,55.36
121,152,56.17,134.81
121,158,111.5,267.6
121,160,49.93,119.84
121,162,95.77,229.85
121,164,6.1,14.65
121,166,24.71,59.31
121,170,72.16,173.19
122,152,33.94,81.46
122,158,57.05,136.93
122,160,38.42,92.21
122,162,63.49,152.38
122,164,58.55,140.53
122,166,70.92,170.22
122,170,12.25,29.41
123,152,55.36,132.86
123,158,76.09,182.62
123,160,118.78,285.08
123,162,32.11,77.06
123,164,104.65,251.17
123,166,85.42,205.02
123,170,91.39,219.34
124,152,65.34,156.81
124,158,124.91,299.78
124,160,86.93,208.64
124,162,95.68,229.62
124,164,44.57,106.98
124,166,15.55,37.33
124,170,97.75,234.61
125,152,30.27,72.65
125,158,73.68,176.84
125,160,33.46,80.31
125,162,68.91,165.38
125,164,38.72,92.93
125,166,51.53,123.66
125,170,32.52,78.05
126,152,77.51,186.03
126,158,137.18,329.24
126,160,91.51,219.63
126,162,109.02,261.64
126,164,47.02,112.85
126,166,24.45,58.68
126,170,107.35,257.63
127,152,55.89,134.14
127,158,9.84,23.61
127,160,85.02,204.05
127,162,47.79,114.7
127,164,104.82,251.58
127,166,108.88,261.31
127,170,40.65,97.57
128,152,50.81,121.94
128,158,73.24,175.77
128,160,114.24,274.17
128,162,29.08,69.79
128,164,100.53,241.28
128,166,81.95,196.68
128,170,87.04,208.91
129,152,18.84,45.22
129,158,75.35,180.84
129,160,74.37,178.5
129,162,45.85,110.03
129,164,56.48,135.55
129,166,42.4,101.77
129,170,60.63,145.5
130,152,25.75,61.79
130,158,47.45,113.88
130,160,86.67,208.0
130,162,14.86,35.67
130,164,83.41,200.18
130,166,74.47,178.74
130,170,55.13,132.32
131,152,47.39,113.74
131,158,22.41,53.79
131,160,96.32,231.16
131,162,21.89,52.53
131,164,104.36,250.46
131,166,100.45,241.07
131,170,55.24,132.57
132,152,25.82,61.96
132,158,66.22,158.92
132,160,88.83,213.19
132,162,28.9,69.36
132,164,75.73,181.76
132,166,60.83,145.99
132,170,65.75,157.79
133,152,34.97,83.93
133,158,89.11,213.87
133,160,42.73,102.55
133,162,75.38,180.91
133,164,23.3,55.93
133,166,32.35,77.65
133,170,51.91,124.58
134,152,30.97,74.32
134,158,84.57,202.97
134,160,85.06,204.14
134,162,50.02,120.04
134,164,61.84,148.43
134,166,41.54,99.7
134,170,73.0,175.21
135,152,57.48,137.94
135,158,27.13,65.1
135,160,107.95,259.07
135,162,24.45,58.67
135,164,115.09,276.21
135,166,109.48,262.76
135,170,66.56,159.73
136,152,43.67,104.82
136,158,23.31,55.94
136,160,92.74,222.59
136,162,21.04,50.5
136,164,100.53,241.28
136,166,96.89,232.53
136,170,52.11,125.06
137,152,72.18,173.23
137,158,131.83,316.39
137,160,86.17,206.8
137,162,104.5,250.8
137,164,41.94,100.66
137,166,18.78,45.06
137,170,101.58,243.79
138,152,70.18,168.43
138,158,84.3,202.31
138,160,23.18,55.64
138,162,100.47,241.12
138,164,67.08,160.98
138,166,91.31,219.15
138,170,36.54,87.7
139,152,52.53,126.06
139,158,58.8,141.11
139,160,114.64,275.13
139,162,17.04,40.89
139,164,107.9,258.96
139,166,93.42,224.22
139,170,81.61,195.85
140,152,27.08,65.0
140,158,39.55,94.92
140,160,58.58,140.6
140,162,44.73,107.36
140,164,72.14,173.13
140,166,77.05,184.91
140,170,20.4,48.97
141,152,40.03,96.08
141,158,91.2,218.88
141,160,93.96,225.5
141,162,53.7,128.88
141,164,68.2,163.68
141,166,44.59,107.03
141,170,82.25,197.4
142,152,71.0,170.4
142,158,130.62,313.5
142,160,89.58,215.0
142,162,101.63,243.9
142,164,46.08,110.59
142,166,19.49,46.77
142,170,102.49,245.98
143,152,31.18,74.82
143,158,90.64,217.54
143,160,69.92,167.81
143,162,63.54,152.48
143,164,42.45,101.87
143,166,24.72,59.32
143,170,67.49,161.98
144,152,17.93,43.04
144,158,74.35,178.45
144,160,74.08,177.79
144,162,45.06,108.15
144,164,56.82,136.37
144,166,43.2,103.68
144,170,59.82,143.56
145,152,39.74,95.37
145,158,30.66,73.57
145,160,93.08,223.38
145,162,14.01,33.63
145,164,97.51,234.03
145,166,91.93,220.63
145,170,54.48,130.76
146,152,68.49,164.37
146,158,80.45,193.07
146,160,25.91,62.18
146,162,97.64,234.34
146,164,68.86,165.25
146,166,92.13,221.1
146,170,33.25,79.79
147,152,74.07,177.76
147,158,94.05,225.72
147,160,16.85,40.44
147,162,107.16,257.18
147,164,61.69,148.06
147,166,88.25,211.79
147,170,45.1,108.25
148,152,54.07,129.77
148,158,98.94,237.46
148,160,23.47,56.32
148,162,94.16,225.98
148,164,21.68,52.04
148,166,48.64,116.74
148,170,53.01,127.23
149,152,57.54,138.09
149,158,84.29,202.3
149,160,120.37,288.89
149,162,40.13,96.3
149,164,102.72,246.54
149,166,81.3,195.13
149,170,95.97,230.32
150,152,53.51,128.42
150,158,92.02,220.85
150,160,113.43,272.23
150,162,48.98,117.55
150,164,90.68,217.63
150,166,66.81,160.35
150,170,94.95,227.89
151,152,37.78,90.67
151,158,92.77,222.65
151,160,87.33,209.6
151,162,58.08,139.39
151,164,59.87,143.69
151,166,36.28,87.06
151,170,79.06,189.75
153,1,52.21,125.32
153,2,54.15,129.96
153,3,24.48,58.75
153,4,17.49,41.98
153,5,17.49,41.97
153,6,29.93,71.82
153,7,31.59,75.82
153,8,10.74,25.79
153,9,18.97,45.53
153,10,28.45,68.28
153,11,26.13,62.72
153,12,20.73,49.75
153,13,31.99,76.78
153,14,12.97,31.12
153,15,40.97,98.32
153,16,21.13,50.71
153,17,32.31,77.55
153,18,34.78,83.48
153,19,32.49,77.97
153,20,21.67,52.01
153,21,23.61,56.67
153,22,59.4,142.56
153,23,31.03,74.48
153,24,43.63,104.72
153,25,18.75,45.0
153,26,27.66,66.38
153,27,30.68,73.64
153,28,16.67,40.01
153,29,19.33,46.4
153,30,46.39,111.33
153,31,48.85,117.23
153,32,42.97,103.13
153,33,30.36,72.85
153,34,10.8,25.91
153,35,37.64,90.34
153,36,45.18,108.44
153,37,46.48,111.54
153,38,44.32,106.36
153,39,41.84,100.42
153,40,45.57,109.36
153,41,38.69,92.86
153,42,26.4,63.36
153,43,48.4,116.17
153,44,35.38,84.92
153,45,3.31,7.95
153,46,6.1,14.64
153,47,43.94,105.45
153,48,53.62,128.68
153,49,52.98,127.16
153,50,25.8,61.91
153,51,35.17,84.42
153,52,43.36,104.08
153,53,42.18,101.24
153,54,53.37,128.1
153,55,64.11,153.86
153,56,64.29,154.31
153,57,57.27,137.45
153,58,52.96,127.1
153,59,50.64,121.54
153,60,46.5,111.59
153,61,38.23,91.75
153,62,27.03,64.87
153,63,41.8,100.32
153,64,6.92,16.6
153,65,9.96,23.89
153,66,37.05,88.93
153,67,33.38,80.12
153,68,44.05,105.72
153,69,50.61,121.47
153,70,52.42,125.81
153,71,34.33,82.39
153,72,50.37,120.9
153,73,43.52,104.44
153,74,20.54,49.3
153,75,61.99,148.78
153,76,62.69,150.46
153,77,18.99,45.58
153,78,56.44,135.47
153,79,60.11,144.25
153,80,54.26,130.21
153,81,56.95,136.69
153,82,4.97,11.92
153,83,71.5,171.59
153,84,37.36,89.67
153,85,27.49,65.98
153,86,54.74,131.38
153,87,53.85,129.24
153,88,56.39,135.35
153,89,62.5,150.0
153,90,69.03,165.68
153,91,46.13,110.72
153,92,50.07,120.16
153,93,53.22,127.74
153,94,67.61,162.27
153,95,50.65,121.56
153,96,24.23,58.15
153,97,43.11,103.48
153,98,59.78,143.48
153,99,78.71,188.9
153,100,18.93,45.44
153,101,36.13,86.72
153,102,70.11,168.27
153,103,62.14,149.13
153,104,35.58,85.4
153,105,28.24,67.77
153,106,42.85,102.84
153,107,66.43,159.42
153,108,54.5,130.81
153,109,53.79,129.1
153,110,71.36,171.26
153,111,63.9,153.35
153,112,61.11,146.66
153,113,75.79,181.89
153,114,69.39,166.53
153,115,10.16,24.39
153,116,45.54,109.31
153,117,71.6,171.84
153,118,46.83,112.39
153,119,62.0,148.79
153,120,29.89,71.74
153,121,57.71,138.5
153,122,31.98,76.74
153,123,56.3,135.12
153,124,67.92,163.0
153,125,29.89,71.73
153,126,80.01,192.02
153,127,53.25,127.81
153,128,51.75,124.2
153,129,21.55,51.72
153,130,25.22,60.52
153,131,45.52,109.26
153,132,27.26,65.42
153,133,36.15,86.77
153,134,33.6,80.63
153,135,55.84,134.01
153,136,41.77,100.24
153,137,74.64,179.13
153,138,68.62,164.69
153,139,52.54,126.09
153,140,24.34,58.41
153,141,42.59,102.23
153,142,73.55,176.53
153,143,33.82,81.16
153,144,20.63,49.51
153,145,38.16,91.58
153,146,66.8,160.33
153,147,72.85,174.83
153,148,54.38,130.51
153,149,58.88,141.3
153,150,55.48,133.15
153,151,40.5,97.2
159,1,43.07,103.37
159,2,26.46,63.5
159,3,81.93,196.63
159,4,71.64,171.94
159,5,64.37,154.49
159,6,74.88,179.72
159,7,37.05,88.92
159,8,51.95,124.69
159,9,50.39,120.94
159,10,48.86,117.27
159,11,33.53,80.47
159,12,40.34,96.83
159,13,35.96,86.3
159,14,46.51,111.62
159,15,99.36,238.46
159,16,79.03,189.68
159,17,91.39,219.34
159,18,73.77,177.04
159,19,81.55,195.73
159,20,65.27,156.65
159,21,72.32,173.56
159,22,94.21,226.11
159,23,63.16,151.57
159,24,65.99,158.39
159,25,56.5,135.6
159,26,31.87,76.48
159,27,30.71,73.7
159,28,75.9,182.15
159,29,78.34,188.01
159,30,74.59,179.02
159,31,72.42,173.81
159,32,101.56,243.74
159,33,82.26,197.43
159,34,69.95,167.89
159,35,37.17,89.21
159,36,91.9,220.55
159,37,96.66,231.98
159,38,98.0,235.2
159,39,29.13,69.91
159,40,81.32,195.17
159,41,40.67,97.61
159,42,81.52,195.65
159,43,20.5,49.19
159,44,25.52,61.26
159,45,60.33,144.79
159,46,64.99,155.97
159,47,103.21,247.69
159,48,112.25,269.41
159,49,112.23,269.36
159,50,85.03,204.08
159,51,51.68,124.04
159,52,16.07,38.57
159,53,21.16,50.79
159,54,99.48,238.75
159,55,108.47,260.34
159,56,102.01,244.84
159,57,86.41,207.39
159,58,105.61,253.47
159,59,109.65,263.15
159,60,104.39,250.54
159,61,84.96,203.9
159,62,50.2,120.49
159,63,54.03,129.68
159,64,54.21,130.11
159,65,58.47,140.33
159,66,60.58,145.39
159,67,43.99,105.59
159,68,16.59,39.83
159,69,8.9,21.36
159,70,12.43,29.83
159,71,67.65,162.35
159,72,106.83,256.39
159,73,31.47,75.52
159,74,41.2,98.89
159,75,3.28,7.88
159,76,121.2,290.88
159,77,49.57,118.98
159,78,109.19,262.06
159,79,6.32,15.18
159,80,27.63,66.32
159,81,106.4,255.36
159,82,56.38,135.31
159,83,130.75,313.81
159,84,76.65,183.95
159,85,60.45,145.07
159,86,112.5,270.0
159,87,103.93,249.43
159,88,79.44,190.65
159,89,121.73,292.15
159,90,128.1,307.44
159,91,96.17,230.81
159,92,13.86,33.26
159,93,7.43,17.83
159,94,100.49,241.17
159,95,81.86,196.46
159,96,74.05,177.71
159,97,40.41,96.99
159,98,108.41,260.19
159,99,137.97,331.13
159,100,71.16,170.78
159,101,95.17,228.4
159,102,11.26,27.04
159,103,7.8,18.73
159,104,62.65,150.37
159,105,44.56,106.95
159,106,54.43,130.63
159,107,95.22,228.52
159,108,58.81,141.15
159,109,68.38,164.1
159,110,12.52,30.04
159,111,86.5,207.59
159,112,65.17,156.41
159,113,17.74,42.57
159,114,86.88,208.51
159,115,67.15,161.15
159,116,23.8,57.12
159,117,95.43,229.03
159,118,38.41,92.18
159,119,59.67,143.22
159,120,33.28,79.86
159,121,112.93,271.04
159,122,57.59,138.21
159,123,79.19,190.06
159,124,127.1,305.03
159,125,74.74,179.37
159,126,139.28,334.26
159,127,9.2,22.08
159,128,76.33,183.18
159,129,77.78,186.68
159,130,50.31,120.74
159,131,25.51,61.23
159,132,69.04,165.69
159,133,90.57,217.37
159,134,87.18,209.24
159,135,29.98,71.95
159,136,26.36,63.28
159,137,133.89,321.33
159,138,83.64,200.75
159,139,61.89,148.53
159,140,40.74,97.78
159,141,93.93,225.43
159,142,132.78,318.68
159,143,92.85,222.85
159,144,76.78,184.28
159,145,33.7,80.89
159,146,79.75,191.39
159,147,93.57,224.57
159,148,99.74,239.38
159,149,87.38,209.71
159,150,95.03,228.06
159,151,95.36,228.87
161,1,51.81,124.35
161,2,68.03,163.28
161,3,71.81,172.35
161,4,73.4,176.17
161,5,77.41,185.79
161,6,88.02,211.24
161,7,55.73,133.75
161,8,55.27,132.65
161,9,77.93,187.03
161,10,87.05,208.93
161,11,66.61,159.86
161,12,72.81,174.75
161,13,84.83,203.59
161,14,61.94,148.66
161,15,76.86,184.47
161,16,52.17,125.21
161,17,68.05,163.32
161,18,25.82,61.97
161,19,33.52,80.46
161,20,38.96,93.5
161,21,38.36,92.06
161,22,6.53,15.68
161,23,32.09,77.03
161,24,25.15,60.36
161,25,44.62,107.08
161,26,72.71,174.51
161,27,78.29,187.91
161,28,58.92,141.4
161,29,64.24,154.17
161,30,16.95,40.69
161,31,18.76,45.02
161,32,59.45,142.69
161,33,83.59,200.61
161,34,61.54,147.7
161,35,91.58,219.78
161,36,26.44,63.45
161,37,33.13,79.52
161,38,41.18,98.83
161,39,91.69,220.06
161,40,15.13,36.32
161,41,50.46,121.1
161,42,44.68,107.24
161,43,70.89,170.14
161,44,68.92,165.42
161,45,63.58,152.6
161,46,57.75,138.6
161,47,68.89,165.33
161,48,64.85,155.65
161,49,72.53,174.07
161,50,60.56,145.34
161,51,94.28,226.28
161,52,81.28,195.06
161,53,86.45,207.48
161,54,25.65,61.55
161,55,26.24,62.97
161,56,13.84,33.22
161,57,4.72,11.33
161,58,40.79,97.9
161,59,78.28,187.87
161,60,82.33,197.6
161,61,93.54,224.5
161,62,44.14,105.95
161,63,37.17,89.2
161,64,66.01,158.43
161,65,51.24,122.98
161,66,31.24,74.98
161,67,90.24,216.59
161,68,75.86,182.07
161,69,86.12,206.68
161,70,78.93,189.43
161,71,94.74,227.38
161,72,89.48,214.76
161,73,59.81,143.54
161,74,58.98,141.55
161,75,94.39,226.53
161,76,69.16,165.98
161,77,49.9,119.76
161,78,101.22,242.93
161,79,87.51,210.03
161,80,102.68,246.44
161,81,105.88,254.1
161,82,57.29,137.49
161,83,87.5,209.99
161,84,96.32,231.18
161,85,88.07,211.37
161,86,59.92,143.8
161,87,34.5,82.81
161,88,13.16,31.59
161,89,77.68,186.44
161,90,78.81,189.15
161,91,96.82,232.37
161,92,90.78,217.88
161,93,83.77,201.04
161,94,9.39,22.53
161,95,10.36,24.86
161,96,81.11,194.67
161,97,98.21,235.7
161,98,33.42,80.2
161,99,90.72,217.73
161,100,43.81,105.15
161,101,60.65,145.57
161,102,97.54,234.09
161,103,97.91,234.98
161,104,96.15,230.76
161,105,49.06,117.74
161,106,102.06,244.93
161,107,5.88,14.11
161,108,36.86,88.47
161,109,25.37,60.89
161,110,102.64,246.35
161,111,11.16,26.79
161,112,35.01,84.02
161,113,108.23,259.75
161,114,18.48,44.36
161,115,66.7,160.08
161,116,92.47,221.92
161,117,12.88,30.91
161,118,53.94,129.45
161,119,42.01,100.83
161,120,61.52,147.66
161,121,50.82,121.97
161,122,35.55,85.32
161,123,116.76,280.22
161,124,87.29,209.5
161,125,31.67,76.01
161,126,92.3,221.51
161,127,81.96,196.7
161,128,112.21,269.31
161,129,72.89,174.92
161,130,84.28,202.27
161,131,93.47,224.33
161,132,86.92,208.6
161,133,42.23,101.35
161,134,83.78,201.07
161,135,105.1,252.23
161,136,89.92,215.8
161,137,86.88,208.51
161,138,21.33,51.19
161,139,112.27,269.46
161,140,55.74,133.78
161,141,92.78,222.66
161,142,90.12,216.3
161,143,69.12,165.88
161,144,72.56,174.13
161,145,90.35,216.85
161,146,23.74,56.97
161,147,16.39,39.33
161,148,24.37,58.48
161,149,118.53,284.47
161,150,111.93,268.63
161,151,86.32,207.17
163,1,67.43,161.83
163,2,58.33,139.98
163,3,51.47,123.54
163,4,40.42,97.01
163,5,31.29,75.09
163,6,36.13,86.72
163,7,46.91,112.58
163,8,41.23,98.94
163,9,20.59,49.43
163,10,11.57,27.77
163,11,33.06,79.35
163,12,23.61,56.67
163,13,13.16,31.58
163,14,34.34,82.41
163,15,68.11,163.46
163,16,59.29,142.3
163,17,63.29,151.89
163,18,71.5,171.6
163,19,71.73,172.15
163,20,58.52,140.46
163,21,62.42,149.81
163,22,96.39,231.33
163,23,64.26,154.23
163,24,74.35,178.43
163,25,51.7,124.07
163,26,26.95,64.67
163,27,21.97,52.73
163,28,52.71,126.49
163,29,51.93,124.64
163,30,80.09,192.22
163,31,80.83,194.0
163,32,78.52,188.45
163,33,46.13,110.72
163,34,46.11,110.67
163,35,7.9,18.95
163,36,84.39,202.53
163,37,85.91,206.18
163,38,83.4,200.15
163,39,15.47,37.12
163,40,82.07,196.96
163,41,56.09,134.62
163,42,65.6,157.44
163,43,49.34,118.42
163,44,37.61,90.27
163,45,37.81,90.73
163,46,44.94,107.86
163,47,76.04,182.49
163,48,88.45,212.27
163,49,84.98,203.96
163,50,60.41,144.99
163,51,8.48,20.36
163,52,32.68,78.42
163,53,24.31,58.33
163,54,92.63,222.31
163,55,103.3,247.91
163,56,102.25,245.4
163,57,92.26,221.42
163,58,92.1,221.05
163,59,79.44,190.64
163,60,71.59,171.82
163,61,45.05,108.13
163,62,53.69,128.85
163,63,66.8,160.32
163,64,32.6,78.25
163,65,46.39,111.34
163,66,67.14,161.14
163,67,6.14,14.74
163,68,39.54,94.9
163,69,37.09,89.01
163,70,46.93,112.63
163,71,25.44,61.06
163,72,71.61,171.87
163,73,53.36,128.06
163,74,38.44,92.26
163,75,45.47,109.12
163,76,97.4,233.77
163,77,46.6,111.84
163,78,70.28,168.67
163,79,49.35,118.45
163,80,22.48,53.96
163,81,65.65,157.57
163,82,40.7,97.67
163,83,101.34,243.23
163,84,34.8,83.52
163,85,20.97,50.32
163,86,91.03,218.47
163,87,93.27,223.85
163,88,88.93,213.43
163,89,94.26,226.23
163,90,101.72,244.12
163,91,56.64,135.94
163,92,30.74,73.76
163,93,43.28,103.87
163,94,104.37,250.48
163,95,85.92,206.22
163,96,38.59,92.61
163,97,5.56,13.35
163,98,99.22,238.12
163,99,109.15,261.96
163,100,58.21,139.7
163,101,70.91,170.17
163,102,55.03,132.07
163,103,42.08,100.98
163,104,19.48,46.76
163,105,50.39,120.94
163,106,10.04,24.1
163,107,101.82,244.37
163,108,77.83,186.79
163,109,82.23,197.35
163,110,52.27,125.45
163,111,96.84,232.42
163,112,85.29,204.7
163,113,54.28,130.27
163,114,100.63,241.51
163,115,40.56,97.34
163,116,20.86,50.06
163,117,105.49,253.18
163,118,60.76,145.84
163,119,82.98,199.14
163,120,40.61,97.47
163,121,95.92,230.2
163,122,61.97,148.72
163,123,34.79,83.5
163,124,96.86,232.47
163,125,68.1,163.44
163,126,110.16,264.38
163,127,45.12,108.29
163,128,31.75,76.21
163,129,46.71,112.09
163,130,14.96,35.9
163,131,19.26,46.22
163,132,30.41,72.99
163,133,75.25,180.59
163,134,51.45,123.49
163,135,22.44,53.86
163,136,18.36,44.06
163,137,105.56,253.35
163,138,98.75,237.0
163,139,19.42,46.6
163,140,42.92,103.01
163,141,55.48,133.16
163,142,102.81,246.75
163,143,64.36,154.47
163,144,45.89,110.13
163,145,11.35,27.24
163,146,95.86,230.07
163,147,105.62,253.49
163,148,93.56,224.55
163,149,42.79,102.71
163,150,51.43,123.44
163,151,59.59,143.02
165,1,82.77,198.66
165,2,95.15,228.35
165,3,53.6,128.63
165,4,61.41,147.39
165,5,69.37,166.49
165,6,74.4,178.56
165,7,74.95,179.88
165,8,61.34,147.21
165,9,77.46,185.9
165,10,86.66,207.98
165,11,79.24,190.17
165,12,78.8,189.12
165,13,90.75,217.8
165,14,68.3,163.91
165,15,48.44,116.25
165,16,38.92,93.42
165,17,43.7,104.89
165,18,39.83,95.59
165,19,29.87,71.69
165,20,46.15,110.77
165,21,39.26,94.22
165,22,36.43,87.43
165,23,50.3,120.73
165,24,55.02,132.06
165,25,54.94,131.86
165,26,83.46,200.31
165,27,87.88,210.92
165,28,46.15,110.76
165,29,48.82,117.18
165,30,47.54,114.1
165,31,52.55,126.13
165,32,27.45,65.89
165,33,65.65,157.57
165,34,52.34,125.62
165,35,96.58,231.8
165,36,21.42,51.41
165,37,15.03,36.07
165,38,14.65,35.17
165,39,100.26,240.63
165,40,37.92,91.01
165,41,74.87,179.69
165,42,32.55,78.13
165,43,94.16,225.99
165,44,85.97,206.33
165,45,60.26,144.63
165,46,53.17,127.61
165,47,36.96,88.7
165,48,26.69,64.06
165,49,36.03,86.47
165,50,40.85,98.05
165,51,92.64,222.34
165,52,97.31,233.54
165,53,98.86,237.26
165,54,17.49,41.98
165,55,19.82,47.58
165,56,32.03,76.88
165,57,44.74,107.39
165,58,6.02,14.44
165,59,44.36,106.46
165,60,52.01,124.83
165,61,75.29,180.71
165,62,62.01,148.81
165,63,65.53,157.28
165,64,65.86,158.07
165,65,54.72,131.33
165,66,56.07,134.56
165,67,92.12,221.09
165,68,94.83,227.6
165,69,103.97,249.53
165,70,101.09,242.62
165,71,85.39,204.93
165,72,59.3,142.31
165,73,84.33,202.38
165,74,70.87,170.09
165,75,114.59,275.03
165,76,27.84,66.81
165,77,61.91,148.59
165,78,72.41,173.79
165,79,109.97,263.93
165,80,112.66,270.38
165,81,79.42,190.61
165,82,59.03,141.68
165,83,46.69,112.06
165,84,82.66,198.39
165,85,81.92,196.6
165,86,20.52,49.25
165,87,8.99,21.57
165,88,52.63,126.32
165,89,37.94,91.05
165,90,37.18,89.24
165,91,73.42,176.21
165,92,105.77,253.85
165,93,104.23,250.15
165,94,40.39,96.93
165,95,42.64,102.35
165,96,67.6,162.25
165,97,102.01,244.82
165,98,10.14,24.34
165,99,48.69,116.85
165,100,41.49,99.57
165,101,33.47,80.32
165,102,120.66,289.58
165,103,116.35,279.24
165,104,89.38,214.51
165,105,67.52,162.06
165,106,99.82,239.57
165,107,46.1,110.65
165,108,72.15,173.17
165,109,62.14,149.14
165,110,123.93,297.43
165,111,53.87,129.28
165,112,73.46,176.3
165,113,129.11,309.86
165,114,61.33,147.2
165,115,58.27,139.85
165,116,103.3,247.93
165,117,54.15,129.96
165,118,81.76,196.23
165,119,79.43,190.62
165,120,78.15,187.56
165,121,9.06,21.74
165,122,56.49,135.58
165,123,105.52,253.26
165,124,47.62,114.29
165,125,36.94,88.65
165,126,50.23,120.56
165,127,103.25,247.81
165,128,101.35,243.24
165,129,57.21,137.3
165,130,83.28,199.87
165,131,103.58,248.59
165,132,76.31,183.13
165,133,22.82,54.76
165,134,63.14,151.54
165,135,114.43,274.64
165,136,99.74,239.39
165,137,45.14,108.34
165,138,63.97,153.53
165,139,108.22,259.73
165,140,70.69,169.66
165,141,69.79,167.5
165,142,49.23,118.15
165,143,43.87,105.28
165,144,57.5,138.0
165,145,96.94,232.65
165,146,65.8,157.93
165,147,58.5,140.39
165,148,18.58,44.6
165,149,103.86,249.27
165,150,92.17,221.2
165,151,61.55,147.71
167,1,95.39,228.95
167,2,103.63,248.71
167,3,36.94,88.65
167,4,47.76,114.63
167,5,56.89,136.55
167,6,56.57,135.78
167,7,80.89,194.13
167,8,61.69,148.06
167,9,69.04,165.71
167,10,76.73,184.15
167,11,79.88,191.71
167,12,74.83,179.6
167,13,84.77,203.45
167,14,66.9,160.56
167,15,23.52,56.44
167,16,34.57,82.97
167,17,24.95,59.88
167,18,54.66,131.18
167,19,41.24,98.97
167,20,53.33,127.99
167,21,46.17,110.82
167,22,62.73,150.54
167,23,62.37,149.69
167,24,71.89,172.53
167,25,60.38,144.91
167,26,82.05,196.91
167,27,84.94,203.86
167,28,37.78,90.66
167,29,36.69,88.05
167,30,66.98,160.75
167,31,72.04,172.9
167,32,12.26,29.42
167,33,46.03,110.46
167,34,44.2,106.08
167,35,89.18,214.03
167,36,42.27,101.46
167,37,35.34,84.82
167,38,27.39,65.73
167,39,94.96,227.89
167,40,58.43,140.24
167,41,84.25,202.2
167,42,34.46,82.7
167,43,100.01,240.02
167,44,88.56,212.54
167,45,53.98,129.56
167,46,48.48,116.36
167,47,12.44,29.85
167,48,3.83,9.19
167,49,5.97,14.34
167,50,28.78,69.07
167,51,80.98,194.34
167,52,97.66,234.37
167,53,96.45,231.47
167,54,43.74,104.97
167,55,49.74,119.37
167,56,60.49,145.18
167,57,68.89,165.34
167,58,29.12,69.9
167,59,15.2,36.47
167,60,24.61,59.07
167,61,53.81,129.14
167,62,70.03,168.07
167,63,79.15,189.95
167,64,60.35,144.84
167,65,55.52,133.25
167,66,69.91,167.79
167,67,83.06,199.33
167,68,97.56,234.13
167,69,104.87,251.69
167,70,105.38,252.92
167,71,69.09,165.81
167,72,31.11,74.66
167,73,92.3,221.51
167,74,72.73,174.54
167,75,116.21,278.91
167,76,9.55,22.91
167,77,66.17,158.82
167,78,44.09,105.81
167,79,113.64,272.73
167,80,107.08,256.99
167,81,52.0,124.79
167,82,57.01,136.82
167,83,20.06,48.14
167,84,63.57,152.58
167,85,68.49,164.38
167,86,10.0,24.0
167,87,35.61,85.47
167,88,74.95,179.89
167,89,9.77,23.45
167,90,14.74,35.39
167,91,48.43,116.23
167,92,104.44,250.66
167,93,106.98,256.75
167,94,68.49,164.37
167,95,64.66,155.19
167,96,51.17,122.8
167,97,93.11,223.47
167,98,39.97,95.94
167,99,25.67,61.62
167,100,44.58,106.98
167,101,18.27,43.85
167,102,123.97,297.52
167,103,116.54,279.68
167,104,74.43,178.63
167,105,74.53,178.88
167,106,86.88,208.52
167,107,72.94,175.05
167,108,89.08,213.78
167,109,81.4,195.36
167,110,125.63,301.51
167,111,78.48,188.35
167,112,92.52,222.05
167,113,130.16,312.38
167,114,86.11,206.66
167,115,48.55,116.52
167,116,99.27,238.25
167,117,80.98,194.35
167,118,92.35,221.64
167,119,97.12,233.08
167,120,81.75,196.19
167,121,21.69,52.05
167,122,67.99,163.17
167,123,85.86,206.06
167,124,18.92,45.4
167,125,48.43,116.24
167,126,27.17,65.22
167,127,106.7,256.09
167,128,82.27,197.44
167,129,41.65,99.97
167,130,73.44,176.25
167,131,99.0,237.59
167,132,60.46,145.09
167,133,29.15,69.96
167,134,41.79,100.31
167,135,108.25,259.79
167,136,95.39,228.95
167,137,21.42,51.42
167,138,87.94,211.05
167,139,93.2,223.68
167,140,74.66,179.19
167,141,45.53,109.26
167,142,22.64,54.34
167,143,24.03,57.66
167,144,42.4,101.75
167,145,90.62,217.48
167,146,88.77,213.06
167,147,84.85,203.63
167,148,45.27,108.64
167,149,82.07,196.98
167,150,67.95,163.09
167,151,37.1,89.04
171,1,12.08,29.0
171,2,25.33,60.8
171,3,65.2,156.49
171,4,59.94,143.87
171,5,58.55,140.52
171,6,71.65,171.96
171,7,16.99,40.77
171,8,31.96,76.7
171,9,51.39,123.34
171,10,58.17,139.6
171,11,30.79,73.89
171,12,41.52,99.65
171,13,50.8,121.93
171,14,34.45,82.67
171,15,78.85,189.23
171,16,51.32,123.16
171,17,68.98,165.56
171,18,31.27,75.04
171,19,43.32,103.97
171,20,30.31,72.74
171,21,37.21,89.31
171,22,46.82,112.36
171,23,21.37,51.29
171,24,18.35,44.04
171,25,25.45,61.07
171,26,37.02,88.84
171,27,42.41,101.79
171,28,53.15,127.56
171,29,58.18,139.64
171,30,27.24,65.38
171,31,24.37,58.48
171,32,71.24,170.98
171,33,72.78,174.67
171,34,50.72,121.72
171,35,57.2,137.29
171,36,49.74,119.38
171,37,56.17,134.81
171,38,60.4,144.96
171,39,54.59,131.01
171,40,35.45,85.09
171,41,8.4,20.16
171,42,49.02,117.66
171,43,27.85,66.84
171,44,28.87,69.28
171,45,45.61,109.46
171,46,44.44,106.66
171,47,77.03,184.87
171,48,80.93,194.23
171,49,84.59,203.01
171,50,60.52,145.24
171,51,65.12,156.29
171,52,40.43,97.04
171,53,47.3,113.52
171,54,55.94,134.25
171,55,63.26,151.83
171,56,54.9,131.77
171,57,38.4,92.16
171,58,66.01,158.41
171,59,85.88,206.11
171,60,84.86,203.67
171,61,80.56,193.33
171,62,15.61,37.45
171,63,6.07,14.57
171,64,43.53,104.48
171,65,33.9,81.35
171,66,15.01,36.03
171,67,58.7,140.89
171,68,33.95,81.49
171,69,44.11,105.87
171,70,35.93,86.23
171,71,72.66,174.37
171,72,90.2,216.48
171,73,16.79,40.3
171,74,26.82,64.38
171,75,51.49,123.57
171,76,88.68,212.84
171,77,23.51,56.42
171,78,98.09,235.41
171,79,44.41,106.58
171,80,63.66,152.77
171,81,99.28,238.27
171,82,37.5,90.0
171,83,103.18,247.62
171,84,78.12,187.49
171,85,64.37,154.48
171,86,78.84,189.21
171,87,62.42,149.8
171,88,31.18,74.84
171,89,93.0,223.19
171,90,97.45,233.87
171,91,88.52,212.44
171,92,49.8,119.52
171,93,41.01,98.42
171,94,52.51,126.03
171,95,34.5,82.79
171,96,66.56,159.74
171,97,63.89,153.34
171,98,65.47,157.14
171,99,108.99,261.58
171,100,39.65,95.17
171,101,67.5,162.0
171,102,54.43,130.63
171,103,55.33,132.8
171,104,71.34,171.21
171,105,14.94,35.87
171,106,72.18,173.24
171,107,46.99,112.78
171,108,13.99,33.57
171,109,20.54,49.29
171,110,59.55,142.92
171,111,38.35,92.03
171,112,21.44,51.46
171,113,65.14,156.34
171,114,39.56,94.94
171,115,52.46,125.91
171,116,53.73,128.96
171,117,47.35,113.63
171,118,11.18,26.82
171,119,20.1,48.24
171,120,23.42,56.21
171,121,75.25,180.59
171,122,15.42,37.01
171,123,92.95,223.08
171,124,100.9,242.16
171,125,35.66,85.59
171,126,110.51,265.23
171,127,39.06,93.74
171,128,88.64,212.74
171,129,63.32,151.98
171,130,56.58,135.79
171,131,55.11,132.27
171,132,67.85,162.83
171,133,55.07,132.16
171,134,75.68,181.63
171,135,66.28,159.07
171,136,52.12,125.1
171,137,104.75,251.39
171,138,36.8,88.31
171,139,82.63,198.32
171,140,21.75,52.19
171,141,84.88,203.72
171,142,105.65,253.56
171,143,70.52,169.24
171,144,62.5,150.0
171,145,54.91,131.78
171,146,33.29,79.91
171,147,45.86,110.06
171,148,55.77,133.84
171,149,97.75,234.61
171,150,97.16,233.19
171,151,81.85,196.45
