from_node ID,to_node ID,start_lat,start_lon,end_lat,end_lon
1,2,30.4383,-84.199,30.4136,-84.2014
2,1,30.4136,-84.2014,30.4383,-84.199
1,3,30.4383,-84.199,30.4533,-84.3251
3,1,30.4533,-84.3251,30.4383,-84.199
1,4,30.4383,-84.199,30.4392,-84.3159
4,1,30.4392,-84.3159,30.4383,-84.199
1,5,30.4383,-84.199,30.4267,-84.3109
5,1,30.4267,-84.3109,30.4383,-84.199
1,6,30.4383,-84.199,30.4237,-84.3327
6,1,30.4237,-84.3327,30.4383,-84.199
1,8,30.4383,-84.199,30.4399,-84.2686
8,1,30.4399,-84.2686,30.4383,-84.199
1,10,30.4383,-84.199,30.4006,-84.2964
10,1,30.4006,-84.2964,30.4383,-84.199
1,11,30.4383,-84.199,30.4169,-84.2527
11,1,30.4169,-84.2527,30.4383,-84.199
1,12,30.4383,-84.199,30.4134,-84.2727
12,1,30.4134,-84.2727,30.4383,-84.199
1,13,30.4383,-84.199,30.3956,-84.2755
13,1,30.3956,-84.2755,30.4383,-84.199
1,14,30.4383,-84.199,30.4294,-84.2694
14,1,30.4294,-84.2694,30.4383,-84.199
1,16,30.4383,-84.199,30.4698,-84.2982
16,1,30.4698,-84.2982,30.4383,-84.199
1,17,30.4383,-84.199,30.4704,-84.3287
17,1,30.4704,-84.3287,30.4383,-84.199
1,19,30.4383,-84.199,30.4865,-84.2733
19,1,30.4865,-84.2733,30.4383,-84.199
1,20,30.4383,-84.199,30.4647,-84.2629
20,1,30.4647,-84.2629,30.4383,-84.199
1,21,30.4383,-84.199,30.4725,-84.2715
21,1,30.4725,-84.2715,30.4383,-84.199
1,22,30.4383,-84.199,30.514,-84.2341
22,1,30.514,-84.2341,30.4383,-84.199
1,23,30.4383,-84.199,30.467,-84.2442
23,1,30.467,-84.2442,30.4383,-84.199
1,24,30.4383,-84.199,30.4737,-84.224
24,1,30.4737,-84.224,30.4383,-84.199
1,26,30.4383,-84.199,30.4091,-84.2584
26,1,30.4091,-84.2584,30.4383,-84.199
1,27,30.4383,-84.199,30.4017,-84.2624
27,1,30.4017,-84.2624,30.4383,-84.199
1,28,30.4383,-84.199,30.4598,-84.304
28,1,30.4598,-84.304,30.4383,-84.199
1,29,30.4383,-84.199,30.4573,-84.3129
29,1,30.4573,-84.3129,30.4383,-84.199
1,30,30.4383,-84.199,30.4859,-84.2288
30,1,30.4859,-84.2288,30.4383,-84.199
1,31,30.4383,-84.199,30.4831,-84.2208
31,1,30.4831,-84.2208,30.4383,-84.199
1,32,30.4383,-84.199,30.4949,-84.3224
32,1,30.4949,-84.3224,30.4383,-84.199
1,33,30.4383,-84.199,30.4388,-84.3375
33,1,30.4388,-84.3375,30.4383,-84.199
1,35,30.4383,-84.199,30.3867,-84.2802
35,1,30.3867,-84.2802,30.4383,-84.199
1,37,30.4383,-84.199,30.5079,-84.2797
37,1,30.5079,-84.2797,30.4383,-84.199
1,38,30.4383,-84.199,30.5048,-84.293
38,1,30.5048,-84.293,30.4383,-84.199
1,40,30.4383,-84.199,30.4943,-84.2417
40,1,30.4943,-84.2417,30.4383,-84.199
1,41,30.4383,-84.199,30.4371,-84.2218
41,1,30.4371,-84.2218,30.4383,-84.199
1,43,30.4383,-84.199,30.4078,-84.215
43,1,30.4078,-84.215,30.4383,-84.199
1,44,30.4383,-84.199,30.4111,-84.2383
44,1,30.4111,-84.2383,30.4383,-84.199
1,45,30.4383,-84.199,30.4388,-84.2916
45,1,30.4388,-84.2916,30.4383,-84.199
1,46,30.4383,-84.199,30.4491,-84.2904
46,1,30.4491,-84.2904,30.4383,-84.199
1,48,30.4383,-84.199,30.5074,-84.333
48,1,30.5074,-84.333,30.4383,-84.199
1,49,30.4383,-84.199,30.4986,-84.3452
49,1,30.4986,-84.3452,30.4383,-84.199
1,50,30.4383,-84.199,30.4696,-84.3143
50,1,30.4696,-84.3143,30.4383,-84.199
1,51,30.4383,-84.199,30.3922,-84.3038
51,1,30.3922,-84.3038,30.4383,-84.199
1,52,30.4383,-84.199,30.3932,-84.2393
52,1,30.3932,-84.2393,30.4383,-84.199
1,53,30.4383,-84.199,30.3874,-84.2525
53,1,30.3874,-84.2525,30.4383,-84.199
1,56,30.4383,-84.199,30.5248,-84.2399
56,1,30.5248,-84.2399,30.4383,-84.199
1,57,30.4383,-84.199,30.5033,-84.2233
57,1,30.5033,-84.2233,30.4383,-84.199
1,59,30.4383,-84.199,30.4869,-84.3528
59,1,30.4869,-84.3528,30.4383,-84.199
1,60,30.4383,-84.199,30.4727,-84.3554
60,1,30.4727,-84.3554,30.4383,-84.199
1,61,30.4383,-84.199,30.428,-84.349
61,1,30.428,-84.349,30.4383,-84.199
1,62,30.4383,-84.199,30.4481,-84.242
62,1,30.4481,-84.242,30.4383,-84.199
1,63,30.4383,-84.199,30.4565,-84.2188
63,1,30.4565,-84.2188,30.4383,-84.199
1,64,30.4383,-84.199,30.4309,-84.2861
64,1,30.4309,-84.2861,30.4383,-84.199
1,65,30.4383,-84.199,30.4489,-84.2727
65,1,30.4489,-84.2727,30.4383,-84.199
1,66,30.4383,-84.199,30.4653,-84.2312
66,1,30.4653,-84.2312,30.4383,-84.199
1,67,30.4383,-84.199,30.3927,-84.2905
67,1,30.3927,-84.2905,30.4383,-84.199
1,68,30.4383,-84.199,30.4004,-84.2295
68,1,30.4004,-84.2295,30.4383,-84.199
1,69,30.4383,-84.199,30.3856,-84.2309
69,1,30.3856,-84.2309,30.4383,-84.199
1,70,30.4383,-84.199,30.3961,-84.2156
70,1,30.3961,-84.2156,30.4383,-84.199
1,73,30.4383,-84.199,30.4238,-84.2163
73,1,30.4238,-84.2163,30.4383,-84.199
1,74,30.4383,-84.199,30.429,-84.255
74,1,30.429,-84.255,30.4383,-84.199
1,75,30.4383,-84.199,30.3736,-84.2178
75,1,30.3736,-84.2178,30.4383,-84.199
1,76,30.4383,-84.199,30.5192,-84.3398
76,1,30.5192,-84.3398,30.4383,-84.199
1,77,30.4383,-84.199,30.4429,-84.2548
77,1,30.4429,-84.2548,30.4383,-84.199
1,79,30.4383,-84.199,30.384,-84.2103
79,1,30.384,-84.2103,30.4383,-84.199
1,80,30.4383,-84.199,30.3652,-84.2624
80,1,30.3652,-84.2624,30.4383,-84.199
1,82,30.4383,-84.199,30.4416,-84.2783
82,1,30.4416,-84.2783,30.4383,-84.199
1,83,30.4383,-84.199,30.5145,-84.371
83,1,30.5145,-84.371,30.4383,-84.199
1,84,30.4383,-84.199,30.4134,-84.3406
84,1,30.4134,-84.3406,30.4383,-84.199
1,85,30.4383,-84.199,30.4087,-84.3137
85,1,30.4087,-84.3137,30.4383,-84.199
1,86,30.4383,-84.199,30.513,-84.3247
86,1,30.513,-84.3247,30.4383,-84.199
1,87,30.4383,-84.199,30.5187,-84.2812
87,1,30.5187,-84.2812,30.4383,-84.199
1,91,30.4383,-84.199,30.4387,-84.364
91,1,30.4387,-84.364,30.4383,-84.199
1,94,30.4383,-84.199,30.5236,-84.2259
94,1,30.5236,-84.2259,30.4383,-84.199
1,95,30.4383,-84.199,30.4963,-84.2309
95,1,30.4963,-84.2309,30.4383,-84.199
1,97,30.4383,-84.199,30.3785,-84.2864
97,1,30.3785,-84.2864,30.4383,-84.199
1,98,30.4383,-84.199,30.527,-84.2767
98,1,30.527,-84.2767,30.4383,-84.199
1,100,30.4383,-84.199,30.4674,-84.2785
100,1,30.4674,-84.2785,30.4383,-84.199
1,102,30.4383,-84.199,30.3702,-84.2022
102,1,30.3702,-84.2022,30.4383,-84.199
1,103,30.4383,-84.199,30.3684,-84.2249
103,1,30.3684,-84.2249,30.4383,-84.199
1,105,30.4383,-84.199,30.4403,-84.2392
105,1,30.4403,-84.2392,30.4383,-84.199
1,106,30.4383,-84.199,30.3822,-84.3098
106,1,30.3822,-84.3098,30.4383,-84.199
1,107,30.4383,-84.199,30.5161,-84.2171
107,1,30.5161,-84.2171,30.4383,-84.199
1,108,30.4383,-84.199,30.4616,-84.1983
108,1,30.4616,-84.1983,30.4383,-84.199
1,109,30.4383,-84.199,30.4767,-84.2064
109,1,30.4767,-84.2064,30.4383,-84.199
1,110,30.4383,-84.199,30.3621,-84.2092
110,1,30.3621,-84.2092,30.4383,-84.199
1,111,30.4383,-84.199,30.5031,-84.2072
111,1,30.5031,-84.2072,30.4383,-84.199
1,113,30.4383,-84.199,30.354,-84.209
113,1,30.354,-84.209,30.4383,-84.199
1,115,30.4383,-84.199,30.4421,-84.3036
115,1,30.4421,-84.3036,30.4383,-84.199
1,118,30.4383,-84.199,30.4332,-84.2085
118,1,30.4332,-84.2085,30.4383,-84.199
1,119,30.4383,-84.199,30.4596,-84.1848
119,1,30.4596,-84.1848,30.4383,-84.199
1,122,30.4383,-84.199,30.46,-84.2377
122,1,30.46,-84.2377,30.4383,-84.199
1,123,30.4383,-84.199,30.3816,-84.3514
123,1,30.3816,-84.3514,30.4383,-84.199
1,124,30.4383,-84.199,30.5073,-84.3707
124,1,30.5073,-84.3707,30.4383,-84.199
1,125,30.4383,-84.199,30.4793,-84.2635
125,1,30.4793,-84.2635,30.4383,-84.199
1,127,30.4383,-84.199,30.3916,-84.2179
127,1,30.3916,-84.2179,30.4383,-84.199
1,128,30.4383,-84.199,30.3865,-84.3463
128,1,30.3865,-84.3463,30.4383,-84.199
1,129,30.4383,-84.199,30.4469,-84.3221
129,1,30.4469,-84.3221,30.4383,-84.199
1,132,30.4383,-84.199,30.4188,-84.3245
132,1,30.4188,-84.3245,30.4383,-84.199
1,133,30.4383,-84.199,30.493,-84.2922
133,1,30.493,-84.2922,30.4383,-84.199
1,134,30.4383,-84.199,30.445,-84.3428
134,1,30.445,-84.3428,30.4383,-84.199
1,135,30.4383,-84.199,30.3622,-84.2653
135,1,30.3622,-84.2653,30.4383,-84.199
1,138,30.4383,-84.199,30.4971,-84.1916
138,1,30.4971,-84.1916,30.4383,-84.199
1,139,30.4383,-84.199,30.3713,-84.3221
139,1,30.3713,-84.3221,30.4383,-84.199
1,140,30.4383,-84.199,30.4319,-84.2471
140,1,30.4319,-84.2471,30.4383,-84.199
1,142,30.4383,-84.199,30.5149,-84.3754
142,1,30.5149,-84.3754,30.4383,-84.199
1,143,30.4383,-84.199,30.4713,-84.3311
143,1,30.4713,-84.3311,30.4383,-84.199
1,144,30.4383,-84.199,30.4461,-84.3207
144,1,30.4461,-84.3207,30.4383,-84.199
1,146,30.4383,-84.199,30.4912,-84.1908
146,1,30.4912,-84.1908,30.4383,-84.199
1,147,30.4383,-84.199,30.5124,-84.1967
147,1,30.5124,-84.1967,30.4383,-84.199
1,148,30.4383,-84.199,30.5172,-84.2642
148,1,30.5172,-84.2642,30.4383,-84.199
1,149,30.4383,-84.199,30.3887,-84.3647
149,1,30.3887,-84.3647,30.4383,-84.199
2,3,30.4136,-84.2014,30.4533,-84.3251
3,2,30.4533,-84.3251,30.4136,-84.2014
2,4,30.4136,-84.2014,30.4392,-84.3159
4,2,30.4392,-84.3159,30.4136,-84.2014
2,5,30.4136,-84.2014,30.4267,-84.3109
5,2,30.4267,-84.3109,30.4136,-84.2014
2,6,30.4136,-84.2014,30.4237,-84.3327
6,2,30.4237,-84.3327,30.4136,-84.2014
2,8,30.4136,-84.2014,30.4399,-84.2686
8,2,30.4399,-84.2686,30.4136,-84.2014
2,10,30.4136,-84.2014,30.4006,-84.2964
10,2,30.4006,-84.2964,30.4136,-84.2014
2,11,30.4136,-84.2014,30.4169,-84.2527
11,2,30.4169,-84.2527,30.4136,-84.2014
2,12,30.4136,-84.2014,30.4134,-84.2727
12,2,30.4134,-84.2727,30.4136,-84.2014
2,13,30.4136,-84.2014,30.3956,-84.2755
13,2,30.3956,-84.2755,30.4136,-84.2014
2,14,30.4136,-84.2014,30.4294,-84.2694
14,2,30.4294,-84.2694,30.4136,-84.2014
2,16,30.4136,-84.2014,30.4698,-84.2982
16,2,30.4698,-84.2982,30.4136,-84.2014
2,17,30.4136,-84.2014,30.4704,-84.3287
17,2,30.4704,-84.3287,30.4136,-84.2014
2,19,30.4136,-84.2014,30.4865,-84.2733
19,2,30.4865,-84.2733,30.4136,-84.2014
2,20,30.4136,-84.2014,30.4647,-84.2629
20,2,30.4647,-84.2629,30.4136,-84.2014
2,21,30.4136,-84.2014,30.4725,-84.2715
21,2,30.4725,-84.2715,30.4136,-84.2014
2,22,30.4136,-84.2014,30.514,-84.2341
22,2,30.514,-84.2341,30.4136,-84.2014
2,23,30.4136,-84.2014,30.467,-84.2442
23,2,30.467,-84.2442,30.4136,-84.2014
2,24,30.4136,-84.2014,30.4737,-84.224
24,2,30.4737,-84.224,30.4136,-84.2014
2,26,30.4136,-84.2014,30.4091,-84.2584
26,2,30.4091,-84.2584,30.4136,-84.2014
2,27,30.4136,-84.2014,30.4017,-84.2624
27,2,30.4017,-84.2624,30.4136,-84.2014
2,28,30.4136,-84.2014,30.4598,-84.304
28,2,30.4598,-84.304,30.4136,-84.2014
2,29,30.4136,-84.2014,30.4573,-84.3129
29,2,30.4573,-84.3129,30.4136,-84.2014
2,30,30.4136,-84.2014,30.4859,-84.2288
30,2,30.4859,-84.2288,30.4136,-84.2014
2,31,30.4136,-84.2014,30.4831,-84.2208
31,2,30.4831,-84.2208,30.4136,-84.2014
2,32,30.4136,-84.2014,30.4949,-84.3224
32,2,30.4949,-84.3224,30.4136,-84.2014
2,33,30.4136,-84.2014,30.4388,-84.3375
33,2,30.4388,-84.3375,30.4136,-84.2014
2,35,30.4136,-84.2014,30.3867,-84.2802
35,2,30.3867,-84.2802,30.4136,-84.2014
2,37,30.4136,-84.2014,30.5079,-84.2797
37,2,30.5079,-84.2797,30.4136,-84.2014
2,38,30.4136,-84.2014,30.5048,-84.293
38,2,30.5048,-84.293,30.4136,-84.2014
2,40,30.4136,-84.2014,30.4943,-84.2417
40,2,30.4943,-84.2417,30.4136,-84.2014
2,41,30.4136,-84.2014,30.4371,-84.2218
41,2,30.4371,-84.2218,30.4136,-84.2014
2,43,30.4136,-84.2014,30.4078,-84.215
43,2,30.4078,-84.215,30.4136,-84.2014
2,44,30.4136,-84.2014,30.4111,-84.2383
44,2,30.4111,-84.2383,30.4136,-84.2014
2,45,30.4136,-84.2014,30.4388,-84.2916
45,2,30.4388,-84.2916,30.4136,-84.2014
2,46,30.4136,-84.2014,30.4491,-84.2904
46,2,30.4491,-84.2904,30.4136,-84.2014
2,48,30.4136,-84.2014,30.5074,-84.333
48,2,30.5074,-84.333,30.4136,-84.2014
2,49,30.4136,-84.2014,30.4986,-84.3452
49,2,30.4986,-84.3452,30.4136,-84.2014
2,50,30.4136,-84.2014,30.4696,-84.3143
50,2,30.4696,-84.3143,30.4136,-84.2014
2,51,30.4136,-84.2014,30.3922,-84.3038
51,2,30.3922,-84.3038,30.4136,-84.2014
2,52,30.4136,-84.2014,30.3932,-84.2393
52,2,30.3932,-84.2393,30.4136,-84.2014
2,53,30.4136,-84.2014,30.3874,-84.2525
53,2,30.3874,-84.2525,30.4136,-84.2014
2,56,30.4136,-84.2014,30.5248,-84.2399
56,2,30.5248,-84.2399,30.4136,-84.2014
2,57,30.4136,-84.2014,30.5033,-84.2233
57,2,30.5033,-84.2233,30.4136,-84.2014
2,59,30.4136,-84.2014,30.4869,-84.3528
59,2,30.4869,-84.3528,30.4136,-84.2014
2,60,30.4136,-84.2014,30.4727,-84.3554
60,2,30.4727,-84.3554,30.4136,-84.2014
2,61,30.4136,-84.2014,30.428,-84.349
61,2,30.428,-84.349,30.4136,-84.2014
2,62,30.4136,-84.2014,30.4481,-84.242
62,2,30.4481,-84.242,30.4136,-84.2014
2,63,30.4136,-84.2014,30.4565,-84.2188
63,2,30.4565,-84.2188,30.4136,-84.2014
2,64,30.4136,-84.2014,30.4309,-84.2861
64,2,30.4309,-84.2861,30.4136,-84.2014
2,65,30.4136,-84.2014,30.4489,-84.2727
65,2,30.4489,-84.2727,30.4136,-84.2014
2,66,30.4136,-84.2014,30.4653,-84.2312
66,2,30.4653,-84.2312,30.4136,-84.2014
2,67,30.4136,-84.2014,30.3927,-84.2905
67,2,30.3927,-84.2905,30.4136,-84.2014
2,68,30.4136,-84.2014,30.4004,-84.2295
68,2,30.4004,-84.2295,30.4136,-84.2014
2,69,30.4136,-84.2014,30.3856,-84.2309
69,2,30.3856,-84.2309,30.4136,-84.2014
2,70,30.4136,-84.2014,30.3961,-84.2156
70,2,30.3961,-84.2156,30.4136,-84.2014
2,73,30.4136,-84.2014,30.4238,-84.2163
73,2,30.4238,-84.2163,30.4136,-84.2014
2,74,30.4136,-84.2014,30.429,-84.255
74,2,30.429,-84.255,30.4136,-84.2014
2,75,30.4136,-84.2014,30.3736,-84.2178
75,2,30.3736,-84.2178,30.4136,-84.2014
2,76,30.4136,-84.2014,30.5192,-84.3398
76,2,30.5192,-84.3398,30.4136,-84.2014
2,77,30.4136,-84.2014,30.4429,-84.2548
77,2,30.4429,-84.2548,30.4136,-84.2014
2,79,30.4136,-84.2014,30.384,-84.2103
79,2,30.384,-84.2103,30.4136,-84.2014
2,80,30.4136,-84.2014,30.3652,-84.2624
80,2,30.3652,-84.2624,30.4136,-84.2014
2,82,30.4136,-84.2014,30.4416,-84.2783
82,2,30.4416,-84.2783,30.4136,-84.2014
2,83,30.4136,-84.2014,30.5145,-84.371
83,2,30.5145,-84.371,30.4136,-84.2014
2,84,30.4136,-84.2014,30.4134,-84.3406
84,2,30.4134,-84.3406,30.4136,-84.2014
2,85,30.4136,-84.2014,30.4087,-84.3137
85,2,30.4087,-84.3137,30.4136,-84.2014
2,86,30.4136,-84.2014,30.513,-84.3247
86,2,30.513,-84.3247,30.4136,-84.2014
2,87,30.4136,-84.2014,30.5187,-84.2812
87,2,30.5187,-84.2812,30.4136,-84.2014
2,91,30.4136,-84.2014,30.4387,-84.364
91,2,30.4387,-84.364,30.4136,-84.2014
2,94,30.4136,-84.2014,30.5236,-84.2259
94,2,30.5236,-84.2259,30.4136,-84.2014
2,95,30.4136,-84.2014,30.4963,-84.2309
95,2,30.4963,-84.2309,30.4136,-84.2014
2,97,30.4136,-84.2014,30.3785,-84.2864
97,2,30.3785,-84.2864,30.4136,-84.2014
2,98,30.4136,-84.2014,30.527,-84.2767
98,2,30.527,-84.2767,30.4136,-84.2014
2,100,30.4136,-84.2014,30.4674,-84.2785
100,2,30.4674,-84.2785,30.4136,-84.2014
2,102,30.4136,-84.2014,30.3702,-84.2022
102,2,30.3702,-84.2022,30.4136,-84.2014
2,103,30.4136,-84.2014,30.3684,-84.2249
103,2,30.3684,-84.2249,30.4136,-84.2014
2,105,30.4136,-84.2014,30.4403,-84.2392
105,2,30.4403,-84.2392,30.4136,-84.2014
2,106,30.4136,-84.2014,30.3822,-84.3098
106,2,30.3822,-84.3098,30.4136,-84.2014
2,107,30.4136,-84.2014,30.5161,-84.2171
107,2,30.5161,-84.2171,30.4136,-84.2014
2,108,30.4136,-84.2014,30.4616,-84.1983
108,2,30.4616,-84.1983,30.4136,-84.2014
2,109,30.4136,-84.2014,30.4767,-84.2064
109,2,30.4767,-84.2064,30.4136,-84.2014
2,110,30.4136,-84.2014,30.3621,-84.2092
110,2,30.3621,-84.2092,30.4136,-84.2014
2,111,30.4136,-84.2014,30.5031,-84.2072
111,2,30.5031,-84.2072,30.4136,-84.2014
2,113,30.4136,-84.2014,30.354,-84.209
113,2,30.354,-84.209,30.4136,-84.2014
2,115,30.4136,-84.2014,30.4421,-84.3036
115,2,30.4421,-84.3036,30.4136,-84.2014
2,118,30.4136,-84.2014,30.4332,-84.2085
118,2,30.4332,-84.2085,30.4136,-84.2014
2,119,30.4136,-84.2014,30.4596,-84.1848
119,2,30.4596,-84.1848,30.4136,-84.2014
2,122,30.4136,-84.2014,30.46,-84.2377
122,2,30.46,-84.2377,30.4136,-84.2014
2,123,30.4136,-84.2014,30.3816,-84.3514
123,2,30.3816,-84.3514,30.4136,-84.2014
2,124,30.4136,-84.2014,30.5073,-84.3707
124,2,30.5073,-84.3707,30.4136,-84.2014
2,125,30.4136,-84.2014,30.4793,-84.2635
125,2,30.4793,-84.2635,30.4136,-84.2014
2,127,30.4136,-84.2014,30.3916,-84.2179
127,2,30.3916,-84.2179,30.4136,-84.2014
2,128,30.4136,-84.2014,30.3865,-84.3463
128,2,30.3865,-84.3463,30.4136,-84.2014
2,129,30.4136,-84.2014,30.4469,-84.3221
129,2,30.4469,-84.3221,30.4136,-84.2014
2,132,30.4136,-84.2014,30.4188,-84.3245
132,2,30.4188,-84.3245,30.4136,-84.2014
2,133,30.4136,-84.2014,30.493,-84.2922
133,2,30.493,-84.2922,30.4136,-84.2014
2,134,30.4136,-84.2014,30.445,-84.3428
134,2,30.445,-84.3428,30.4136,-84.2014
2,135,30.4136,-84.2014,30.3622,-84.2653
135,2,30.3622,-84.2653,30.4136,-84.2014
2,138,30.4136,-84.2014,30.4971,-84.1916
138,2,30.4971,-84.1916,30.4136,-84.2014
2,139,30.4136,-84.2014,30.3713,-84.3221
139,2,30.3713,-84.3221,30.4136,-84.2014
2,140,30.4136,-84.2014,30.4319,-84.2471
140,2,30.4319,-84.2471,30.4136,-84.2014
2,142,30.4136,-84.2014,30.5149,-84.3754
142,2,30.5149,-84.3754,30.4136,-84.2014
2,143,30.4136,-84.2014,30.4713,-84.3311
143,2,30.4713,-84.3311,30.4136,-84.2014
2,144,30.4136,-84.2014,30.4461,-84.3207
144,2,30.4461,-84.3207,30.4136,-84.2014
2,146,30.4136,-84.2014,30.4912,-84.1908
146,2,30.4912,-84.1908,30.4136,-84.2014
2,147,30.4136,-84.2014,30.5124,-84.1967
147,2,30.5124,-84.1967,30.4136,-84.2014
2,148,30.4136,-84.2014,30.5172,-84.2642
148,2,30.5172,-84.2642,30.4136,-84.2014
2,149,30.4136,-84.2014,30.3887,-84.3647
149,2,30.3887,-84.3647,30.4136,-84.2014
3,4,30.4533,-84.3251,30.4392,-84.3159
4,3,30.4392,-84.3159,30.4533,-84.3251
3,5,30.4533,-84.3251,30.4267,-84.3109
5,3,30.4267,-84.3109,30.4533,-84.3251
3,6,30.4533,-84.3251,30.4237,-84.3327
6,3,30.4237,-84.3327,30.4533,-84.3251
3,8,30.4533,-84.3251,30.4399,-84.2686
8,3,30.4399,-84.2686,30.4533,-84.3251
3,10,30.4533,-84.3251,30.4006,-84.2964
10,3,30.4006,-84.2964,30.4533,-84.3251
3,11,30.4533,-84.3251,30.4169,-84.2527
11,3,30.4169,-84.2527,30.4533,-84.3251
3,12,30.4533,-84.3251,30.4134,-84.2727
12,3,30.4134,-84.2727,30.4533,-84.3251
3,13,30.4533,-84.3251,30.3956,-84.2755
13,3,30.3956,-84.2755,30.4533,-84.3251
3,14,30.4533,-84.3251,30.4294,-84.2694
14,3,30.4294,-84.2694,30.4533,-84.3251
3,16,30.4533,-84.3251,30.4698,-84.2982
16,3,30.4698,-84.2982,30.4533,-84.3251
3,17,30.4533,-84.3251,30.4704,-84.3287
17,3,30.4704,-84.3287,30.4533,-84.3251
3,19,30.4533,-84.3251,30.4865,-84.2733
19,3,30.4865,-84.2733,30.4533,-84.3251
3,20,30.4533,-84.3251,30.4647,-84.2629
20,3,30.4647,-84.2629,30.4533,-84.3251
3,21,30.4533,-84.3251,30.4725,-84.2715
21,3,30.4725,-84.2715,30.4533,-84.3251
3,22,30.4533,-84.3251,30.514,-84.2341
22,3,30.514,-84.2341,30.4533,-84.3251
3,23,30.4533,-84.3251,30.467,-84.2442
23,3,30.467,-84.2442,30.4533,-84.3251
3,24,30.4533,-84.3251,30.4737,-84.224
24,3,30.4737,-84.224,30.4533,-84.3251
3,26,30.4533,-84.3251,30.4091,-84.2584
26,3,30.4091,-84.2584,30.4533,-84.3251
3,27,30.4533,-84.3251,30.4017,-84.2624
27,3,30.4017,-84.2624,30.4533,-84.3251
3,28,30.4533,-84.3251,30.4598,-84.304
28,3,30.4598,-84.304,30.4533,-84.3251
3,29,30.4533,-84.3251,30.4573,-84.3129
29,3,30.4573,-84.3129,30.4533,-84.3251
3,30,30.4533,-84.3251,30.4859,-84.2288
30,3,30.4859,-84.2288,30.4533,-84.3251
3,31,30.4533,-84.3251,30.4831,-84.2208
31,3,30.4831,-84.2208,30.4533,-84.3251
3,32,30.4533,-84.3251,30.4949,-84.3224
32,3,30.4949,-84.3224,30.4533,-84.3251
3,33,30.4533,-84.3251,30.4388,-84.3375
33,3,30.4388,-84.3375,30.4533,-84.3251
3,35,30.4533,-84.3251,30.3867,-84.2802
35,3,30.3867,-84.2802,30.4533,-84.3251
3,37,30.4533,-84.3251,30.5079,-84.2797
37,3,30.5079,-84.2797,30.4533,-84.3251
3,38,30.4533,-84.3251,30.5048,-84.293
38,3,30.5048,-84.293,30.4533,-84.3251
3,40,30.4533,-84.3251,30.4943,-84.2417
40,3,30.4943,-84.2417,30.4533,-84.3251
3,41,30.4533,-84.3251,30.4371,-84.2218
41,3,30.4371,-84.2218,30.4533,-84.3251
3,43,30.4533,-84.3251,30.4078,-84.215
43,3,30.4078,-84.215,30.4533,-84.3251
3,44,30.4533,-84.3251,30.4111,-84.2383
44,3,30.4111,-84.2383,30.4533,-84.3251
3,45,30.4533,-84.3251,30.4388,-84.2916
45,3,30.4388,-84.2916,30.4533,-84.3251
3,46,30.4533,-84.3251,30.4491,-84.2904
46,3,30.4491,-84.2904,30.4533,-84.3251
3,48,30.4533,-84.3251,30.5074,-84.333
48,3,30.5074,-84.333,30.4533,-84.3251
3,49,30.4533,-84.3251,30.4986,-84.3452
49,3,30.4986,-84.3452,30.4533,-84.3251
3,50,30.4533,-84.3251,30.4696,-84.3143
50,3,30.4696,-84.3143,30.4533,-84.3251
3,51,30.4533,-84.3251,30.3922,-84.3038
51,3,30.3922,-84.3038,30.4533,-84.3251
3,52,30.4533,-84.3251,30.3932,-84.2393
52,3,30.3932,-84.2393,30.4533,-84.3251
3,53,30.4533,-84.3251,30.3874,-84.2525
53,3,30.3874,-84.2525,30.4533,-84.3251
3,56,30.4533,-84.3251,30.5248,-84.2399
56,3,30.5248,-84.2399,30.4533,-84.3251
3,57,30.4533,-84.3251,30.5033,-84.2233
57,3,30.5033,-84.2233,30.4533,-84.3251
3,59,30.4533,-84.3251,30.4869,-84.3528
59,3,30.4869,-84.3528,30.4533,-84.3251
3,60,30.4533,-84.3251,30.4727,-84.3554
60,3,30.4727,-84.3554,30.4533,-84.3251
3,61,30.4533,-84.3251,30.428,-84.349
61,3,30.428,-84.349,30.4533,-84.3251
3,62,30.4533,-84.3251,30.4481,-84.242
62,3,30.4481,-84.242,30.4533,-84.3251
3,63,30.4533,-84.3251,30.4565,-84.2188
63,3,30.4565,-84.2188,30.4533,-84.3251
3,64,30.4533,-84.3251,30.4309,-84.2861
64,3,30.4309,-84.2861,30.4533,-84.3251
3,65,30.4533,-84.3251,30.4489,-84.2727
65,3,30.4489,-84.2727,30.4533,-84.3251
3,66,30.4533,-84.3251,30.4653,-84.2312
66,3,30.4653,-84.2312,30.4533,-84.3251
3,67,30.4533,-84.3251,30.3927,-84.2905
67,3,30.3927,-84.2905,30.4533,-84.3251
3,68,30.4533,-84.3251,30.4004,-84.2295
68,3,30.4004,-84.2295,30.4533,-84.3251
3,69,30.4533,-84.3251,30.3856,-84.2309
69,3,30.3856,-84.2309,30.4533,-84.3251
3,70,30.4533,-84.3251,30.3961,-84.2156
70,3,30.3961,-84.2156,30.4533,-84.3251
3,73,30.4533,-84.3251,30.4238,-84.2163
73,3,30.4238,-84.2163,30.4533,-84.3251
3,74,30.4533,-84.3251,30.429,-84.255
74,3,30.429,-84.255,30.4533,-84.3251
3,75,30.4533,-84.3251,30.3736,-84.2178
75,3,30.3736,-84.2178,30.4533,-84.3251
3,76,30.4533,-84.3251,30.5192,-84.3398
76,3,30.5192,-84.3398,30.4533,-84.3251
3,77,30.4533,-84.3251,30.4429,-84.2548
77,3,30.4429,-84.2548,30.4533,-84.3251
3,79,30.4533,-84.3251,30.384,-84.2103
79,3,30.384,-84.2103,30.4533,-84.3251
3,80,30.4533,-84.3251,30.3652,-84.2624
80,3,30.3652,-84.2624,30.4533,-84.3251
3,82,30.4533,-84.3251,30.4416,-84.2783
82,3,30.4416,-84.2783,30.4533,-84.3251
3,83,30.4533,-84.3251,30.5145,-84.371
83,3,30.5145,-84.371,30.4533,-84.3251
3,84,30.4533,-84.3251,30.4134,-84.3406
84,3,30.4134,-84.3406,30.4533,-84.3251
3,85,30.4533,-84.3251,30.4087,-84.3137
85,3,30.4087,-84.3137,30.4533,-84.3251
3,86,30.4533,-84.3251,30.513,-84.3247
86,3,30.513,-84.3247,30.4533,-84.3251
3,87,30.4533,-84.3251,30.5187,-84.2812
87,3,30.5187,-84.2812,30.4533,-84.3251
3,91,30.4533,-84.3251,30.4387,-84.364
91,3,30.4387,-84.364,30.4533,-84.3251
3,94,30.4533,-84.3251,30.5236,-84.2259
94,3,30.5236,-84.2259,30.4533,-84.3251
3,95,30.4533,-84.3251,30.4963,-84.2309
95,3,30.4963,-84.2309,30.4533,-84.3251
3,97,30.4533,-84.3251,30.3785,-84.2864
97,3,30.3785,-84.2864,30.4533,-84.3251
3,98,30.4533,-84.3251,30.527,-84.2767
98,3,30.527,-84.2767,30.4533,-84.3251
3,100,30.4533,-84.3251,30.4674,-84.2785
100,3,30.4674,-84.2785,30.4533,-84.3251
3,102,30.4533,-84.3251,30.3702,-84.2022
102,3,30.3702,-84.2022,30.4533,-84.3251
3,103,30.4533,-84.3251,30.3684,-84.2249
103,3,30.3684,-84.2249,30.4533,-84.3251
3,105,30.4533,-84.3251,30.4403,-84.2392
105,3,30.4403,-84.2392,30.4533,-84.3251
3,106,30.4533,-84.3251,30.3822,-84.3098
106,3,30.3822,-84.3098,30.4533,-84.3251
3,107,30.4533,-84.3251,30.5161,-84.2171
107,3,30.5161,-84.2171,30.4533,-84.3251
3,108,30.4533,-84.3251,30.4616,-84.1983
108,3,30.4616,-84.1983,30.4533,-84.3251
3,109,30.4533,-84.3251,30.4767,-84.2064
109,3,30.4767,-84.2064,30.4533,-84.3251
3,110,30.4533,-84.3251,30.3621,-84.2092
110,3,30.3621,-84.2092,30.4533,-84.3251
3,111,30.4533,-84.3251,30.5031,-84.2072
111,3,30.5031,-84.2072,30.4533,-84.3251
3,113,30.4533,-84.3251,30.354,-84.209
113,3,30.354,-84.209,30.4533,-84.3251
3,115,30.4533,-84.3251,30.4421,-84.3036
115,3,30.4421,-84.3036,30.4533,-84.3251
3,118,30.4533,-84.3251,30.4332,-84.2085
118,3,30.4332,-84.2085,30.4533,-84.3251
3,119,30.4533,-84.3251,30.4596,-84.1848
119,3,30.4596,-84.1848,30.4533,-84.3251
3,122,30.4533,-84.3251,30.46,-84.2377
122,3,30.46,-84.2377,30.4533,-84.3251
3,123,30.4533,-84.3251,30.3816,-84.3514
123,3,30.3816,-84.3514,30.4533,-84.3251
3,124,30.4533,-84.3251,30.5073,-84.3707
124,3,30.5073,-84.3707,30.4533,-84.3251
3,125,30.4533,-84.3251,30.4793,-84.2635
125,3,30.4793,-84.2635,30.4533,-84.3251
3,127,30.4533,-84.3251,30.3916,-84.2179
127,3,30.3916,-84.2179,30.4533,-84.3251
3,128,30.4533,-84.3251,30.3865,-84.3463
128,3,30.3865,-84.3463,30.4533,-84.3251
3,129,30.4533,-84.3251,30.4469,-84.3221
129,3,30.4469,-84.3221,30.4533,-84.3251
3,132,30.4533,-84.3251,30.4188,-84.3245
132,3,30.4188,-84.3245,30.4533,-84.3251
3,133,30.4533,-84.3251,30.493,-84.2922
133,3,30.493,-84.2922,30.4533,-84.3251
3,134,30.4533,-84.3251,30.445,-84.3428
134,3,30.445,-84.3428,30.4533,-84.3251
3,135,30.4533,-84.3251,30.3622,-84.2653
135,3,30.3622,-84.2653,30.4533,-84.3251
3,138,30.4533,-84.3251,30.4971,-84.1916
138,3,30.4971,-84.1916,30.4533,-84.3251
3,139,30.4533,-84.3251,30.3713,-84.3221
139,3,30.3713,-84.3221,30.4533,-84.3251
3,140,30.4533,-84.3251,30.4319,-84.2471
140,3,30.4319,-84.2471,30.4533,-84.3251
3,142,30.4533,-84.3251,30.5149,-84.3754
142,3,30.5149,-84.3754,30.4533,-84.3251
3,143,30.4533,-84.3251,30.4713,-84.3311
143,3,30.4713,-84.3311,30.4533,-84.3251
3,144,30.4533,-84.3251,30.4461,-84.3207
144,3,30.4461,-84.3207,30.4533,-84.3251
3,146,30.4533,-84.3251,30.4912,-84.1908
146,3,30.4912,-84.1908,30.4533,-84.3251
3,147,30.4533,-84.3251,30.5124,-84.1967
147,3,30.5124,-84.1967,30.4533,-84.3251
3,148,30.4533,-84.3251,30.5172,-84.2642
148,3,30.5172,-84.2642,30.4533,-84.3251
3,149,30.4533,-84.3251,30.3887,-84.3647
149,3,30.3887,-84.3647,30.4533,-84.3251
4,5,30.4392,-84.3159,30.4267,-84.3109
5,4,30.4267,-84.3109,30.4392,-84.3159
4,6,30.4392,-84.3159,30.4237,-84.3327
6,4,30.4237,-84.3327,30.4392,-84.3159
4,8,30.4392,-84.3159,30.4399,-84.2686
8,4,30.4399,-84.2686,30.4392,-84.3159
4,10,30.4392,-84.3159,30.4006,-84.2964
10,4,30.4006,-84.2964,30.4392,-84.3159
4,11,30.4392,-84.3159,30.4169,-84.2527
11,4,30.4169,-84.2527,30.4392,-84.3159
4,12,30.4392,-84.3159,30.4134,-84.2727
12,4,30.4134,-84.2727,30.4392,-84.3159
4,13,30.4392,-84.3159,30.3956,-84.2755
13,4,30.3956,-84.2755,30.4392,-84.3159
4,14,30.4392,-84.3159,30.4294,-84.2694
14,4,30.4294,-84.2694,30.4392,-84.3159
4,16,30.4392,-84.3159,30.4698,-84.2982
16,4,30.4698,-84.2982,30.4392,-84.3159
4,17,30.4392,-84.3159,30.4704,-84.3287
17,4,30.4704,-84.3287,30.4392,-84.3159
4,19,30.4392,-84.3159,30.4865,-84.2733
19,4,30.4865,-84.2733,30.4392,-84.3159
4,20,30.4392,-84.3159,30.4647,-84.2629
20,4,30.4647,-84.2629,30.4392,-84.3159
4,21,30.4392,-84.3159,30.4725,-84.2715
21,4,30.4725,-84.2715,30.4392,-84.3159
4,22,30.4392,-84.3159,30.514,-84.2341
22,4,30.514,-84.2341,30.4392,-84.3159
4,23,30.4392,-84.3159,30.467,-84.2442
23,4,30.467,-84.2442,30.4392,-84.3159
4,24,30.4392,-84.3159,30.4737,-84.224
24,4,30.4737,-84.224,30.4392,-84.3159
4,26,30.4392,-84.3159,30.4091,-84.2584
26,4,30.4091,-84.2584,30.4392,-84.3159
4,27,30.4392,-84.3159,30.4017,-84.2624
27,4,30.4017,-84.2624,30.4392,-84.3159
4,28,30.4392,-84.3159,30.4598,-84.304
28,4,30.4598,-84.304,30.4392,-84.3159
4,29,30.4392,-84.3159,30.4573,-84.3129
29,4,30.4573,-84.3129,30.4392,-84.3159
4,30,30.4392,-84.3159,30.4859,-84.2288
30,4,30.4859,-84.2288,30.4392,-84.3159
4,31,30.4392,-84.3159,30.4831,-84.2208
31,4,30.4831,-84.2208,30.4392,-84.3159
4,32,30.4392,-84.3159,30.4949,-84.3224
32,4,30.4949,-84.3224,30.4392,-84.3159
4,33,30.4392,-84.3159,30.4388,-84.3375
33,4,30.4388,-84.3375,30.4392,-84.3159
4,35,30.4392,-84.3159,30.3867,-84.2802
35,4,30.3867,-84.2802,30.4392,-84.3159
4,37,30.4392,-84.3159,30.5079,-84.2797
37,4,30.5079,-84.2797,30.4392,-84.3159
4,38,30.4392,-84.3159,30.5048,-84.293
38,4,30.5048,-84.293,30.4392,-84.3159
4,40,30.4392,-84.3159,30.4943,-84.2417
40,4,30.4943,-84.2417,30.4392,-84.3159
4,41,30.4392,-84.3159,30.4371,-84.2218
41,4,30.4371,-84.2218,30.4392,-84.3159
4,43,30.4392,-84.3159,30.4078,-84.215
43,4,30.4078,-84.215,30.4392,-84.3159
4,44,30.4392,-84.3159,30.4111,-84.2383
44,4,30.4111,-84.2383,30.4392,-84.3159
4,45,30.4392,-84.3159,30.4388,-84.2916
45,4,30.4388,-84.2916,30.4392,-84.3159
4,46,30.4392,-84.3159,30.4491,-84.2904
46,4,30.4491,-84.2904,30.4392,-84.3159
4,48,30.4392,-84.3159,30.5074,-84.333
48,4,30.5074,-84.333,30.4392,-84.3159
4,49,30.4392,-84.3159,30.4986,-84.3452
49,4,30.4986,-84.3452,30.4392,-84.3159
4,50,30.4392,-84.3159,30.4696,-84.3143
50,4,30.4696,-84.3143,30.4392,-84.3159
4,51,30.4392,-84.3159,30.3922,-84.3038
51,4,30.3922,-84.3038,30.4392,-84.3159
4,52,30.4392,-84.3159,30.3932,-84.2393
52,4,30.3932,-84.2393,30.4392,-84.3159
4,53,30.4392,-84.3159,30.3874,-84.2525
53,4,30.3874,-84.2525,30.4392,-84.3159
4,56,30.4392,-84.3159,30.5248,-84.2399
56,4,30.5248,-84.2399,30.4392,-84.3159
4,57,30.4392,-84.3159,30.5033,-84.2233
57,4,30.5033,-84.2233,30.4392,-84.3159
4,59,30.4392,-84.3159,30.4869,-84.3528
59,4,30.4869,-84.3528,30.4392,-84.3159
4,60,30.4392,-84.3159,30.4727,-84.3554
60,4,30.4727,-84.3554,30.4392,-84.3159
4,61,30.4392,-84.3159,30.428,-84.349
61,4,30.428,-84.349,30.4392,-84.3159
4,62,30.4392,-84.3159,30.4481,-84.242
62,4,30.4481,-84.242,30.4392,-84.3159
4,63,30.4392,-84.3159,30.4565,-84.2188
63,4,30.4565,-84.2188,30.4392,-84.3159
4,64,30.4392,-84.3159,30.4309,-84.2861
64,4,30.4309,-84.2861,30.4392,-84.3159
4,65,30.4392,-84.3159,30.4489,-84.2727
65,4,30.4489,-84.2727,30.4392,-84.3159
4,66,30.4392,-84.3159,30.4653,-84.2312
66,4,30.4653,-84.2312,30.4392,-84.3159
4,67,30.4392,-84.3159,30.3927,-84.2905
67,4,30.3927,-84.2905,30.4392,-84.3159
4,68,30.4392,-84.3159,30.4004,-84.2295
68,4,30.4004,-84.2295,30.4392,-84.3159
4,69,30.4392,-84.3159,30.3856,-84.2309
69,4,30.3856,-84.2309,30.4392,-84.3159
4,70,30.4392,-84.3159,30.3961,-84.2156
70,4,30.3961,-84.2156,30.4392,-84.3159
4,73,30.4392,-84.3159,30.4238,-84.2163
73,4,30.4238,-84.2163,30.4392,-84.3159
4,74,30.4392,-84.3159,30.429,-84.255
74,4,30.429,-84.255,30.4392,-84.3159
4,75,30.4392,-84.3159,30.3736,-84.2178
75,4,30.3736,-84.2178,30.4392,-84.3159
4,76,30.4392,-84.3159,30.5192,-84.3398
76,4,30.5192,-84.3398,30.4392,-84.3159
4,77,30.4392,-84.3159,30.4429,-84.2548
77,4,30.4429,-84.2548,30.4392,-84.3159
4,79,30.4392,-84.3159,30.384,-84.2103
79,4,30.384,-84.2103,30.4392,-84.3159
4,80,30.4392,-84.3159,30.3652,-84.2624
80,4,30.3652,-84.2624,30.4392,-84.3159
4,82,30.4392,-84.3159,30.4416,-84.2783
82,4,30.4416,-84.2783,30.4392,-84.3159
4,83,30.4392,-84.3159,30.5145,-84.371
83,4,30.5145,-84.371,30.4392,-84.3159
4,84,30.4392,-84.3159,30.4134,-84.3406
84,4,30.4134,-84.3406,30.4392,-84.3159
4,85,30.4392,-84.3159,30.4087,-84.3137
85,4,30.4087,-84.3137,30.4392,-84.3159
4,86,30.4392,-84.3159,30.513,-84.3247
86,4,30.513,-84.3247,30.4392,-84.3159
4,87,30.4392,-84.3159,30.5187,-84.2812
87,4,30.5187,-84.2812,30.4392,-84.3159
4,91,30.4392,-84.3159,30.4387,-84.364
91,4,30.4387,-84.364,30.4392,-84.3159
4,94,30.4392,-84.3159,30.5236,-84.2259
94,4,30.5236,-84.2259,30.4392,-84.3159
4,95,30.4392,-84.3159,30.4963,-84.2309
95,4,30.4963,-84.2309,30.4392,-84.3159
4,97,30.4392,-84.3159,30.3785,-84.2864
97,4,30.3785,-84.2864,30.4392,-84.3159
4,98,30.4392,-84.3159,30.527,-84.2767
98,4,30.527,-84.2767,30.4392,-84.3159
4,100,30.4392,-84.3159,30.4674,-84.2785
100,4,30.4674,-84.2785,30.4392,-84.3159
4,102,30.4392,-84.3159,30.3702,-84.2022
102,4,30.3702,-84.2022,30.4392,-84.3159
4,103,30.4392,-84.3159,30.3684,-84.2249
103,4,30.3684,-84.2249,30.4392,-84.3159
4,105,30.4392,-84.3159,30.4403,-84.2392
105,4,30.4403,-84.2392,30.4392,-84.3159
4,106,30.4392,-84.3159,30.3822,-84.3098
106,4,30.3822,-84.3098,30.4392,-84.3159
4,107,30.4392,-84.3159,30.5161,-84.2171
107,4,30.5161,-84.2171,30.4392,-84.3159
4,108,30.4392,-84.3159,30.4616,-84.1983
108,4,30.4616,-84.1983,30.4392,-84.3159
4,109,30.4392,-84.3159,30.4767,-84.2064
109,4,30.4767,-84.2064,30.4392,-84.3159
4,110,30.4392,-84.3159,30.3621,-84.2092
110,4,30.3621,-84.2092,30.4392,-84.3159
4,111,30.4392,-84.3159,30.5031,-84.2072
111,4,30.5031,-84.2072,30.4392,-84.3159
4,113,30.4392,-84.3159,30.354,-84.209
113,4,30.354,-84.209,30.4392,-84.3159
4,115,30.4392,-84.3159,30.4421,-84.3036
115,4,30.4421,-84.3036,30.4392,-84.3159
4,118,30.4392,-84.3159,30.4332,-84.2085
118,4,30.4332,-84.2085,30.4392,-84.3159
4,119,30.4392,-84.3159,30.4596,-84.1848
119,4,30.4596,-84.1848,30.4392,-84.3159
4,122,30.4392,-84.3159,30.46,-84.2377
122,4,30.46,-84.2377,30.4392,-84.3159
4,123,30.4392,-84.3159,30.3816,-84.3514
123,4,30.3816,-84.3514,30.4392,-84.3159
4,124,30.4392,-84.3159,30.5073,-84.3707
124,4,30.5073,-84.3707,30.4392,-84.3159
4,125,30.4392,-84.3159,30.4793,-84.2635
125,4,30.4793,-84.2635,30.4392,-84.3159
4,127,30.4392,-84.3159,30.3916,-84.2179
127,4,30.3916,-84.2179,30.4392,-84.3159
4,128,30.4392,-84.3159,30.3865,-84.3463
128,4,30.3865,-84.3463,30.4392,-84.3159
4,129,30.4392,-84.3159,30.4469,-84.3221
129,4,30.4469,-84.3221,30.4392,-84.3159
4,132,30.4392,-84.3159,30.4188,-84.3245
132,4,30.4188,-84.3245,30.4392,-84.3159
4,133,30.4392,-84.3159,30.493,-84.2922
133,4,30.493,-84.2922,30.4392,-84.3159
4,134,30.4392,-84.3159,30.445,-84.3428
134,4,30.445,-84.3428,30.4392,-84.3159
4,135,30.4392,-84.3159,30.3622,-84.2653
135,4,30.3622,-84.2653,30.4392,-84.3159
4,138,30.4392,-84.3159,30.4971,-84.1916
138,4,30.4971,-84.1916,30.4392,-84.3159
4,139,30.4392,-84.3159,30.3713,-84.3221
139,4,30.3713,-84.3221,30.4392,-84.3159
4,140,30.4392,-84.3159,30.4319,-84.2471
140,4,30.4319,-84.2471,30.4392,-84.3159
4,142,30.4392,-84.3159,30.5149,-84.3754
142,4,30.5149,-84.3754,30.4392,-84.3159
4,143,30.4392,-84.3159,30.4713,-84.3311
143,4,30.4713,-84.3311,30.4392,-84.3159
4,144,30.4392,-84.3159,30.4461,-84.3207
144,4,30.4461,-84.3207,30.4392,-84.3159
4,146,30.4392,-84.3159,30.4912,-84.1908
146,4,30.4912,-84.1908,30.4392,-84.3159
4,147,30.4392,-84.3159,30.5124,-84.1967
147,4,30.5124,-84.1967,30.4392,-84.3159
4,148,30.4392,-84.3159,30.5172,-84.2642
148,4,30.5172,-84.2642,30.4392,-84.3159
4,149,30.4392,-84.3159,30.3887,-84.3647
149,4,30.3887,-84.3647,30.4392,-84.3159
5,6,30.4267,-84.3109,30.4237,-84.3327
6,5,30.4237,-84.3327,30.4267,-84.3109
5,8,30.4267,-84.3109,30.4399,-84.2686
8,5,30.4399,-84.2686,30.4267,-84.3109
5,10,30.4267,-84.3109,30.4006,-84.2964
10,5,30.4006,-84.2964,30.4267,-84.3109
5,11,30.4267,-84.3109,30.4169,-84.2527
11,5,30.4169,-84.2527,30.4267,-84.3109
5,12,30.4267,-84.3109,30.4134,-84.2727
12,5,30.4134,-84.2727,30.4267,-84.3109
5,13,30.4267,-84.3109,30.3956,-84.2755
13,5,30.3956,-84.2755,30.4267,-84.3109
5,14,30.4267,-84.3109,30.4294,-84.2694
14,5,30.4294,-84.2694,30.4267,-84.3109
5,16,30.4267,-84.3109,30.4698,-84.2982
16,5,30.4698,-84.2982,30.4267,-84.3109
5,17,30.4267,-84.3109,30.4704,-84.3287
17,5,30.4704,-84.3287,30.4267,-84.3109
5,19,30.4267,-84.3109,30.4865,-84.2733
19,5,30.4865,-84.2733,30.4267,-84.3109
5,20,30.4267,-84.3109,30.4647,-84.2629
20,5,30.4647,-84.2629,30.4267,-84.3109
5,21,30.4267,-84.3109,30.4725,-84.2715
21,5,30.4725,-84.2715,30.4267,-84.3109
5,22,30.4267,-84.3109,30.514,-84.2341
22,5,30.514,-84.2341,30.4267,-84.3109
5,23,30.4267,-84.3109,30.467,-84.2442
23,5,30.467,-84.2442,30.4267,-84.3109
5,24,30.4267,-84.3109,30.4737,-84.224
24,5,30.4737,-84.224,30.4267,-84.3109
5,26,30.4267,-84.3109,30.4091,-84.2584
26,5,30.4091,-84.2584,30.4267,-84.3109
5,27,30.4267,-84.3109,30.4017,-84.2624
27,5,30.4017,-84.2624,30.4267,-84.3109
5,28,30.4267,-84.3109,30.4598,-84.304
28,5,30.4598,-84.304,30.4267,-84.3109
5,29,30.4267,-84.3109,30.4573,-84.3129
29,5,30.4573,-84.3129,30.4267,-84.3109
5,30,30.4267,-84.3109,30.4859,-84.2288
30,5,30.4859,-84.2288,30.4267,-84.3109
5,31,30.4267,-84.3109,30.4831,-84.2208
31,5,30.4831,-84.2208,30.4267,-84.3109
5,32,30.4267,-84.3109,30.4949,-84.3224
32,5,30.4949,-84.3224,30.4267,-84.3109
5,33,30.4267,-84.3109,30.4388,-84.3375
33,5,30.4388,-84.3375,30.4267,-84.3109
5,35,30.4267,-84.3109,30.3867,-84.2802
35,5,30.3867,-84.2802,30.4267,-84.3109
5,37,30.4267,-84.3109,30.5079,-84.2797
37,5,30.5079,-84.2797,30.4267,-84.3109
5,38,30.4267,-84.3109,30.5048,-84.293
38,5,30.5048,-84.293,30.4267,-84.3109
5,40,30.4267,-84.3109,30.4943,-84.2417
40,5,30.4943,-84.2417,30.4267,-84.3109
5,41,30.4267,-84.3109,30.4371,-84.2218
41,5,30.4371,-84.2218,30.4267,-84.3109
5,43,30.4267,-84.3109,30.4078,-84.215
43,5,30.4078,-84.215,30.4267,-84.3109
5,44,30.4267,-84.3109,30.4111,-84.2383
44,5,30.4111,-84.2383,30.4267,-84.3109
5,45,30.4267,-84.3109,30.4388,-84.2916
45,5,30.4388,-84.2916,30.4267,-84.3109
5,46,30.4267,-84.3109,30.4491,-84.2904
46,5,30.4491,-84.2904,30.4267,-84.3109
5,48,30.4267,-84.3109,30.5074,-84.333
48,5,30.5074,-84.333,30.4267,-84.3109
5,49,30.4267,-84.3109,30.4986,-84.3452
49,5,30.4986,-84.3452,30.4267,-84.3109
5,50,30.4267,-84.3109,30.4696,-84.3143
50,5,30.4696,-84.3143,30.4267,-84.3109
5,51,30.4267,-84.3109,30.3922,-84.3038
51,5,30.3922,-84.3038,30.4267,-84.3109
5,52,30.4267,-84.3109,30.3932,-84.2393
52,5,30.3932,-84.2393,30.4267,-84.3109
5,53,30.4267,-84.3109,30.3874,-84.2525
53,5,30.3874,-84.2525,30.4267,-84.3109
5,56,30.4267,-84.3109,30.5248,-84.2399
56,5,30.5248,-84.2399,30.4267,-84.3109
5,57,30.4267,-84.3109,30.5033,-84.2233
57,5,30.5033,-84.2233,30.4267,-84.3109
5,59,30.4267,-84.3109,30.4869,-84.3528
59,5,30.4869,-84.3528,30.4267,-84.3109
5,60,30.4267,-84.3109,30.4727,-84.3554
60,5,30.4727,-84.3554,30.4267,-84.3109
5,61,30.4267,-84.3109,30.428,-84.349
61,5,30.428,-84.349,30.4267,-84.3109
5,62,30.4267,-84.3109,30.4481,-84.242
62,5,30.4481,-84.242,30.4267,-84.3109
5,63,30.4267,-84.3109,30.4565,-84.2188
63,5,30.4565,-84.2188,30.4267,-84.3109
5,64,30.4267,-84.3109,30.4309,-84.2861
64,5,30.4309,-84.2861,30.4267,-84.3109
5,65,30.4267,-84.3109,30.4489,-84.2727
65,5,30.4489,-84.2727,30.4267,-84.3109
5,66,30.4267,-84.3109,30.4653,-84.2312
66,5,30.4653,-84.2312,30.4267,-84.3109
5,67,30.4267,-84.3109,30.3927,-84.2905
67,5,30.3927,-84.2905,30.4267,-84.3109
5,68,30.4267,-84.3109,30.4004,-84.2295
68,5,30.4004,-84.2295,30.4267,-84.3109
5,69,30.4267,-84.3109,30.3856,-84.2309
69,5,30.3856,-84.2309,30.4267,-84.3109
5,70,30.4267,-84.3109,30.3961,-84.2156
70,5,30.3961,-84.2156,30.4267,-84.3109
5,73,30.4267,-84.3109,30.4238,-84.2163
73,5,30.4238,-84.2163,30.4267,-84.3109
5,74,30.4267,-84.3109,30.429,-84.255
74,5,30.429,-84.255,30.4267,-84.3109
5,75,30.4267,-84.3109,30.3736,-84.2178
75,5,30.3736,-84.2178,30.4267,-84.3109
5,76,30.4267,-84.3109,30.5192,-84.3398
76,5,30.5192,-84.3398,30.4267,-84.3109
5,77,30.4267,-84.3109,30.4429,-84.2548
77,5,30.4429,-84.2548,30.4267,-84.3109
5,79,30.4267,-84.3109,30.384,-84.2103
79,5,30.384,-84.2103,30.4267,-84.3109
5,80,30.4267,-84.3109,30.3652,-84.2624
80,5,30.3652,-84.2624,30.4267,-84.3109
5,82,30.4267,-84.3109,30.4416,-84.2783
82,5,30.4416,-84.2783,30.4267,-84.3109
5,83,30.4267,-84.3109,30.5145,-84.371
83,5,30.5145,-84.371,30.4267,-84.3109
5,84,30.4267,-84.3109,30.4134,-84.3406
84,5,30.4134,-84.3406,30.4267,-84.3109
5,85,30.4267,-84.3109,30.4087,-84.3137
85,5,30.4087,-84.3137,30.4267,-84.3109
5,86,30.4267,-84.3109,30.513,-84.3247
86,5,30.513,-84.3247,30.4267,-84.3109
5,87,30.4267,-84.3109,30.5187,-84.2812
87,5,30.5187,-84.2812,30.4267,-84.3109
5,91,30.4267,-84.3109,30.4387,-84.364
91,5,30.4387,-84.364,30.4267,-84.3109
5,94,30.4267,-84.3109,30.5236,-84.2259
94,5,30.5236,-84.2259,30.4267,-84.3109
5,95,30.4267,-84.3109,30.4963,-84.2309
95,5,30.4963,-84.2309,30.4267,-84.3109
5,97,30.4267,-84.3109,30.3785,-84.2864
97,5,30.3785,-84.2864,30.4267,-84.3109
5,98,30.4267,-84.3109,30.527,-84.2767
98,5,30.527,-84.2767,30.4267,-84.3109
5,100,30.4267,-84.3109,30.4674,-84.2785
100,5,30.4674,-84.2785,30.4267,-84.3109
5,102,30.4267,-84.3109,30.3702,-84.2022
102,5,30.3702,-84.2022,30.4267,-84.3109
5,103,30.4267,-84.3109,30.3684,-84.2249
103,5,30.3684,-84.2249,30.4267,-84.3109
5,105,30.4267,-84.3109,30.4403,-84.2392
105,5,30.4403,-84.2392,30.4267,-84.3109
5,106,30.4267,-84.3109,30.3822,-84.3098
106,5,30.3822,-84.3098,30.4267,-84.3109
5,107,30.4267,-84.3109,30.5161,-84.2171
107,5,30.5161,-84.2171,30.4267,-84.3109
5,108,30.4267,-84.3109,30.4616,-84.1983
108,5,30.4616,-84.1983,30.4267,-84.3109
5,109,30.4267,-84.3109,30.4767,-84.2064
109,5,30.4767,-84.2064,30.4267,-84.3109
5,110,30.4267,-84.3109,30.3621,-84.2092
110,5,30.3621,-84.2092,30.4267,-84.3109
5,111,30.4267,-84.3109,30.5031,-84.2072
111,5,30.5031,-84.2072,30.4267,-84.3109
5,113,30.4267,-84.3109,30.354,-84.209
113,5,30.354,-84.209,30.4267,-84.3109
5,115,30.4267,-84.3109,30.4421,-84.3036
115,5,30.4421,-84.3036,30.4267,-84.3109
5,118,30.4267,-84.3109,30.4332,-84.2085
118,5,30.4332,-84.2085,30.4267,-84.3109
5,119,30.4267,-84.3109,30.4596,-84.1848
119,5,30.4596,-84.1848,30.4267,-84.3109
5,122,30.4267,-84.3109,30.46,-84.2377
122,5,30.46,-84.2377,30.4267,-84.3109
5,123,30.4267,-84.3109,30.3816,-84.3514
123,5,30.3816,-84.3514,30.4267,-84.3109
5,124,30.4267,-84.3109,30.5073,-84.3707
124,5,30.5073,-84.3707,30.4267,-84.3109
5,125,30.4267,-84.3109,30.4793,-84.2635
125,5,30.4793,-84.2635,30.4267,-84.3109
5,127,30.4267,-84.3109,30.3916,-84.2179
127,5,30.3916,-84.2179,30.4267,-84.3109
5,128,30.4267,-84.3109,30.3865,-84.3463
128,5,30.3865,-84.3463,30.4267,-84.3109
5,129,30.4267,-84.3109,30.4469,-84.3221
129,5,30.4469,-84.3221,30.4267,-84.3109
5,132,30.4267,-84.3109,30.4188,-84.3245
132,5,30.4188,-84.3245,30.4267,-84.3109
5,133,30.4267,-84.3109,30.493,-84.2922
133,5,30.493,-84.2922,30.4267,-84.3109
5,134,30.4267,-84.3109,30.445,-84.3428
134,5,30.445,-84.3428,30.4267,-84.3109
5,135,30.4267,-84.3109,30.3622,-84.2653
135,5,30.3622,-84.2653,30.4267,-84.3109
5,138,30.4267,-84.3109,30.4971,-84.1916
138,5,30.4971,-84.1916,30.4267,-84.3109
5,139,30.4267,-84.3109,30.3713,-84.3221
139,5,30.3713,-84.3221,30.4267,-84.3109
5,140,30.4267,-84.3109,30.4319,-84.2471
140,5,30.4319,-84.2471,30.4267,-84.3109
5,142,30.4267,-84.3109,30.5149,-84.3754
142,5,30.5149,-84.3754,30.4267,-84.3109
5,143,30.4267,-84.3109,30.4713,-84.3311
143,5,30.4713,-84.3311,30.4267,-84.3109
5,144,30.4267,-84.3109,30.4461,-84.3207
144,5,30.4461,-84.3207,30.4267,-84.3109
5,146,30.4267,-84.3109,30.4912,-84.1908
146,5,30.4912,-84.1908,30.4267,-84.3109
5,147,30.4267,-84.3109,30.5124,-84.1967
147,5,30.5124,-84.1967,30.4267,-84.3109
5,148,30.4267,-84.3109,30.5172,-84.2642
148,5,30.5172,-84.2642,30.4267,-84.3109
5,149,30.4267,-84.3109,30.3887,-84.3647
149,5,30.3887,-84.3647,30.4267,-84.3109
6,8,30.4237,-84.3327,30.4399,-84.2686
8,6,30.4399,-84.2686,30.4237,-84.3327
6,10,30.4237,-84.3327,30.4006,-84.2964
10,6,30.4006,-84.2964,30.4237,-84.3327
6,11,30.4237,-84.3327,30.4169,-84.2527
11,6,30.4169,-84.2527,30.4237,-84.3327
6,12,30.4237,-84.3327,30.4134,-84.2727
12,6,30.4134,-84.2727,30.4237,-84.3327
6,13,30.4237,-84.3327,30.3956,-84.2755
13,6,30.3956,-84.2755,30.4237,-84.3327
6,14,30.4237,-84.3327,30.4294,-84.2694
14,6,30.4294,-84.2694,30.4237,-84.3327
6,16,30.4237,-84.3327,30.4698,-84.2982
16,6,30.4698,-84.2982,30.4237,-84.3327
6,17,30.4237,-84.3327,30.4704,-84.3287
17,6,30.4704,-84.3287,30.4237,-84.3327
6,19,30.4237,-84.3327,30.4865,-84.2733
19,6,30.4865,-84.2733,30.4237,-84.3327
6,20,30.4237,-84.3327,30.4647,-84.2629
20,6,30.4647,-84.2629,30.4237,-84.3327
6,21,30.4237,-84.3327,30.4725,-84.2715
21,6,30.4725,-84.2715,30.4237,-84.3327
6,22,30.4237,-84.3327,30.514,-84.2341
22,6,30.514,-84.2341,30.4237,-84.3327
6,23,30.4237,-84.3327,30.467,-84.2442
23,6,30.467,-84.2442,30.4237,-84.3327
6,24,30.4237,-84.3327,30.4737,-84.224
24,6,30.4737,-84.224,30.4237,-84.3327
6,26,30.4237,-84.3327,30.4091,-84.2584
26,6,30.4091,-84.2584,30.4237,-84.3327
6,27,30.4237,-84.3327,30.4017,-84.2624
27,6,30.4017,-84.2624,30.4237,-84.3327
6,28,30.4237,-84.3327,30.4598,-84.304
28,6,30.4598,-84.304,30.4237,-84.3327
6,29,30.4237,-84.3327,30.4573,-84.3129
29,6,30.4573,-84.3129,30.4237,-84.3327
6,30,30.4237,-84.3327,30.4859,-84.2288
30,6,30.4859,-84.2288,30.4237,-84.3327
6,31,30.4237,-84.3327,30.4831,-84.2208
31,6,30.4831,-84.2208,30.4237,-84.3327
6,32,30.4237,-84.3327,30.4949,-84.3224
32,6,30.4949,-84.3224,30.4237,-84.3327
6,33,30.4237,-84.3327,30.4388,-84.3375
33,6,30.4388,-84.3375,30.4237,-84.3327
6,35,30.4237,-84.3327,30.3867,-84.2802
35,6,30.3867,-84.2802,30.4237,-84.3327
6,37,30.4237,-84.3327,30.5079,-84.2797
37,6,30.5079,-84.2797,30.4237,-84.3327
6,38,30.4237,-84.3327,30.5048,-84.293
38,6,30.5048,-84.293,30.4237,-84.3327
6,40,30.4237,-84.3327,30.4943,-84.2417
40,6,30.4943,-84.2417,30.4237,-84.3327
6,41,30.4237,-84.3327,30.4371,-84.2218
41,6,30.4371,-84.2218,30.4237,-84.3327
6,43,30.4237,-84.3327,30.4078,-84.215
43,6,30.4078,-84.215,30.4237,-84.3327
6,44,30.4237,-84.3327,30.4111,-84.2383
44,6,30.4111,-84.2383,30.4237,-84.3327
6,45,30.4237,-84.3327,30.4388,-84.2916
45,6,30.4388,-84.2916,30.4237,-84.3327
6,46,30.4237,-84.3327,30.4491,-84.2904
46,6,30.4491,-84.2904,30.4237,-84.3327
6,48,30.4237,-84.3327,30.5074,-84.333
48,6,30.5074,-84.333,30.4237,-84.3327
6,49,30.4237,-84.3327,30.4986,-84.3452
49,6,30.4986,-84.3452,30.4237,-84.3327
6,50,30.4237,-84.3327,30.4696,-84.3143
50,6,30.4696,-84.3143,30.4237,-84.3327
6,51,30.4237,-84.3327,30.3922,-84.3038
51,6,30.3922,-84.3038,30.4237,-84.3327
6,52,30.4237,-84.3327,30.3932,-84.2393
52,6,30.3932,-84.2393,30.4237,-84.3327
6,53,30.4237,-84.3327,30.3874,-84.2525
53,6,30.3874,-84.2525,30.4237,-84.3327
6,56,30.4237,-84.3327,30.5248,-84.2399
56,6,30.5248,-84.2399,30.4237,-84.3327
6,57,30.4237,-84.3327,30.5033,-84.2233
57,6,30.5033,-84.2233,30.4237,-84.3327
6,59,30.4237,-84.3327,30.4869,-84.3528
59,6,30.4869,-84.3528,30.4237,-84.3327
6,60,30.4237,-84.3327,30.4727,-84.3554
60,6,30.4727,-84.3554,30.4237,-84.3327
6,61,30.4237,-84.3327,30.428,-84.349
61,6,30.428,-84.349,30.4237,-84.3327
6,62,30.4237,-84.3327,30.4481,-84.242
62,6,30.4481,-84.242,30.4237,-84.3327
6,63,30.4237,-84.3327,30.4565,-84.2188
63,6,30.4565,-84.2188,30.4237,-84.3327
6,64,30.4237,-84.3327,30.4309,-84.2861
64,6,30.4309,-84.2861,30.4237,-84.3327
6,65,30.4237,-84.3327,30.4489,-84.2727
65,6,30.4489,-84.2727,30.4237,-84.3327
6,66,30.4237,-84.3327,30.4653,-84.2312
66,6,30.4653,-84.2312,30.4237,-84.3327
6,67,30.4237,-84.3327,30.3927,-84.2905
67,6,30.3927,-84.2905,30.4237,-84.3327
6,68,30.4237,-84.3327,30.4004,-84.2295
68,6,30.4004,-84.2295,30.4237,-84.3327
6,69,30.4237,-84.3327,30.3856,-84.2309
69,6,30.3856,-84.2309,30.4237,-84.3327
6,70,30.4237,-84.3327,30.3961,-84.2156
70,6,30.3961,-84.2156,30.4237,-84.3327
6,73,30.4237,-84.3327,30.4238,-84.2163
73,6,30.4238,-84.2163,30.4237,-84.3327
6,74,30.4237,-84.3327,30.429,-84.255
74,6,30.429,-84.255,30.4237,-84.3327
6,75,30.4237,-84.3327,30.3736,-84.2178
75,6,30.3736,-84.2178,30.4237,-84.3327
6,76,30.4237,-84.3327,30.5192,-84.3398
76,6,30.5192,-84.3398,30.4237,-84.3327
6,77,30.4237,-84.3327,30.4429,-84.2548
77,6,30.4429,-84.2548,30.4237,-84.3327
6,79,30.4237,-84.3327,30.384,-84.2103
79,6,30.384,-84.2103,30.4237,-84.3327
6,80,30.4237,-84.3327,30.3652,-84.2624
80,6,30.3652,-84.2624,30.4237,-84.3327
6,82,30.4237,-84.3327,30.4416,-84.2783
82,6,30.4416,-84.2783,30.4237,-84.3327
6,83,30.4237,-84.3327,30.5145,-84.371
83,6,30.5145,-84.371,30.4237,-84.3327
6,84,30.4237,-84.3327,30.4134,-84.3406
84,6,30.4134,-84.3406,30.4237,-84.3327
6,85,30.4237,-84.3327,30.4087,-84.3137
85,6,30.4087,-84.3137,30.4237,-84.3327
6,86,30.4237,-84.3327,30.513,-84.3247
86,6,30.513,-84.3247,30.4237,-84.3327
6,87,30.4237,-84.3327,30.5187,-84.2812
87,6,30.5187,-84.2812,30.4237,-84.3327
6,91,30.4237,-84.3327,30.4387,-84.364
91,6,30.4387,-84.364,30.4237,-84.3327
6,94,30.4237,-84.3327,30.5236,-84.2259
94,6,30.5236,-84.2259,30.4237,-84.3327
6,95,30.4237,-84.3327,30.4963,-84.2309
95,6,30.4963,-84.2309,30.4237,-84.3327
6,97,30.4237,-84.3327,30.3785,-84.2864
97,6,30.3785,-84.2864,30.4237,-84.3327
6,98,30.4237,-84.3327,30.527,-84.2767
98,6,30.527,-84.2767,30.4237,-84.3327
6,100,30.4237,-84.3327,30.4674,-84.2785
100,6,30.4674,-84.2785,30.4237,-84.3327
6,102,30.4237,-84.3327,30.3702,-84.2022
102,6,30.3702,-84.2022,30.4237,-84.3327
6,103,30.4237,-84.3327,30.3684,-84.2249
103,6,30.3684,-84.2249,30.4237,-84.3327
6,105,30.4237,-84.3327,30.4403,-84.2392
105,6,30.4403,-84.2392,30.4237,-84.3327
6,106,30.4237,-84.3327,30.3822,-84.3098
106,6,30.3822,-84.3098,30.4237,-84.3327
6,107,30.4237,-84.3327,30.5161,-84.2171
107,6,30.5161,-84.2171,30.4237,-84.3327
6,108,30.4237,-84.3327,30.4616,-84.1983
108,6,30.4616,-84.1983,30.4237,-84.3327
6,109,30.4237,-84.3327,30.4767,-84.2064
109,6,30.4767,-84.2064,30.4237,-84.3327
6,110,30.4237,-84.3327,30.3621,-84.2092
110,6,30.3621,-84.2092,30.4237,-84.3327
6,111,30.4237,-84.3327,30.5031,-84.2072
111,6,30.5031,-84.2072,30.4237,-84.3327
6,113,30.4237,-84.3327,30.354,-84.209
113,6,30.354,-84.209,30.4237,-84.3327
6,115,30.4237,-84.3327,30.4421,-84.3036
115,6,30.4421,-84.3036,30.4237,-84.3327
6,118,30.4237,-84.3327,30.4332,-84.2085
118,6,30.4332,-84.2085,30.4237,-84.3327
6,119,30.4237,-84.3327,30.4596,-84.1848
119,6,30.4596,-84.1848,30.4237,-84.3327
6,122,30.4237,-84.3327,30.46,-84.2377
122,6,30.46,-84.2377,30.4237,-84.3327
6,123,30.4237,-84.3327,30.3816,-84.3514
123,6,30.3816,-84.3514,30.4237,-84.3327
6,124,30.4237,-84.3327,30.5073,-84.3707
124,6,30.5073,-84.3707,30.4237,-84.3327
6,125,30.4237,-84.3327,30.4793,-84.2635
125,6,30.4793,-84.2635,30.4237,-84.3327
6,127,30.4237,-84.3327,30.3916,-84.2179
127,6,30.3916,-84.2179,30.4237,-84.3327
6,128,30.4237,-84.3327,30.3865,-84.3463
128,6,30.3865,-84.3463,30.4237,-84.3327
6,129,30.4237,-84.3327,30.4469,-84.3221
129,6,30.4469,-84.3221,30.4237,-84.3327
6,132,30.4237,-84.3327,30.4188,-84.3245
132,6,30.4188,-84.3245,30.4237,-84.3327
6,133,30.4237,-84.3327,30.493,-84.2922
133,6,30.493,-84.2922,30.4237,-84.3327
6,134,30.4237,-84.3327,30.445,-84.3428
134,6,30.445,-84.3428,30.4237,-84.3327
6,135,30.4237,-84.3327,30.3622,-84.2653
135,6,30.3622,-84.2653,30.4237,-84.3327
6,138,30.4237,-84.3327,30.4971,-84.1916
138,6,30.4971,-84.1916,30.4237,-84.3327
6,139,30.4237,-84.3327,30.3713,-84.3221
139,6,30.3713,-84.3221,30.4237,-84.3327
6,140,30.4237,-84.3327,30.4319,-84.2471
140,6,30.4319,-84.2471,30.4237,-84.3327
6,142,30.4237,-84.3327,30.5149,-84.3754
142,6,30.5149,-84.3754,30.4237,-84.3327
6,143,30.4237,-84.3327,30.4713,-84.3311
143,6,30.4713,-84.3311,30.4237,-84.3327
6,144,30.4237,-84.3327,30.4461,-84.3207
144,6,30.4461,-84.3207,30.4237,-84.3327
6,146,30.4237,-84.3327,30.4912,-84.1908
146,6,30.4912,-84.1908,30.4237,-84.3327
6,147,30.4237,-84.3327,30.5124,-84.1967
147,6,30.5124,-84.1967,30.4237,-84.3327
6,148,30.4237,-84.3327,30.5172,-84.2642
148,6,30.5172,-84.2642,30.4237,-84.3327
6,149,30.4237,-84.3327,30.3887,-84.3647
149,6,30.3887,-84.3647,30.4237,-84.3327
8,10,30.4399,-84.2686,30.4006,-84.2964
10,8,30.4006,-84.2964,30.4399,-84.2686
8,11,30.4399,-84.2686,30.4169,-84.2527
11,8,30.4169,-84.2527,30.4399,-84.2686
8,12,30.4399,-84.2686,30.4134,-84.2727
12,8,30.4134,-84.2727,30.4399,-84.2686
8,13,30.4399,-84.2686,30.3956,-84.2755
13,8,30.3956,-84.2755,30.4399,-84.2686
8,14,30.4399,-84.2686,30.4294,-84.2694
14,8,30.4294,-84.2694,30.4399,-84.2686
8,16,30.4399,-84.2686,30.4698,-84.2982
16,8,30.4698,-84.2982,30.4399,-84.2686
8,17,30.4399,-84.2686,30.4704,-84.3287
17,8,30.4704,-84.3287,30.4399,-84.2686
8,19,30.4399,-84.2686,30.4865,-84.2733
19,8,30.4865,-84.2733,30.4399,-84.2686
8,20,30.4399,-84.2686,30.4647,-84.2629
20,8,30.4647,-84.2629,30.4399,-84.2686
8,21,30.4399,-84.2686,30.4725,-84.2715
21,8,30.4725,-84.2715,30.4399,-84.2686
8,22,30.4399,-84.2686,30.514,-84.2341
22,8,30.514,-84.2341,30.4399,-84.2686
8,23,30.4399,-84.2686,30.467,-84.2442
23,8,30.467,-84.2442,30.4399,-84.2686
8,24,30.4399,-84.2686,30.4737,-84.224
24,8,30.4737,-84.224,30.4399,-84.2686
8,26,30.4399,-84.2686,30.4091,-84.2584
26,8,30.4091,-84.2584,30.4399,-84.2686
8,27,30.4399,-84.2686,30.4017,-84.2624
27,8,30.4017,-84.2624,30.4399,-84.2686
8,28,30.4399,-84.2686,30.4598,-84.304
28,8,30.4598,-84.304,30.4399,-84.2686
8,29,30.4399,-84.2686,30.4573,-84.3129
29,8,30.4573,-84.3129,30.4399,-84.2686
8,30,30.4399,-84.2686,30.4859,-84.2288
30,8,30.4859,-84.2288,30.4399,-84.2686
8,31,30.4399,-84.2686,30.4831,-84.2208
31,8,30.4831,-84.2208,30.4399,-84.2686
8,32,30.4399,-84.2686,30.4949,-84.3224
32,8,30.4949,-84.3224,30.4399,-84.2686
8,33,30.4399,-84.2686,30.4388,-84.3375
33,8,30.4388,-84.3375,30.4399,-84.2686
8,35,30.4399,-84.2686,30.3867,-84.2802
35,8,30.3867,-84.2802,30.4399,-84.2686
8,37,30.4399,-84.2686,30.5079,-84.2797
37,8,30.5079,-84.2797,30.4399,-84.2686
8,38,30.4399,-84.2686,30.5048,-84.293
38,8,30.5048,-84.293,30.4399,-84.2686
8,40,30.4399,-84.2686,30.4943,-84.2417
40,8,30.4943,-84.2417,30.4399,-84.2686
8,41,30.4399,-84.2686,30.4371,-84.2218
41,8,30.4371,-84.2218,30.4399,-84.2686
8,43,30.4399,-84.2686,30.4078,-84.215
43,8,30.4078,-84.215,30.4399,-84.2686
8,44,30.4399,-84.2686,30.4111,-84.2383
44,8,30.4111,-84.2383,30.4399,-84.2686
8,45,30.4399,-84.2686,30.4388,-84.2916
45,8,30.4388,-84.2916,30.4399,-84.2686
8,46,30.4399,-84.2686,30.4491,-84.2904
46,8,30.4491,-84.2904,30.4399,-84.2686
8,48,30.4399,-84.2686,30.5074,-84.333
48,8,30.5074,-84.333,30.4399,-84.2686
8,49,30.4399,-84.2686,30.4986,-84.3452
49,8,30.4986,-84.3452,30.4399,-84.2686
8,50,30.4399,-84.2686,30.4696,-84.3143
50,8,30.4696,-84.3143,30.4399,-84.2686
8,51,30.4399,-84.2686,30.3922,-84.3038
51,8,30.3922,-84.3038,30.4399,-84.2686
8,52,30.4399,-84.2686,30.3932,-84.2393
52,8,30.3932,-84.2393,30.4399,-84.2686
8,53,30.4399,-84.2686,30.3874,-84.2525
53,8,30.3874,-84.2525,30.4399,-84.2686
8,56,30.4399,-84.2686,30.5248,-84.2399
56,8,30.5248,-84.2399,30.4399,-84.2686
8,57,30.4399,-84.2686,30.5033,-84.2233
57,8,30.5033,-84.2233,30.4399,-84.2686
8,59,30.4399,-84.2686,30.4869,-84.3528
59,8,30.4869,-84.3528,30.4399,-84.2686
8,60,30.4399,-84.2686,30.4727,-84.3554
60,8,30.4727,-84.3554,30.4399,-84.2686
8,61,30.4399,-84.2686,30.428,-84.349
61,8,30.428,-84.349,30.4399,-84.2686
8,62,30.4399,-84.2686,30.4481,-84.242
62,8,30.4481,-84.242,30.4399,-84.2686
8,63,30.4399,-84.2686,30.4565,-84.2188
63,8,30.4565,-84.2188,30.4399,-84.2686
8,64,30.4399,-84.2686,30.4309,-84.2861
64,8,30.4309,-84.2861,30.4399,-84.2686
8,65,30.4399,-84.2686,30.4489,-84.2727
65,8,30.4489,-84.2727,30.4399,-84.2686
8,66,30.4399,-84.2686,30.4653,-84.2312
66,8,30.4653,-84.2312,30.4399,-84.2686
8,67,30.4399,-84.2686,30.3927,-84.2905
67,8,30.3927,-84.2905,30.4399,-84.2686
8,68,30.4399,-84.2686,30.4004,-84.2295
68,8,30.4004,-84.2295,30.4399,-84.2686
8,69,30.4399,-84.2686,30.3856,-84.2309
69,8,30.3856,-84.2309,30.4399,-84.2686
8,70,30.4399,-84.2686,30.3961,-84.2156
70,8,30.3961,-84.2156,30.4399,-84.2686
8,73,30.4399,-84.2686,30.4238,-84.2163
73,8,30.4238,-84.2163,30.4399,-84.2686
8,74,30.4399,-84.2686,30.429,-84.255
74,8,30.429,-84.255,30.4399,-84.2686
8,75,30.4399,-84.2686,30.3736,-84.2178
75,8,30.3736,-84.2178,30.4399,-84.2686
8,76,30.4399,-84.2686,30.5192,-84.3398
76,8,30.5192,-84.3398,30.4399,-84.2686
8,77,30.4399,-84.2686,30.4429,-84.2548
77,8,30.4429,-84.2548,30.4399,-84.2686
8,79,30.4399,-84.2686,30.384,-84.2103
79,8,30.384,-84.2103,30.4399,-84.2686
8,80,30.4399,-84.2686,30.3652,-84.2624
80,8,30.3652,-84.2624,30.4399,-84.2686
8,82,30.4399,-84.2686,30.4416,-84.2783
82,8,30.4416,-84.2783,30.4399,-84.2686
8,83,30.4399,-84.2686,30.5145,-84.371
83,8,30.5145,-84.371,30.4399,-84.2686
8,84,30.4399,-84.2686,30.4134,-84.3406
84,8,30.4134,-84.3406,30.4399,-84.2686
8,85,30.4399,-84.2686,30.4087,-84.3137
85,8,30.4087,-84.3137,30.4399,-84.2686
8,86,30.4399,-84.2686,30.513,-84.3247
86,8,30.513,-84.3247,30.4399,-84.2686
8,87,30.4399,-84.2686,30.5187,-84.2812
87,8,30.5187,-84.2812,30.4399,-84.2686
8,91,30.4399,-84.2686,30.4387,-84.364
91,8,30.4387,-84.364,30.4399,-84.2686
8,94,30.4399,-84.2686,30.5236,-84.2259
94,8,30.5236,-84.2259,30.4399,-84.2686
8,95,30.4399,-84.2686,30.4963,-84.2309
95,8,30.4963,-84.2309,30.4399,-84.2686
8,97,30.4399,-84.2686,30.3785,-84.2864
97,8,30.3785,-84.2864,30.4399,-84.2686
8,98,30.4399,-84.2686,30.527,-84.2767
98,8,30.527,-84.2767,30.4399,-84.2686
8,100,30.4399,-84.2686,30.4674,-84.2785
100,8,30.4674,-84.2785,30.4399,-84.2686
8,102,30.4399,-84.2686,30.3702,-84.2022
102,8,30.3702,-84.2022,30.4399,-84.2686
8,103,30.4399,-84.2686,30.3684,-84.2249
103,8,30.3684,-84.2249,30.4399,-84.2686
8,105,30.4399,-84.2686,30.4403,-84.2392
105,8,30.4403,-84.2392,30.4399,-84.2686
8,106,30.4399,-84.2686,30.3822,-84.3098
106,8,30.3822,-84.3098,30.4399,-84.2686
8,107,30.4399,-84.2686,30.5161,-84.2171
107,8,30.5161,-84.2171,30.4399,-84.2686
8,108,30.4399,-84.2686,30.4616,-84.1983
108,8,30.4616,-84.1983,30.4399,-84.2686
8,109,30.4399,-84.2686,30.4767,-84.2064
109,8,30.4767,-84.2064,30.4399,-84.2686
8,110,30.4399,-84.2686,30.3621,-84.2092
110,8,30.3621,-84.2092,30.4399,-84.2686
8,111,30.4399,-84.2686,30.5031,-84.2072
111,8,30.5031,-84.2072,30.4399,-84.2686
8,113,30.4399,-84.2686,30.354,-84.209
113,8,30.354,-84.209,30.4399,-84.2686
8,115,30.4399,-84.2686,30.4421,-84.3036
115,8,30.4421,-84.3036,30.4399,-84.2686
8,118,30.4399,-84.2686,30.4332,-84.2085
118,8,30.4332,-84.2085,30.4399,-84.2686
8,119,30.4399,-84.2686,30.4596,-84.1848
119,8,30.4596,-84.1848,30.4399,-84.2686
8,122,30.4399,-84.2686,30.46,-84.2377
122,8,30.46,-84.2377,30.4399,-84.2686
8,123,30.4399,-84.2686,30.3816,-84.3514
123,8,30.3816,-84.3514,30.4399,-84.2686
8,124,30.4399,-84.2686,30.5073,-84.3707
124,8,30.5073,-84.3707,30.4399,-84.2686
8,125,30.4399,-84.2686,30.4793,-84.2635
125,8,30.4793,-84.2635,30.4399,-84.2686
8,127,30.4399,-84.2686,30.3916,-84.2179
127,8,30.3916,-84.2179,30.4399,-84.2686
8,128,30.4399,-84.2686,30.3865,-84.3463
128,8,30.3865,-84.3463,30.4399,-84.2686
8,129,30.4399,-84.2686,30.4469,-84.3221
129,8,30.4469,-84.3221,30.4399,-84.2686
8,132,30.4399,-84.2686,30.4188,-84.3245
132,8,30.4188,-84.3245,30.4399,-84.2686
8,133,30.4399,-84.2686,30.493,-84.2922
133,8,30.493,-84.2922,30.4399,-84.2686
8,134,30.4399,-84.2686,30.445,-84.3428
134,8,30.445,-84.3428,30.4399,-84.2686
8,135,30.4399,-84.2686,30.3622,-84.2653
135,8,30.3622,-84.2653,30.4399,-84.2686
8,138,30.4399,-84.2686,30.4971,-84.1916
138,8,30.4971,-84.1916,30.4399,-84.2686
8,139,30.4399,-84.2686,30.3713,-84.3221
139,8,30.3713,-84.3221,30.4399,-84.2686
8,140,30.4399,-84.2686,30.4319,-84.2471
140,8,30.4319,-84.2471,30.4399,-84.2686
8,142,30.4399,-84.2686,30.5149,-84.3754
142,8,30.5149,-84.3754,30.4399,-84.2686
8,143,30.4399,-84.2686,30.4713,-84.3311
143,8,30.4713,-84.3311,30.4399,-84.2686
8,144,30.4399,-84.2686,30.4461,-84.3207
144,8,30.4461,-84.3207,30.4399,-84.2686
8,146,30.4399,-84.2686,30.4912,-84.1908
146,8,30.4912,-84.1908,30.4399,-84.2686
8,147,30.4399,-84.2686,30.5124,-84.1967
147,8,30.5124,-84.1967,30.4399,-84.2686
8,148,30.4399,-84.2686,30.5172,-84.2642
148,8,30.5172,-84.2642,30.4399,-84.2686
8,149,30.4399,-84.2686,30.3887,-84.3647
149,8,30.3887,-84.3647,30.4399,-84.2686
10,11,30.4006,-84.2964,30.4169,-84.2527
11,10,30.4169,-84.2527,30.4006,-84.2964
10,12,30.4006,-84.2964,30.4134,-84.2727
12,10,30.4134,-84.2727,30.4006,-84.2964
10,13,30.4006,-84.2964,30.3956,-84.2755
13,10,30.3956,-84.2755,30.4006,-84.2964
10,14,30.4006,-84.2964,30.4294,-84.2694
14,10,30.4294,-84.2694,30.4006,-84.2964
10,16,30.4006,-84.2964,30.4698,-84.2982
16,10,30.4698,-84.2982,30.4006,-84.2964
10,17,30.4006,-84.2964,30.4704,-84.3287
17,10,30.4704,-84.3287,30.4006,-84.2964
10,19,30.4006,-84.2964,30.4865,-84.2733
19,10,30.4865,-84.2733,30.4006,-84.2964
10,20,30.4006,-84.2964,30.4647,-84.2629
20,10,30.4647,-84.2629,30.4006,-84.2964
10,21,30.4006,-84.2964,30.4725,-84.2715
21,10,30.4725,-84.2715,30.4006,-84.2964
10,22,30.4006,-84.2964,30.514,-84.2341
22,10,30.514,-84.2341,30.4006,-84.2964
10,23,30.4006,-84.2964,30.467,-84.2442
23,10,30.467,-84.2442,30.4006,-84.2964
10,24,30.4006,-84.2964,30.4737,-84.224
24,10,30.4737,-84.224,30.4006,-84.2964
10,26,30.4006,-84.2964,30.4091,-84.2584
26,10,30.4091,-84.2584,30.4006,-84.2964
10,27,30.4006,-84.2964,30.4017,-84.2624
27,10,30.4017,-84.2624,30.4006,-84.2964
10,28,30.4006,-84.2964,30.4598,-84.304
28,10,30.4598,-84.304,30.4006,-84.2964
10,29,30.4006,-84.2964,30.4573,-84.3129
29,10,30.4573,-84.3129,30.4006,-84.2964
10,30,30.4006,-84.2964,30.4859,-84.2288
30,10,30.4859,-84.2288,30.4006,-84.2964
10,31,30.4006,-84.2964,30.4831,-84.2208
31,10,30.4831,-84.2208,30.4006,-84.2964
10,32,30.4006,-84.2964,30.4949,-84.3224
32,10,30.4949,-84.3224,30.4006,-84.2964
10,33,30.4006,-84.2964,30.4388,-84.3375
33,10,30.4388,-84.3375,30.4006,-84.2964
10,35,30.4006,-84.2964,30.3867,-84.2802
35,10,30.3867,-84.2802,30.4006,-84.2964
10,37,30.4006,-84.2964,30.5079,-84.2797
37,10,30.5079,-84.2797,30.4006,-84.2964
10,38,30.4006,-84.2964,30.5048,-84.293
38,10,30.5048,-84.293,30.4006,-84.2964
10,40,30.4006,-84.2964,30.4943,-84.2417
40,10,30.4943,-84.2417,30.4006,-84.2964
10,41,30.4006,-84.2964,30.4371,-84.2218
41,10,30.4371,-84.2218,30.4006,-84.2964
10,43,30.4006,-84.2964,30.4078,-84.215
43,10,30.4078,-84.215,30.4006,-84.2964
10,44,30.4006,-84.2964,30.4111,-84.2383
44,10,30.4111,-84.2383,30.4006,-84.2964
10,45,30.4006,-84.2964,30.4388,-84.2916
45,10,30.4388,-84.2916,30.4006,-84.2964
10,46,30.4006,-84.2964,30.4491,-84.2904
46,10,30.4491,-84.2904,30.4006,-84.2964
10,48,30.4006,-84.2964,30.5074,-84.333
48,10,30.5074,-84.333,30.4006,-84.2964
10,49,30.4006,-84.2964,30.4986,-84.3452
49,10,30.4986,-84.3452,30.4006,-84.2964
10,50,30.4006,-84.2964,30.4696,-84.3143
50,10,30.4696,-84.3143,30.4006,-84.2964
10,51,30.4006,-84.2964,30.3922,-84.3038
51,10,30.3922,-84.3038,30.4006,-84.2964
10,52,30.4006,-84.2964,30.3932,-84.2393
52,10,30.3932,-84.2393,30.4006,-84.2964
10,53,30.4006,-84.2964,30.3874,-84.2525
53,10,30.3874,-84.2525,30.4006,-84.2964
10,56,30.4006,-84.2964,30.5248,-84.2399
56,10,30.5248,-84.2399,30.4006,-84.2964
10,57,30.4006,-84.2964,30.5033,-84.2233
57,10,30.5033,-84.2233,30.4006,-84.2964
10,59,30.4006,-84.2964,30.4869,-84.3528
59,10,30.4869,-84.3528,30.4006,-84.2964
10,60,30.4006,-84.2964,30.4727,-84.3554
60,10,30.4727,-84.3554,30.4006,-84.2964
10,61,30.4006,-84.2964,30.428,-84.349
61,10,30.428,-84.349,30.4006,-84.2964
10,62,30.4006,-84.2964,30.4481,-84.242
62,10,30.4481,-84.242,30.4006,-84.2964
10,63,30.4006,-84.2964,30.4565,-84.2188
63,10,30.4565,-84.2188,30.4006,-84.2964
10,64,30.4006,-84.2964,30.4309,-84.2861
64,10,30.4309,-84.2861,30.4006,-84.2964
10,65,30.4006,-84.2964,30.4489,-84.2727
65,10,30.4489,-84.2727,30.4006,-84.2964
10,66,30.4006,-84.2964,30.4653,-84.2312
66,10,30.4653,-84.2312,30.4006,-84.2964
10,67,30.4006,-84.2964,30.3927,-84.2905
67,10,30.3927,-84.2905,30.4006,-84.2964
10,68,30.4006,-84.2964,30.4004,-84.2295
68,10,30.4004,-84.2295,30.4006,-84.2964
10,69,30.4006,-84.2964,30.3856,-84.2309
69,10,30.3856,-84.2309,30.4006,-84.2964
10,70,30.4006,-84.2964,30.3961,-84.2156
70,10,30.3961,-84.2156,30.4006,-84.2964
10,73,30.4006,-84.2964,30.4238,-84.2163
73,10,30.4238,-84.2163,30.4006,-84.2964
10,74,30.4006,-84.2964,30.429,-84.255
74,10,30.429,-84.255,30.4006,-84.2964
10,75,30.4006,-84.2964,30.3736,-84.2178
75,10,30.3736,-84.2178,30.4006,-84.2964
10,76,30.4006,-84.2964,30.5192,-84.3398
76,10,30.5192,-84.3398,30.4006,-84.2964
10,77,30.4006,-84.2964,30.4429,-84.2548
77,10,30.4429,-84.2548,30.4006,-84.2964
10,79,30.4006,-84.2964,30.384,-84.2103
79,10,30.384,-84.2103,30.4006,-84.2964
10,80,30.4006,-84.2964,30.3652,-84.2624
80,10,30.3652,-84.2624,30.4006,-84.2964
10,82,30.4006,-84.2964,30.4416,-84.2783
82,10,30.4416,-84.2783,30.4006,-84.2964
10,83,30.4006,-84.2964,30.5145,-84.371
83,10,30.5145,-84.371,30.4006,-84.2964
10,84,30.4006,-84.2964,30.4134,-84.3406
84,10,30.4134,-84.3406,30.4006,-84.2964
10,85,30.4006,-84.2964,30.4087,-84.3137
85,10,30.4087,-84.3137,30.4006,-84.2964
10,86,30.4006,-84.2964,30.513,-84.3247
86,10,30.513,-84.3247,30.4006,-84.2964
10,87,30.4006,-84.2964,30.5187,-84.2812
87,10,30.5187,-84.2812,30.4006,-84.2964
10,91,30.4006,-84.2964,30.4387,-84.364
91,10,30.4387,-84.364,30.4006,-84.2964
10,94,30.4006,-84.2964,30.5236,-84.2259
94,10,30.5236,-84.2259,30.4006,-84.2964
10,95,30.4006,-84.2964,30.4963,-84.2309
95,10,30.4963,-84.2309,30.4006,-84.2964
10,97,30.4006,-84.2964,30.3785,-84.2864
97,10,30.3785,-84.2864,30.4006,-84.2964
10,98,30.4006,-84.2964,30.527,-84.2767
98,10,30.527,-84.2767,30.4006,-84.2964
10,100,30.4006,-84.2964,30.4674,-84.2785
100,10,30.4674,-84.2785,30.4006,-84.2964
10,102,30.4006,-84.2964,30.3702,-84.2022
102,10,30.3702,-84.2022,30.4006,-84.2964
10,103,30.4006,-84.2964,30.3684,-84.2249
103,10,30.3684,-84.2249,30.4006,-84.2964
10,105,30.4006,-84.2964,30.4403,-84.2392
105,10,30.4403,-84.2392,30.4006,-84.2964
10,106,30.4006,-84.2964,30.3822,-84.3098
106,10,30.3822,-84.3098,30.4006,-84.2964
10,107,30.4006,-84.2964,30.5161,-84.2171
107,10,30.5161,-84.2171,30.4006,-84.2964
10,108,30.4006,-84.2964,30.4616,-84.1983
108,10,30.4616,-84.1983,30.4006,-84.2964
10,109,30.4006,-84.2964,30.4767,-84.2064
109,10,30.4767,-84.2064,30.4006,-84.2964
10,110,30.4006,-84.2964,30.3621,-84.2092
110,10,30.3621,-84.2092,30.4006,-84.2964
10,111,30.4006,-84.2964,30.5031,-84.2072
111,10,30.5031,-84.2072,30.4006,-84.2964
10,113,30.4006,-84.2964,30.354,-84.209
113,10,30.354,-84.209,30.4006,-84.2964
10,115,30.4006,-84.2964,30.4421,-84.3036
115,10,30.4421,-84.3036,30.4006,-84.2964
10,118,30.4006,-84.2964,30.4332,-84.2085
118,10,30.4332,-84.2085,30.4006,-84.2964
10,119,30.4006,-84.2964,30.4596,-84.1848
119,10,30.4596,-84.1848,30.4006,-84.2964
10,122,30.4006,-84.2964,30.46,-84.2377
122,10,30.46,-84.2377,30.4006,-84.2964
10,123,30.4006,-84.2964,30.3816,-84.3514
123,10,30.3816,-84.3514,30.4006,-84.2964
10,124,30.4006,-84.2964,30.5073,-84.3707
124,10,30.5073,-84.3707,30.4006,-84.2964
10,125,30.4006,-84.2964,30.4793,-84.2635
125,10,30.4793,-84.2635,30.4006,-84.2964
10,127,30.4006,-84.2964,30.3916,-84.2179
127,10,30.3916,-84.2179,30.4006,-84.2964
10,128,30.4006,-84.2964,30.3865,-84.3463
128,10,30.3865,-84.3463,30.4006,-84.2964
10,129,30.4006,-84.2964,30.4469,-84.3221
129,10,30.4469,-84.3221,30.4006,-84.2964
10,132,30.4006,-84.2964,30.4188,-84.3245
132,10,30.4188,-84.3245,30.4006,-84.2964
10,133,30.4006,-84.2964,30.493,-84.2922
133,10,30.493,-84.2922,30.4006,-84.2964
10,134,30.4006,-84.2964,30.445,-84.3428
134,10,30.445,-84.3428,30.4006,-84.2964
10,135,30.4006,-84.2964,30.3622,-84.2653
135,10,30.3622,-84.2653,30.4006,-84.2964
10,138,30.4006,-84.2964,30.4971,-84.1916
138,10,30.4971,-84.1916,30.4006,-84.2964
10,139,30.4006,-84.2964,30.3713,-84.3221
139,10,30.3713,-84.3221,30.4006,-84.2964
10,140,30.4006,-84.2964,30.4319,-84.2471
140,10,30.4319,-84.2471,30.4006,-84.2964
10,142,30.4006,-84.2964,30.5149,-84.3754
142,10,30.5149,-84.3754,30.4006,-84.2964
10,143,30.4006,-84.2964,30.4713,-84.3311
143,10,30.4713,-84.3311,30.4006,-84.2964
10,144,30.4006,-84.2964,30.4461,-84.3207
144,10,30.4461,-84.3207,30.4006,-84.2964
10,146,30.4006,-84.2964,30.4912,-84.1908
146,10,30.4912,-84.1908,30.4006,-84.2964
10,147,30.4006,-84.2964,30.5124,-84.1967
147,10,30.5124,-84.1967,30.4006,-84.2964
10,148,30.4006,-84.2964,30.5172,-84.2642
148,10,30.5172,-84.2642,30.4006,-84.2964
10,149,30.4006,-84.2964,30.3887,-84.3647
149,10,30.3887,-84.3647,30.4006,-84.2964
11,12,30.4169,-84.2527,30.4134,-84.2727
12,11,30.4134,-84.2727,30.4169,-84.2527
11,13,30.4169,-84.2527,30.3956,-84.2755
13,11,30.3956,-84.2755,30.4169,-84.2527
11,14,30.4169,-84.2527,30.4294,-84.2694
14,11,30.4294,-84.2694,30.4169,-84.2527
11,16,30.4169,-84.2527,30.4698,-84.2982
16,11,30.4698,-84.2982,30.4169,-84.2527
11,17,30.4169,-84.2527,30.4704,-84.3287
17,11,30.4704,-84.3287,30.4169,-84.2527
11,19,30.4169,-84.2527,30.4865,-84.2733
19,11,30.4865,-84.2733,30.4169,-84.2527
11,20,30.4169,-84.2527,30.4647,-84.2629
20,11,30.4647,-84.2629,30.4169,-84.2527
11,21,30.4169,-84.2527,30.4725,-84.2715
21,11,30.4725,-84.2715,30.4169,-84.2527
11,22,30.4169,-84.2527,30.514,-84.2341
22,11,30.514,-84.2341,30.4169,-84.2527
11,23,30.4169,-84.2527,30.467,-84.2442
23,11,30.467,-84.2442,30.4169,-84.2527
11,24,30.4169,-84.2527,30.4737,-84.224
24,11,30.4737,-84.224,30.4169,-84.2527
11,26,30.4169,-84.2527,30.4091,-84.2584
26,11,30.4091,-84.2584,30.4169,-84.2527
11,27,30.4169,-84.2527,30.4017,-84.2624
27,11,30.4017,-84.2624,30.4169,-84.2527
11,28,30.4169,-84.2527,30.4598,-84.304
28,11,30.4598,-84.304,30.4169,-84.2527
11,29,30.4169,-84.2527,30.4573,-84.3129
29,11,30.4573,-84.3129,30.4169,-84.2527
11,30,30.4169,-84.2527,30.4859,-84.2288
30,11,30.4859,-84.2288,30.4169,-84.2527
11,31,30.4169,-84.2527,30.4831,-84.2208
31,11,30.4831,-84.2208,30.4169,-84.2527
11,32,30.4169,-84.2527,30.4949,-84.3224
32,11,30.4949,-84.3224,30.4169,-84.2527
11,33,30.4169,-84.2527,30.4388,-84.3375
33,11,30.4388,-84.3375,30.4169,-84.2527
11,35,30.4169,-84.2527,30.3867,-84.2802
35,11,30.3867,-84.2802,30.4169,-84.2527
11,37,30.4169,-84.2527,30.5079,-84.2797
37,11,30.5079,-84.2797,30.4169,-84.2527
11,38,30.4169,-84.2527,30.5048,-84.293
38,11,30.5048,-84.293,30.4169,-84.2527
11,40,30.4169,-84.2527,30.4943,-84.2417
40,11,30.4943,-84.2417,30.4169,-84.2527
11,41,30.4169,-84.2527,30.4371,-84.2218
41,11,30.4371,-84.2218,30.4169,-84.2527
11,43,30.4169,-84.2527,30.4078,-84.215
43,11,30.4078,-84.215,30.4169,-84.2527
11,44,30.4169,-84.2527,30.4111,-84.2383
44,11,30.4111,-84.2383,30.4169,-84.2527
11,45,30.4169,-84.2527,30.4388,-84.2916
45,11,30.4388,-84.2916,30.4169,-84.2527
11,46,30.4169,-84.2527,30.4491,-84.2904
46,11,30.4491,-84.2904,30.4169,-84.2527
11,48,30.4169,-84.2527,30.5074,-84.333
48,11,30.5074,-84.333,30.4169,-84.2527
11,49,30.4169,-84.2527,30.4986,-84.3452
49,11,30.4986,-84.3452,30.4169,-84.2527
11,50,30.4169,-84.2527,30.4696,-84.3143
50,11,30.4696,-84.3143,30.4169,-84.2527
11,51,30.4169,-84.2527,30.3922,-84.3038
51,11,30.3922,-84.3038,30.4169,-84.2527
11,52,30.4169,-84.2527,30.3932,-84.2393
52,11,30.3932,-84.2393,30.4169,-84.2527
11,53,30.4169,-84.2527,30.3874,-84.2525
53,11,30.3874,-84.2525,30.4169,-84.2527
11,56,30.4169,-84.2527,30.5248,-84.2399
56,11,30.5248,-84.2399,30.4169,-84.2527
11,57,30.4169,-84.2527,30.5033,-84.2233
57,11,30.5033,-84.2233,30.4169,-84.2527
11,59,30.4169,-84.2527,30.4869,-84.3528
59,11,30.4869,-84.3528,30.4169,-84.2527
11,60,30.4169,-84.2527,30.4727,-84.3554
60,11,30.4727,-84.3554,30.4169,-84.2527
11,61,30.4169,-84.2527,30.428,-84.349
61,11,30.428,-84.349,30.4169,-84.2527
11,62,30.4169,-84.2527,30.4481,-84.242
62,11,30.4481,-84.242,30.4169,-84.2527
11,63,30.4169,-84.2527,30.4565,-84.2188
63,11,30.4565,-84.2188,30.4169,-84.2527
11,64,30.4169,-84.2527,30.4309,-84.2861
64,11,30.4309,-84.2861,30.4169,-84.2527
11,65,30.4169,-84.2527,30.4489,-84.2727
65,11,30.4489,-84.2727,30.4169,-84.2527
11,66,30.4169,-84.2527,30.4653,-84.2312
66,11,30.4653,-84.2312,30.4169,-84.2527
11,67,30.4169,-84.2527,30.3927,-84.2905
67,11,30.3927,-84.2905,30.4169,-84.2527
11,68,30.4169,-84.2527,30.4004,-84.2295
68,11,30.4004,-84.2295,30.4169,-84.2527
11,69,30.4169,-84.2527,30.3856,-84.2309
69,11,30.3856,-84.2309,30.4169,-84.2527
11,70,30.4169,-84.2527,30.3961,-84.2156
70,11,30.3961,-84.2156,30.4169,-84.2527
11,73,30.4169,-84.2527,30.4238,-84.2163
73,11,30.4238,-84.2163,30.4169,-84.2527
11,74,30.4169,-84.2527,30.429,-84.255
74,11,30.429,-84.255,30.4169,-84.2527
11,75,30.4169,-84.2527,30.3736,-84.2178
75,11,30.3736,-84.2178,30.4169,-84.2527
11,76,30.4169,-84.2527,30.5192,-84.3398
76,11,30.5192,-84.3398,30.4169,-84.2527
11,77,30.4169,-84.2527,30.4429,-84.2548
77,11,30.4429,-84.2548,30.4169,-84.2527
11,79,30.4169,-84.2527,30.384,-84.2103
79,11,30.384,-84.2103,30.4169,-84.2527
11,80,30.4169,-84.2527,30.3652,-84.2624
80,11,30.3652,-84.2624,30.4169,-84.2527
11,82,30.4169,-84.2527,30.4416,-84.2783
82,11,30.4416,-84.2783,30.4169,-84.2527
11,83,30.4169,-84.2527,30.5145,-84.371
83,11,30.5145,-84.371,30.4169,-84.2527
11,84,30.4169,-84.2527,30.4134,-84.3406
84,11,30.4134,-84.3406,30.4169,-84.2527
11,85,30.4169,-84.2527,30.4087,-84.3137
85,11,30.4087,-84.3137,30.4169,-84.2527
11,86,30.4169,-84.2527,30.513,-84.3247
86,11,30.513,-84.3247,30.4169,-84.2527
11,87,30.4169,-84.2527,30.5187,-84.2812
87,11,30.5187,-84.2812,30.4169,-84.2527
11,91,30.4169,-84.2527,30.4387,-84.364
91,11,30.4387,-84.364,30.4169,-84.2527
11,94,30.4169,-84.2527,30.5236,-84.2259
94,11,30.5236,-84.2259,30.4169,-84.2527
11,95,30.4169,-84.2527,30.4963,-84.2309
95,11,30.4963,-84.2309,30.4169,-84.2527
11,97,30.4169,-84.2527,30.3785,-84.2864
97,11,30.3785,-84.2864,30.4169,-84.2527
11,98,30.4169,-84.2527,30.527,-84.2767
98,11,30.527,-84.2767,30.4169,-84.2527
11,100,30.4169,-84.2527,30.4674,-84.2785
100,11,30.4674,-84.2785,30.4169,-84.2527
11,102,30.4169,-84.2527,30.3702,-84.2022
102,11,30.3702,-84.2022,30.4169,-84.2527
11,103,30.4169,-84.2527,30.3684,-84.2249
103,11,30.3684,-84.2249,30.4169,-84.2527
11,105,30.4169,-84.2527,30.4403,-84.2392
105,11,30.4403,-84.2392,30.4169,-84.2527
11,106,30.4169,-84.2527,30.3822,-84.3098
106,11,30.3822,-84.3098,30.4169,-84.2527
11,107,30.4169,-84.2527,30.5161,-84.2171
107,11,30.5161,-84.2171,30.4169,-84.2527
11,108,30.4169,-84.2527,30.4616,-84.1983
108,11,30.4616,-84.1983,30.4169,-84.2527
11,109,30.4169,-84.2527,30.4767,-84.2064
109,11,30.4767,-84.2064,30.4169,-84.2527
11,110,30.4169,-84.2527,30.3621,-84.2092
110,11,30.3621,-84.2092,30.4169,-84.2527
11,111,30.4169,-84.2527,30.5031,-84.2072
111,11,30.5031,-84.2072,30.4169,-84.2527
11,113,30.4169,-84.2527,30.354,-84.209
113,11,30.354,-84.209,30.4169,-84.2527
11,115,30.4169,-84.2527,30.4421,-84.3036
115,11,30.4421,-84.3036,30.4169,-84.2527
11,118,30.4169,-84.2527,30.4332,-84.2085
118,11,30.4332,-84.2085,30.4169,-84.2527
11,119,30.4169,-84.2527,30.4596,-84.1848
119,11,30.4596,-84.1848,30.4169,-84.2527
11,122,30.4169,-84.2527,30.46,-84.2377
122,11,30.46,-84.2377,30.4169,-84.2527
11,123,30.4169,-84.2527,30.3816,-84.3514
123,11,30.3816,-84.3514,30.4169,-84.2527
11,124,30.4169,-84.2527,30.5073,-84.3707
124,11,30.5073,-84.3707,30.4169,-84.2527
11,125,30.4169,-84.2527,30.4793,-84.2635
125,11,30.4793,-84.2635,30.4169,-84.2527
11,127,30.4169,-84.2527,30.3916,-84.2179
127,11,30.3916,-84.2179,30.4169,-84.2527
11,128,30.4169,-84.2527,30.3865,-84.3463
128,11,30.3865,-84.3463,30.4169,-84.2527
11,129,30.4169,-84.2527,30.4469,-84.3221
129,11,30.4469,-84.3221,30.4169,-84.2527
11,132,30.4169,-84.2527,30.4188,-84.3245
132,11,30.4188,-84.3245,30.4169,-84.2527
11,133,30.4169,-84.2527,30.493,-84.2922
133,11,30.493,-84.2922,30.4169,-84.2527
11,134,30.4169,-84.2527,30.445,-84.3428
134,11,30.445,-84.3428,30.4169,-84.2527
11,135,30.4169,-84.2527,30.3622,-84.2653
135,11,30.3622,-84.2653,30.4169,-84.2527
11,138,30.4169,-84.2527,30.4971,-84.1916
138,11,30.4971,-84.1916,30.4169,-84.2527
11,139,30.4169,-84.2527,30.3713,-84.3221
139,11,30.3713,-84.3221,30.4169,-84.2527
11,140,30.4169,-84.2527,30.4319,-84.2471
140,11,30.4319,-84.2471,30.4169,-84.2527
11,142,30.4169,-84.2527,30.5149,-84.3754
142,11,30.5149,-84.3754,30.4169,-84.2527
11,143,30.4169,-84.2527,30.4713,-84.3311
143,11,30.4713,-84.3311,30.4169,-84.2527
11,144,30.4169,-84.2527,30.4461,-84.3207
144,11,30.4461,-84.3207,30.4169,-84.2527
11,146,30.4169,-84.2527,30.4912,-84.1908
146,11,30.4912,-84.1908,30.4169,-84.2527
11,147,30.4169,-84.2527,30.5124,-84.1967
147,11,30.5124,-84.1967,30.4169,-84.2527
11,148,30.4169,-84.2527,30.5172,-84.2642
148,11,30.5172,-84.2642,30.4169,-84.2527
11,149,30.4169,-84.2527,30.3887,-84.3647
149,11,30.3887,-84.3647,30.4169,-84.2527
12,13,30.4134,-84.2727,30.3956,-84.2755
13,12,30.3956,-84.2755,30.4134,-84.2727
12,14,30.4134,-84.2727,30.4294,-84.2694
14,12,30.4294,-84.2694,30.4134,-84.2727
12,16,30.4134,-84.2727,30.4698,-84.2982
16,12,30.4698,-84.2982,30.4134,-84.2727
12,17,30.4134,-84.2727,30.4704,-84.3287
17,12,30.4704,-84.3287,30.4134,-84.2727
12,19,30.4134,-84.2727,30.4865,-84.2733
19,12,30.4865,-84.2733,30.4134,-84.2727
12,20,30.4134,-84.2727,30.4647,-84.2629
20,12,30.4647,-84.2629,30.4134,-84.2727
12,21,30.4134,-84.2727,30.4725,-84.2715
21,12,30.4725,-84.2715,30.4134,-84.2727
12,22,30.4134,-84.2727,30.514,-84.2341
22,12,30.514,-84.2341,30.4134,-84.2727
12,23,30.4134,-84.2727,30.467,-84.2442
23,12,30.467,-84.2442,30.4134,-84.2727
12,24,30.4134,-84.2727,30.4737,-84.224
24,12,30.4737,-84.224,30.4134,-84.2727
12,26,30.4134,-84.2727,30.4091,-84.2584
26,12,30.4091,-84.2584,30.4134,-84.2727
12,27,30.4134,-84.2727,30.4017,-84.2624
27,12,30.4017,-84.2624,30.4134,-84.2727
12,28,30.4134,-84.2727,30.4598,-84.304
28,12,30.4598,-84.304,30.4134,-84.2727
12,29,30.4134,-84.2727,30.4573,-84.3129
29,12,30.4573,-84.3129,30.4134,-84.2727
12,30,30.4134,-84.2727,30.4859,-84.2288
30,12,30.4859,-84.2288,30.4134,-84.2727
12,31,30.4134,-84.2727,30.4831,-84.2208
31,12,30.4831,-84.2208,30.4134,-84.2727
12,32,30.4134,-84.2727,30.4949,-84.3224
32,12,30.4949,-84.3224,30.4134,-84.2727
12,33,30.4134,-84.2727,30.4388,-84.3375
33,12,30.4388,-84.3375,30.4134,-84.2727
12,35,30.4134,-84.2727,30.3867,-84.2802
35,12,30.3867,-84.2802,30.4134,-84.2727
12,37,30.4134,-84.2727,30.5079,-84.2797
37,12,30.5079,-84.2797,30.4134,-84.2727
12,38,30.4134,-84.2727,30.5048,-84.293
38,12,30.5048,-84.293,30.4134,-84.2727
12,40,30.4134,-84.2727,30.4943,-84.2417
40,12,30.4943,-84.2417,30.4134,-84.2727
12,41,30.4134,-84.2727,30.4371,-84.2218
41,12,30.4371,-84.2218,30.4134,-84.2727
12,43,30.4134,-84.2727,30.4078,-84.215
43,12,30.4078,-84.215,30.4134,-84.2727
12,44,30.4134,-84.2727,30.4111,-84.2383
44,12,30.4111,-84.2383,30.4134,-84.2727
12,45,30.4134,-84.2727,30.4388,-84.2916
45,12,30.4388,-84.2916,30.4134,-84.2727
12,46,30.4134,-84.2727,30.4491,-84.2904
46,12,30.4491,-84.2904,30.4134,-84.2727
12,48,30.4134,-84.2727,30.5074,-84.333
48,12,30.5074,-84.333,30.4134,-84.2727
12,49,30.4134,-84.2727,30.4986,-84.3452
49,12,30.4986,-84.3452,30.4134,-84.2727
12,50,30.4134,-84.2727,30.4696,-84.3143
50,12,30.4696,-84.3143,30.4134,-84.2727
12,51,30.4134,-84.2727,30.3922,-84.3038
51,12,30.3922,-84.3038,30.4134,-84.2727
12,52,30.4134,-84.2727,30.3932,-84.2393
52,12,30.3932,-84.2393,30.4134,-84.2727
12,53,30.4134,-84.2727,30.3874,-84.2525
53,12,30.3874,-84.2525,30.4134,-84.2727
12,56,30.4134,-84.2727,30.5248,-84.2399
56,12,30.5248,-84.2399,30.4134,-84.2727
12,57,30.4134,-84.2727,30.5033,-84.2233
57,12,30.5033,-84.2233,30.4134,-84.2727
12,59,30.4134,-84.2727,30.4869,-84.3528
59,12,30.4869,-84.3528,30.4134,-84.2727
12,60,30.4134,-84.2727,30.4727,-84.3554
60,12,30.4727,-84.3554,30.4134,-84.2727
12,61,30.4134,-84.2727,30.428,-84.349
61,12,30.428,-84.349,30.4134,-84.2727
12,62,30.4134,-84.2727,30.4481,-84.242
62,12,30.4481,-84.242,30.4134,-84.2727
12,63,30.4134,-84.2727,30.4565,-84.2188
63,12,30.4565,-84.2188,30.4134,-84.2727
12,64,30.4134,-84.2727,30.4309,-84.2861
64,12,30.4309,-84.2861,30.4134,-84.2727
12,65,30.4134,-84.2727,30.4489,-84.2727
65,12,30.4489,-84.2727,30.4134,-84.2727
12,66,30.4134,-84.2727,30.4653,-84.2312
66,12,30.4653,-84.2312,30.4134,-84.2727
12,67,30.4134,-84.2727,30.3927,-84.2905
67,12,30.3927,-84.2905,30.4134,-84.2727
12,68,30.4134,-84.2727,30.4004,-84.2295
68,12,30.4004,-84.2295,30.4134,-84.2727
12,69,30.4134,-84.2727,30.3856,-84.2309
69,12,30.3856,-84.2309,30.4134,-84.2727
12,70,30.4134,-84.2727,30.3961,-84.2156
70,12,30.3961,-84.2156,30.4134,-84.2727
12,73,30.4134,-84.2727,30.4238,-84.2163
73,12,30.4238,-84.2163,30.4134,-84.2727
12,74,30.4134,-84.2727,30.429,-84.255
74,12,30.429,-84.255,30.4134,-84.2727
12,75,30.4134,-84.2727,30.3736,-84.2178
75,12,30.3736,-84.2178,30.4134,-84.2727
12,76,30.4134,-84.2727,30.5192,-84.3398
76,12,30.5192,-84.3398,30.4134,-84.2727
12,77,30.4134,-84.2727,30.4429,-84.2548
77,12,30.4429,-84.2548,30.4134,-84.2727
12,79,30.4134,-84.2727,30.384,-84.2103
79,12,30.384,-84.2103,30.4134,-84.2727
12,80,30.4134,-84.2727,30.3652,-84.2624
80,12,30.3652,-84.2624,30.4134,-84.2727
12,82,30.4134,-84.2727,30.4416,-84.2783
82,12,30.4416,-84.2783,30.4134,-84.2727
12,83,30.4134,-84.2727,30.5145,-84.371
83,12,30.5145,-84.371,30.4134,-84.2727
12,84,30.4134,-84.2727,30.4134,-84.3406
84,12,30.4134,-84.3406,30.4134,-84.2727
12,85,30.4134,-84.2727,30.4087,-84.3137
85,12,30.4087,-84.3137,30.4134,-84.2727
12,86,30.4134,-84.2727,30.513,-84.3247
86,12,30.513,-84.3247,30.4134,-84.2727
12,87,30.4134,-84.2727,30.5187,-84.2812
87,12,30.5187,-84.2812,30.4134,-84.2727
12,91,30.4134,-84.2727,30.4387,-84.364
91,12,30.4387,-84.364,30.4134,-84.2727
12,94,30.4134,-84.2727,30.5236,-84.2259
94,12,30.5236,-84.2259,30.4134,-84.2727
12,95,30.4134,-84.2727,30.4963,-84.2309
95,12,30.4963,-84.2309,30.4134,-84.2727
12,97,30.4134,-84.2727,30.3785,-84.2864
97,12,30.3785,-84.2864,30.4134,-84.2727
12,98,30.4134,-84.2727,30.527,-84.2767
98,12,30.527,-84.2767,30.4134,-84.2727
12,100,30.4134,-84.2727,30.4674,-84.2785
100,12,30.4674,-84.2785,30.4134,-84.2727
12,102,30.4134,-84.2727,30.3702,-84.2022
102,12,30.3702,-84.2022,30.4134,-84.2727
12,103,30.4134,-84.2727,30.3684,-84.2249
103,12,30.3684,-84.2249,30.4134,-84.2727
12,105,30.4134,-84.2727,30.4403,-84.2392
105,12,30.4403,-84.2392,30.4134,-84.2727
12,106,30.4134,-84.2727,30.3822,-84.3098
106,12,30.3822,-84.3098,30.4134,-84.2727
12,107,30.4134,-84.2727,30.5161,-84.2171
107,12,30.5161,-84.2171,30.4134,-84.2727
12,108,30.4134,-84.2727,30.4616,-84.1983
108,12,30.4616,-84.1983,30.4134,-84.2727
12,109,30.4134,-84.2727,30.4767,-84.2064
109,12,30.4767,-84.2064,30.4134,-84.2727
12,110,30.4134,-84.2727,30.3621,-84.2092
110,12,30.3621,-84.2092,30.4134,-84.2727
12,111,30.4134,-84.2727,30.5031,-84.2072
111,12,30.5031,-84.2072,30.4134,-84.2727
12,113,30.4134,-84.2727,30.354,-84.209
113,12,30.354,-84.209,30.4134,-84.2727
12,115,30.4134,-84.2727,30.4421,-84.3036
115,12,30.4421,-84.3036,30.4134,-84.2727
12,118,30.4134,-84.2727,30.4332,-84.2085
118,12,30.4332,-84.2085,30.4134,-84.2727
12,119,30.4134,-84.2727,30.4596,-84.1848
119,12,30.4596,-84.1848,30.4134,-84.2727
12,122,30.4134,-84.2727,30.46,-84.2377
122,12,30.46,-84.2377,30.4134,-84.2727
12,123,30.4134,-84.2727,30.3816,-84.3514
123,12,30.3816,-84.3514,30.4134,-84.2727
12,124,30.4134,-84.2727,30.5073,-84.3707
124,12,30.5073,-84.3707,30.4134,-84.2727
12,125,30.4134,-84.2727,30.4793,-84.2635
125,12,30.4793,-84.2635,30.4134,-84.2727
12,127,30.4134,-84.2727,30.3916,-84.2179
127,12,30.3916,-84.2179,30.4134,-84.2727
12,128,30.4134,-84.2727,30.3865,-84.3463
128,12,30.3865,-84.3463,30.4134,-84.2727
12,129,30.4134,-84.2727,30.4469,-84.3221
129,12,30.4469,-84.3221,30.4134,-84.2727
12,132,30.4134,-84.2727,30.4188,-84.3245
132,12,30.4188,-84.3245,30.4134,-84.2727
12,133,30.4134,-84.2727,30.493,-84.2922
133,12,30.493,-84.2922,30.4134,-84.2727
12,134,30.4134,-84.2727,30.445,-84.3428
134,12,30.445,-84.3428,30.4134,-84.2727
12,135,30.4134,-84.2727,30.3622,-84.2653
135,12,30.3622,-84.2653,30.4134,-84.2727
12,138,30.4134,-84.2727,30.4971,-84.1916
138,12,30.4971,-84.1916,30.4134,-84.2727
12,139,30.4134,-84.2727,30.3713,-84.3221
139,12,30.3713,-84.3221,30.4134,-84.2727
12,140,30.4134,-84.2727,30.4319,-84.2471
140,12,30.4319,-84.2471,30.4134,-84.2727
12,142,30.4134,-84.2727,30.5149,-84.3754
142,12,30.5149,-84.3754,30.4134,-84.2727
12,143,30.4134,-84.2727,30.4713,-84.3311
143,12,30.4713,-84.3311,30.4134,-84.2727
12,144,30.4134,-84.2727,30.4461,-84.3207
144,12,30.4461,-84.3207,30.4134,-84.2727
12,146,30.4134,-84.2727,30.4912,-84.1908
146,12,30.4912,-84.1908,30.4134,-84.2727
12,147,30.4134,-84.2727,30.5124,-84.1967
147,12,30.5124,-84.1967,30.4134,-84.2727
12,148,30.4134,-84.2727,30.5172,-84.2642
148,12,30.5172,-84.2642,30.4134,-84.2727
12,149,30.4134,-84.2727,30.3887,-84.3647
149,12,30.3887,-84.3647,30.4134,-84.2727
13,14,30.3956,-84.2755,30.4294,-84.2694
14,13,30.4294,-84.2694,30.3956,-84.2755
13,16,30.3956,-84.2755,30.4698,-84.2982
16,13,30.4698,-84.2982,30.3956,-84.2755
13,17,30.3956,-84.2755,30.4704,-84.3287
17,13,30.4704,-84.3287,30.3956,-84.2755
13,19,30.3956,-84.2755,30.4865,-84.2733
19,13,30.4865,-84.2733,30.3956,-84.2755
13,20,30.3956,-84.2755,30.4647,-84.2629
20,13,30.4647,-84.2629,30.3956,-84.2755
13,21,30.3956,-84.2755,30.4725,-84.2715
21,13,30.4725,-84.2715,30.3956,-84.2755
13,22,30.3956,-84.2755,30.514,-84.2341
22,13,30.514,-84.2341,30.3956,-84.2755
13,23,30.3956,-84.2755,30.467,-84.2442
23,13,30.467,-84.2442,30.3956,-84.2755
13,24,30.3956,-84.2755,30.4737,-84.224
24,13,30.4737,-84.224,30.3956,-84.2755
13,26,30.3956,-84.2755,30.4091,-84.2584
26,13,30.4091,-84.2584,30.3956,-84.2755
13,27,30.3956,-84.2755,30.4017,-84.2624
27,13,30.4017,-84.2624,30.3956,-84.2755
13,28,30.3956,-84.2755,30.4598,-84.304
28,13,30.4598,-84.304,30.3956,-84.2755
13,29,30.3956,-84.2755,30.4573,-84.3129
29,13,30.4573,-84.3129,30.3956,-84.2755
13,30,30.3956,-84.2755,30.4859,-84.2288
30,13,30.4859,-84.2288,30.3956,-84.2755
13,31,30.3956,-84.2755,30.4831,-84.2208
31,13,30.4831,-84.2208,30.3956,-84.2755
13,32,30.3956,-84.2755,30.4949,-84.3224
32,13,30.4949,-84.3224,30.3956,-84.2755
13,33,30.3956,-84.2755,30.4388,-84.3375
33,13,30.4388,-84.3375,30.3956,-84.2755
13,35,30.3956,-84.2755,30.3867,-84.2802
35,13,30.3867,-84.2802,30.3956,-84.2755
13,37,30.3956,-84.2755,30.5079,-84.2797
37,13,30.5079,-84.2797,30.3956,-84.2755
13,38,30.3956,-84.2755,30.5048,-84.293
38,13,30.5048,-84.293,30.3956,-84.2755
13,40,30.3956,-84.2755,30.4943,-84.2417
40,13,30.4943,-84.2417,30.3956,-84.2755
13,41,30.3956,-84.2755,30.4371,-84.2218
41,13,30.4371,-84.2218,30.3956,-84.2755
13,43,30.3956,-84.2755,30.4078,-84.215
43,13,30.4078,-84.215,30.3956,-84.2755
13,44,30.3956,-84.2755,30.4111,-84.2383
44,13,30.4111,-84.2383,30.3956,-84.2755
13,45,30.3956,-84.2755,30.4388,-84.2916
45,13,30.4388,-84.2916,30.3956,-84.2755
13,46,30.3956,-84.2755,30.4491,-84.2904
46,13,30.4491,-84.2904,30.3956,-84.2755
13,48,30.3956,-84.2755,30.5074,-84.333
48,13,30.5074,-84.333,30.3956,-84.2755
13,49,30.3956,-84.2755,30.4986,-84.3452
49,13,30.4986,-84.3452,30.3956,-84.2755
13,50,30.3956,-84.2755,30.4696,-84.3143
50,13,30.4696,-84.3143,30.3956,-84.2755
13,51,30.3956,-84.2755,30.3922,-84.3038
51,13,30.3922,-84.3038,30.3956,-84.2755
13,52,30.3956,-84.2755,30.3932,-84.2393
52,13,30.3932,-84.2393,30.3956,-84.2755
13,53,30.3956,-84.2755,30.3874,-84.2525
53,13,30.3874,-84.2525,30.3956,-84.2755
13,56,30.3956,-84.2755,30.5248,-84.2399
56,13,30.5248,-84.2399,30.3956,-84.2755
13,57,30.3956,-84.2755,30.5033,-84.2233
57,13,30.5033,-84.2233,30.3956,-84.2755
13,59,30.3956,-84.2755,30.4869,-84.3528
59,13,30.4869,-84.3528,30.3956,-84.2755
13,60,30.3956,-84.2755,30.4727,-84.3554
60,13,30.4727,-84.3554,30.3956,-84.2755
13,61,30.3956,-84.2755,30.428,-84.349
61,13,30.428,-84.349,30.3956,-84.2755
13,62,30.3956,-84.2755,30.4481,-84.242
62,13,30.4481,-84.242,30.3956,-84.2755
13,63,30.3956,-84.2755,30.4565,-84.2188
63,13,30.4565,-84.2188,30.3956,-84.2755
13,64,30.3956,-84.2755,30.4309,-84.2861
64,13,30.4309,-84.2861,30.3956,-84.2755
13,65,30.3956,-84.2755,30.4489,-84.2727
65,13,30.4489,-84.2727,30.3956,-84.2755
13,66,30.3956,-84.2755,30.4653,-84.2312
66,13,30.4653,-84.2312,30.3956,-84.2755
13,67,30.3956,-84.2755,30.3927,-84.2905
67,13,30.3927,-84.2905,30.3956,-84.2755
13,68,30.3956,-84.2755,30.4004,-84.2295
68,13,30.4004,-84.2295,30.3956,-84.2755
13,69,30.3956,-84.2755,30.3856,-84.2309
69,13,30.3856,-84.2309,30.3956,-84.2755
13,70,30.3956,-84.2755,30.3961,-84.2156
70,13,30.3961,-84.2156,30.3956,-84.2755
13,73,30.3956,-84.2755,30.4238,-84.2163
73,13,30.4238,-84.2163,30.3956,-84.2755
13,74,30.3956,-84.2755,30.429,-84.255
74,13,30.429,-84.255,30.3956,-84.2755
13,75,30.3956,-84.2755,30.3736,-84.2178
75,13,30.3736,-84.2178,30.3956,-84.2755
13,76,30.3956,-84.2755,30.5192,-84.3398
76,13,30.5192,-84.3398,30.3956,-84.2755
13,77,30.3956,-84.2755,30.4429,-84.2548
77,13,30.4429,-84.2548,30.3956,-84.2755
13,79,30.3956,-84.2755,30.384,-84.2103
79,13,30.384,-84.2103,30.3956,-84.2755
13,80,30.3956,-84.2755,30.3652,-84.2624
80,13,30.3652,-84.2624,30.3956,-84.2755
13,82,30.3956,-84.2755,30.4416,-84.2783
82,13,30.4416,-84.2783,30.3956,-84.2755
13,83,30.3956,-84.2755,30.5145,-84.371
83,13,30.5145,-84.371,30.3956,-84.2755
13,84,30.3956,-84.2755,30.4134,-84.3406
84,13,30.4134,-84.3406,30.3956,-84.2755
13,85,30.3956,-84.2755,30.4087,-84.3137
85,13,30.4087,-84.3137,30.3956,-84.2755
13,86,30.3956,-84.2755,30.513,-84.3247
86,13,30.513,-84.3247,30.3956,-84.2755
13,87,30.3956,-84.2755,30.5187,-84.2812
87,13,30.5187,-84.2812,30.3956,-84.2755
13,91,30.3956,-84.2755,30.4387,-84.364
91,13,30.4387,-84.364,30.3956,-84.2755
13,94,30.3956,-84.2755,30.5236,-84.2259
94,13,30.5236,-84.2259,30.3956,-84.2755
13,95,30.3956,-84.2755,30.4963,-84.2309
95,13,30.4963,-84.2309,30.3956,-84.2755
13,97,30.3956,-84.2755,30.3785,-84.2864
97,13,30.3785,-84.2864,30.3956,-84.2755
13,98,30.3956,-84.2755,30.527,-84.2767
98,13,30.527,-84.2767,30.3956,-84.2755
13,100,30.3956,-84.2755,30.4674,-84.2785
100,13,30.4674,-84.2785,30.3956,-84.2755
13,102,30.3956,-84.2755,30.3702,-84.2022
102,13,30.3702,-84.2022,30.3956,-84.2755
13,103,30.3956,-84.2755,30.3684,-84.2249
103,13,30.3684,-84.2249,30.3956,-84.2755
13,105,30.3956,-84.2755,30.4403,-84.2392
105,13,30.4403,-84.2392,30.3956,-84.2755
13,106,30.3956,-84.2755,30.3822,-84.3098
106,13,30.3822,-84.3098,30.3956,-84.2755
13,107,30.3956,-84.2755,30.5161,-84.2171
107,13,30.5161,-84.2171,30.3956,-84.2755
13,108,30.3956,-84.2755,30.4616,-84.1983
108,13,30.4616,-84.1983,30.3956,-84.2755
13,109,30.3956,-84.2755,30.4767,-84.2064
109,13,30.4767,-84.2064,30.3956,-84.2755
13,110,30.3956,-84.2755,30.3621,-84.2092
110,13,30.3621,-84.2092,30.3956,-84.2755
13,111,30.3956,-84.2755,30.5031,-84.2072
111,13,30.5031,-84.2072,30.3956,-84.2755
13,113,30.3956,-84.2755,30.354,-84.209
113,13,30.354,-84.209,30.3956,-84.2755
13,115,30.3956,-84.2755,30.4421,-84.3036
115,13,30.4421,-84.3036,30.3956,-84.2755
13,118,30.3956,-84.2755,30.4332,-84.2085
118,13,30.4332,-84.2085,30.3956,-84.2755
13,119,30.3956,-84.2755,30.4596,-84.1848
119,13,30.4596,-84.1848,30.3956,-84.2755
13,122,30.3956,-84.2755,30.46,-84.2377
122,13,30.46,-84.2377,30.3956,-84.2755
13,123,30.3956,-84.2755,30.3816,-84.3514
123,13,30.3816,-84.3514,30.3956,-84.2755
13,124,30.3956,-84.2755,30.5073,-84.3707
124,13,30.5073,-84.3707,30.3956,-84.2755
13,125,30.3956,-84.2755,30.4793,-84.2635
125,13,30.4793,-84.2635,30.3956,-84.2755
13,127,30.3956,-84.2755,30.3916,-84.2179
127,13,30.3916,-84.2179,30.3956,-84.2755
13,128,30.3956,-84.2755,30.3865,-84.3463
128,13,30.3865,-84.3463,30.3956,-84.2755
13,129,30.3956,-84.2755,30.4469,-84.3221
129,13,30.4469,-84.3221,30.3956,-84.2755
13,132,30.3956,-84.2755,30.4188,-84.3245
132,13,30.4188,-84.3245,30.3956,-84.2755
13,133,30.3956,-84.2755,30.493,-84.2922
133,13,30.493,-84.2922,30.3956,-84.2755
13,134,30.3956,-84.2755,30.445,-84.3428
134,13,30.445,-84.3428,30.3956,-84.2755
13,135,30.3956,-84.2755,30.3622,-84.2653
135,13,30.3622,-84.2653,30.3956,-84.2755
13,138,30.3956,-84.2755,30.4971,-84.1916
138,13,30.4971,-84.1916,30.3956,-84.2755
13,139,30.3956,-84.2755,30.3713,-84.3221
139,13,30.3713,-84.3221,30.3956,-84.2755
13,140,30.3956,-84.2755,30.4319,-84.2471
140,13,30.4319,-84.2471,30.3956,-84.2755
13,142,30.3956,-84.2755,30.5149,-84.3754
142,13,30.5149,-84.3754,30.3956,-84.2755
13,143,30.3956,-84.2755,30.4713,-84.3311
143,13,30.4713,-84.3311,30.3956,-84.2755
13,144,30.3956,-84.2755,30.4461,-84.3207
144,13,30.4461,-84.3207,30.3956,-84.2755
13,146,30.3956,-84.2755,30.4912,-84.1908
146,13,30.4912,-84.1908,30.3956,-84.2755
13,147,30.3956,-84.2755,30.5124,-84.1967
147,13,30.5124,-84.1967,30.3956,-84.2755
13,148,30.3956,-84.2755,30.5172,-84.2642
148,13,30.5172,-84.2642,30.3956,-84.2755
13,149,30.3956,-84.2755,30.3887,-84.3647
149,13,30.3887,-84.3647,30.3956,-84.2755
14,16,30.4294,-84.2694,30.4698,-84.2982
16,14,30.4698,-84.2982,30.4294,-84.2694
14,17,30.4294,-84.2694,30.4704,-84.3287
17,14,30.4704,-84.3287,30.4294,-84.2694
14,19,30.4294,-84.2694,30.4865,-84.2733
19,14,30.4865,-84.2733,30.4294,-84.2694
14,20,30.4294,-84.2694,30.4647,-84.2629
20,14,30.4647,-84.2629,30.4294,-84.2694
14,21,30.4294,-84.2694,30.4725,-84.2715
21,14,30.4725,-84.2715,30.4294,-84.2694
14,22,30.4294,-84.2694,30.514,-84.2341
22,14,30.514,-84.2341,30.4294,-84.2694
14,23,30.4294,-84.2694,30.467,-84.2442
23,14,30.467,-84.2442,30.4294,-84.2694
14,24,30.4294,-84.2694,30.4737,-84.224
24,14,30.4737,-84.224,30.4294,-84.2694
14,26,30.4294,-84.2694,30.4091,-84.2584
26,14,30.4091,-84.2584,30.4294,-84.2694
14,27,30.4294,-84.2694,30.4017,-84.2624
27,14,30.4017,-84.2624,30.4294,-84.2694
14,28,30.4294,-84.2694,30.4598,-84.304
28,14,30.4598,-84.304,30.4294,-84.2694
14,29,30.4294,-84.2694,30.4573,-84.3129
29,14,30.4573,-84.3129,30.4294,-84.2694
14,30,30.4294,-84.2694,30.4859,-84.2288
30,14,30.4859,-84.2288,30.4294,-84.2694
14,31,30.4294,-84.2694,30.4831,-84.2208
31,14,30.4831,-84.2208,30.4294,-84.2694
14,32,30.4294,-84.2694,30.4949,-84.3224
32,14,30.4949,-84.3224,30.4294,-84.2694
14,33,30.4294,-84.2694,30.4388,-84.3375
33,14,30.4388,-84.3375,30.4294,-84.2694
14,35,30.4294,-84.2694,30.3867,-84.2802
35,14,30.3867,-84.2802,30.4294,-84.2694
14,37,30.4294,-84.2694,30.5079,-84.2797
37,14,30.5079,-84.2797,30.4294,-84.2694
14,38,30.4294,-84.2694,30.5048,-84.293
38,14,30.5048,-84.293,30.4294,-84.2694
14,40,30.4294,-84.2694,30.4943,-84.2417
40,14,30.4943,-84.2417,30.4294,-84.2694
14,41,30.4294,-84.2694,30.4371,-84.2218
41,14,30.4371,-84.2218,30.4294,-84.2694
14,43,30.4294,-84.2694,30.4078,-84.215
43,14,30.4078,-84.215,30.4294,-84.2694
14,44,30.4294,-84.2694,30.4111,-84.2383
44,14,30.4111,-84.2383,30.4294,-84.2694
14,45,30.4294,-84.2694,30.4388,-84.2916
45,14,30.4388,-84.2916,30.4294,-84.2694
14,46,30.4294,-84.2694,30.4491,-84.2904
46,14,30.4491,-84.2904,30.4294,-84.2694
14,48,30.4294,-84.2694,30.5074,-84.333
48,14,30.5074,-84.333,30.4294,-84.2694
14,49,30.4294,-84.2694,30.4986,-84.3452
49,14,30.4986,-84.3452,30.4294,-84.2694
14,50,30.4294,-84.2694,30.4696,-84.3143
50,14,30.4696,-84.3143,30.4294,-84.2694
14,51,30.4294,-84.2694,30.3922,-84.3038
51,14,30.3922,-84.3038,30.4294,-84.2694
14,52,30.4294,-84.2694,30.3932,-84.2393
52,14,30.3932,-84.2393,30.4294,-84.2694
14,53,30.4294,-84.2694,30.3874,-84.2525
53,14,30.3874,-84.2525,30.4294,-84.2694
14,56,30.4294,-84.2694,30.5248,-84.2399
56,14,30.5248,-84.2399,30.4294,-84.2694
14,57,30.4294,-84.2694,30.5033,-84.2233
57,14,30.5033,-84.2233,30.4294,-84.2694
14,59,30.4294,-84.2694,30.4869,-84.3528
59,14,30.4869,-84.3528,30.4294,-84.2694
14,60,30.4294,-84.2694,30.4727,-84.3554
60,14,30.4727,-84.3554,30.4294,-84.2694
14,61,30.4294,-84.2694,30.428,-84.349
61,14,30.428,-84.349,30.4294,-84.2694
14,62,30.4294,-84.2694,30.4481,-84.242
62,14,30.4481,-84.242,30.4294,-84.2694
14,63,30.4294,-84.2694,30.4565,-84.2188
63,14,30.4565,-84.2188,30.4294,-84.2694
14,64,30.4294,-84.2694,30.4309,-84.2861
64,14,30.4309,-84.2861,30.4294,-84.2694
14,65,30.4294,-84.2694,30.4489,-84.2727
65,14,30.4489,-84.2727,30.4294,-84.2694
14,66,30.4294,-84.2694,30.4653,-84.2312
66,14,30.4653,-84.2312,30.4294,-84.2694
14,67,30.4294,-84.2694,30.3927,-84.2905
67,14,30.3927,-84.2905,30.4294,-84.2694
14,68,30.4294,-84.2694,30.4004,-84.2295
68,14,30.4004,-84.2295,30.4294,-84.2694
14,69,30.4294,-84.2694,30.3856,-84.2309
69,14,30.3856,-84.2309,30.4294,-84.2694
14,70,30.4294,-84.2694,30.3961,-84.2156
70,14,30.3961,-84.2156,30.4294,-84.2694
14,73,30.4294,-84.2694,30.4238,-84.2163
73,14,30.4238,-84.2163,30.4294,-84.2694
14,74,30.4294,-84.2694,30.429,-84.255
74,14,30.429,-84.255,30.4294,-84.2694
14,75,30.4294,-84.2694,30.3736,-84.2178
75,14,30.3736,-84.2178,30.4294,-84.2694
14,76,30.4294,-84.2694,30.5192,-84.3398
76,14,30.5192,-84.3398,30.4294,-84.2694
14,77,30.4294,-84.2694,30.4429,-84.2548
77,14,30.4429,-84.2548,30.4294,-84.2694
14,79,30.4294,-84.2694,30.384,-84.2103
79,14,30.384,-84.2103,30.4294,-84.2694
14,80,30.4294,-84.2694,30.3652,-84.2624
80,14,30.3652,-84.2624,30.4294,-84.2694
14,82,30.4294,-84.2694,30.4416,-84.2783
82,14,30.4416,-84.2783,30.4294,-84.2694
14,83,30.4294,-84.2694,30.5145,-84.371
83,14,30.5145,-84.371,30.4294,-84.2694
14,84,30.4294,-84.2694,30.4134,-84.3406
84,14,30.4134,-84.3406,30.4294,-84.2694
14,85,30.4294,-84.2694,30.4087,-84.3137
85,14,30.4087,-84.3137,30.4294,-84.2694
14,86,30.4294,-84.2694,30.513,-84.3247
86,14,30.513,-84.3247,30.4294,-84.2694
14,87,30.4294,-84.2694,30.5187,-84.2812
87,14,30.5187,-84.2812,30.4294,-84.2694
14,91,30.4294,-84.2694,30.4387,-84.364
91,14,30.4387,-84.364,30.4294,-84.2694
14,94,30.4294,-84.2694,30.5236,-84.2259
94,14,30.5236,-84.2259,30.4294,-84.2694
14,95,30.4294,-84.2694,30.4963,-84.2309
95,14,30.4963,-84.2309,30.4294,-84.2694
14,97,30.4294,-84.2694,30.3785,-84.2864
97,14,30.3785,-84.2864,30.4294,-84.2694
14,98,30.4294,-84.2694,30.527,-84.2767
98,14,30.527,-84.2767,30.4294,-84.2694
14,100,30.4294,-84.2694,30.4674,-84.2785
100,14,30.4674,-84.2785,30.4294,-84.2694
14,102,30.4294,-84.2694,30.3702,-84.2022
102,14,30.3702,-84.2022,30.4294,-84.2694
14,103,30.4294,-84.2694,30.3684,-84.2249
103,14,30.3684,-84.2249,30.4294,-84.2694
14,105,30.4294,-84.2694,30.4403,-84.2392
105,14,30.4403,-84.2392,30.4294,-84.2694
14,106,30.4294,-84.2694,30.3822,-84.3098
106,14,30.3822,-84.3098,30.4294,-84.2694
14,107,30.4294,-84.2694,30.5161,-84.2171
107,14,30.5161,-84.2171,30.4294,-84.2694
14,108,30.4294,-84.2694,30.4616,-84.1983
108,14,30.4616,-84.1983,30.4294,-84.2694
14,109,30.4294,-84.2694,30.4767,-84.2064
109,14,30.4767,-84.2064,30.4294,-84.2694
14,110,30.4294,-84.2694,30.3621,-84.2092
110,14,30.3621,-84.2092,30.4294,-84.2694
14,111,30.4294,-84.2694,30.5031,-84.2072
111,14,30.5031,-84.2072,30.4294,-84.2694
14,113,30.4294,-84.2694,30.354,-84.209
113,14,30.354,-84.209,30.4294,-84.2694
14,115,30.4294,-84.2694,30.4421,-84.3036
115,14,30.4421,-84.3036,30.4294,-84.2694
14,118,30.4294,-84.2694,30.4332,-84.2085
118,14,30.4332,-84.2085,30.4294,-84.2694
14,119,30.4294,-84.2694,30.4596,-84.1848
119,14,30.4596,-84.1848,30.4294,-84.2694
14,122,30.4294,-84.2694,30.46,-84.2377
122,14,30.46,-84.2377,30.4294,-84.2694
14,123,30.4294,-84.2694,30.3816,-84.3514
123,14,30.3816,-84.3514,30.4294,-84.2694
14,124,30.4294,-84.2694,30.5073,-84.3707
124,14,30.5073,-84.3707,30.4294,-84.2694
14,125,30.4294,-84.2694,30.4793,-84.2635
125,14,30.4793,-84.2635,30.4294,-84.2694
14,127,30.4294,-84.2694,30.3916,-84.2179
127,14,30.3916,-84.2179,30.4294,-84.2694
14,128,30.4294,-84.2694,30.3865,-84.3463
128,14,30.3865,-84.3463,30.4294,-84.2694
14,129,30.4294,-84.2694,30.4469,-84.3221
129,14,30.4469,-84.3221,30.4294,-84.2694
14,132,30.4294,-84.2694,30.4188,-84.3245
132,14,30.4188,-84.3245,30.4294,-84.2694
14,133,30.4294,-84.2694,30.493,-84.2922
133,14,30.493,-84.2922,30.4294,-84.2694
14,134,30.4294,-84.2694,30.445,-84.3428
134,14,30.445,-84.3428,30.4294,-84.2694
14,135,30.4294,-84.2694,30.3622,-84.2653
135,14,30.3622,-84.2653,30.4294,-84.2694
14,138,30.4294,-84.2694,30.4971,-84.1916
138,14,30.4971,-84.1916,30.4294,-84.2694
14,139,30.4294,-84.2694,30.3713,-84.3221
139,14,30.3713,-84.3221,30.4294,-84.2694
14,140,30.4294,-84.2694,30.4319,-84.2471
140,14,30.4319,-84.2471,30.4294,-84.2694
14,142,30.4294,-84.2694,30.5149,-84.3754
142,14,30.5149,-84.3754,30.4294,-84.2694
14,143,30.4294,-84.2694,30.4713,-84.3311
143,14,30.4713,-84.3311,30.4294,-84.2694
14,144,30.4294,-84.2694,30.4461,-84.3207
144,14,30.4461,-84.3207,30.4294,-84.2694
14,146,30.4294,-84.2694,30.4912,-84.1908
146,14,30.4912,-84.1908,30.4294,-84.2694
14,147,30.4294,-84.2694,30.5124,-84.1967
147,14,30.5124,-84.1967,30.4294,-84.2694
14,148,30.4294,-84.2694,30.5172,-84.2642
148,14,30.5172,-84.2642,30.4294,-84.2694
14,149,30.4294,-84.2694,30.3887,-84.3647
149,14,30.3887,-84.3647,30.4294,-84.2694
16,17,30.4698,-84.2982,30.4704,-84.3287
17,16,30.4704,-84.3287,30.4698,-84.2982
16,19,30.4698,-84.2982,30.4865,-84.2733
19,16,30.4865,-84.2733,30.4698,-84.2982
16,20,30.4698,-84.2982,30.4647,-84.2629
20,16,30.4647,-84.2629,30.4698,-84.2982
16,21,30.4698,-84.2982,30.4725,-84.2715
21,16,30.4725,-84.2715,30.4698,-84.2982
16,22,30.4698,-84.2982,30.514,-84.2341
22,16,30.514,-84.2341,30.4698,-84.2982
16,23,30.4698,-84.2982,30.467,-84.2442
23,16,30.467,-84.2442,30.4698,-84.2982
16,24,30.4698,-84.2982,30.4737,-84.224
24,16,30.4737,-84.224,30.4698,-84.2982
16,26,30.4698,-84.2982,30.4091,-84.2584
26,16,30.4091,-84.2584,30.4698,-84.2982
16,27,30.4698,-84.2982,30.4017,-84.2624
27,16,30.4017,-84.2624,30.4698,-84.2982
16,28,30.4698,-84.2982,30.4598,-84.304
28,16,30.4598,-84.304,30.4698,-84.2982
16,29,30.4698,-84.2982,30.4573,-84.3129
29,16,30.4573,-84.3129,30.4698,-84.2982
16,30,30.4698,-84.2982,30.4859,-84.2288
30,16,30.4859,-84.2288,30.4698,-84.2982
16,31,30.4698,-84.2982,30.4831,-84.2208
31,16,30.4831,-84.2208,30.4698,-84.2982
16,32,30.4698,-84.2982,30.4949,-84.3224
32,16,30.4949,-84.3224,30.4698,-84.2982
16,33,30.4698,-84.2982,30.4388,-84.3375
33,16,30.4388,-84.3375,30.4698,-84.2982
16,35,30.4698,-84.2982,30.3867,-84.2802
35,16,30.3867,-84.2802,30.4698,-84.2982
16,37,30.4698,-84.2982,30.5079,-84.2797
37,16,30.5079,-84.2797,30.4698,-84.2982
16,38,30.4698,-84.2982,30.5048,-84.293
38,16,30.5048,-84.293,30.4698,-84.2982
16,40,30.4698,-84.2982,30.4943,-84.2417
40,16,30.4943,-84.2417,30.4698,-84.2982
16,41,30.4698,-84.2982,30.4371,-84.2218
41,16,30.4371,-84.2218,30.4698,-84.2982
16,43,30.4698,-84.2982,30.4078,-84.215
43,16,30.4078,-84.215,30.4698,-84.2982
16,44,30.4698,-84.2982,30.4111,-84.2383
44,16,30.4111,-84.2383,30.4698,-84.2982
16,45,30.4698,-84.2982,30.4388,-84.2916
45,16,30.4388,-84.2916,30.4698,-84.2982
16,46,30.4698,-84.2982,30.4491,-84.2904
46,16,30.4491,-84.2904,30.4698,-84.2982
16,48,30.4698,-84.2982,30.5074,-84.333
48,16,30.5074,-84.333,30.4698,-84.2982
16,49,30.4698,-84.2982,30.4986,-84.3452
49,16,30.4986,-84.3452,30.4698,-84.2982
16,50,30.4698,-84.2982,30.4696,-84.3143
50,16,30.4696,-84.3143,30.4698,-84.2982
16,51,30.4698,-84.2982,30.3922,-84.3038
51,16,30.3922,-84.3038,30.4698,-84.2982
16,52,30.4698,-84.2982,30.3932,-84.2393
52,16,30.3932,-84.2393,30.4698,-84.2982
16,53,30.4698,-84.2982,30.3874,-84.2525
53,16,30.3874,-84.2525,30.4698,-84.2982
16,56,30.4698,-84.2982,30.5248,-84.2399
56,16,30.5248,-84.2399,30.4698,-84.2982
16,57,30.4698,-84.2982,30.5033,-84.2233
57,16,30.5033,-84.2233,30.4698,-84.2982
16,59,30.4698,-84.2982,30.4869,-84.3528
59,16,30.4869,-84.3528,30.4698,-84.2982
16,60,30.4698,-84.2982,30.4727,-84.3554
60,16,30.4727,-84.3554,30.4698,-84.2982
16,61,30.4698,-84.2982,30.428,-84.349
61,16,30.428,-84.349,30.4698,-84.2982
16,62,30.4698,-84.2982,30.4481,-84.242
62,16,30.4481,-84.242,30.4698,-84.2982
16,63,30.4698,-84.2982,30.4565,-84.2188
63,16,30.4565,-84.2188,30.4698,-84.2982
16,64,30.4698,-84.2982,30.4309,-84.2861
64,16,30.4309,-84.2861,30.4698,-84.2982
16,65,30.4698,-84.2982,30.4489,-84.2727
65,16,30.4489,-84.2727,30.4698,-84.2982
16,66,30.4698,-84.2982,30.4653,-84.2312
66,16,30.4653,-84.2312,30.4698,-84.2982
16,67,30.4698,-84.2982,30.3927,-84.2905
67,16,30.3927,-84.2905,30.4698,-84.2982
16,68,30.4698,-84.2982,30.4004,-84.2295
68,16,30.4004,-84.2295,30.4698,-84.2982
16,69,30.4698,-84.2982,30.3856,-84.2309
69,16,30.3856,-84.2309,30.4698,-84.2982
16,70,30.4698,-84.2982,30.3961,-84.2156
70,16,30.3961,-84.2156,30.4698,-84.2982
16,73,30.4698,-84.2982,30.4238,-84.2163
73,16,30.4238,-84.2163,30.4698,-84.2982
16,74,30.4698,-84.2982,30.429,-84.255
74,16,30.429,-84.255,30.4698,-84.2982
16,75,30.4698,-84.2982,30.3736,-84.2178
75,16,30.3736,-84.2178,30.4698,-84.2982
16,76,30.4698,-84.2982,30.5192,-84.3398
76,16,30.5192,-84.3398,30.4698,-84.2982
16,77,30.4698,-84.2982,30.4429,-84.2548
77,16,30.4429,-84.2548,30.4698,-84.2982
16,79,30.4698,-84.2982,30.384,-84.2103
79,16,30.384,-84.2103,30.4698,-84.2982
16,80,30.4698,-84.2982,30.3652,-84.2624
80,16,30.3652,-84.2624,30.4698,-84.2982
16,82,30.4698,-84.2982,30.4416,-84.2783
82,16,30.4416,-84.2783,30.4698,-84.2982
16,83,30.4698,-84.2982,30.5145,-84.371
83,16,30.5145,-84.371,30.4698,-84.2982
16,84,30.4698,-84.2982,30.4134,-84.3406
84,16,30.4134,-84.3406,30.4698,-84.2982
16,85,30.4698,-84.2982,30.4087,-84.3137
85,16,30.4087,-84.3137,30.4698,-84.2982
16,86,30.4698,-84.2982,30.513,-84.3247
86,16,30.513,-84.3247,30.4698,-84.2982
16,87,30.4698,-84.2982,30.5187,-84.2812
87,16,30.5187,-84.2812,30.4698,-84.2982
16,91,30.4698,-84.2982,30.4387,-84.364
91,16,30.4387,-84.364,30.4698,-84.2982
16,94,30.4698,-84.2982,30.5236,-84.2259
94,16,30.5236,-84.2259,30.4698,-84.2982
16,95,30.4698,-84.2982,30.4963,-84.2309
95,16,30.4963,-84.2309,30.4698,-84.2982
16,97,30.4698,-84.2982,30.3785,-84.2864
97,16,30.3785,-84.2864,30.4698,-84.2982
16,98,30.4698,-84.2982,30.527,-84.2767
98,16,30.527,-84.2767,30.4698,-84.2982
16,100,30.4698,-84.2982,30.4674,-84.2785
100,16,30.4674,-84.2785,30.4698,-84.2982
16,102,30.4698,-84.2982,30.3702,-84.2022
102,16,30.3702,-84.2022,30.4698,-84.2982
16,103,30.4698,-84.2982,30.3684,-84.2249
103,16,30.3684,-84.2249,30.4698,-84.2982
16,105,30.4698,-84.2982,30.4403,-84.2392
105,16,30.4403,-84.2392,30.4698,-84.2982
16,106,30.4698,-84.2982,30.3822,-84.3098
106,16,30.3822,-84.3098,30.4698,-84.2982
16,107,30.4698,-84.2982,30.5161,-84.2171
107,16,30.5161,-84.2171,30.4698,-84.2982
16,108,30.4698,-84.2982,30.4616,-84.1983
108,16,30.4616,-84.1983,30.4698,-84.2982
16,109,30.4698,-84.2982,30.4767,-84.2064
109,16,30.4767,-84.2064,30.4698,-84.2982
16,110,30.4698,-84.2982,30.3621,-84.2092
110,16,30.3621,-84.2092,30.4698,-84.2982
16,111,30.4698,-84.2982,30.5031,-84.2072
111,16,30.5031,-84.2072,30.4698,-84.2982
16,113,30.4698,-84.2982,30.354,-84.209
113,16,30.354,-84.209,30.4698,-84.2982
16,115,30.4698,-84.2982,30.4421,-84.3036
115,16,30.4421,-84.3036,30.4698,-84.2982
16,118,30.4698,-84.2982,30.4332,-84.2085
118,16,30.4332,-84.2085,30.4698,-84.2982
16,119,30.4698,-84.2982,30.4596,-84.1848
119,16,30.4596,-84.1848,30.4698,-84.2982
16,122,30.4698,-84.2982,30.46,-84.2377
122,16,30.46,-84.2377,30.4698,-84.2982
16,123,30.4698,-84.2982,30.3816,-84.3514
123,16,30.3816,-84.3514,30.4698,-84.2982
16,124,30.4698,-84.2982,30.5073,-84.3707
124,16,30.5073,-84.3707,30.4698,-84.2982
16,125,30.4698,-84.2982,30.4793,-84.2635
125,16,30.4793,-84.2635,30.4698,-84.2982
16,127,30.4698,-84.2982,30.3916,-84.2179
127,16,30.3916,-84.2179,30.4698,-84.2982
16,128,30.4698,-84.2982,30.3865,-84.3463
128,16,30.3865,-84.3463,30.4698,-84.2982
16,129,30.4698,-84.2982,30.4469,-84.3221
129,16,30.4469,-84.3221,30.4698,-84.2982
16,132,30.4698,-84.2982,30.4188,-84.3245
132,16,30.4188,-84.3245,30.4698,-84.2982
16,133,30.4698,-84.2982,30.493,-84.2922
133,16,30.493,-84.2922,30.4698,-84.2982
16,134,30.4698,-84.2982,30.445,-84.3428
134,16,30.445,-84.3428,30.4698,-84.2982
16,135,30.4698,-84.2982,30.3622,-84.2653
135,16,30.3622,-84.2653,30.4698,-84.2982
16,138,30.4698,-84.2982,30.4971,-84.1916
138,16,30.4971,-84.1916,30.4698,-84.2982
16,139,30.4698,-84.2982,30.3713,-84.3221
139,16,30.3713,-84.3221,30.4698,-84.2982
16,140,30.4698,-84.2982,30.4319,-84.2471
140,16,30.4319,-84.2471,30.4698,-84.2982
16,142,30.4698,-84.2982,30.5149,-84.3754
142,16,30.5149,-84.3754,30.4698,-84.2982
16,143,30.4698,-84.2982,30.4713,-84.3311
143,16,30.4713,-84.3311,30.4698,-84.2982
16,144,30.4698,-84.2982,30.4461,-84.3207
144,16,30.4461,-84.3207,30.4698,-84.2982
16,146,30.4698,-84.2982,30.4912,-84.1908
146,16,30.4912,-84.1908,30.4698,-84.2982
16,147,30.4698,-84.2982,30.5124,-84.1967
147,16,30.5124,-84.1967,30.4698,-84.2982
16,148,30.4698,-84.2982,30.5172,-84.2642
148,16,30.5172,-84.2642,30.4698,-84.2982
16,149,30.4698,-84.2982,30.3887,-84.3647
149,16,30.3887,-84.3647,30.4698,-84.2982
17,19,30.4704,-84.3287,30.4865,-84.2733
19,17,30.4865,-84.2733,30.4704,-84.3287
17,20,30.4704,-84.3287,30.4647,-84.2629
20,17,30.4647,-84.2629,30.4704,-84.3287
17,21,30.4704,-84.3287,30.4725,-84.2715
21,17,30.4725,-84.2715,30.4704,-84.3287
17,22,30.4704,-84.3287,30.514,-84.2341
22,17,30.514,-84.2341,30.4704,-84.3287
17,23,30.4704,-84.3287,30.467,-84.2442
23,17,30.467,-84.2442,30.4704,-84.3287
17,24,30.4704,-84.3287,30.4737,-84.224
24,17,30.4737,-84.224,30.4704,-84.3287
17,26,30.4704,-84.3287,30.4091,-84.2584
26,17,30.4091,-84.2584,30.4704,-84.3287
17,27,30.4704,-84.3287,30.4017,-84.2624
27,17,30.4017,-84.2624,30.4704,-84.3287
17,28,30.4704,-84.3287,30.4598,-84.304
28,17,30.4598,-84.304,30.4704,-84.3287
17,29,30.4704,-84.3287,30.4573,-84.3129
29,17,30.4573,-84.3129,30.4704,-84.3287
17,30,30.4704,-84.3287,30.4859,-84.2288
30,17,30.4859,-84.2288,30.4704,-84.3287
17,31,30.4704,-84.3287,30.4831,-84.2208
31,17,30.4831,-84.2208,30.4704,-84.3287
17,32,30.4704,-84.3287,30.4949,-84.3224
32,17,30.4949,-84.3224,30.4704,-84.3287
17,33,30.4704,-84.3287,30.4388,-84.3375
33,17,30.4388,-84.3375,30.4704,-84.3287
17,35,30.4704,-84.3287,30.3867,-84.2802
35,17,30.3867,-84.2802,30.4704,-84.3287
17,37,30.4704,-84.3287,30.5079,-84.2797
37,17,30.5079,-84.2797,30.4704,-84.3287
17,38,30.4704,-84.3287,30.5048,-84.293
38,17,30.5048,-84.293,30.4704,-84.3287
17,40,30.4704,-84.3287,30.4943,-84.2417
40,17,30.4943,-84.2417,30.4704,-84.3287
17,41,30.4704,-84.3287,30.4371,-84.2218
41,17,30.4371,-84.2218,30.4704,-84.3287
17,43,30.4704,-84.3287,30.4078,-84.215
43,17,30.4078,-84.215,30.4704,-84.3287
17,44,30.4704,-84.3287,30.4111,-84.2383
44,17,30.4111,-84.2383,30.4704,-84.3287
17,45,30.4704,-84.3287,30.4388,-84.2916
45,17,30.4388,-84.2916,30.4704,-84.3287
17,46,30.4704,-84.3287,30.4491,-84.2904
46,17,30.4491,-84.2904,30.4704,-84.3287
17,48,30.4704,-84.3287,30.5074,-84.333
48,17,30.5074,-84.333,30.4704,-84.3287
17,49,30.4704,-84.3287,30.4986,-84.3452
49,17,30.4986,-84.3452,30.4704,-84.3287
17,50,30.4704,-84.3287,30.4696,-84.3143
50,17,30.4696,-84.3143,30.4704,-84.3287
17,51,30.4704,-84.3287,30.3922,-84.3038
51,17,30.3922,-84.3038,30.4704,-84.3287
17,52,30.4704,-84.3287,30.3932,-84.2393
52,17,30.3932,-84.2393,30.4704,-84.3287
17,53,30.4704,-84.3287,30.3874,-84.2525
53,17,30.3874,-84.2525,30.4704,-84.3287
17,56,30.4704,-84.3287,30.5248,-84.2399
56,17,30.5248,-84.2399,30.4704,-84.3287
17,57,30.4704,-84.3287,30.5033,-84.2233
57,17,30.5033,-84.2233,30.4704,-84.3287
17,59,30.4704,-84.3287,30.4869,-84.3528
59,17,30.4869,-84.3528,30.4704,-84.3287
17,60,30.4704,-84.3287,30.4727,-84.3554
60,17,30.4727,-84.3554,30.4704,-84.3287
17,61,30.4704,-84.3287,30.428,-84.349
61,17,30.428,-84.349,30.4704,-84.3287
17,62,30.4704,-84.3287,30.4481,-84.242
62,17,30.4481,-84.242,30.4704,-84.3287
17,63,30.4704,-84.3287,30.4565,-84.2188
63,17,30.4565,-84.2188,30.4704,-84.3287
17,64,30.4704,-84.3287,30.4309,-84.2861
64,17,30.4309,-84.2861,30.4704,-84.3287
17,65,30.4704,-84.3287,30.4489,-84.2727
65,17,30.4489,-84.2727,30.4704,-84.3287
17,66,30.4704,-84.3287,30.4653,-84.2312
66,17,30.4653,-84.2312,30.4704,-84.3287
17,67,30.4704,-84.3287,30.3927,-84.2905
67,17,30.3927,-84.2905,30.4704,-84.3287
17,68,30.4704,-84.3287,30.4004,-84.2295
68,17,30.4004,-84.2295,30.4704,-84.3287
17,69,30.4704,-84.3287,30.3856,-84.2309
69,17,30.3856,-84.2309,30.4704,-84.3287
17,70,30.4704,-84.3287,30.3961,-84.2156
70,17,30.3961,-84.2156,30.4704,-84.3287
17,73,30.4704,-84.3287,30.4238,-84.2163
73,17,30.4238,-84.2163,30.4704,-84.3287
17,74,30.4704,-84.3287,30.429,-84.255
74,17,30.429,-84.255,30.4704,-84.3287
17,75,30.4704,-84.3287,30.3736,-84.2178
75,17,30.3736,-84.2178,30.4704,-84.3287
17,76,30.4704,-84.3287,30.5192,-84.3398
76,17,30.5192,-84.3398,30.4704,-84.3287
17,77,30.4704,-84.3287,30.4429,-84.2548
77,17,30.4429,-84.2548,30.4704,-84.3287
17,79,30.4704,-84.3287,30.384,-84.2103
79,17,30.384,-84.2103,30.4704,-84.3287
17,80,30.4704,-84.3287,30.3652,-84.2624
80,17,30.3652,-84.2624,30.4704,-84.3287
17,82,30.4704,-84.3287,30.4416,-84.2783
82,17,30.4416,-84.2783,30.4704,-84.3287
17,83,30.4704,-84.3287,30.5145,-84.371
83,17,30.5145,-84.371,30.4704,-84.3287
17,84,30.4704,-84.3287,30.4134,-84.3406
84,17,30.4134,-84.3406,30.4704,-84.3287
17,85,30.4704,-84.3287,30.4087,-84.3137
85,17,30.4087,-84.3137,30.4704,-84.3287
17,86,30.4704,-84.3287,30.513,-84.3247
86,17,30.513,-84.3247,30.4704,-84.3287
17,87,30.4704,-84.3287,30.5187,-84.2812
87,17,30.5187,-84.2812,30.4704,-84.3287
17,91,30.4704,-84.3287,30.4387,-84.364
91,17,30.4387,-84.364,30.4704,-84.3287
17,94,30.4704,-84.3287,30.5236,-84.2259
94,17,30.5236,-84.2259,30.4704,-84.3287
17,95,30.4704,-84.3287,30.4963,-84.2309
95,17,30.4963,-84.2309,30.4704,-84.3287
17,97,30.4704,-84.3287,30.3785,-84.2864
97,17,30.3785,-84.2864,30.4704,-84.3287
17,98,30.4704,-84.3287,30.527,-84.2767
98,17,30.527,-84.2767,30.4704,-84.3287
17,100,30.4704,-84.3287,30.4674,-84.2785
100,17,30.4674,-84.2785,30.4704,-84.3287
17,102,30.4704,-84.3287,30.3702,-84.2022
102,17,30.3702,-84.2022,30.4704,-84.3287
17,103,30.4704,-84.3287,30.3684,-84.2249
103,17,30.3684,-84.2249,30.4704,-84.3287
17,105,30.4704,-84.3287,30.4403,-84.2392
105,17,30.4403,-84.2392,30.4704,-84.3287
17,106,30.4704,-84.3287,30.3822,-84.3098
106,17,30.3822,-84.3098,30.4704,-84.3287
17,107,30.4704,-84.3287,30.5161,-84.2171
107,17,30.5161,-84.2171,30.4704,-84.3287
17,108,30.4704,-84.3287,30.4616,-84.1983
108,17,30.4616,-84.1983,30.4704,-84.3287
17,109,30.4704,-84.3287,30.4767,-84.2064
109,17,30.4767,-84.2064,30.4704,-84.3287
17,110,30.4704,-84.3287,30.3621,-84.2092
110,17,30.3621,-84.2092,30.4704,-84.3287
17,111,30.4704,-84.3287,30.5031,-84.2072
111,17,30.5031,-84.2072,30.4704,-84.3287
17,113,30.4704,-84.3287,30.354,-84.209
113,17,30.354,-84.209,30.4704,-84.3287
17,115,30.4704,-84.3287,30.4421,-84.3036
115,17,30.4421,-84.3036,30.4704,-84.3287
17,118,30.4704,-84.3287,30.4332,-84.2085
118,17,30.4332,-84.2085,30.4704,-84.3287
17,119,30.4704,-84.3287,30.4596,-84.1848
119,17,30.4596,-84.1848,30.4704,-84.3287
17,122,30.4704,-84.3287,30.46,-84.2377
122,17,30.46,-84.2377,30.4704,-84.3287
17,123,30.4704,-84.3287,30.3816,-84.3514
123,17,30.3816,-84.3514,30.4704,-84.3287
17,124,30.4704,-84.3287,30.5073,-84.3707
124,17,30.5073,-84.3707,30.4704,-84.3287
17,125,30.4704,-84.3287,30.4793,-84.2635
125,17,30.4793,-84.2635,30.4704,-84.3287
17,127,30.4704,-84.3287,30.3916,-84.2179
127,17,30.3916,-84.2179,30.4704,-84.3287
17,128,30.4704,-84.3287,30.3865,-84.3463
128,17,30.3865,-84.3463,30.4704,-84.3287
17,129,30.4704,-84.3287,30.4469,-84.3221
129,17,30.4469,-84.3221,30.4704,-84.3287
17,132,30.4704,-84.3287,30.4188,-84.3245
132,17,30.4188,-84.3245,30.4704,-84.3287
17,133,30.4704,-84.3287,30.493,-84.2922
133,17,30.493,-84.2922,30.4704,-84.3287
17,134,30.4704,-84.3287,30.445,-84.3428
134,17,30.445,-84.3428,30.4704,-84.3287
17,135,30.4704,-84.3287,30.3622,-84.2653
135,17,30.3622,-84.2653,30.4704,-84.3287
17,138,30.4704,-84.3287,30.4971,-84.1916
138,17,30.4971,-84.1916,30.4704,-84.3287
17,139,30.4704,-84.3287,30.3713,-84.3221
139,17,30.3713,-84.3221,30.4704,-84.3287
17,140,30.4704,-84.3287,30.4319,-84.2471
140,17,30.4319,-84.2471,30.4704,-84.3287
17,142,30.4704,-84.3287,30.5149,-84.3754
142,17,30.5149,-84.3754,30.4704,-84.3287
17,143,30.4704,-84.3287,30.4713,-84.3311
143,17,30.4713,-84.3311,30.4704,-84.3287
17,144,30.4704,-84.3287,30.4461,-84.3207
144,17,30.4461,-84.3207,30.4704,-84.3287
17,146,30.4704,-84.3287,30.4912,-84.1908
146,17,30.4912,-84.1908,30.4704,-84.3287
17,147,30.4704,-84.3287,30.5124,-84.1967
147,17,30.5124,-84.1967,30.4704,-84.3287
17,148,30.4704,-84.3287,30.5172,-84.2642
148,17,30.5172,-84.2642,30.4704,-84.3287
17,149,30.4704,-84.3287,30.3887,-84.3647
149,17,30.3887,-84.3647,30.4704,-84.3287
19,20,30.4865,-84.2733,30.4647,-84.2629
20,19,30.4647,-84.2629,30.4865,-84.2733
19,21,30.4865,-84.2733,30.4725,-84.2715
21,19,30.4725,-84.2715,30.4865,-84.2733
19,22,30.4865,-84.2733,30.514,-84.2341
22,19,30.514,-84.2341,30.4865,-84.2733
19,23,30.4865,-84.2733,30.467,-84.2442
23,19,30.467,-84.2442,30.4865,-84.2733
19,24,30.4865,-84.2733,30.4737,-84.224
24,19,30.4737,-84.224,30.4865,-84.2733
19,26,30.4865,-84.2733,30.4091,-84.2584
26,19,30.4091,-84.2584,30.4865,-84.2733
19,27,30.4865,-84.2733,30.4017,-84.2624
27,19,30.4017,-84.2624,30.4865,-84.2733
19,28,30.4865,-84.2733,30.4598,-84.304
28,19,30.4598,-84.304,30.4865,-84.2733
19,29,30.4865,-84.2733,30.4573,-84.3129
29,19,30.4573,-84.3129,30.4865,-84.2733
19,30,30.4865,-84.2733,30.4859,-84.2288
30,19,30.4859,-84.2288,30.4865,-84.2733
19,31,30.4865,-84.2733,30.4831,-84.2208
31,19,30.4831,-84.2208,30.4865,-84.2733
19,32,30.4865,-84.2733,30.4949,-84.3224
32,19,30.4949,-84.3224,30.4865,-84.2733
19,33,30.4865,-84.2733,30.4388,-84.3375
33,19,30.4388,-84.3375,30.4865,-84.2733
19,35,30.4865,-84.2733,30.3867,-84.2802
35,19,30.3867,-84.2802,30.4865,-84.2733
19,37,30.4865,-84.2733,30.5079,-84.2797
37,19,30.5079,-84.2797,30.4865,-84.2733
19,38,30.4865,-84.2733,30.5048,-84.293
38,19,30.5048,-84.293,30.4865,-84.2733
19,40,30.4865,-84.2733,30.4943,-84.2417
40,19,30.4943,-84.2417,30.4865,-84.2733
19,41,30.4865,-84.2733,30.4371,-84.2218
41,19,30.4371,-84.2218,30.4865,-84.2733
19,43,30.4865,-84.2733,30.4078,-84.215
43,19,30.4078,-84.215,30.4865,-84.2733
19,44,30.4865,-84.2733,30.4111,-84.2383
44,19,30.4111,-84.2383,30.4865,-84.2733
19,45,30.4865,-84.2733,30.4388,-84.2916
45,19,30.4388,-84.2916,30.4865,-84.2733
19,46,30.4865,-84.2733,30.4491,-84.2904
46,19,30.4491,-84.2904,30.4865,-84.2733
19,48,30.4865,-84.2733,30.5074,-84.333
48,19,30.5074,-84.333,30.4865,-84.2733
19,49,30.4865,-84.2733,30.4986,-84.3452
49,19,30.4986,-84.3452,30.4865,-84.2733
19,50,30.4865,-84.2733,30.4696,-84.3143
50,19,30.4696,-84.3143,30.4865,-84.2733
19,51,30.4865,-84.2733,30.3922,-84.3038
51,19,30.3922,-84.3038,30.4865,-84.2733
19,52,30.4865,-84.2733,30.3932,-84.2393
52,19,30.3932,-84.2393,30.4865,-84.2733
19,53,30.4865,-84.2733,30.3874,-84.2525
53,19,30.3874,-84.2525,30.4865,-84.2733
19,56,30.4865,-84.2733,30.5248,-84.2399
56,19,30.5248,-84.2399,30.4865,-84.2733
19,57,30.4865,-84.2733,30.5033,-84.2233
57,19,30.5033,-84.2233,30.4865,-84.2733
19,59,30.4865,-84.2733,30.4869,-84.3528
59,19,30.4869,-84.3528,30.4865,-84.2733
19,60,30.4865,-84.2733,30.4727,-84.3554
60,19,30.4727,-84.3554,30.4865,-84.2733
19,61,30.4865,-84.2733,30.428,-84.349
61,19,30.428,-84.349,30.4865,-84.2733
19,62,30.4865,-84.2733,30.4481,-84.242
62,19,30.4481,-84.242,30.4865,-84.2733
19,63,30.4865,-84.2733,30.4565,-84.2188
63,19,30.4565,-84.2188,30.4865,-84.2733
19,64,30.4865,-84.2733,30.4309,-84.2861
64,19,30.4309,-84.2861,30.4865,-84.2733
19,65,30.4865,-84.2733,30.4489,-84.2727
65,19,30.4489,-84.2727,30.4865,-84.2733
19,66,30.4865,-84.2733,30.4653,-84.2312
66,19,30.4653,-84.2312,30.4865,-84.2733
19,67,30.4865,-84.2733,30.3927,-84.2905
67,19,30.3927,-84.2905,30.4865,-84.2733
19,68,30.4865,-84.2733,30.4004,-84.2295
68,19,30.4004,-84.2295,30.4865,-84.2733
19,69,30.4865,-84.2733,30.3856,-84.2309
69,19,30.3856,-84.2309,30.4865,-84.2733
19,70,30.4865,-84.2733,30.3961,-84.2156
70,19,30.3961,-84.2156,30.4865,-84.2733
19,73,30.4865,-84.2733,30.4238,-84.2163
73,19,30.4238,-84.2163,30.4865,-84.2733
19,74,30.4865,-84.2733,30.429,-84.255
74,19,30.429,-84.255,30.4865,-84.2733
19,75,30.4865,-84.2733,30.3736,-84.2178
75,19,30.3736,-84.2178,30.4865,-84.2733
19,76,30.4865,-84.2733,30.5192,-84.3398
76,19,30.5192,-84.3398,30.4865,-84.2733
19,77,30.4865,-84.2733,30.4429,-84.2548
77,19,30.4429,-84.2548,30.4865,-84.2733
19,79,30.4865,-84.2733,30.384,-84.2103
79,19,30.384,-84.2103,30.4865,-84.2733
19,80,30.4865,-84.2733,30.3652,-84.2624
80,19,30.3652,-84.2624,30.4865,-84.2733
19,82,30.4865,-84.2733,30.4416,-84.2783
82,19,30.4416,-84.2783,30.4865,-84.2733
19,83,30.4865,-84.2733,30.5145,-84.371
83,19,30.5145,-84.371,30.4865,-84.2733
19,84,30.4865,-84.2733,30.4134,-84.3406
84,19,30.4134,-84.3406,30.4865,-84.2733
19,85,30.4865,-84.2733,30.4087,-84.3137
85,19,30.4087,-84.3137,30.4865,-84.2733
19,86,30.4865,-84.2733,30.513,-84.3247
86,19,30.513,-84.3247,30.4865,-84.2733
19,87,30.4865,-84.2733,30.5187,-84.2812
87,19,30.5187,-84.2812,30.4865,-84.2733
19,91,30.4865,-84.2733,30.4387,-84.364
91,19,30.4387,-84.364,30.4865,-84.2733
19,94,30.4865,-84.2733,30.5236,-84.2259
94,19,30.5236,-84.2259,30.4865,-84.2733
19,95,30.4865,-84.2733,30.4963,-84.2309
95,19,30.4963,-84.2309,30.4865,-84.2733
19,97,30.4865,-84.2733,30.3785,-84.2864
97,19,30.3785,-84.2864,30.4865,-84.2733
19,98,30.4865,-84.2733,30.527,-84.2767
98,19,30.527,-84.2767,30.4865,-84.2733
19,100,30.4865,-84.2733,30.4674,-84.2785
100,19,30.4674,-84.2785,30.4865,-84.2733
19,102,30.4865,-84.2733,30.3702,-84.2022
102,19,30.3702,-84.2022,30.4865,-84.2733
19,103,30.4865,-84.2733,30.3684,-84.2249
103,19,30.3684,-84.2249,30.4865,-84.2733
19,105,30.4865,-84.2733,30.4403,-84.2392
105,19,30.4403,-84.2392,30.4865,-84.2733
19,106,30.4865,-84.2733,30.3822,-84.3098
106,19,30.3822,-84.3098,30.4865,-84.2733
19,107,30.4865,-84.2733,30.5161,-84.2171
107,19,30.5161,-84.2171,30.4865,-84.2733
19,108,30.4865,-84.2733,30.4616,-84.1983
108,19,30.4616,-84.1983,30.4865,-84.2733
19,109,30.4865,-84.2733,30.4767,-84.2064
109,19,30.4767,-84.2064,30.4865,-84.2733
19,110,30.4865,-84.2733,30.3621,-84.2092
110,19,30.3621,-84.2092,30.4865,-84.2733
19,111,30.4865,-84.2733,30.5031,-84.2072
111,19,30.5031,-84.2072,30.4865,-84.2733
19,113,30.4865,-84.2733,30.354,-84.209
113,19,30.354,-84.209,30.4865,-84.2733
19,115,30.4865,-84.2733,30.4421,-84.3036
115,19,30.4421,-84.3036,30.4865,-84.2733
19,118,30.4865,-84.2733,30.4332,-84.2085
118,19,30.4332,-84.2085,30.4865,-84.2733
19,119,30.4865,-84.2733,30.4596,-84.1848
119,19,30.4596,-84.1848,30.4865,-84.2733
19,122,30.4865,-84.2733,30.46,-84.2377
122,19,30.46,-84.2377,30.4865,-84.2733
19,123,30.4865,-84.2733,30.3816,-84.3514
123,19,30.3816,-84.3514,30.4865,-84.2733
19,124,30.4865,-84.2733,30.5073,-84.3707
124,19,30.5073,-84.3707,30.4865,-84.2733
19,125,30.4865,-84.2733,30.4793,-84.2635
125,19,30.4793,-84.2635,30.4865,-84.2733
19,127,30.4865,-84.2733,30.3916,-84.2179
127,19,30.3916,-84.2179,30.4865,-84.2733
19,128,30.4865,-84.2733,30.3865,-84.3463
128,19,30.3865,-84.3463,30.4865,-84.2733
19,129,30.4865,-84.2733,30.4469,-84.3221
129,19,30.4469,-84.3221,30.4865,-84.2733
19,132,30.4865,-84.2733,30.4188,-84.3245
132,19,30.4188,-84.3245,30.4865,-84.2733
19,133,30.4865,-84.2733,30.493,-84.2922
133,19,30.493,-84.2922,30.4865,-84.2733
19,134,30.4865,-84.2733,30.445,-84.3428
134,19,30.445,-84.3428,30.4865,-84.2733
19,135,30.4865,-84.2733,30.3622,-84.2653
135,19,30.3622,-84.2653,30.4865,-84.2733
19,138,30.4865,-84.2733,30.4971,-84.1916
138,19,30.4971,-84.1916,30.4865,-84.2733
19,139,30.4865,-84.2733,30.3713,-84.3221
139,19,30.3713,-84.3221,30.4865,-84.2733
19,140,30.4865,-84.2733,30.4319,-84.2471
140,19,30.4319,-84.2471,30.4865,-84.2733
19,142,30.4865,-84.2733,30.5149,-84.3754
142,19,30.5149,-84.3754,30.4865,-84.2733
19,143,30.4865,-84.2733,30.4713,-84.3311
143,19,30.4713,-84.3311,30.4865,-84.2733
19,144,30.4865,-84.2733,30.4461,-84.3207
144,19,30.4461,-84.3207,30.4865,-84.2733
19,146,30.4865,-84.2733,30.4912,-84.1908
146,19,30.4912,-84.1908,30.4865,-84.2733
19,147,30.4865,-84.2733,30.5124,-84.1967
147,19,30.5124,-84.1967,30.4865,-84.2733
19,148,30.4865,-84.2733,30.5172,-84.2642
148,19,30.5172,-84.2642,30.4865,-84.2733
19,149,30.4865,-84.2733,30.3887,-84.3647
149,19,30.3887,-84.3647,30.4865,-84.2733
20,21,30.4647,-84.2629,30.4725,-84.2715
21,20,30.4725,-84.2715,30.4647,-84.2629
20,22,30.4647,-84.2629,30.514,-84.2341
22,20,30.514,-84.2341,30.4647,-84.2629
20,23,30.4647,-84.2629,30.467,-84.2442
23,20,30.467,-84.2442,30.4647,-84.2629
20,24,30.4647,-84.2629,30.4737,-84.224
24,20,30.4737,-84.224,30.4647,-84.2629
20,26,30.4647,-84.2629,30.4091,-84.2584
26,20,30.4091,-84.2584,30.4647,-84.2629
20,27,30.4647,-84.2629,30.4017,-84.2624
27,20,30.4017,-84.2624,30.4647,-84.2629
20,28,30.4647,-84.2629,30.4598,-84.304
28,20,30.4598,-84.304,30.4647,-84.2629
20,29,30.4647,-84.2629,30.4573,-84.3129
29,20,30.4573,-84.3129,30.4647,-84.2629
20,30,30.4647,-84.2629,30.4859,-84.2288
30,20,30.4859,-84.2288,30.4647,-84.2629
20,31,30.4647,-84.2629,30.4831,-84.2208
31,20,30.4831,-84.2208,30.4647,-84.2629
20,32,30.4647,-84.2629,30.4949,-84.3224
32,20,30.4949,-84.3224,30.4647,-84.2629
20,33,30.4647,-84.2629,30.4388,-84.3375
33,20,30.4388,-84.3375,30.4647,-84.2629
20,35,30.4647,-84.2629,30.3867,-84.2802
35,20,30.3867,-84.2802,30.4647,-84.2629
20,37,30.4647,-84.2629,30.5079,-84.2797
37,20,30.5079,-84.2797,30.4647,-84.2629
20,38,30.4647,-84.2629,30.5048,-84.293
38,20,30.5048,-84.293,30.4647,-84.2629
20,40,30.4647,-84.2629,30.4943,-84.2417
40,20,30.4943,-84.2417,30.4647,-84.2629
20,41,30.4647,-84.2629,30.4371,-84.2218
41,20,30.4371,-84.2218,30.4647,-84.2629
20,43,30.4647,-84.2629,30.4078,-84.215
43,20,30.4078,-84.215,30.4647,-84.2629
20,44,30.4647,-84.2629,30.4111,-84.2383
44,20,30.4111,-84.2383,30.4647,-84.2629
20,45,30.4647,-84.2629,30.4388,-84.2916
45,20,30.4388,-84.2916,30.4647,-84.2629
20,46,30.4647,-84.2629,30.4491,-84.2904
46,20,30.4491,-84.2904,30.4647,-84.2629
20,48,30.4647,-84.2629,30.5074,-84.333
48,20,30.5074,-84.333,30.4647,-84.2629
20,49,30.4647,-84.2629,30.4986,-84.3452
49,20,30.4986,-84.3452,30.4647,-84.2629
20,50,30.4647,-84.2629,30.4696,-84.3143
50,20,30.4696,-84.3143,30.4647,-84.2629
20,51,30.4647,-84.2629,30.3922,-84.3038
51,20,30.3922,-84.3038,30.4647,-84.2629
20,52,30.4647,-84.2629,30.3932,-84.2393
52,20,30.3932,-84.2393,30.4647,-84.2629
20,53,30.4647,-84.2629,30.3874,-84.2525
53,20,30.3874,-84.2525,30.4647,-84.2629
20,56,30.4647,-84.2629,30.5248,-84.2399
56,20,30.5248,-84.2399,30.4647,-84.2629
20,57,30.4647,-84.2629,30.5033,-84.2233
57,20,30.5033,-84.2233,30.4647,-84.2629
20,59,30.4647,-84.2629,30.4869,-84.3528
59,20,30.4869,-84.3528,30.4647,-84.2629
20,60,30.4647,-84.2629,30.4727,-84.3554
60,20,30.4727,-84.3554,30.4647,-84.2629
20,61,30.4647,-84.2629,30.428,-84.349
61,20,30.428,-84.349,30.4647,-84.2629
20,62,30.4647,-84.2629,30.4481,-84.242
62,20,30.4481,-84.242,30.4647,-84.2629
20,63,30.4647,-84.2629,30.4565,-84.2188
63,20,30.4565,-84.2188,30.4647,-84.2629
20,64,30.4647,-84.2629,30.4309,-84.2861
64,20,30.4309,-84.2861,30.4647,-84.2629
20,65,30.4647,-84.2629,30.4489,-84.2727
65,20,30.4489,-84.2727,30.4647,-84.2629
20,66,30.4647,-84.2629,30.4653,-84.2312
66,20,30.4653,-84.2312,30.4647,-84.2629
20,67,30.4647,-84.2629,30.3927,-84.2905
67,20,30.3927,-84.2905,30.4647,-84.2629
20,68,30.4647,-84.2629,30.4004,-84.2295
68,20,30.4004,-84.2295,30.4647,-84.2629
20,69,30.4647,-84.2629,30.3856,-84.2309
69,20,30.3856,-84.2309,30.4647,-84.2629
20,70,30.4647,-84.2629,30.3961,-84.2156
70,20,30.3961,-84.2156,30.4647,-84.2629
20,73,30.4647,-84.2629,30.4238,-84.2163
73,20,30.4238,-84.2163,30.4647,-84.2629
20,74,30.4647,-84.2629,30.429,-84.255
74,20,30.429,-84.255,30.4647,-84.2629
20,75,30.4647,-84.2629,30.3736,-84.2178
75,20,30.3736,-84.2178,30.4647,-84.2629
20,76,30.4647,-84.2629,30.5192,-84.3398
76,20,30.5192,-84.3398,30.4647,-84.2629
20,77,30.4647,-84.2629,30.4429,-84.2548
77,20,30.4429,-84.2548,30.4647,-84.2629
20,79,30.4647,-84.2629,30.384,-84.2103
79,20,30.384,-84.2103,30.4647,-84.2629
20,80,30.4647,-84.2629,30.3652,-84.2624
80,20,30.3652,-84.2624,30.4647,-84.2629
20,82,30.4647,-84.2629,30.4416,-84.2783
82,20,30.4416,-84.2783,30.4647,-84.2629
20,83,30.4647,-84.2629,30.5145,-84.371
83,20,30.5145,-84.371,30.4647,-84.2629
20,84,30.4647,-84.2629,30.4134,-84.3406
84,20,30.4134,-84.3406,30.4647,-84.2629
20,85,30.4647,-84.2629,30.4087,-84.3137
85,20,30.4087,-84.3137,30.4647,-84.2629
20,86,30.4647,-84.2629,30.513,-84.3247
86,20,30.513,-84.3247,30.4647,-84.2629
20,87,30.4647,-84.2629,30.5187,-84.2812
87,20,30.5187,-84.2812,30.4647,-84.2629
20,91,30.4647,-84.2629,30.4387,-84.364
91,20,30.4387,-84.364,30.4647,-84.2629
20,94,30.4647,-84.2629,30.5236,-84.2259
94,20,30.5236,-84.2259,30.4647,-84.2629
20,95,30.4647,-84.2629,30.4963,-84.2309
95,20,30.4963,-84.2309,30.4647,-84.2629
20,97,30.4647,-84.2629,30.3785,-84.2864
97,20,30.3785,-84.2864,30.4647,-84.2629
20,98,30.4647,-84.2629,30.527,-84.2767
98,20,30.527,-84.2767,30.4647,-84.2629
20,100,30.4647,-84.2629,30.4674,-84.2785
100,20,30.4674,-84.2785,30.4647,-84.2629
20,102,30.4647,-84.2629,30.3702,-84.2022
102,20,30.3702,-84.2022,30.4647,-84.2629
20,103,30.4647,-84.2629,30.3684,-84.2249
103,20,30.3684,-84.2249,30.4647,-84.2629
20,105,30.4647,-84.2629,30.4403,-84.2392
105,20,30.4403,-84.2392,30.4647,-84.2629
20,106,30.4647,-84.2629,30.3822,-84.3098
106,20,30.3822,-84.3098,30.4647,-84.2629
20,107,30.4647,-84.2629,30.5161,-84.2171
107,20,30.5161,-84.2171,30.4647,-84.2629
20,108,30.4647,-84.2629,30.4616,-84.1983
108,20,30.4616,-84.1983,30.4647,-84.2629
20,109,30.4647,-84.2629,30.4767,-84.2064
109,20,30.4767,-84.2064,30.4647,-84.2629
20,110,30.4647,-84.2629,30.3621,-84.2092
110,20,30.3621,-84.2092,30.4647,-84.2629
20,111,30.4647,-84.2629,30.5031,-84.2072
111,20,30.5031,-84.2072,30.4647,-84.2629
20,113,30.4647,-84.2629,30.354,-84.209
113,20,30.354,-84.209,30.4647,-84.2629
20,115,30.4647,-84.2629,30.4421,-84.3036
115,20,30.4421,-84.3036,30.4647,-84.2629
20,118,30.4647,-84.2629,30.4332,-84.2085
118,20,30.4332,-84.2085,30.4647,-84.2629
20,119,30.4647,-84.2629,30.4596,-84.1848
119,20,30.4596,-84.1848,30.4647,-84.2629
20,122,30.4647,-84.2629,30.46,-84.2377
122,20,30.46,-84.2377,30.4647,-84.2629
20,123,30.4647,-84.2629,30.3816,-84.3514
123,20,30.3816,-84.3514,30.4647,-84.2629
20,124,30.4647,-84.2629,30.5073,-84.3707
124,20,30.5073,-84.3707,30.4647,-84.2629
20,125,30.4647,-84.2629,30.4793,-84.2635
125,20,30.4793,-84.2635,30.4647,-84.2629
20,127,30.4647,-84.2629,30.3916,-84.2179
127,20,30.3916,-84.2179,30.4647,-84.2629
20,128,30.4647,-84.2629,30.3865,-84.3463
128,20,30.3865,-84.3463,30.4647,-84.2629
20,129,30.4647,-84.2629,30.4469,-84.3221
129,20,30.4469,-84.3221,30.4647,-84.2629
20,132,30.4647,-84.2629,30.4188,-84.3245
132,20,30.4188,-84.3245,30.4647,-84.2629
20,133,30.4647,-84.2629,30.493,-84.2922
133,20,30.493,-84.2922,30.4647,-84.2629
20,134,30.4647,-84.2629,30.445,-84.3428
134,20,30.445,-84.3428,30.4647,-84.2629
20,135,30.4647,-84.2629,30.3622,-84.2653
135,20,30.3622,-84.2653,30.4647,-84.2629
20,138,30.4647,-84.2629,30.4971,-84.1916
138,20,30.4971,-84.1916,30.4647,-84.2629
20,139,30.4647,-84.2629,30.3713,-84.3221
139,20,30.3713,-84.3221,30.4647,-84.2629
20,140,30.4647,-84.2629,30.4319,-84.2471
140,20,30.4319,-84.2471,30.4647,-84.2629
20,142,30.4647,-84.2629,30.5149,-84.3754
142,20,30.5149,-84.3754,30.4647,-84.2629
20,143,30.4647,-84.2629,30.4713,-84.3311
143,20,30.4713,-84.3311,30.4647,-84.2629
20,144,30.4647,-84.2629,30.4461,-84.3207
144,20,30.4461,-84.3207,30.4647,-84.2629
20,146,30.4647,-84.2629,30.4912,-84.1908
146,20,30.4912,-84.1908,30.4647,-84.2629
20,147,30.4647,-84.2629,30.5124,-84.1967
147,20,30.5124,-84.1967,30.4647,-84.2629
20,148,30.4647,-84.2629,30.5172,-84.2642
148,20,30.5172,-84.2642,30.4647,-84.2629
20,149,30.4647,-84.2629,30.3887,-84.3647
149,20,30.3887,-84.3647,30.4647,-84.2629
21,22,30.4725,-84.2715,30.514,-84.2341
22,21,30.514,-84.2341,30.4725,-84.2715
21,23,30.4725,-84.2715,30.467,-84.2442
23,21,30.467,-84.2442,30.4725,-84.2715
21,24,30.4725,-84.2715,30.4737,-84.224
24,21,30.4737,-84.224,30.4725,-84.2715
21,26,30.4725,-84.2715,30.4091,-84.2584
26,21,30.4091,-84.2584,30.4725,-84.2715
21,27,30.4725,-84.2715,30.4017,-84.2624
27,21,30.4017,-84.2624,30.4725,-84.2715
21,28,30.4725,-84.2715,30.4598,-84.304
28,21,30.4598,-84.304,30.4725,-84.2715
21,29,30.4725,-84.2715,30.4573,-84.3129
29,21,30.4573,-84.3129,30.4725,-84.2715
21,30,30.4725,-84.2715,30.4859,-84.2288
30,21,30.4859,-84.2288,30.4725,-84.2715
21,31,30.4725,-84.2715,30.4831,-84.2208
31,21,30.4831,-84.2208,30.4725,-84.2715
21,32,30.4725,-84.2715,30.4949,-84.3224
32,21,30.4949,-84.3224,30.4725,-84.2715
21,33,30.4725,-84.2715,30.4388,-84.3375
33,21,30.4388,-84.3375,30.4725,-84.2715
21,35,30.4725,-84.2715,30.3867,-84.2802
35,21,30.3867,-84.2802,30.4725,-84.2715
21,37,30.4725,-84.2715,30.5079,-84.2797
37,21,30.5079,-84.2797,30.4725,-84.2715
21,38,30.4725,-84.2715,30.5048,-84.293
38,21,30.5048,-84.293,30.4725,-84.2715
21,40,30.4725,-84.2715,30.4943,-84.2417
40,21,30.4943,-84.2417,30.4725,-84.2715
21,41,30.4725,-84.2715,30.4371,-84.2218
41,21,30.4371,-84.2218,30.4725,-84.2715
21,43,30.4725,-84.2715,30.4078,-84.215
43,21,30.4078,-84.215,30.4725,-84.2715
21,44,30.4725,-84.2715,30.4111,-84.2383
44,21,30.4111,-84.2383,30.4725,-84.2715
21,45,30.4725,-84.2715,30.4388,-84.2916
45,21,30.4388,-84.2916,30.4725,-84.2715
21,46,30.4725,-84.2715,30.4491,-84.2904
46,21,30.4491,-84.2904,30.4725,-84.2715
21,48,30.4725,-84.2715,30.5074,-84.333
48,21,30.5074,-84.333,30.4725,-84.2715
21,49,30.4725,-84.2715,30.4986,-84.3452
49,21,30.4986,-84.3452,30.4725,-84.2715
21,50,30.4725,-84.2715,30.4696,-84.3143
50,21,30.4696,-84.3143,30.4725,-84.2715
21,51,30.4725,-84.2715,30.3922,-84.3038
51,21,30.3922,-84.3038,30.4725,-84.2715
21,52,30.4725,-84.2715,30.3932,-84.2393
52,21,30.3932,-84.2393,30.4725,-84.2715
21,53,30.4725,-84.2715,30.3874,-84.2525
53,21,30.3874,-84.2525,30.4725,-84.2715
21,56,30.4725,-84.2715,30.5248,-84.2399
56,21,30.5248,-84.2399,30.4725,-84.2715
21,57,30.4725,-84.2715,30.5033,-84.2233
57,21,30.5033,-84.2233,30.4725,-84.2715
21,59,30.4725,-84.2715,30.4869,-84.3528
59,21,30.4869,-84.3528,30.4725,-84.2715
21,60,30.4725,-84.2715,30.4727,-84.3554
60,21,30.4727,-84.3554,30.4725,-84.2715
21,61,30.4725,-84.2715,30.428,-84.349
61,21,30.428,-84.349,30.4725,-84.2715
21,62,30.4725,-84.2715,30.4481,-84.242
62,21,30.4481,-84.242,30.4725,-84.2715
21,63,30.4725,-84.2715,30.4565,-84.2188
63,21,30.4565,-84.2188,30.4725,-84.2715
21,64,30.4725,-84.2715,30.4309,-84.2861
64,21,30.4309,-84.2861,30.4725,-84.2715
21,65,30.4725,-84.2715,30.4489,-84.2727
65,21,30.4489,-84.2727,30.4725,-84.2715
21,66,30.4725,-84.2715,30.4653,-84.2312
66,21,30.4653,-84.2312,30.4725,-84.2715
21,67,30.4725,-84.2715,30.3927,-84.2905
67,21,30.3927,-84.2905,30.4725,-84.2715
21,68,30.4725,-84.2715,30.4004,-84.2295
68,21,30.4004,-84.2295,30.4725,-84.2715
21,69,30.4725,-84.2715,30.3856,-84.2309
69,21,30.3856,-84.2309,30.4725,-84.2715
21,70,30.4725,-84.2715,30.3961,-84.2156
70,21,30.3961,-84.2156,30.4725,-84.2715
21,73,30.4725,-84.2715,30.4238,-84.2163
73,21,30.4238,-84.2163,30.4725,-84.2715
21,74,30.4725,-84.2715,30.429,-84.255
74,21,30.429,-84.255,30.4725,-84.2715
21,75,30.4725,-84.2715,30.3736,-84.2178
75,21,30.3736,-84.2178,30.4725,-84.2715
21,76,30.4725,-84.2715,30.5192,-84.3398
76,21,30.5192,-84.3398,30.4725,-84.2715
21,77,30.4725,-84.2715,30.4429,-84.2548
77,21,30.4429,-84.2548,30.4725,-84.2715
21,79,30.4725,-84.2715,30.384,-84.2103
79,21,30.384,-84.2103,30.4725,-84.2715
21,80,30.4725,-84.2715,30.3652,-84.2624
80,21,30.3652,-84.2624,30.4725,-84.2715
21,82,30.4725,-84.2715,30.4416,-84.2783
82,21,30.4416,-84.2783,30.4725,-84.2715
21,83,30.4725,-84.2715,30.5145,-84.371
83,21,30.5145,-84.371,30.4725,-84.2715
21,84,30.4725,-84.2715,30.4134,-84.3406
84,21,30.4134,-84.3406,30.4725,-84.2715
21,85,30.4725,-84.2715,30.4087,-84.3137
85,21,30.4087,-84.3137,30.4725,-84.2715
21,86,30.4725,-84.2715,30.513,-84.3247
86,21,30.513,-84.3247,30.4725,-84.2715
21,87,30.4725,-84.2715,30.5187,-84.2812
87,21,30.5187,-84.2812,30.4725,-84.2715
21,91,30.4725,-84.2715,30.4387,-84.364
91,21,30.4387,-84.364,30.4725,-84.2715
21,94,30.4725,-84.2715,30.5236,-84.2259
94,21,30.5236,-84.2259,30.4725,-84.2715
21,95,30.4725,-84.2715,30.4963,-84.2309
95,21,30.4963,-84.2309,30.4725,-84.2715
21,97,30.4725,-84.2715,30.3785,-84.2864
97,21,30.3785,-84.2864,30.4725,-84.2715
21,98,30.4725,-84.2715,30.527,-84.2767
98,21,30.527,-84.2767,30.4725,-84.2715
21,100,30.4725,-84.2715,30.4674,-84.2785
100,21,30.4674,-84.2785,30.4725,-84.2715
21,102,30.4725,-84.2715,30.3702,-84.2022
102,21,30.3702,-84.2022,30.4725,-84.2715
21,103,30.4725,-84.2715,30.3684,-84.2249
103,21,30.3684,-84.2249,30.4725,-84.2715
21,105,30.4725,-84.2715,30.4403,-84.2392
105,21,30.4403,-84.2392,30.4725,-84.2715
21,106,30.4725,-84.2715,30.3822,-84.3098
106,21,30.3822,-84.3098,30.4725,-84.2715
21,107,30.4725,-84.2715,30.5161,-84.2171
107,21,30.5161,-84.2171,30.4725,-84.2715
21,108,30.4725,-84.2715,30.4616,-84.1983
108,21,30.4616,-84.1983,30.4725,-84.2715
21,109,30.4725,-84.2715,30.4767,-84.2064
109,21,30.4767,-84.2064,30.4725,-84.2715
21,110,30.4725,-84.2715,30.3621,-84.2092
110,21,30.3621,-84.2092,30.4725,-84.2715
21,111,30.4725,-84.2715,30.5031,-84.2072
111,21,30.5031,-84.2072,30.4725,-84.2715
21,113,30.4725,-84.2715,30.354,-84.209
113,21,30.354,-84.209,30.4725,-84.2715
21,115,30.4725,-84.2715,30.4421,-84.3036
115,21,30.4421,-84.3036,30.4725,-84.2715
21,118,30.4725,-84.2715,30.4332,-84.2085
118,21,30.4332,-84.2085,30.4725,-84.2715
21,119,30.4725,-84.2715,30.4596,-84.1848
119,21,30.4596,-84.1848,30.4725,-84.2715
21,122,30.4725,-84.2715,30.46,-84.2377
122,21,30.46,-84.2377,30.4725,-84.2715
21,123,30.4725,-84.2715,30.3816,-84.3514
123,21,30.3816,-84.3514,30.4725,-84.2715
21,124,30.4725,-84.2715,30.5073,-84.3707
124,21,30.5073,-84.3707,30.4725,-84.2715
21,125,30.4725,-84.2715,30.4793,-84.2635
125,21,30.4793,-84.2635,30.4725,-84.2715
21,127,30.4725,-84.2715,30.3916,-84.2179
127,21,30.3916,-84.2179,30.4725,-84.2715
21,128,30.4725,-84.2715,30.3865,-84.3463
128,21,30.3865,-84.3463,30.4725,-84.2715
21,129,30.4725,-84.2715,30.4469,-84.3221
129,21,30.4469,-84.3221,30.4725,-84.2715
21,132,30.4725,-84.2715,30.4188,-84.3245
132,21,30.4188,-84.3245,30.4725,-84.2715
21,133,30.4725,-84.2715,30.493,-84.2922
133,21,30.493,-84.2922,30.4725,-84.2715
21,134,30.4725,-84.2715,30.445,-84.3428
134,21,30.445,-84.3428,30.4725,-84.2715
21,135,30.4725,-84.2715,30.3622,-84.2653
135,21,30.3622,-84.2653,30.4725,-84.2715
21,138,30.4725,-84.2715,30.4971,-84.1916
138,21,30.4971,-84.1916,30.4725,-84.2715
21,139,30.4725,-84.2715,30.3713,-84.3221
139,21,30.3713,-84.3221,30.4725,-84.2715
21,140,30.4725,-84.2715,30.4319,-84.2471
140,21,30.4319,-84.2471,30.4725,-84.2715
21,142,30.4725,-84.2715,30.5149,-84.3754
142,21,30.5149,-84.3754,30.4725,-84.2715
21,143,30.4725,-84.2715,30.4713,-84.3311
143,21,30.4713,-84.3311,30.4725,-84.2715
21,144,30.4725,-84.2715,30.4461,-84.3207
144,21,30.4461,-84.3207,30.4725,-84.2715
21,146,30.4725,-84.2715,30.4912,-84.1908
146,21,30.4912,-84.1908,30.4725,-84.2715
21,147,30.4725,-84.2715,30.5124,-84.1967
147,21,30.5124,-84.1967,30.4725,-84.2715
21,148,30.4725,-84.2715,30.5172,-84.2642
148,21,30.5172,-84.2642,30.4725,-84.2715
21,149,30.4725,-84.2715,30.3887,-84.3647
149,21,30.3887,-84.3647,30.4725,-84.2715
22,23,30.514,-84.2341,30.467,-84.2442
23,22,30.467,-84.2442,30.514,-84.2341
22,24,30.514,-84.2341,30.4737,-84.224
24,22,30.4737,-84.224,30.514,-84.2341
22,26,30.514,-84.2341,30.4091,-84.2584
26,22,30.4091,-84.2584,30.514,-84.2341
22,27,30.514,-84.2341,30.4017,-84.2624
27,22,30.4017,-84.2624,30.514,-84.2341
22,28,30.514,-84.2341,30.4598,-84.304
28,22,30.4598,-84.304,30.514,-84.2341
22,29,30.514,-84.2341,30.4573,-84.3129
29,22,30.4573,-84.3129,30.514,-84.2341
22,30,30.514,-84.2341,30.4859,-84.2288
30,22,30.4859,-84.2288,30.514,-84.2341
22,31,30.514,-84.2341,30.4831,-84.2208
31,22,30.4831,-84.2208,30.514,-84.2341
22,32,30.514,-84.2341,30.4949,-84.3224
32,22,30.4949,-84.3224,30.514,-84.2341
22,33,30.514,-84.2341,30.4388,-84.3375
33,22,30.4388,-84.3375,30.514,-84.2341
22,35,30.514,-84.2341,30.3867,-84.2802
35,22,30.3867,-84.2802,30.514,-84.2341
22,37,30.514,-84.2341,30.5079,-84.2797
37,22,30.5079,-84.2797,30.514,-84.2341
22,38,30.514,-84.2341,30.5048,-84.293
38,22,30.5048,-84.293,30.514,-84.2341
22,40,30.514,-84.2341,30.4943,-84.2417
40,22,30.4943,-84.2417,30.514,-84.2341
22,41,30.514,-84.2341,30.4371,-84.2218
41,22,30.4371,-84.2218,30.514,-84.2341
22,43,30.514,-84.2341,30.4078,-84.215
43,22,30.4078,-84.215,30.514,-84.2341
22,44,30.514,-84.2341,30.4111,-84.2383
44,22,30.4111,-84.2383,30.514,-84.2341
22,45,30.514,-84.2341,30.4388,-84.2916
45,22,30.4388,-84.2916,30.514,-84.2341
22,46,30.514,-84.2341,30.4491,-84.2904
46,22,30.4491,-84.2904,30.514,-84.2341
22,48,30.514,-84.2341,30.5074,-84.333
48,22,30.5074,-84.333,30.514,-84.2341
22,49,30.514,-84.2341,30.4986,-84.3452
49,22,30.4986,-84.3452,30.514,-84.2341
22,50,30.514,-84.2341,30.4696,-84.3143
50,22,30.4696,-84.3143,30.514,-84.2341
22,51,30.514,-84.2341,30.3922,-84.3038
51,22,30.3922,-84.3038,30.514,-84.2341
22,52,30.514,-84.2341,30.3932,-84.2393
52,22,30.3932,-84.2393,30.514,-84.2341
22,53,30.514,-84.2341,30.3874,-84.2525
53,22,30.3874,-84.2525,30.514,-84.2341
22,56,30.514,-84.2341,30.5248,-84.2399
56,22,30.5248,-84.2399,30.514,-84.2341
22,57,30.514,-84.2341,30.5033,-84.2233
57,22,30.5033,-84.2233,30.514,-84.2341
22,59,30.514,-84.2341,30.4869,-84.3528
59,22,30.4869,-84.3528,30.514,-84.2341
22,60,30.514,-84.2341,30.4727,-84.3554
60,22,30.4727,-84.3554,30.514,-84.2341
22,61,30.514,-84.2341,30.428,-84.349
61,22,30.428,-84.349,30.514,-84.2341
22,62,30.514,-84.2341,30.4481,-84.242
62,22,30.4481,-84.242,30.514,-84.2341
22,63,30.514,-84.2341,30.4565,-84.2188
63,22,30.4565,-84.2188,30.514,-84.2341
22,64,30.514,-84.2341,30.4309,-84.2861
64,22,30.4309,-84.2861,30.514,-84.2341
22,65,30.514,-84.2341,30.4489,-84.2727
65,22,30.4489,-84.2727,30.514,-84.2341
22,66,30.514,-84.2341,30.4653,-84.2312
66,22,30.4653,-84.2312,30.514,-84.2341
22,67,30.514,-84.2341,30.3927,-84.2905
67,22,30.3927,-84.2905,30.514,-84.2341
22,68,30.514,-84.2341,30.4004,-84.2295
68,22,30.4004,-84.2295,30.514,-84.2341
22,69,30.514,-84.2341,30.3856,-84.2309
69,22,30.3856,-84.2309,30.514,-84.2341
22,70,30.514,-84.2341,30.3961,-84.2156
70,22,30.3961,-84.2156,30.514,-84.2341
22,73,30.514,-84.2341,30.4238,-84.2163
73,22,30.4238,-84.2163,30.514,-84.2341
22,74,30.514,-84.2341,30.429,-84.255
74,22,30.429,-84.255,30.514,-84.2341
22,75,30.514,-84.2341,30.3736,-84.2178
75,22,30.3736,-84.2178,30.514,-84.2341
22,76,30.514,-84.2341,30.5192,-84.3398
76,22,30.5192,-84.3398,30.514,-84.2341
22,77,30.514,-84.2341,30.4429,-84.2548
77,22,30.4429,-84.2548,30.514,-84.2341
22,79,30.514,-84.2341,30.384,-84.2103
79,22,30.384,-84.2103,30.514,-84.2341
22,80,30.514,-84.2341,30.3652,-84.2624
80,22,30.3652,-84.2624,30.514,-84.2341
22,82,30.514,-84.2341,30.4416,-84.2783
82,22,30.4416,-84.2783,30.514,-84.2341
22,83,30.514,-84.2341,30.5145,-84.371
83,22,30.5145,-84.371,30.514,-84.2341
22,84,30.514,-84.2341,30.4134,-84.3406
84,22,30.4134,-84.3406,30.514,-84.2341
22,85,30.514,-84.2341,30.4087,-84.3137
85,22,30.4087,-84.3137,30.514,-84.2341
22,86,30.514,-84.2341,30.513,-84.3247
86,22,30.513,-84.3247,30.514,-84.2341
22,87,30.514,-84.2341,30.5187,-84.2812
87,22,30.5187,-84.2812,30.514,-84.2341
22,91,30.514,-84.2341,30.4387,-84.364
91,22,30.4387,-84.364,30.514,-84.2341
22,94,30.514,-84.2341,30.5236,-84.2259
94,22,30.5236,-84.2259,30.514,-84.2341
22,95,30.514,-84.2341,30.4963,-84.2309
95,22,30.4963,-84.2309,30.514,-84.2341
22,97,30.514,-84.2341,30.3785,-84.2864
97,22,30.3785,-84.2864,30.514,-84.2341
22,98,30.514,-84.2341,30.527,-84.2767
98,22,30.527,-84.2767,30.514,-84.2341
22,100,30.514,-84.2341,30.4674,-84.2785
100,22,30.4674,-84.2785,30.514,-84.2341
22,102,30.514,-84.2341,30.3702,-84.2022
102,22,30.3702,-84.2022,30.514,-84.2341
22,103,30.514,-84.2341,30.3684,-84.2249
103,22,30.3684,-84.2249,30.514,-84.2341
22,105,30.514,-84.2341,30.4403,-84.2392
105,22,30.4403,-84.2392,30.514,-84.2341
22,106,30.514,-84.2341,30.3822,-84.3098
106,22,30.3822,-84.3098,30.514,-84.2341
22,107,30.514,-84.2341,30.5161,-84.2171
107,22,30.5161,-84.2171,30.514,-84.2341
22,108,30.514,-84.2341,30.4616,-84.1983
108,22,30.4616,-84.1983,30.514,-84.2341
22,109,30.514,-84.2341,30.4767,-84.2064
109,22,30.4767,-84.2064,30.514,-84.2341
22,110,30.514,-84.2341,30.3621,-84.2092
110,22,30.3621,-84.2092,30.514,-84.2341
22,111,30.514,-84.2341,30.5031,-84.2072
111,22,30.5031,-84.2072,30.514,-84.2341
22,113,30.514,-84.2341,30.354,-84.209
113,22,30.354,-84.209,30.514,-84.2341
22,115,30.514,-84.2341,30.4421,-84.3036
115,22,30.4421,-84.3036,30.514,-84.2341
22,118,30.514,-84.2341,30.4332,-84.2085
118,22,30.4332,-84.2085,30.514,-84.2341
22,119,30.514,-84.2341,30.4596,-84.1848
119,22,30.4596,-84.1848,30.514,-84.2341
22,122,30.514,-84.2341,30.46,-84.2377
122,22,30.46,-84.2377,30.514,-84.2341
22,123,30.514,-84.2341,30.3816,-84.3514
123,22,30.3816,-84.3514,30.514,-84.2341
22,124,30.514,-84.2341,30.5073,-84.3707
124,22,30.5073,-84.3707,30.514,-84.2341
22,125,30.514,-84.2341,30.4793,-84.2635
125,22,30.4793,-84.2635,30.514,-84.2341
22,127,30.514,-84.2341,30.3916,-84.2179
127,22,30.3916,-84.2179,30.514,-84.2341
22,128,30.514,-84.2341,30.3865,-84.3463
128,22,30.3865,-84.3463,30.514,-84.2341
22,129,30.514,-84.2341,30.4469,-84.3221
129,22,30.4469,-84.3221,30.514,-84.2341
22,132,30.514,-84.2341,30.4188,-84.3245
132,22,30.4188,-84.3245,30.514,-84.2341
22,133,30.514,-84.2341,30.493,-84.2922
133,22,30.493,-84.2922,30.514,-84.2341
22,134,30.514,-84.2341,30.445,-84.3428
134,22,30.445,-84.3428,30.514,-84.2341
22,135,30.514,-84.2341,30.3622,-84.2653
135,22,30.3622,-84.2653,30.514,-84.2341
22,138,30.514,-84.2341,30.4971,-84.1916
138,22,30.4971,-84.1916,30.514,-84.2341
22,139,30.514,-84.2341,30.3713,-84.3221
139,22,30.3713,-84.3221,30.514,-84.2341
22,140,30.514,-84.2341,30.4319,-84.2471
140,22,30.4319,-84.2471,30.514,-84.2341
22,142,30.514,-84.2341,30.5149,-84.3754
142,22,30.5149,-84.3754,30.514,-84.2341
22,143,30.514,-84.2341,30.4713,-84.3311
143,22,30.4713,-84.3311,30.514,-84.2341
22,144,30.514,-84.2341,30.4461,-84.3207
144,22,30.4461,-84.3207,30.514,-84.2341
22,146,30.514,-84.2341,30.4912,-84.1908
146,22,30.4912,-84.1908,30.514,-84.2341
22,147,30.514,-84.2341,30.5124,-84.1967
147,22,30.5124,-84.1967,30.514,-84.2341
22,148,30.514,-84.2341,30.5172,-84.2642
148,22,30.5172,-84.2642,30.514,-84.2341
22,149,30.514,-84.2341,30.3887,-84.3647
149,22,30.3887,-84.3647,30.514,-84.2341
23,24,30.467,-84.2442,30.4737,-84.224
24,23,30.4737,-84.224,30.467,-84.2442
23,26,30.467,-84.2442,30.4091,-84.2584
26,23,30.4091,-84.2584,30.467,-84.2442
23,27,30.467,-84.2442,30.4017,-84.2624
27,23,30.4017,-84.2624,30.467,-84.2442
23,28,30.467,-84.2442,30.4598,-84.304
28,23,30.4598,-84.304,30.467,-84.2442
23,29,30.467,-84.2442,30.4573,-84.3129
29,23,30.4573,-84.3129,30.467,-84.2442
23,30,30.467,-84.2442,30.4859,-84.2288
30,23,30.4859,-84.2288,30.467,-84.2442
23,31,30.467,-84.2442,30.4831,-84.2208
31,23,30.4831,-84.2208,30.467,-84.2442
23,32,30.467,-84.2442,30.4949,-84.3224
32,23,30.4949,-84.3224,30.467,-84.2442
23,33,30.467,-84.2442,30.4388,-84.3375
33,23,30.4388,-84.3375,30.467,-84.2442
23,35,30.467,-84.2442,30.3867,-84.2802
35,23,30.3867,-84.2802,30.467,-84.2442
23,37,30.467,-84.2442,30.5079,-84.2797
37,23,30.5079,-84.2797,30.467,-84.2442
23,38,30.467,-84.2442,30.5048,-84.293
38,23,30.5048,-84.293,30.467,-84.2442
23,40,30.467,-84.2442,30.4943,-84.2417
40,23,30.4943,-84.2417,30.467,-84.2442
23,41,30.467,-84.2442,30.4371,-84.2218
41,23,30.4371,-84.2218,30.467,-84.2442
23,43,30.467,-84.2442,30.4078,-84.215
43,23,30.4078,-84.215,30.467,-84.2442
23,44,30.467,-84.2442,30.4111,-84.2383
44,23,30.4111,-84.2383,30.467,-84.2442
23,45,30.467,-84.2442,30.4388,-84.2916
45,23,30.4388,-84.2916,30.467,-84.2442
23,46,30.467,-84.2442,30.4491,-84.2904
46,23,30.4491,-84.2904,30.467,-84.2442
23,48,30.467,-84.2442,30.5074,-84.333
48,23,30.5074,-84.333,30.467,-84.2442
23,49,30.467,-84.2442,30.4986,-84.3452
49,23,30.4986,-84.3452,30.467,-84.2442
23,50,30.467,-84.2442,30.4696,-84.3143
50,23,30.4696,-84.3143,30.467,-84.2442
23,51,30.467,-84.2442,30.3922,-84.3038
51,23,30.3922,-84.3038,30.467,-84.2442
23,52,30.467,-84.2442,30.3932,-84.2393
52,23,30.3932,-84.2393,30.467,-84.2442
23,53,30.467,-84.2442,30.3874,-84.2525
53,23,30.3874,-84.2525,30.467,-84.2442
23,56,30.467,-84.2442,30.5248,-84.2399
56,23,30.5248,-84.2399,30.467,-84.2442
23,57,30.467,-84.2442,30.5033,-84.2233
57,23,30.5033,-84.2233,30.467,-84.2442
23,59,30.467,-84.2442,30.4869,-84.3528
59,23,30.4869,-84.3528,30.467,-84.2442
23,60,30.467,-84.2442,30.4727,-84.3554
60,23,30.4727,-84.3554,30.467,-84.2442
23,61,30.467,-84.2442,30.428,-84.349
61,23,30.428,-84.349,30.467,-84.2442
23,62,30.467,-84.2442,30.4481,-84.242
62,23,30.4481,-84.242,30.467,-84.2442
23,63,30.467,-84.2442,30.4565,-84.2188
63,23,30.4565,-84.2188,30.467,-84.2442
23,64,30.467,-84.2442,30.4309,-84.2861
64,23,30.4309,-84.2861,30.467,-84.2442
23,65,30.467,-84.2442,30.4489,-84.2727
65,23,30.4489,-84.2727,30.467,-84.2442
23,66,30.467,-84.2442,30.4653,-84.2312
66,23,30.4653,-84.2312,30.467,-84.2442
23,67,30.467,-84.2442,30.3927,-84.2905
67,23,30.3927,-84.2905,30.467,-84.2442
23,68,30.467,-84.2442,30.4004,-84.2295
68,23,30.4004,-84.2295,30.467,-84.2442
23,69,30.467,-84.2442,30.3856,-84.2309
69,23,30.3856,-84.2309,30.467,-84.2442
23,70,30.467,-84.2442,30.3961,-84.2156
70,23,30.3961,-84.2156,30.467,-84.2442
23,73,30.467,-84.2442,30.4238,-84.2163
73,23,30.4238,-84.2163,30.467,-84.2442
23,74,30.467,-84.2442,30.429,-84.255
74,23,30.429,-84.255,30.467,-84.2442
23,75,30.467,-84.2442,30.3736,-84.2178
75,23,30.3736,-84.2178,30.467,-84.2442
23,76,30.467,-84.2442,30.5192,-84.3398
76,23,30.5192,-84.3398,30.467,-84.2442
23,77,30.467,-84.2442,30.4429,-84.2548
77,23,30.4429,-84.2548,30.467,-84.2442
23,79,30.467,-84.2442,30.384,-84.2103
79,23,30.384,-84.2103,30.467,-84.2442
23,80,30.467,-84.2442,30.3652,-84.2624
80,23,30.3652,-84.2624,30.467,-84.2442
23,82,30.467,-84.2442,30.4416,-84.2783
82,23,30.4416,-84.2783,30.467,-84.2442
23,83,30.467,-84.2442,30.5145,-84.371
83,23,30.5145,-84.371,30.467,-84.2442
23,84,30.467,-84.2442,30.4134,-84.3406
84,23,30.4134,-84.3406,30.467,-84.2442
23,85,30.467,-84.2442,30.4087,-84.3137
85,23,30.4087,-84.3137,30.467,-84.2442
23,86,30.467,-84.2442,30.513,-84.3247
86,23,30.513,-84.3247,30.467,-84.2442
23,87,30.467,-84.2442,30.5187,-84.2812
87,23,30.5187,-84.2812,30.467,-84.2442
23,91,30.467,-84.2442,30.4387,-84.364
91,23,30.4387,-84.364,30.467,-84.2442
23,94,30.467,-84.2442,30.5236,-84.2259
94,23,30.5236,-84.2259,30.467,-84.2442
23,95,30.467,-84.2442,30.4963,-84.2309
95,23,30.4963,-84.2309,30.467,-84.2442
23,97,30.467,-84.2442,30.3785,-84.2864
97,23,30.3785,-84.2864,30.467,-84.2442
23,98,30.467,-84.2442,30.527,-84.2767
98,23,30.527,-84.2767,30.467,-84.2442
23,100,30.467,-84.2442,30.4674,-84.2785
100,23,30.4674,-84.2785,30.467,-84.2442
23,102,30.467,-84.2442,30.3702,-84.2022
102,23,30.3702,-84.2022,30.467,-84.2442
23,103,30.467,-84.2442,30.3684,-84.2249
103,23,30.3684,-84.2249,30.467,-84.2442
23,105,30.467,-84.2442,30.4403,-84.2392
105,23,30.4403,-84.2392,30.467,-84.2442
23,106,30.467,-84.2442,30.3822,-84.3098
106,23,30.3822,-84.3098,30.467,-84.2442
23,107,30.467,-84.2442,30.5161,-84.2171
107,23,30.5161,-84.2171,30.467,-84.2442
23,108,30.467,-84.2442,30.4616,-84.1983
108,23,30.4616,-84.1983,30.467,-84.2442
23,109,30.467,-84.2442,30.4767,-84.2064
109,23,30.4767,-84.2064,30.467,-84.2442
23,110,30.467,-84.2442,30.3621,-84.2092
110,23,30.3621,-84.2092,30.467,-84.2442
23,111,30.467,-84.2442,30.5031,-84.2072
111,23,30.5031,-84.2072,30.467,-84.2442
23,113,30.467,-84.2442,30.354,-84.209
113,23,30.354,-84.209,30.467,-84.2442
23,115,30.467,-84.2442,30.4421,-84.3036
115,23,30.4421,-84.3036,30.467,-84.2442
23,118,30.467,-84.2442,30.4332,-84.2085
118,23,30.4332,-84.2085,30.467,-84.2442
23,119,30.467,-84.2442,30.4596,-84.1848
119,23,30.4596,-84.1848,30.467,-84.2442
23,122,30.467,-84.2442,30.46,-84.2377
122,23,30.46,-84.2377,30.467,-84.2442
23,123,30.467,-84.2442,30.3816,-84.3514
123,23,30.3816,-84.3514,30.467,-84.2442
23,124,30.467,-84.2442,30.5073,-84.3707
124,23,30.5073,-84.3707,30.467,-84.2442
23,125,30.467,-84.2442,30.4793,-84.2635
125,23,30.4793,-84.2635,30.467,-84.2442
23,127,30.467,-84.2442,30.3916,-84.2179
127,23,30.3916,-84.2179,30.467,-84.2442
23,128,30.467,-84.2442,30.3865,-84.3463
128,23,30.3865,-84.3463,30.467,-84.2442
23,129,30.467,-84.2442,30.4469,-84.3221
129,23,30.4469,-84.3221,30.467,-84.2442
23,132,30.467,-84.2442,30.4188,-84.3245
132,23,30.4188,-84.3245,30.467,-84.2442
23,133,30.467,-84.2442,30.493,-84.2922
133,23,30.493,-84.2922,30.467,-84.2442
23,134,30.467,-84.2442,30.445,-84.3428
134,23,30.445,-84.3428,30.467,-84.2442
23,135,30.467,-84.2442,30.3622,-84.2653
135,23,30.3622,-84.2653,30.467,-84.2442
23,138,30.467,-84.2442,30.4971,-84.1916
138,23,30.4971,-84.1916,30.467,-84.2442
23,139,30.467,-84.2442,30.3713,-84.3221
139,23,30.3713,-84.3221,30.467,-84.2442
23,140,30.467,-84.2442,30.4319,-84.2471
140,23,30.4319,-84.2471,30.467,-84.2442
23,142,30.467,-84.2442,30.5149,-84.3754
142,23,30.5149,-84.3754,30.467,-84.2442
23,143,30.467,-84.2442,30.4713,-84.3311
143,23,30.4713,-84.3311,30.467,-84.2442
23,144,30.467,-84.2442,30.4461,-84.3207
144,23,30.4461,-84.3207,30.467,-84.2442
23,146,30.467,-84.2442,30.4912,-84.1908
146,23,30.4912,-84.1908,30.467,-84.2442
23,147,30.467,-84.2442,30.5124,-84.1967
147,23,30.5124,-84.1967,30.467,-84.2442
23,148,30.467,-84.2442,30.5172,-84.2642
148,23,30.5172,-84.2642,30.467,-84.2442
23,149,30.467,-84.2442,30.3887,-84.3647
149,23,30.3887,-84.3647,30.467,-84.2442
24,26,30.4737,-84.224,30.4091,-84.2584
26,24,30.4091,-84.2584,30.4737,-84.224
24,27,30.4737,-84.224,30.4017,-84.2624
27,24,30.4017,-84.2624,30.4737,-84.224
24,28,30.4737,-84.224,30.4598,-84.304
28,24,30.4598,-84.304,30.4737,-84.224
24,29,30.4737,-84.224,30.4573,-84.3129
29,24,30.4573,-84.3129,30.4737,-84.224
24,30,30.4737,-84.224,30.4859,-84.2288
30,24,30.4859,-84.2288,30.4737,-84.224
24,31,30.4737,-84.224,30.4831,-84.2208
31,24,30.4831,-84.2208,30.4737,-84.224
24,32,30.4737,-84.224,30.4949,-84.3224
32,24,30.4949,-84.3224,30.4737,-84.224
24,33,30.4737,-84.224,30.4388,-84.3375
33,24,30.4388,-84.3375,30.4737,-84.224
24,35,30.4737,-84.224,30.3867,-84.2802
35,24,30.3867,-84.2802,30.4737,-84.224
24,37,30.4737,-84.224,30.5079,-84.2797
37,24,30.5079,-84.2797,30.4737,-84.224
24,38,30.4737,-84.224,30.5048,-84.293
38,24,30.5048,-84.293,30.4737,-84.224
24,40,30.4737,-84.224,30.4943,-84.2417
40,24,30.4943,-84.2417,30.4737,-84.224
24,41,30.4737,-84.224,30.4371,-84.2218
41,24,30.4371,-84.2218,30.4737,-84.224
24,43,30.4737,-84.224,30.4078,-84.215
43,24,30.4078,-84.215,30.4737,-84.224
24,44,30.4737,-84.224,30.4111,-84.2383
44,24,30.4111,-84.2383,30.4737,-84.224
24,45,30.4737,-84.224,30.4388,-84.2916
45,24,30.4388,-84.2916,30.4737,-84.224
24,46,30.4737,-84.224,30.4491,-84.2904
46,24,30.4491,-84.2904,30.4737,-84.224
24,48,30.4737,-84.224,30.5074,-84.333
48,24,30.5074,-84.333,30.4737,-84.224
24,49,30.4737,-84.224,30.4986,-84.3452
49,24,30.4986,-84.3452,30.4737,-84.224
24,50,30.4737,-84.224,30.4696,-84.3143
50,24,30.4696,-84.3143,30.4737,-84.224
24,51,30.4737,-84.224,30.3922,-84.3038
51,24,30.3922,-84.3038,30.4737,-84.224
24,52,30.4737,-84.224,30.3932,-84.2393
52,24,30.3932,-84.2393,30.4737,-84.224
24,53,30.4737,-84.224,30.3874,-84.2525
53,24,30.3874,-84.2525,30.4737,-84.224
24,56,30.4737,-84.224,30.5248,-84.2399
56,24,30.5248,-84.2399,30.4737,-84.224
24,57,30.4737,-84.224,30.5033,-84.2233
57,24,30.5033,-84.2233,30.4737,-84.224
24,59,30.4737,-84.224,30.4869,-84.3528
59,24,30.4869,-84.3528,30.4737,-84.224
24,60,30.4737,-84.224,30.4727,-84.3554
60,24,30.4727,-84.3554,30.4737,-84.224
24,61,30.4737,-84.224,30.428,-84.349
61,24,30.428,-84.349,30.4737,-84.224
24,62,30.4737,-84.224,30.4481,-84.242
62,24,30.4481,-84.242,30.4737,-84.224
24,63,30.4737,-84.224,30.4565,-84.2188
63,24,30.4565,-84.2188,30.4737,-84.224
24,64,30.4737,-84.224,30.4309,-84.2861
64,24,30.4309,-84.2861,30.4737,-84.224
24,65,30.4737,-84.224,30.4489,-84.2727
65,24,30.4489,-84.2727,30.4737,-84.224
24,66,30.4737,-84.224,30.4653,-84.2312
66,24,30.4653,-84.2312,30.4737,-84.224
24,67,30.4737,-84.224,30.3927,-84.2905
67,24,30.3927,-84.2905,30.4737,-84.224
24,68,30.4737,-84.224,30.4004,-84.2295
68,24,30.4004,-84.2295,30.4737,-84.224
24,69,30.4737,-84.224,30.3856,-84.2309
69,24,30.3856,-84.2309,30.4737,-84.224
24,70,30.4737,-84.224,30.3961,-84.2156
70,24,30.3961,-84.2156,30.4737,-84.224
24,73,30.4737,-84.224,30.4238,-84.2163
73,24,30.4238,-84.2163,30.4737,-84.224
24,74,30.4737,-84.224,30.429,-84.255
74,24,30.429,-84.255,30.4737,-84.224
24,75,30.4737,-84.224,30.3736,-84.2178
75,24,30.3736,-84.2178,30.4737,-84.224
24,76,30.4737,-84.224,30.5192,-84.3398
76,24,30.5192,-84.3398,30.4737,-84.224
24,77,30.4737,-84.224,30.4429,-84.2548
77,24,30.4429,-84.2548,30.4737,-84.224
24,79,30.4737,-84.224,30.384,-84.2103
79,24,30.384,-84.2103,30.4737,-84.224
24,80,30.4737,-84.224,30.3652,-84.2624
80,24,30.3652,-84.2624,30.4737,-84.224
24,82,30.4737,-84.224,30.4416,-84.2783
82,24,30.4416,-84.2783,30.4737,-84.224
24,83,30.4737,-84.224,30.5145,-84.371
83,24,30.5145,-84.371,30.4737,-84.224
24,84,30.4737,-84.224,30.4134,-84.3406
84,24,30.4134,-84.3406,30.4737,-84.224
24,85,30.4737,-84.224,30.4087,-84.3137
85,24,30.4087,-84.3137,30.4737,-84.224
24,86,30.4737,-84.224,30.513,-84.3247
86,24,30.513,-84.3247,30.4737,-84.224
24,87,30.4737,-84.224,30.5187,-84.2812
87,24,30.5187,-84.2812,30.4737,-84.224
24,91,30.4737,-84.224,30.4387,-84.364
91,24,30.4387,-84.364,30.4737,-84.224
24,94,30.4737,-84.224,30.5236,-84.2259
94,24,30.5236,-84.2259,30.4737,-84.224
24,95,30.4737,-84.224,30.4963,-84.2309
95,24,30.4963,-84.2309,30.4737,-84.224
24,97,30.4737,-84.224,30.3785,-84.2864
97,24,30.3785,-84.2864,30.4737,-84.224
24,98,30.4737,-84.224,30.527,-84.2767
98,24,30.527,-84.2767,30.4737,-84.224
24,100,30.4737,-84.224,30.4674,-84.2785
100,24,30.4674,-84.2785,30.4737,-84.224
24,102,30.4737,-84.224,30.3702,-84.2022
102,24,30.3702,-84.2022,30.4737,-84.224
24,103,30.4737,-84.224,30.3684,-84.2249
103,24,30.3684,-84.2249,30.4737,-84.224
24,105,30.4737,-84.224,30.4403,-84.2392
105,24,30.4403,-84.2392,30.4737,-84.224
24,106,30.4737,-84.224,30.3822,-84.3098
106,24,30.3822,-84.3098,30.4737,-84.224
24,107,30.4737,-84.224,30.5161,-84.2171
107,24,30.5161,-84.2171,30.4737,-84.224
24,108,30.4737,-84.224,30.4616,-84.1983
108,24,30.4616,-84.1983,30.4737,-84.224
24,109,30.4737,-84.224,30.4767,-84.2064
109,24,30.4767,-84.2064,30.4737,-84.224
24,110,30.4737,-84.224,30.3621,-84.2092
110,24,30.3621,-84.2092,30.4737,-84.224
24,111,30.4737,-84.224,30.5031,-84.2072
111,24,30.5031,-84.2072,30.4737,-84.224
24,113,30.4737,-84.224,30.354,-84.209
113,24,30.354,-84.209,30.4737,-84.224
24,115,30.4737,-84.224,30.4421,-84.3036
115,24,30.4421,-84.3036,30.4737,-84.224
24,118,30.4737,-84.224,30.4332,-84.2085
118,24,30.4332,-84.2085,30.4737,-84.224
24,119,30.4737,-84.224,30.4596,-84.1848
119,24,30.4596,-84.1848,30.4737,-84.224
24,122,30.4737,-84.224,30.46,-84.2377
122,24,30.46,-84.2377,30.4737,-84.224
24,123,30.4737,-84.224,30.3816,-84.3514
123,24,30.3816,-84.3514,30.4737,-84.224
24,124,30.4737,-84.224,30.5073,-84.3707
124,24,30.5073,-84.3707,30.4737,-84.224
24,125,30.4737,-84.224,30.4793,-84.2635
125,24,30.4793,-84.2635,30.4737,-84.224
24,127,30.4737,-84.224,30.3916,-84.2179
127,24,30.3916,-84.2179,30.4737,-84.224
24,128,30.4737,-84.224,30.3865,-84.3463
128,24,30.3865,-84.3463,30.4737,-84.224
24,129,30.4737,-84.224,30.4469,-84.3221
129,24,30.4469,-84.3221,30.4737,-84.224
24,132,30.4737,-84.224,30.4188,-84.3245
132,24,30.4188,-84.3245,30.4737,-84.224
24,133,30.4737,-84.224,30.493,-84.2922
133,24,30.493,-84.2922,30.4737,-84.224
24,134,30.4737,-84.224,30.445,-84.3428
134,24,30.445,-84.3428,30.4737,-84.224
24,135,30.4737,-84.224,30.3622,-84.2653
135,24,30.3622,-84.2653,30.4737,-84.224
24,138,30.4737,-84.224,30.4971,-84.1916
138,24,30.4971,-84.1916,30.4737,-84.224
24,139,30.4737,-84.224,30.3713,-84.3221
139,24,30.3713,-84.3221,30.4737,-84.224
24,140,30.4737,-84.224,30.4319,-84.2471
140,24,30.4319,-84.2471,30.4737,-84.224
24,142,30.4737,-84.224,30.5149,-84.3754
142,24,30.5149,-84.3754,30.4737,-84.224
24,143,30.4737,-84.224,30.4713,-84.3311
143,24,30.4713,-84.3311,30.4737,-84.224
24,144,30.4737,-84.224,30.4461,-84.3207
144,24,30.4461,-84.3207,30.4737,-84.224
24,146,30.4737,-84.224,30.4912,-84.1908
146,24,30.4912,-84.1908,30.4737,-84.224
24,147,30.4737,-84.224,30.5124,-84.1967
147,24,30.5124,-84.1967,30.4737,-84.224
24,148,30.4737,-84.224,30.5172,-84.2642
148,24,30.5172,-84.2642,30.4737,-84.224
24,149,30.4737,-84.224,30.3887,-84.3647
149,24,30.3887,-84.3647,30.4737,-84.224
26,27,30.4091,-84.2584,30.4017,-84.2624
27,26,30.4017,-84.2624,30.4091,-84.2584
26,28,30.4091,-84.2584,30.4598,-84.304
28,26,30.4598,-84.304,30.4091,-84.2584
26,29,30.4091,-84.2584,30.4573,-84.3129
29,26,30.4573,-84.3129,30.4091,-84.2584
26,30,30.4091,-84.2584,30.4859,-84.2288
30,26,30.4859,-84.2288,30.4091,-84.2584
26,31,30.4091,-84.2584,30.4831,-84.2208
31,26,30.4831,-84.2208,30.4091,-84.2584
26,32,30.4091,-84.2584,30.4949,-84.3224
32,26,30.4949,-84.3224,30.4091,-84.2584
26,33,30.4091,-84.2584,30.4388,-84.3375
33,26,30.4388,-84.3375,30.4091,-84.2584
26,35,30.4091,-84.2584,30.3867,-84.2802
35,26,30.3867,-84.2802,30.4091,-84.2584
26,37,30.4091,-84.2584,30.5079,-84.2797
37,26,30.5079,-84.2797,30.4091,-84.2584
26,38,30.4091,-84.2584,30.5048,-84.293
38,26,30.5048,-84.293,30.4091,-84.2584
26,40,30.4091,-84.2584,30.4943,-84.2417
40,26,30.4943,-84.2417,30.4091,-84.2584
26,41,30.4091,-84.2584,30.4371,-84.2218
41,26,30.4371,-84.2218,30.4091,-84.2584
26,43,30.4091,-84.2584,30.4078,-84.215
43,26,30.4078,-84.215,30.4091,-84.2584
26,44,30.4091,-84.2584,30.4111,-84.2383
44,26,30.4111,-84.2383,30.4091,-84.2584
26,45,30.4091,-84.2584,30.4388,-84.2916
45,26,30.4388,-84.2916,30.4091,-84.2584
26,46,30.4091,-84.2584,30.4491,-84.2904
46,26,30.4491,-84.2904,30.4091,-84.2584
26,48,30.4091,-84.2584,30.5074,-84.333
48,26,30.5074,-84.333,30.4091,-84.2584
26,49,30.4091,-84.2584,30.4986,-84.3452
49,26,30.4986,-84.3452,30.4091,-84.2584
26,50,30.4091,-84.2584,30.4696,-84.3143
50,26,30.4696,-84.3143,30.4091,-84.2584
26,51,30.4091,-84.2584,30.3922,-84.3038
51,26,30.3922,-84.3038,30.4091,-84.2584
26,52,30.4091,-84.2584,30.3932,-84.2393
52,26,30.3932,-84.2393,30.4091,-84.2584
26,53,30.4091,-84.2584,30.3874,-84.2525
53,26,30.3874,-84.2525,30.4091,-84.2584
26,56,30.4091,-84.2584,30.5248,-84.2399
56,26,30.5248,-84.2399,30.4091,-84.2584
26,57,30.4091,-84.2584,30.5033,-84.2233
57,26,30.5033,-84.2233,30.4091,-84.2584
26,59,30.4091,-84.2584,30.4869,-84.3528
59,26,30.4869,-84.3528,30.4091,-84.2584
26,60,30.4091,-84.2584,30.4727,-84.3554
60,26,30.4727,-84.3554,30.4091,-84.2584
26,61,30.4091,-84.2584,30.428,-84.349
61,26,30.428,-84.349,30.4091,-84.2584
26,62,30.4091,-84.2584,30.4481,-84.242
62,26,30.4481,-84.242,30.4091,-84.2584
26,63,30.4091,-84.2584,30.4565,-84.2188
63,26,30.4565,-84.2188,30.4091,-84.2584
26,64,30.4091,-84.2584,30.4309,-84.2861
64,26,30.4309,-84.2861,30.4091,-84.2584
26,65,30.4091,-84.2584,30.4489,-84.2727
65,26,30.4489,-84.2727,30.4091,-84.2584
26,66,30.4091,-84.2584,30.4653,-84.2312
66,26,30.4653,-84.2312,30.4091,-84.2584
26,67,30.4091,-84.2584,30.3927,-84.2905
67,26,30.3927,-84.2905,30.4091,-84.2584
26,68,30.4091,-84.2584,30.4004,-84.2295
68,26,30.4004,-84.2295,30.4091,-84.2584
26,69,30.4091,-84.2584,30.3856,-84.2309
69,26,30.3856,-84.2309,30.4091,-84.2584
26,70,30.4091,-84.2584,30.3961,-84.2156
70,26,30.3961,-84.2156,30.4091,-84.2584
26,73,30.4091,-84.2584,30.4238,-84.2163
73,26,30.4238,-84.2163,30.4091,-84.2584
26,74,30.4091,-84.2584,30.429,-84.255
74,26,30.429,-84.255,30.4091,-84.2584
26,75,30.4091,-84.2584,30.3736,-84.2178
75,26,30.3736,-84.2178,30.4091,-84.2584
26,76,30.4091,-84.2584,30.5192,-84.3398
76,26,30.5192,-84.3398,30.4091,-84.2584
26,77,30.4091,-84.2584,30.4429,-84.2548
77,26,30.4429,-84.2548,30.4091,-84.2584
26,79,30.4091,-84.2584,30.384,-84.2103
79,26,30.384,-84.2103,30.4091,-84.2584
26,80,30.4091,-84.2584,30.3652,-84.2624
80,26,30.3652,-84.2624,30.4091,-84.2584
26,82,30.4091,-84.2584,30.4416,-84.2783
82,26,30.4416,-84.2783,30.4091,-84.2584
26,83,30.4091,-84.2584,30.5145,-84.371
83,26,30.5145,-84.371,30.4091,-84.2584
26,84,30.4091,-84.2584,30.4134,-84.3406
84,26,30.4134,-84.3406,30.4091,-84.2584
26,85,30.4091,-84.2584,30.4087,-84.3137
85,26,30.4087,-84.3137,30.4091,-84.2584
26,86,30.4091,-84.2584,30.513,-84.3247
86,26,30.513,-84.3247,30.4091,-84.2584
26,87,30.4091,-84.2584,30.5187,-84.2812
87,26,30.5187,-84.2812,30.4091,-84.2584
26,91,30.4091,-84.2584,30.4387,-84.364
91,26,30.4387,-84.364,30.4091,-84.2584
26,94,30.4091,-84.2584,30.5236,-84.2259
94,26,30.5236,-84.2259,30.4091,-84.2584
26,95,30.4091,-84.2584,30.4963,-84.2309
95,26,30.4963,-84.2309,30.4091,-84.2584
26,97,30.4091,-84.2584,30.3785,-84.2864
97,26,30.3785,-84.2864,30.4091,-84.2584
26,98,30.4091,-84.2584,30.527,-84.2767
98,26,30.527,-84.2767,30.4091,-84.2584
26,100,30.4091,-84.2584,30.4674,-84.2785
100,26,30.4674,-84.2785,30.4091,-84.2584
26,102,30.4091,-84.2584,30.3702,-84.2022
102,26,30.3702,-84.2022,30.4091,-84.2584
26,103,30.4091,-84.2584,30.3684,-84.2249
103,26,30.3684,-84.2249,30.4091,-84.2584
26,105,30.4091,-84.2584,30.4403,-84.2392
105,26,30.4403,-84.2392,30.4091,-84.2584
26,106,30.4091,-84.2584,30.3822,-84.3098
106,26,30.3822,-84.3098,30.4091,-84.2584
26,107,30.4091,-84.2584,30.5161,-84.2171
107,26,30.5161,-84.2171,30.4091,-84.2584
26,108,30.4091,-84.2584,30.4616,-84.1983
108,26,30.4616,-84.1983,30.4091,-84.2584
26,109,30.4091,-84.2584,30.4767,-84.2064
109,26,30.4767,-84.2064,30.4091,-84.2584
26,110,30.4091,-84.2584,30.3621,-84.2092
110,26,30.3621,-84.2092,30.4091,-84.2584
26,111,30.4091,-84.2584,30.5031,-84.2072
111,26,30.5031,-84.2072,30.4091,-84.2584
26,113,30.4091,-84.2584,30.354,-84.209
113,26,30.354,-84.209,30.4091,-84.2584
26,115,30.4091,-84.2584,30.4421,-84.3036
115,26,30.4421,-84.3036,30.4091,-84.2584
26,118,30.4091,-84.2584,30.4332,-84.2085
118,26,30.4332,-84.2085,30.4091,-84.2584
26,119,30.4091,-84.2584,30.4596,-84.1848
119,26,30.4596,-84.1848,30.4091,-84.2584
26,122,30.4091,-84.2584,30.46,-84.2377
122,26,30.46,-84.2377,30.4091,-84.2584
26,123,30.4091,-84.2584,30.3816,-84.3514
123,26,30.3816,-84.3514,30.4091,-84.2584
26,124,30.4091,-84.2584,30.5073,-84.3707
124,26,30.5073,-84.3707,30.4091,-84.2584
26,125,30.4091,-84.2584,30.4793,-84.2635
125,26,30.4793,-84.2635,30.4091,-84.2584
26,127,30.4091,-84.2584,30.3916,-84.2179
127,26,30.3916,-84.2179,30.4091,-84.2584
26,128,30.4091,-84.2584,30.3865,-84.3463
128,26,30.3865,-84.3463,30.4091,-84.2584
26,129,30.4091,-84.2584,30.4469,-84.3221
129,26,30.4469,-84.3221,30.4091,-84.2584
26,132,30.4091,-84.2584,30.4188,-84.3245
132,26,30.4188,-84.3245,30.4091,-84.2584
26,133,30.4091,-84.2584,30.493,-84.2922
133,26,30.493,-84.2922,30.4091,-84.2584
26,134,30.4091,-84.2584,30.445,-84.3428
134,26,30.445,-84.3428,30.4091,-84.2584
26,135,30.4091,-84.2584,30.3622,-84.2653
135,26,30.3622,-84.2653,30.4091,-84.2584
26,138,30.4091,-84.2584,30.4971,-84.1916
138,26,30.4971,-84.1916,30.4091,-84.2584
26,139,30.4091,-84.2584,30.3713,-84.3221
139,26,30.3713,-84.3221,30.4091,-84.2584
26,140,30.4091,-84.2584,30.4319,-84.2471
140,26,30.4319,-84.2471,30.4091,-84.2584
26,142,30.4091,-84.2584,30.5149,-84.3754
142,26,30.5149,-84.3754,30.4091,-84.2584
26,143,30.4091,-84.2584,30.4713,-84.3311
143,26,30.4713,-84.3311,30.4091,-84.2584
26,144,30.4091,-84.2584,30.4461,-84.3207
144,26,30.4461,-84.3207,30.4091,-84.2584
26,146,30.4091,-84.2584,30.4912,-84.1908
146,26,30.4912,-84.1908,30.4091,-84.2584
26,147,30.4091,-84.2584,30.5124,-84.1967
147,26,30.5124,-84.1967,30.4091,-84.2584
26,148,30.4091,-84.2584,30.5172,-84.2642
148,26,30.5172,-84.2642,30.4091,-84.2584
26,149,30.4091,-84.2584,30.3887,-84.3647
149,26,30.3887,-84.3647,30.4091,-84.2584
27,28,30.4017,-84.2624,30.4598,-84.304
28,27,30.4598,-84.304,30.4017,-84.2624
27,29,30.4017,-84.2624,30.4573,-84.3129
29,27,30.4573,-84.3129,30.4017,-84.2624
27,30,30.4017,-84.2624,30.4859,-84.2288
30,27,30.4859,-84.2288,30.4017,-84.2624
27,31,30.4017,-84.2624,30.4831,-84.2208
31,27,30.4831,-84.2208,30.4017,-84.2624
27,32,30.4017,-84.2624,30.4949,-84.3224
32,27,30.4949,-84.3224,30.4017,-84.2624
27,33,30.4017,-84.2624,30.4388,-84.3375
33,27,30.4388,-84.3375,30.4017,-84.2624
27,35,30.4017,-84.2624,30.3867,-84.2802
35,27,30.3867,-84.2802,30.4017,-84.2624
27,37,30.4017,-84.2624,30.5079,-84.2797
37,27,30.5079,-84.2797,30.4017,-84.2624
27,38,30.4017,-84.2624,30.5048,-84.293
38,27,30.5048,-84.293,30.4017,-84.2624
27,40,30.4017,-84.2624,30.4943,-84.2417
40,27,30.4943,-84.2417,30.4017,-84.2624
27,41,30.4017,-84.2624,30.4371,-84.2218
41,27,30.4371,-84.2218,30.4017,-84.2624
27,43,30.4017,-84.2624,30.4078,-84.215
43,27,30.4078,-84.215,30.4017,-84.2624
27,44,30.4017,-84.2624,30.4111,-84.2383
44,27,30.4111,-84.2383,30.4017,-84.2624
27,45,30.4017,-84.2624,30.4388,-84.2916
45,27,30.4388,-84.2916,30.4017,-84.2624
27,46,30.4017,-84.2624,30.4491,-84.2904
46,27,30.4491,-84.2904,30.4017,-84.2624
27,48,30.4017,-84.2624,30.5074,-84.333
48,27,30.5074,-84.333,30.4017,-84.2624
27,49,30.4017,-84.2624,30.4986,-84.3452
49,27,30.4986,-84.3452,30.4017,-84.2624
27,50,30.4017,-84.2624,30.4696,-84.3143
50,27,30.4696,-84.3143,30.4017,-84.2624
27,51,30.4017,-84.2624,30.3922,-84.3038
51,27,30.3922,-84.3038,30.4017,-84.2624
27,52,30.4017,-84.2624,30.3932,-84.2393
52,27,30.3932,-84.2393,30.4017,-84.2624
27,53,30.4017,-84.2624,30.3874,-84.2525
53,27,30.3874,-84.2525,30.4017,-84.2624
27,56,30.4017,-84.2624,30.5248,-84.2399
56,27,30.5248,-84.2399,30.4017,-84.2624
27,57,30.4017,-84.2624,30.5033,-84.2233
57,27,30.5033,-84.2233,30.4017,-84.2624
27,59,30.4017,-84.2624,30.4869,-84.3528
59,27,30.4869,-84.3528,30.4017,-84.2624
27,60,30.4017,-84.2624,30.4727,-84.3554
60,27,30.4727,-84.3554,30.4017,-84.2624
27,61,30.4017,-84.2624,30.428,-84.349
61,27,30.428,-84.349,30.4017,-84.2624
27,62,30.4017,-84.2624,30.4481,-84.242
62,27,30.4481,-84.242,30.4017,-84.2624
27,63,30.4017,-84.2624,30.4565,-84.2188
63,27,30.4565,-84.2188,30.4017,-84.2624
27,64,30.4017,-84.2624,30.4309,-84.2861
64,27,30.4309,-84.2861,30.4017,-84.2624
27,65,30.4017,-84.2624,30.4489,-84.2727
65,27,30.4489,-84.2727,30.4017,-84.2624
27,66,30.4017,-84.2624,30.4653,-84.2312
66,27,30.4653,-84.2312,30.4017,-84.2624
27,67,30.4017,-84.2624,30.3927,-84.2905
67,27,30.3927,-84.2905,30.4017,-84.2624
27,68,30.4017,-84.2624,30.4004,-84.2295
68,27,30.4004,-84.2295,30.4017,-84.2624
27,69,30.4017,-84.2624,30.3856,-84.2309
69,27,30.3856,-84.2309,30.4017,-84.2624
27,70,30.4017,-84.2624,30.3961,-84.2156
70,27,30.3961,-84.2156,30.4017,-84.2624
27,73,30.4017,-84.2624,30.4238,-84.2163
73,27,30.4238,-84.2163,30.4017,-84.2624
27,74,30.4017,-84.2624,30.429,-84.255
74,27,30.429,-84.255,30.4017,-84.2624
27,75,30.4017,-84.2624,30.3736,-84.2178
75,27,30.3736,-84.2178,30.4017,-84.2624
27,76,30.4017,-84.2624,30.5192,-84.3398
76,27,30.5192,-84.3398,30.4017,-84.2624
27,77,30.4017,-84.2624,30.4429,-84.2548
77,27,30.4429,-84.2548,30.4017,-84.2624
27,79,30.4017,-84.2624,30.384,-84.2103
79,27,30.384,-84.2103,30.4017,-84.2624
27,80,30.4017,-84.2624,30.3652,-84.2624
80,27,30.3652,-84.2624,30.4017,-84.2624
27,82,30.4017,-84.2624,30.4416,-84.2783
82,27,30.4416,-84.2783,30.4017,-84.2624
27,83,30.4017,-84.2624,30.5145,-84.371
83,27,30.5145,-84.371,30.4017,-84.2624
27,84,30.4017,-84.2624,30.4134,-84.3406
84,27,30.4134,-84.3406,30.4017,-84.2624
27,85,30.4017,-84.2624,30.4087,-84.3137
85,27,30.4087,-84.3137,30.4017,-84.2624
27,86,30.4017,-84.2624,30.513,-84.3247
86,27,30.513,-84.3247,30.4017,-84.2624
27,87,30.4017,-84.2624,30.5187,-84.2812
87,27,30.5187,-84.2812,30.4017,-84.2624
27,91,30.4017,-84.2624,30.4387,-84.364
91,27,30.4387,-84.364,30.4017,-84.2624
27,94,30.4017,-84.2624,30.5236,-84.2259
94,27,30.5236,-84.2259,30.4017,-84.2624
27,95,30.4017,-84.2624,30.4963,-84.2309
95,27,30.4963,-84.2309,30.4017,-84.2624
27,97,30.4017,-84.2624,30.3785,-84.2864
97,27,30.3785,-84.2864,30.4017,-84.2624
27,98,30.4017,-84.2624,30.527,-84.2767
98,27,30.527,-84.2767,30.4017,-84.2624
27,100,30.4017,-84.2624,30.4674,-84.2785
100,27,30.4674,-84.2785,30.4017,-84.2624
27,102,30.4017,-84.2624,30.3702,-84.2022
102,27,30.3702,-84.2022,30.4017,-84.2624
27,103,30.4017,-84.2624,30.3684,-84.2249
103,27,30.3684,-84.2249,30.4017,-84.2624
27,105,30.4017,-84.2624,30.4403,-84.2392
105,27,30.4403,-84.2392,30.4017,-84.2624
27,106,30.4017,-84.2624,30.3822,-84.3098
106,27,30.3822,-84.3098,30.4017,-84.2624
27,107,30.4017,-84.2624,30.5161,-84.2171
107,27,30.5161,-84.2171,30.4017,-84.2624
27,108,30.4017,-84.2624,30.4616,-84.1983
108,27,30.4616,-84.1983,30.4017,-84.2624
27,109,30.4017,-84.2624,30.4767,-84.2064
109,27,30.4767,-84.2064,30.4017,-84.2624
27,110,30.4017,-84.2624,30.3621,-84.2092
110,27,30.3621,-84.2092,30.4017,-84.2624
27,111,30.4017,-84.2624,30.5031,-84.2072
111,27,30.5031,-84.2072,30.4017,-84.2624
27,113,30.4017,-84.2624,30.354,-84.209
113,27,30.354,-84.209,30.4017,-84.2624
27,115,30.4017,-84.2624,30.4421,-84.3036
115,27,30.4421,-84.3036,30.4017,-84.2624
27,118,30.4017,-84.2624,30.4332,-84.2085
118,27,30.4332,-84.2085,30.4017,-84.2624
27,119,30.4017,-84.2624,30.4596,-84.1848
119,27,30.4596,-84.1848,30.4017,-84.2624
27,122,30.4017,-84.2624,30.46,-84.2377
122,27,30.46,-84.2377,30.4017,-84.2624
27,123,30.4017,-84.2624,30.3816,-84.3514
123,27,30.3816,-84.3514,30.4017,-84.2624
27,124,30.4017,-84.2624,30.5073,-84.3707
124,27,30.5073,-84.3707,30.4017,-84.2624
27,125,30.4017,-84.2624,30.4793,-84.2635
125,27,30.4793,-84.2635,30.4017,-84.2624
27,127,30.4017,-84.2624,30.3916,-84.2179
127,27,30.3916,-84.2179,30.4017,-84.2624
27,128,30.4017,-84.2624,30.3865,-84.3463
128,27,30.3865,-84.3463,30.4017,-84.2624
27,129,30.4017,-84.2624,30.4469,-84.3221
129,27,30.4469,-84.3221,30.4017,-84.2624
27,132,30.4017,-84.2624,30.4188,-84.3245
132,27,30.4188,-84.3245,30.4017,-84.2624
27,133,30.4017,-84.2624,30.493,-84.2922
133,27,30.493,-84.2922,30.4017,-84.2624
27,134,30.4017,-84.2624,30.445,-84.3428
134,27,30.445,-84.3428,30.4017,-84.2624
27,135,30.4017,-84.2624,30.3622,-84.2653
135,27,30.3622,-84.2653,30.4017,-84.2624
27,138,30.4017,-84.2624,30.4971,-84.1916
138,27,30.4971,-84.1916,30.4017,-84.2624
27,139,30.4017,-84.2624,30.3713,-84.3221
139,27,30.3713,-84.3221,30.4017,-84.2624
27,140,30.4017,-84.2624,30.4319,-84.2471
140,27,30.4319,-84.2471,30.4017,-84.2624
27,142,30.4017,-84.2624,30.5149,-84.3754
142,27,30.5149,-84.3754,30.4017,-84.2624
27,143,30.4017,-84.2624,30.4713,-84.3311
143,27,30.4713,-84.3311,30.4017,-84.2624
27,144,30.4017,-84.2624,30.4461,-84.3207
144,27,30.4461,-84.3207,30.4017,-84.2624
27,146,30.4017,-84.2624,30.4912,-84.1908
146,27,30.4912,-84.1908,30.4017,-84.2624
27,147,30.4017,-84.2624,30.5124,-84.1967
147,27,30.5124,-84.1967,30.4017,-84.2624
27,148,30.4017,-84.2624,30.5172,-84.2642
148,27,30.5172,-84.2642,30.4017,-84.2624
27,149,30.4017,-84.2624,30.3887,-84.3647
149,27,30.3887,-84.3647,30.4017,-84.2624
28,29,30.4598,-84.304,30.4573,-84.3129
29,28,30.4573,-84.3129,30.4598,-84.304
28,30,30.4598,-84.304,30.4859,-84.2288
30,28,30.4859,-84.2288,30.4598,-84.304
28,31,30.4598,-84.304,30.4831,-84.2208
31,28,30.4831,-84.2208,30.4598,-84.304
28,32,30.4598,-84.304,30.4949,-84.3224
32,28,30.4949,-84.3224,30.4598,-84.304
28,33,30.4598,-84.304,30.4388,-84.3375
33,28,30.4388,-84.3375,30.4598,-84.304
28,35,30.4598,-84.304,30.3867,-84.2802
35,28,30.3867,-84.2802,30.4598,-84.304
28,37,30.4598,-84.304,30.5079,-84.2797
37,28,30.5079,-84.2797,30.4598,-84.304
28,38,30.4598,-84.304,30.5048,-84.293
38,28,30.5048,-84.293,30.4598,-84.304
28,40,30.4598,-84.304,30.4943,-84.2417
40,28,30.4943,-84.2417,30.4598,-84.304
28,41,30.4598,-84.304,30.4371,-84.2218
41,28,30.4371,-84.2218,30.4598,-84.304
28,43,30.4598,-84.304,30.4078,-84.215
43,28,30.4078,-84.215,30.4598,-84.304
28,44,30.4598,-84.304,30.4111,-84.2383
44,28,30.4111,-84.2383,30.4598,-84.304
28,45,30.4598,-84.304,30.4388,-84.2916
45,28,30.4388,-84.2916,30.4598,-84.304
28,46,30.4598,-84.304,30.4491,-84.2904
46,28,30.4491,-84.2904,30.4598,-84.304
28,48,30.4598,-84.304,30.5074,-84.333
48,28,30.5074,-84.333,30.4598,-84.304
28,49,30.4598,-84.304,30.4986,-84.3452
49,28,30.4986,-84.3452,30.4598,-84.304
28,50,30.4598,-84.304,30.4696,-84.3143
50,28,30.4696,-84.3143,30.4598,-84.304
28,51,30.4598,-84.304,30.3922,-84.3038
51,28,30.3922,-84.3038,30.4598,-84.304
28,52,30.4598,-84.304,30.3932,-84.2393
52,28,30.3932,-84.2393,30.4598,-84.304
28,53,30.4598,-84.304,30.3874,-84.2525
53,28,30.3874,-84.2525,30.4598,-84.304
28,56,30.4598,-84.304,30.5248,-84.2399
56,28,30.5248,-84.2399,30.4598,-84.304
28,57,30.4598,-84.304,30.5033,-84.2233
57,28,30.5033,-84.2233,30.4598,-84.304
28,59,30.4598,-84.304,30.4869,-84.3528
59,28,30.4869,-84.3528,30.4598,-84.304
28,60,30.4598,-84.304,30.4727,-84.3554
60,28,30.4727,-84.3554,30.4598,-84.304
28,61,30.4598,-84.304,30.428,-84.349
61,28,30.428,-84.349,30.4598,-84.304
28,62,30.4598,-84.304,30.4481,-84.242
62,28,30.4481,-84.242,30.4598,-84.304
28,63,30.4598,-84.304,30.4565,-84.2188
63,28,30.4565,-84.2188,30.4598,-84.304
28,64,30.4598,-84.304,30.4309,-84.2861
64,28,30.4309,-84.2861,30.4598,-84.304
28,65,30.4598,-84.304,30.4489,-84.2727
65,28,30.4489,-84.2727,30.4598,-84.304
28,66,30.4598,-84.304,30.4653,-84.2312
66,28,30.4653,-84.2312,30.4598,-84.304
28,67,30.4598,-84.304,30.3927,-84.2905
67,28,30.3927,-84.2905,30.4598,-84.304
28,68,30.4598,-84.304,30.4004,-84.2295
68,28,30.4004,-84.2295,30.4598,-84.304
28,69,30.4598,-84.304,30.3856,-84.2309
69,28,30.3856,-84.2309,30.4598,-84.304
28,70,30.4598,-84.304,30.3961,-84.2156
70,28,30.3961,-84.2156,30.4598,-84.304
28,73,30.4598,-84.304,30.4238,-84.2163
73,28,30.4238,-84.2163,30.4598,-84.304
28,74,30.4598,-84.304,30.429,-84.255
74,28,30.429,-84.255,30.4598,-84.304
28,75,30.4598,-84.304,30.3736,-84.2178
75,28,30.3736,-84.2178,30.4598,-84.304
28,76,30.4598,-84.304,30.5192,-84.3398
76,28,30.5192,-84.3398,30.4598,-84.304
28,77,30.4598,-84.304,30.4429,-84.2548
77,28,30.4429,-84.2548,30.4598,-84.304
28,79,30.4598,-84.304,30.384,-84.2103
79,28,30.384,-84.2103,30.4598,-84.304
28,80,30.4598,-84.304,30.3652,-84.2624
80,28,30.3652,-84.2624,30.4598,-84.304
28,82,30.4598,-84.304,30.4416,-84.2783
82,28,30.4416,-84.2783,30.4598,-84.304
28,83,30.4598,-84.304,30.5145,-84.371
83,28,30.5145,-84.371,30.4598,-84.304
28,84,30.4598,-84.304,30.4134,-84.3406
84,28,30.4134,-84.3406,30.4598,-84.304
28,85,30.4598,-84.304,30.4087,-84.3137
85,28,30.4087,-84.3137,30.4598,-84.304
28,86,30.4598,-84.304,30.513,-84.3247
86,28,30.513,-84.3247,30.4598,-84.304
28,87,30.4598,-84.304,30.5187,-84.2812
87,28,30.5187,-84.2812,30.4598,-84.304
28,91,30.4598,-84.304,30.4387,-84.364
91,28,30.4387,-84.364,30.4598,-84.304
28,94,30.4598,-84.304,30.5236,-84.2259
94,28,30.5236,-84.2259,30.4598,-84.304
28,95,30.4598,-84.304,30.4963,-84.2309
95,28,30.4963,-84.2309,30.4598,-84.304
28,97,30.4598,-84.304,30.3785,-84.2864
97,28,30.3785,-84.2864,30.4598,-84.304
28,98,30.4598,-84.304,30.527,-84.2767
98,28,30.527,-84.2767,30.4598,-84.304
28,100,30.4598,-84.304,30.4674,-84.2785
100,28,30.4674,-84.2785,30.4598,-84.304
28,102,30.4598,-84.304,30.3702,-84.2022
102,28,30.3702,-84.2022,30.4598,-84.304
28,103,30.4598,-84.304,30.3684,-84.2249
103,28,30.3684,-84.2249,30.4598,-84.304
28,105,30.4598,-84.304,30.4403,-84.2392
105,28,30.4403,-84.2392,30.4598,-84.304
28,106,30.4598,-84.304,30.3822,-84.3098
106,28,30.3822,-84.3098,30.4598,-84.304
28,107,30.4598,-84.304,30.5161,-84.2171
107,28,30.5161,-84.2171,30.4598,-84.304
28,108,30.4598,-84.304,30.4616,-84.1983
108,28,30.4616,-84.1983,30.4598,-84.304
28,109,30.4598,-84.304,30.4767,-84.2064
109,28,30.4767,-84.2064,30.4598,-84.304
28,110,30.4598,-84.304,30.3621,-84.2092
110,28,30.3621,-84.2092,30.4598,-84.304
28,111,30.4598,-84.304,30.5031,-84.2072
111,28,30.5031,-84.2072,30.4598,-84.304
28,113,30.4598,-84.304,30.354,-84.209
113,28,30.354,-84.209,30.4598,-84.304
28,115,30.4598,-84.304,30.4421,-84.3036
115,28,30.4421,-84.3036,30.4598,-84.304
28,118,30.4598,-84.304,30.4332,-84.2085
118,28,30.4332,-84.2085,30.4598,-84.304
28,119,30.4598,-84.304,30.4596,-84.1848
119,28,30.4596,-84.1848,30.4598,-84.304
28,122,30.4598,-84.304,30.46,-84.2377
122,28,30.46,-84.2377,30.4598,-84.304
28,123,30.4598,-84.304,30.3816,-84.3514
123,28,30.3816,-84.3514,30.4598,-84.304
28,124,30.4598,-84.304,30.5073,-84.3707
124,28,30.5073,-84.3707,30.4598,-84.304
28,125,30.4598,-84.304,30.4793,-84.2635
125,28,30.4793,-84.2635,30.4598,-84.304
28,127,30.4598,-84.304,30.3916,-84.2179
127,28,30.3916,-84.2179,30.4598,-84.304
28,128,30.4598,-84.304,30.3865,-84.3463
128,28,30.3865,-84.3463,30.4598,-84.304
28,129,30.4598,-84.304,30.4469,-84.3221
129,28,30.4469,-84.3221,30.4598,-84.304
28,132,30.4598,-84.304,30.4188,-84.3245
132,28,30.4188,-84.3245,30.4598,-84.304
28,133,30.4598,-84.304,30.493,-84.2922
133,28,30.493,-84.2922,30.4598,-84.304
28,134,30.4598,-84.304,30.445,-84.3428
134,28,30.445,-84.3428,30.4598,-84.304
28,135,30.4598,-84.304,30.3622,-84.2653
135,28,30.3622,-84.2653,30.4598,-84.304
28,138,30.4598,-84.304,30.4971,-84.1916
138,28,30.4971,-84.1916,30.4598,-84.304
28,139,30.4598,-84.304,30.3713,-84.3221
139,28,30.3713,-84.3221,30.4598,-84.304
28,140,30.4598,-84.304,30.4319,-84.2471
140,28,30.4319,-84.2471,30.4598,-84.304
28,142,30.4598,-84.304,30.5149,-84.3754
142,28,30.5149,-84.3754,30.4598,-84.304
28,143,30.4598,-84.304,30.4713,-84.3311
143,28,30.4713,-84.3311,30.4598,-84.304
28,144,30.4598,-84.304,30.4461,-84.3207
144,28,30.4461,-84.3207,30.4598,-84.304
28,146,30.4598,-84.304,30.4912,-84.1908
146,28,30.4912,-84.1908,30.4598,-84.304
28,147,30.4598,-84.304,30.5124,-84.1967
147,28,30.5124,-84.1967,30.4598,-84.304
28,148,30.4598,-84.304,30.5172,-84.2642
148,28,30.5172,-84.2642,30.4598,-84.304
28,149,30.4598,-84.304,30.3887,-84.3647
149,28,30.3887,-84.3647,30.4598,-84.304
29,30,30.4573,-84.3129,30.4859,-84.2288
30,29,30.4859,-84.2288,30.4573,-84.3129
29,31,30.4573,-84.3129,30.4831,-84.2208
31,29,30.4831,-84.2208,30.4573,-84.3129
29,32,30.4573,-84.3129,30.4949,-84.3224
32,29,30.4949,-84.3224,30.4573,-84.3129
29,33,30.4573,-84.3129,30.4388,-84.3375
33,29,30.4388,-84.3375,30.4573,-84.3129
29,35,30.4573,-84.3129,30.3867,-84.2802
35,29,30.3867,-84.2802,30.4573,-84.3129
29,37,30.4573,-84.3129,30.5079,-84.2797
37,29,30.5079,-84.2797,30.4573,-84.3129
29,38,30.4573,-84.3129,30.5048,-84.293
38,29,30.5048,-84.293,30.4573,-84.3129
29,40,30.4573,-84.3129,30.4943,-84.2417
40,29,30.4943,-84.2417,30.4573,-84.3129
29,41,30.4573,-84.3129,30.4371,-84.2218
41,29,30.4371,-84.2218,30.4573,-84.3129
29,43,30.4573,-84.3129,30.4078,-84.215
43,29,30.4078,-84.215,30.4573,-84.3129
29,44,30.4573,-84.3129,30.4111,-84.2383
44,29,30.4111,-84.2383,30.4573,-84.3129
29,45,30.4573,-84.3129,30.4388,-84.2916
45,29,30.4388,-84.2916,30.4573,-84.3129
29,46,30.4573,-84.3129,30.4491,-84.2904
46,29,30.4491,-84.2904,30.4573,-84.3129
29,48,30.4573,-84.3129,30.5074,-84.333
48,29,30.5074,-84.333,30.4573,-84.3129
29,49,30.4573,-84.3129,30.4986,-84.3452
49,29,30.4986,-84.3452,30.4573,-84.3129
29,50,30.4573,-84.3129,30.4696,-84.3143
50,29,30.4696,-84.3143,30.4573,-84.3129
29,51,30.4573,-84.3129,30.3922,-84.3038
51,29,30.3922,-84.3038,30.4573,-84.3129
29,52,30.4573,-84.3129,30.3932,-84.2393
52,29,30.3932,-84.2393,30.4573,-84.3129
29,53,30.4573,-84.3129,30.3874,-84.2525
53,29,30.3874,-84.2525,30.4573,-84.3129
29,56,30.4573,-84.3129,30.5248,-84.2399
56,29,30.5248,-84.2399,30.4573,-84.3129
29,57,30.4573,-84.3129,30.5033,-84.2233
57,29,30.5033,-84.2233,30.4573,-84.3129
29,59,30.4573,-84.3129,30.4869,-84.3528
59,29,30.4869,-84.3528,30.4573,-84.3129
29,60,30.4573,-84.3129,30.4727,-84.3554
60,29,30.4727,-84.3554,30.4573,-84.3129
29,61,30.4573,-84.3129,30.428,-84.349
61,29,30.428,-84.349,30.4573,-84.3129
29,62,30.4573,-84.3129,30.4481,-84.242
62,29,30.4481,-84.242,30.4573,-84.3129
29,63,30.4573,-84.3129,30.4565,-84.2188
63,29,30.4565,-84.2188,30.4573,-84.3129
29,64,30.4573,-84.3129,30.4309,-84.2861
64,29,30.4309,-84.2861,30.4573,-84.3129
29,65,30.4573,-84.3129,30.4489,-84.2727
65,29,30.4489,-84.2727,30.4573,-84.3129
29,66,30.4573,-84.3129,30.4653,-84.2312
66,29,30.4653,-84.2312,30.4573,-84.3129
29,67,30.4573,-84.3129,30.3927,-84.2905
67,29,30.3927,-84.2905,30.4573,-84.3129
29,68,30.4573,-84.3129,30.4004,-84.2295
68,29,30.4004,-84.2295,30.4573,-84.3129
29,69,30.4573,-84.3129,30.3856,-84.2309
69,29,30.3856,-84.2309,30.4573,-84.3129
29,70,30.4573,-84.3129,30.3961,-84.2156
70,29,30.3961,-84.2156,30.4573,-84.3129
29,73,30.4573,-84.3129,30.4238,-84.2163
73,29,30.4238,-84.2163,30.4573,-84.3129
29,74,30.4573,-84.3129,30.429,-84.255
74,29,30.429,-84.255,30.4573,-84.3129
29,75,30.4573,-84.3129,30.3736,-84.2178
75,29,30.3736,-84.2178,30.4573,-84.3129
29,76,30.4573,-84.3129,30.5192,-84.3398
76,29,30.5192,-84.3398,30.4573,-84.3129
29,77,30.4573,-84.3129,30.4429,-84.2548
77,29,30.4429,-84.2548,30.4573,-84.3129
29,79,30.4573,-84.3129,30.384,-84.2103
79,29,30.384,-84.2103,30.4573,-84.3129
29,80,30.4573,-84.3129,30.3652,-84.2624
80,29,30.3652,-84.2624,30.4573,-84.3129
29,82,30.4573,-84.3129,30.4416,-84.2783
82,29,30.4416,-84.2783,30.4573,-84.3129
29,83,30.4573,-84.3129,30.5145,-84.371
83,29,30.5145,-84.371,30.4573,-84.3129
29,84,30.4573,-84.3129,30.4134,-84.3406
84,29,30.4134,-84.3406,30.4573,-84.3129
29,85,30.4573,-84.3129,30.4087,-84.3137
85,29,30.4087,-84.3137,30.4573,-84.3129
29,86,30.4573,-84.3129,30.513,-84.3247
86,29,30.513,-84.3247,30.4573,-84.3129
29,87,30.4573,-84.3129,30.5187,-84.2812
87,29,30.5187,-84.2812,30.4573,-84.3129
29,91,30.4573,-84.3129,30.4387,-84.364
91,29,30.4387,-84.364,30.4573,-84.3129
29,94,30.4573,-84.3129,30.5236,-84.2259
94,29,30.5236,-84.2259,30.4573,-84.3129
29,95,30.4573,-84.3129,30.4963,-84.2309
95,29,30.4963,-84.2309,30.4573,-84.3129
29,97,30.4573,-84.3129,30.3785,-84.2864
97,29,30.3785,-84.2864,30.4573,-84.3129
29,98,30.4573,-84.3129,30.527,-84.2767
98,29,30.527,-84.2767,30.4573,-84.3129
29,100,30.4573,-84.3129,30.4674,-84.2785
100,29,30.4674,-84.2785,30.4573,-84.3129
29,102,30.4573,-84.3129,30.3702,-84.2022
102,29,30.3702,-84.2022,30.4573,-84.3129
29,103,30.4573,-84.3129,30.3684,-84.2249
103,29,30.3684,-84.2249,30.4573,-84.3129
29,105,30.4573,-84.3129,30.4403,-84.2392
105,29,30.4403,-84.2392,30.4573,-84.3129
29,106,30.4573,-84.3129,30.3822,-84.3098
106,29,30.3822,-84.3098,30.4573,-84.3129
29,107,30.4573,-84.3129,30.5161,-84.2171
107,29,30.5161,-84.2171,30.4573,-84.3129
29,108,30.4573,-84.3129,30.4616,-84.1983
108,29,30.4616,-84.1983,30.4573,-84.3129
29,109,30.4573,-84.3129,30.4767,-84.2064
109,29,30.4767,-84.2064,30.4573,-84.3129
29,110,30.4573,-84.3129,30.3621,-84.2092
110,29,30.3621,-84.2092,30.4573,-84.3129
29,111,30.4573,-84.3129,30.5031,-84.2072
111,29,30.5031,-84.2072,30.4573,-84.3129
29,113,30.4573,-84.3129,30.354,-84.209
113,29,30.354,-84.209,30.4573,-84.3129
29,115,30.4573,-84.3129,30.4421,-84.3036
115,29,30.4421,-84.3036,30.4573,-84.3129
29,118,30.4573,-84.3129,30.4332,-84.2085
118,29,30.4332,-84.2085,30.4573,-84.3129
29,119,30.4573,-84.3129,30.4596,-84.1848
119,29,30.4596,-84.1848,30.4573,-84.3129
29,122,30.4573,-84.3129,30.46,-84.2377
122,29,30.46,-84.2377,30.4573,-84.3129
29,123,30.4573,-84.3129,30.3816,-84.3514
123,29,30.3816,-84.3514,30.4573,-84.3129
29,124,30.4573,-84.3129,30.5073,-84.3707
124,29,30.5073,-84.3707,30.4573,-84.3129
29,125,30.4573,-84.3129,30.4793,-84.2635
125,29,30.4793,-84.2635,30.4573,-84.3129
29,127,30.4573,-84.3129,30.3916,-84.2179
127,29,30.3916,-84.2179,30.4573,-84.3129
29,128,30.4573,-84.3129,30.3865,-84.3463
128,29,30.3865,-84.3463,30.4573,-84.3129
29,129,30.4573,-84.3129,30.4469,-84.3221
129,29,30.4469,-84.3221,30.4573,-84.3129
29,132,30.4573,-84.3129,30.4188,-84.3245
132,29,30.4188,-84.3245,30.4573,-84.3129
29,133,30.4573,-84.3129,30.493,-84.2922
133,29,30.493,-84.2922,30.4573,-84.3129
29,134,30.4573,-84.3129,30.445,-84.3428
134,29,30.445,-84.3428,30.4573,-84.3129
29,135,30.4573,-84.3129,30.3622,-84.2653
135,29,30.3622,-84.2653,30.4573,-84.3129
29,138,30.4573,-84.3129,30.4971,-84.1916
138,29,30.4971,-84.1916,30.4573,-84.3129
29,139,30.4573,-84.3129,30.3713,-84.3221
139,29,30.3713,-84.3221,30.4573,-84.3129
29,140,30.4573,-84.3129,30.4319,-84.2471
140,29,30.4319,-84.2471,30.4573,-84.3129
29,142,30.4573,-84.3129,30.5149,-84.3754
142,29,30.5149,-84.3754,30.4573,-84.3129
29,143,30.4573,-84.3129,30.4713,-84.3311
143,29,30.4713,-84.3311,30.4573,-84.3129
29,144,30.4573,-84.3129,30.4461,-84.3207
144,29,30.4461,-84.3207,30.4573,-84.3129
29,146,30.4573,-84.3129,30.4912,-84.1908
146,29,30.4912,-84.1908,30.4573,-84.3129
29,147,30.4573,-84.3129,30.5124,-84.1967
147,29,30.5124,-84.1967,30.4573,-84.3129
29,148,30.4573,-84.3129,30.5172,-84.2642
148,29,30.5172,-84.2642,30.4573,-84.3129
29,149,30.4573,-84.3129,30.3887,-84.3647
149,29,30.3887,-84.3647,30.4573,-84.3129
30,31,30.4859,-84.2288,30.4831,-84.2208
31,30,30.4831,-84.2208,30.4859,-84.2288
30,32,30.4859,-84.2288,30.4949,-84.3224
32,30,30.4949,-84.3224,30.4859,-84.2288
30,33,30.4859,-84.2288,30.4388,-84.3375
33,30,30.4388,-84.3375,30.4859,-84.2288
30,35,30.4859,-84.2288,30.3867,-84.2802
35,30,30.3867,-84.2802,30.4859,-84.2288
30,37,30.4859,-84.2288,30.5079,-84.2797
37,30,30.5079,-84.2797,30.4859,-84.2288
30,38,30.4859,-84.2288,30.5048,-84.293
38,30,30.5048,-84.293,30.4859,-84.2288
30,40,30.4859,-84.2288,30.4943,-84.2417
40,30,30.4943,-84.2417,30.4859,-84.2288
30,41,30.4859,-84.2288,30.4371,-84.2218
41,30,30.4371,-84.2218,30.4859,-84.2288
30,43,30.4859,-84.2288,30.4078,-84.215
43,30,30.4078,-84.215,30.4859,-84.2288
30,44,30.4859,-84.2288,30.4111,-84.2383
44,30,30.4111,-84.2383,30.4859,-84.2288
30,45,30.4859,-84.2288,30.4388,-84.2916
45,30,30.4388,-84.2916,30.4859,-84.2288
30,46,30.4859,-84.2288,30.4491,-84.2904
46,30,30.4491,-84.2904,30.4859,-84.2288
30,48,30.4859,-84.2288,30.5074,-84.333
48,30,30.5074,-84.333,30.4859,-84.2288
30,49,30.4859,-84.2288,30.4986,-84.3452
49,30,30.4986,-84.3452,30.4859,-84.2288
30,50,30.4859,-84.2288,30.4696,-84.3143
50,30,30.4696,-84.3143,30.4859,-84.2288
30,51,30.4859,-84.2288,30.3922,-84.3038
51,30,30.3922,-84.3038,30.4859,-84.2288
30,52,30.4859,-84.2288,30.3932,-84.2393
52,30,30.3932,-84.2393,30.4859,-84.2288
30,53,30.4859,-84.2288,30.3874,-84.2525
53,30,30.3874,-84.2525,30.4859,-84.2288
30,56,30.4859,-84.2288,30.5248,-84.2399
56,30,30.5248,-84.2399,30.4859,-84.2288
30,57,30.4859,-84.2288,30.5033,-84.2233
57,30,30.5033,-84.2233,30.4859,-84.2288
30,59,30.4859,-84.2288,30.4869,-84.3528
59,30,30.4869,-84.3528,30.4859,-84.2288
30,60,30.4859,-84.2288,30.4727,-84.3554
60,30,30.4727,-84.3554,30.4859,-84.2288
30,61,30.4859,-84.2288,30.428,-84.349
61,30,30.428,-84.349,30.4859,-84.2288
30,62,30.4859,-84.2288,30.4481,-84.242
62,30,30.4481,-84.242,30.4859,-84.2288
30,63,30.4859,-84.2288,30.4565,-84.2188
63,30,30.4565,-84.2188,30.4859,-84.2288
30,64,30.4859,-84.2288,30.4309,-84.2861
64,30,30.4309,-84.2861,30.4859,-84.2288
30,65,30.4859,-84.2288,30.4489,-84.2727
65,30,30.4489,-84.2727,30.4859,-84.2288
30,66,30.4859,-84.2288,30.4653,-84.2312
66,30,30.4653,-84.2312,30.4859,-84.2288
30,67,30.4859,-84.2288,30.3927,-84.2905
67,30,30.3927,-84.2905,30.4859,-84.2288
30,68,30.4859,-84.2288,30.4004,-84.2295
68,30,30.4004,-84.2295,30.4859,-84.2288
30,69,30.4859,-84.2288,30.3856,-84.2309
69,30,30.3856,-84.2309,30.4859,-84.2288
30,70,30.4859,-84.2288,30.3961,-84.2156
70,30,30.3961,-84.2156,30.4859,-84.2288
30,73,30.4859,-84.2288,30.4238,-84.2163
73,30,30.4238,-84.2163,30.4859,-84.2288
30,74,30.4859,-84.2288,30.429,-84.255
74,30,30.429,-84.255,30.4859,-84.2288
30,75,30.4859,-84.2288,30.3736,-84.2178
75,30,30.3736,-84.2178,30.4859,-84.2288
30,76,30.4859,-84.2288,30.5192,-84.3398
76,30,30.5192,-84.3398,30.4859,-84.2288
30,77,30.4859,-84.2288,30.4429,-84.2548
77,30,30.4429,-84.2548,30.4859,-84.2288
30,79,30.4859,-84.2288,30.384,-84.2103
79,30,30.384,-84.2103,30.4859,-84.2288
30,80,30.4859,-84.2288,30.3652,-84.2624
80,30,30.3652,-84.2624,30.4859,-84.2288
30,82,30.4859,-84.2288,30.4416,-84.2783
82,30,30.4416,-84.2783,30.4859,-84.2288
30,83,30.4859,-84.2288,30.5145,-84.371
83,30,30.5145,-84.371,30.4859,-84.2288
30,84,30.4859,-84.2288,30.4134,-84.3406
84,30,30.4134,-84.3406,30.4859,-84.2288
30,85,30.4859,-84.2288,30.4087,-84.3137
85,30,30.4087,-84.3137,30.4859,-84.2288
30,86,30.4859,-84.2288,30.513,-84.3247
86,30,30.513,-84.3247,30.4859,-84.2288
30,87,30.4859,-84.2288,30.5187,-84.2812
87,30,30.5187,-84.2812,30.4859,-84.2288
30,91,30.4859,-84.2288,30.4387,-84.364
91,30,30.4387,-84.364,30.4859,-84.2288
30,94,30.4859,-84.2288,30.5236,-84.2259
94,30,30.5236,-84.2259,30.4859,-84.2288
30,95,30.4859,-84.2288,30.4963,-84.2309
95,30,30.4963,-84.2309,30.4859,-84.2288
30,97,30.4859,-84.2288,30.3785,-84.2864
97,30,30.3785,-84.2864,30.4859,-84.2288
30,98,30.4859,-84.2288,30.527,-84.2767
98,30,30.527,-84.2767,30.4859,-84.2288
30,100,30.4859,-84.2288,30.4674,-84.2785
100,30,30.4674,-84.2785,30.4859,-84.2288
30,102,30.4859,-84.2288,30.3702,-84.2022
102,30,30.3702,-84.2022,30.4859,-84.2288
30,103,30.4859,-84.2288,30.3684,-84.2249
103,30,30.3684,-84.2249,30.4859,-84.2288
30,105,30.4859,-84.2288,30.4403,-84.2392
105,30,30.4403,-84.2392,30.4859,-84.2288
30,106,30.4859,-84.2288,30.3822,-84.3098
106,30,30.3822,-84.3098,30.4859,-84.2288
30,107,30.4859,-84.2288,30.5161,-84.2171
107,30,30.5161,-84.2171,30.4859,-84.2288
30,108,30.4859,-84.2288,30.4616,-84.1983
108,30,30.4616,-84.1983,30.4859,-84.2288
30,109,30.4859,-84.2288,30.4767,-84.2064
109,30,30.4767,-84.2064,30.4859,-84.2288
30,110,30.4859,-84.2288,30.3621,-84.2092
110,30,30.3621,-84.2092,30.4859,-84.2288
30,111,30.4859,-84.2288,30.5031,-84.2072
111,30,30.5031,-84.2072,30.4859,-84.2288
30,113,30.4859,-84.2288,30.354,-84.209
113,30,30.354,-84.209,30.4859,-84.2288
30,115,30.4859,-84.2288,30.4421,-84.3036
115,30,30.4421,-84.3036,30.4859,-84.2288
30,118,30.4859,-84.2288,30.4332,-84.2085
118,30,30.4332,-84.2085,30.4859,-84.2288
30,119,30.4859,-84.2288,30.4596,-84.1848
119,30,30.4596,-84.1848,30.4859,-84.2288
30,122,30.4859,-84.2288,30.46,-84.2377
122,30,30.46,-84.2377,30.4859,-84.2288
30,123,30.4859,-84.2288,30.3816,-84.3514
123,30,30.3816,-84.3514,30.4859,-84.2288
30,124,30.4859,-84.2288,30.5073,-84.3707
124,30,30.5073,-84.3707,30.4859,-84.2288
30,125,30.4859,-84.2288,30.4793,-84.2635
125,30,30.4793,-84.2635,30.4859,-84.2288
30,127,30.4859,-84.2288,30.3916,-84.2179
127,30,30.3916,-84.2179,30.4859,-84.2288
30,128,30.4859,-84.2288,30.3865,-84.3463
128,30,30.3865,-84.3463,30.4859,-84.2288
30,129,30.4859,-84.2288,30.4469,-84.3221
129,30,30.4469,-84.3221,30.4859,-84.2288
30,132,30.4859,-84.2288,30.4188,-84.3245
132,30,30.4188,-84.3245,30.4859,-84.2288
30,133,30.4859,-84.2288,30.493,-84.2922
133,30,30.493,-84.2922,30.4859,-84.2288
30,134,30.4859,-84.2288,30.445,-84.3428
134,30,30.445,-84.3428,30.4859,-84.2288
30,135,30.4859,-84.2288,30.3622,-84.2653
135,30,30.3622,-84.2653,30.4859,-84.2288
30,138,30.4859,-84.2288,30.4971,-84.1916
138,30,30.4971,-84.1916,30.4859,-84.2288
30,139,30.4859,-84.2288,30.3713,-84.3221
139,30,30.3713,-84.3221,30.4859,-84.2288
30,140,30.4859,-84.2288,30.4319,-84.2471
140,30,30.4319,-84.2471,30.4859,-84.2288
30,142,30.4859,-84.2288,30.5149,-84.3754
142,30,30.5149,-84.3754,30.4859,-84.2288
30,143,30.4859,-84.2288,30.4713,-84.3311
143,30,30.4713,-84.3311,30.4859,-84.2288
30,144,30.4859,-84.2288,30.4461,-84.3207
144,30,30.4461,-84.3207,30.4859,-84.2288
30,146,30.4859,-84.2288,30.4912,-84.1908
146,30,30.4912,-84.1908,30.4859,-84.2288
30,147,30.4859,-84.2288,30.5124,-84.1967
147,30,30.5124,-84.1967,30.4859,-84.2288
30,148,30.4859,-84.2288,30.5172,-84.2642
148,30,30.5172,-84.2642,30.4859,-84.2288
30,149,30.4859,-84.2288,30.3887,-84.3647
149,30,30.3887,-84.3647,30.4859,-84.2288
31,32,30.4831,-84.2208,30.4949,-84.3224
32,31,30.4949,-84.3224,30.4831,-84.2208
31,33,30.4831,-84.2208,30.4388,-84.3375
33,31,30.4388,-84.3375,30.4831,-84.2208
31,35,30.4831,-84.2208,30.3867,-84.2802
35,31,30.3867,-84.2802,30.4831,-84.2208
31,37,30.4831,-84.2208,30.5079,-84.2797
37,31,30.5079,-84.2797,30.4831,-84.2208
31,38,30.4831,-84.2208,30.5048,-84.293
38,31,30.5048,-84.293,30.4831,-84.2208
31,40,30.4831,-84.2208,30.4943,-84.2417
40,31,30.4943,-84.2417,30.4831,-84.2208
31,41,30.4831,-84.2208,30.4371,-84.2218
41,31,30.4371,-84.2218,30.4831,-84.2208
31,43,30.4831,-84.2208,30.4078,-84.215
43,31,30.4078,-84.215,30.4831,-84.2208
31,44,30.4831,-84.2208,30.4111,-84.2383
44,31,30.4111,-84.2383,30.4831,-84.2208
31,45,30.4831,-84.2208,30.4388,-84.2916
45,31,30.4388,-84.2916,30.4831,-84.2208
31,46,30.4831,-84.2208,30.4491,-84.2904
46,31,30.4491,-84.2904,30.4831,-84.2208
31,48,30.4831,-84.2208,30.5074,-84.333
48,31,30.5074,-84.333,30.4831,-84.2208
31,49,30.4831,-84.2208,30.4986,-84.3452
49,31,30.4986,-84.3452,30.4831,-84.2208
31,50,30.4831,-84.2208,30.4696,-84.3143
50,31,30.4696,-84.3143,30.4831,-84.2208
31,51,30.4831,-84.2208,30.3922,-84.3038
51,31,30.3922,-84.3038,30.4831,-84.2208
31,52,30.4831,-84.2208,30.3932,-84.2393
52,31,30.3932,-84.2393,30.4831,-84.2208
31,53,30.4831,-84.2208,30.3874,-84.2525
53,31,30.3874,-84.2525,30.4831,-84.2208
31,56,30.4831,-84.2208,30.5248,-84.2399
56,31,30.5248,-84.2399,30.4831,-84.2208
31,57,30.4831,-84.2208,30.5033,-84.2233
57,31,30.5033,-84.2233,30.4831,-84.2208
31,59,30.4831,-84.2208,30.4869,-84.3528
59,31,30.4869,-84.3528,30.4831,-84.2208
31,60,30.4831,-84.2208,30.4727,-84.3554
60,31,30.4727,-84.3554,30.4831,-84.2208
31,61,30.4831,-84.2208,30.428,-84.349
61,31,30.428,-84.349,30.4831,-84.2208
31,62,30.4831,-84.2208,30.4481,-84.242
62,31,30.4481,-84.242,30.4831,-84.2208
31,63,30.4831,-84.2208,30.4565,-84.2188
63,31,30.4565,-84.2188,30.4831,-84.2208
31,64,30.4831,-84.2208,30.4309,-84.2861
64,31,30.4309,-84.2861,30.4831,-84.2208
31,65,30.4831,-84.2208,30.4489,-84.2727
65,31,30.4489,-84.2727,30.4831,-84.2208
31,66,30.4831,-84.2208,30.4653,-84.2312
66,31,30.4653,-84.2312,30.4831,-84.2208
31,67,30.4831,-84.2208,30.3927,-84.2905
67,31,30.3927,-84.2905,30.4831,-84.2208
31,68,30.4831,-84.2208,30.4004,-84.2295
68,31,30.4004,-84.2295,30.4831,-84.2208
31,69,30.4831,-84.2208,30.3856,-84.2309
69,31,30.3856,-84.2309,30.4831,-84.2208
31,70,30.4831,-84.2208,30.3961,-84.2156
70,31,30.3961,-84.2156,30.4831,-84.2208
31,73,30.4831,-84.2208,30.4238,-84.2163
73,31,30.4238,-84.2163,30.4831,-84.2208
31,74,30.4831,-84.2208,30.429,-84.255
74,31,30.429,-84.255,30.4831,-84.2208
31,75,30.4831,-84.2208,30.3736,-84.2178
75,31,30.3736,-84.2178,30.4831,-84.2208
31,76,30.4831,-84.2208,30.5192,-84.3398
76,31,30.5192,-84.3398,30.4831,-84.2208
31,77,30.4831,-84.2208,30.4429,-84.2548
77,31,30.4429,-84.2548,30.4831,-84.2208
31,79,30.4831,-84.2208,30.384,-84.2103
79,31,30.384,-84.2103,30.4831,-84.2208
31,80,30.4831,-84.2208,30.3652,-84.2624
80,31,30.3652,-84.2624,30.4831,-84.2208
31,82,30.4831,-84.2208,30.4416,-84.2783
82,31,30.4416,-84.2783,30.4831,-84.2208
31,83,30.4831,-84.2208,30.5145,-84.371
83,31,30.5145,-84.371,30.4831,-84.2208
31,84,30.4831,-84.2208,30.4134,-84.3406
84,31,30.4134,-84.3406,30.4831,-84.2208
31,85,30.4831,-84.2208,30.4087,-84.3137
85,31,30.4087,-84.3137,30.4831,-84.2208
31,86,30.4831,-84.2208,30.513,-84.3247
86,31,30.513,-84.3247,30.4831,-84.2208
31,87,30.4831,-84.2208,30.5187,-84.2812
87,31,30.5187,-84.2812,30.4831,-84.2208
31,91,30.4831,-84.2208,30.4387,-84.364
91,31,30.4387,-84.364,30.4831,-84.2208
31,94,30.4831,-84.2208,30.5236,-84.2259
94,31,30.5236,-84.2259,30.4831,-84.2208
31,95,30.4831,-84.2208,30.4963,-84.2309
95,31,30.4963,-84.2309,30.4831,-84.2208
31,97,30.4831,-84.2208,30.3785,-84.2864
97,31,30.3785,-84.2864,30.4831,-84.2208
31,98,30.4831,-84.2208,30.527,-84.2767
98,31,30.527,-84.2767,30.4831,-84.2208
31,100,30.4831,-84.2208,30.4674,-84.2785
100,31,30.4674,-84.2785,30.4831,-84.2208
31,102,30.4831,-84.2208,30.3702,-84.2022
102,31,30.3702,-84.2022,30.4831,-84.2208
31,103,30.4831,-84.2208,30.3684,-84.2249
103,31,30.3684,-84.2249,30.4831,-84.2208
31,105,30.4831,-84.2208,30.4403,-84.2392
105,31,30.4403,-84.2392,30.4831,-84.2208
31,106,30.4831,-84.2208,30.3822,-84.3098
106,31,30.3822,-84.3098,30.4831,-84.2208
31,107,30.4831,-84.2208,30.5161,-84.2171
107,31,30.5161,-84.2171,30.4831,-84.2208
31,108,30.4831,-84.2208,30.4616,-84.1983
108,31,30.4616,-84.1983,30.4831,-84.2208
31,109,30.4831,-84.2208,30.4767,-84.2064
109,31,30.4767,-84.2064,30.4831,-84.2208
31,110,30.4831,-84.2208,30.3621,-84.2092
110,31,30.3621,-84.2092,30.4831,-84.2208
31,111,30.4831,-84.2208,30.5031,-84.2072
111,31,30.5031,-84.2072,30.4831,-84.2208
31,113,30.4831,-84.2208,30.354,-84.209
113,31,30.354,-84.209,30.4831,-84.2208
31,115,30.4831,-84.2208,30.4421,-84.3036
115,31,30.4421,-84.3036,30.4831,-84.2208
31,118,30.4831,-84.2208,30.4332,-84.2085
118,31,30.4332,-84.2085,30.4831,-84.2208
31,119,30.4831,-84.2208,30.4596,-84.1848
119,31,30.4596,-84.1848,30.4831,-84.2208
31,122,30.4831,-84.2208,30.46,-84.2377
122,31,30.46,-84.2377,30.4831,-84.2208
31,123,30.4831,-84.2208,30.3816,-84.3514
123,31,30.3816,-84.3514,30.4831,-84.2208
31,124,30.4831,-84.2208,30.5073,-84.3707
124,31,30.5073,-84.3707,30.4831,-84.2208
31,125,30.4831,-84.2208,30.4793,-84.2635
125,31,30.4793,-84.2635,30.4831,-84.2208
31,127,30.4831,-84.2208,30.3916,-84.2179
127,31,30.3916,-84.2179,30.4831,-84.2208
31,128,30.4831,-84.2208,30.3865,-84.3463
128,31,30.3865,-84.3463,30.4831,-84.2208
31,129,30.4831,-84.2208,30.4469,-84.3221
129,31,30.4469,-84.3221,30.4831,-84.2208
31,132,30.4831,-84.2208,30.4188,-84.3245
132,31,30.4188,-84.3245,30.4831,-84.2208
31,133,30.4831,-84.2208,30.493,-84.2922
133,31,30.493,-84.2922,30.4831,-84.2208
31,134,30.4831,-84.2208,30.445,-84.3428
134,31,30.445,-84.3428,30.4831,-84.2208
31,135,30.4831,-84.2208,30.3622,-84.2653
135,31,30.3622,-84.2653,30.4831,-84.2208
31,138,30.4831,-84.2208,30.4971,-84.1916
138,31,30.4971,-84.1916,30.4831,-84.2208
31,139,30.4831,-84.2208,30.3713,-84.3221
139,31,30.3713,-84.3221,30.4831,-84.2208
31,140,30.4831,-84.2208,30.4319,-84.2471
140,31,30.4319,-84.2471,30.4831,-84.2208
31,142,30.4831,-84.2208,30.5149,-84.3754
142,31,30.5149,-84.3754,30.4831,-84.2208
31,143,30.4831,-84.2208,30.4713,-84.3311
143,31,30.4713,-84.3311,30.4831,-84.2208
31,144,30.4831,-84.2208,30.4461,-84.3207
144,31,30.4461,-84.3207,30.4831,-84.2208
31,146,30.4831,-84.2208,30.4912,-84.1908
146,31,30.4912,-84.1908,30.4831,-84.2208
31,147,30.4831,-84.2208,30.5124,-84.1967
147,31,30.5124,-84.1967,30.4831,-84.2208
31,148,30.4831,-84.2208,30.5172,-84.2642
148,31,30.5172,-84.2642,30.4831,-84.2208
31,149,30.4831,-84.2208,30.3887,-84.3647
149,31,30.3887,-84.3647,30.4831,-84.2208
32,33,30.4949,-84.3224,30.4388,-84.3375
33,32,30.4388,-84.3375,30.4949,-84.3224
32,35,30.4949,-84.3224,30.3867,-84.2802
35,32,30.3867,-84.2802,30.4949,-84.3224
32,37,30.4949,-84.3224,30.5079,-84.2797
37,32,30.5079,-84.2797,30.4949,-84.3224
32,38,30.4949,-84.3224,30.5048,-84.293
38,32,30.5048,-84.293,30.4949,-84.3224
32,40,30.4949,-84.3224,30.4943,-84.2417
40,32,30.4943,-84.2417,30.4949,-84.3224
32,41,30.4949,-84.3224,30.4371,-84.2218
41,32,30.4371,-84.2218,30.4949,-84.3224
32,43,30.4949,-84.3224,30.4078,-84.215
43,32,30.4078,-84.215,30.4949,-84.3224
32,44,30.4949,-84.3224,30.4111,-84.2383
44,32,30.4111,-84.2383,30.4949,-84.3224
32,45,30.4949,-84.3224,30.4388,-84.2916
45,32,30.4388,-84.2916,30.4949,-84.3224
32,46,30.4949,-84.3224,30.4491,-84.2904
46,32,30.4491,-84.2904,30.4949,-84.3224
32,48,30.4949,-84.3224,30.5074,-84.333
48,32,30.5074,-84.333,30.4949,-84.3224
32,49,30.4949,-84.3224,30.4986,-84.3452
49,32,30.4986,-84.3452,30.4949,-84.3224
32,50,30.4949,-84.3224,30.4696,-84.3143
50,32,30.4696,-84.3143,30.4949,-84.3224
32,51,30.4949,-84.3224,30.3922,-84.3038
51,32,30.3922,-84.3038,30.4949,-84.3224
32,52,30.4949,-84.3224,30.3932,-84.2393
52,32,30.3932,-84.2393,30.4949,-84.3224
32,53,30.4949,-84.3224,30.3874,-84.2525
53,32,30.3874,-84.2525,30.4949,-84.3224
32,56,30.4949,-84.3224,30.5248,-84.2399
56,32,30.5248,-84.2399,30.4949,-84.3224
32,57,30.4949,-84.3224,30.5033,-84.2233
57,32,30.5033,-84.2233,30.4949,-84.3224
32,59,30.4949,-84.3224,30.4869,-84.3528
59,32,30.4869,-84.3528,30.4949,-84.3224
32,60,30.4949,-84.3224,30.4727,-84.3554
60,32,30.4727,-84.3554,30.4949,-84.3224
32,61,30.4949,-84.3224,30.428,-84.349
61,32,30.428,-84.349,30.4949,-84.3224
32,62,30.4949,-84.3224,30.4481,-84.242
62,32,30.4481,-84.242,30.4949,-84.3224
32,63,30.4949,-84.3224,30.4565,-84.2188
63,32,30.4565,-84.2188,30.4949,-84.3224
32,64,30.4949,-84.3224,30.4309,-84.2861
64,32,30.4309,-84.2861,30.4949,-84.3224
32,65,30.4949,-84.3224,30.4489,-84.2727
65,32,30.4489,-84.2727,30.4949,-84.3224
32,66,30.4949,-84.3224,30.4653,-84.2312
66,32,30.4653,-84.2312,30.4949,-84.3224
32,67,30.4949,-84.3224,30.3927,-84.2905
67,32,30.3927,-84.2905,30.4949,-84.3224
32,68,30.4949,-84.3224,30.4004,-84.2295
68,32,30.4004,-84.2295,30.4949,-84.3224
32,69,30.4949,-84.3224,30.3856,-84.2309
69,32,30.3856,-84.2309,30.4949,-84.3224
32,70,30.4949,-84.3224,30.3961,-84.2156
70,32,30.3961,-84.2156,30.4949,-84.3224
32,73,30.4949,-84.3224,30.4238,-84.2163
73,32,30.4238,-84.2163,30.4949,-84.3224
32,74,30.4949,-84.3224,30.429,-84.255
74,32,30.429,-84.255,30.4949,-84.3224
32,75,30.4949,-84.3224,30.3736,-84.2178
75,32,30.3736,-84.2178,30.4949,-84.3224
32,76,30.4949,-84.3224,30.5192,-84.3398
76,32,30.5192,-84.3398,30.4949,-84.3224
32,77,30.4949,-84.3224,30.4429,-84.2548
77,32,30.4429,-84.2548,30.4949,-84.3224
32,79,30.4949,-84.3224,30.384,-84.2103
79,32,30.384,-84.2103,30.4949,-84.3224
32,80,30.4949,-84.3224,30.3652,-84.2624
80,32,30.3652,-84.2624,30.4949,-84.3224
32,82,30.4949,-84.3224,30.4416,-84.2783
82,32,30.4416,-84.2783,30.4949,-84.3224
32,83,30.4949,-84.3224,30.5145,-84.371
83,32,30.5145,-84.371,30.4949,-84.3224
32,84,30.4949,-84.3224,30.4134,-84.3406
84,32,30.4134,-84.3406,30.4949,-84.3224
32,85,30.4949,-84.3224,30.4087,-84.3137
85,32,30.4087,-84.3137,30.4949,-84.3224
32,86,30.4949,-84.3224,30.513,-84.3247
86,32,30.513,-84.3247,30.4949,-84.3224
32,87,30.4949,-84.3224,30.5187,-84.2812
87,32,30.5187,-84.2812,30.4949,-84.3224
32,91,30.4949,-84.3224,30.4387,-84.364
91,32,30.4387,-84.364,30.4949,-84.3224
32,94,30.4949,-84.3224,30.5236,-84.2259
94,32,30.5236,-84.2259,30.4949,-84.3224
32,95,30.4949,-84.3224,30.4963,-84.2309
95,32,30.4963,-84.2309,30.4949,-84.3224
32,97,30.4949,-84.3224,30.3785,-84.2864
97,32,30.3785,-84.2864,30.4949,-84.3224
32,98,30.4949,-84.3224,30.527,-84.2767
98,32,30.527,-84.2767,30.4949,-84.3224
32,100,30.4949,-84.3224,30.4674,-84.2785
100,32,30.4674,-84.2785,30.4949,-84.3224
32,102,30.4949,-84.3224,30.3702,-84.2022
102,32,30.3702,-84.2022,30.4949,-84.3224
32,103,30.4949,-84.3224,30.3684,-84.2249
103,32,30.3684,-84.2249,30.4949,-84.3224
32,105,30.4949,-84.3224,30.4403,-84.2392
105,32,30.4403,-84.2392,30.4949,-84.3224
32,106,30.4949,-84.3224,30.3822,-84.3098
106,32,30.3822,-84.3098,30.4949,-84.3224
32,107,30.4949,-84.3224,30.5161,-84.2171
107,32,30.5161,-84.2171,30.4949,-84.3224
32,108,30.4949,-84.3224,30.4616,-84.1983
108,32,30.4616,-84.1983,30.4949,-84.3224
32,109,30.4949,-84.3224,30.4767,-84.2064
109,32,30.4767,-84.2064,30.4949,-84.3224
32,110,30.4949,-84.3224,30.3621,-84.2092
110,32,30.3621,-84.2092,30.4949,-84.3224
32,111,30.4949,-84.3224,30.5031,-84.2072
111,32,30.5031,-84.2072,30.4949,-84.3224
32,113,30.4949,-84.3224,30.354,-84.209
113,32,30.354,-84.209,30.4949,-84.3224
32,115,30.4949,-84.3224,30.4421,-84.3036
115,32,30.4421,-84.3036,30.4949,-84.3224
32,118,30.4949,-84.3224,30.4332,-84.2085
118,32,30.4332,-84.2085,30.4949,-84.3224
32,119,30.4949,-84.3224,30.4596,-84.1848
119,32,30.4596,-84.1848,30.4949,-84.3224
32,122,30.4949,-84.3224,30.46,-84.2377
122,32,30.46,-84.2377,30.4949,-84.3224
32,123,30.4949,-84.3224,30.3816,-84.3514
123,32,30.3816,-84.3514,30.4949,-84.3224
32,124,30.4949,-84.3224,30.5073,-84.3707
124,32,30.5073,-84.3707,30.4949,-84.3224
32,125,30.4949,-84.3224,30.4793,-84.2635
125,32,30.4793,-84.2635,30.4949,-84.3224
32,127,30.4949,-84.3224,30.3916,-84.2179
127,32,30.3916,-84.2179,30.4949,-84.3224
32,128,30.4949,-84.3224,30.3865,-84.3463
128,32,30.3865,-84.3463,30.4949,-84.3224
32,129,30.4949,-84.3224,30.4469,-84.3221
129,32,30.4469,-84.3221,30.4949,-84.3224
32,132,30.4949,-84.3224,30.4188,-84.3245
132,32,30.4188,-84.3245,30.4949,-84.3224
32,133,30.4949,-84.3224,30.493,-84.2922
133,32,30.493,-84.2922,30.4949,-84.3224
32,134,30.4949,-84.3224,30.445,-84.3428
134,32,30.445,-84.3428,30.4949,-84.3224
32,135,30.4949,-84.3224,30.3622,-84.2653
135,32,30.3622,-84.2653,30.4949,-84.3224
32,138,30.4949,-84.3224,30.4971,-84.1916
138,32,30.4971,-84.1916,30.4949,-84.3224
32,139,30.4949,-84.3224,30.3713,-84.3221
139,32,30.3713,-84.3221,30.4949,-84.3224
32,140,30.4949,-84.3224,30.4319,-84.2471
140,32,30.4319,-84.2471,30.4949,-84.3224
32,142,30.4949,-84.3224,30.5149,-84.3754
142,32,30.5149,-84.3754,30.4949,-84.3224
32,143,30.4949,-84.3224,30.4713,-84.3311
143,32,30.4713,-84.3311,30.4949,-84.3224
32,144,30.4949,-84.3224,30.4461,-84.3207
144,32,30.4461,-84.3207,30.4949,-84.3224
32,146,30.4949,-84.3224,30.4912,-84.1908
146,32,30.4912,-84.1908,30.4949,-84.3224
32,147,30.4949,-84.3224,30.5124,-84.1967
147,32,30.5124,-84.1967,30.4949,-84.3224
32,148,30.4949,-84.3224,30.5172,-84.2642
148,32,30.5172,-84.2642,30.4949,-84.3224
32,149,30.4949,-84.3224,30.3887,-84.3647
149,32,30.3887,-84.3647,30.4949,-84.3224
33,35,30.4388,-84.3375,30.3867,-84.2802
35,33,30.3867,-84.2802,30.4388,-84.3375
33,37,30.4388,-84.3375,30.5079,-84.2797
37,33,30.5079,-84.2797,30.4388,-84.3375
33,38,30.4388,-84.3375,30.5048,-84.293
38,33,30.5048,-84.293,30.4388,-84.3375
33,40,30.4388,-84.3375,30.4943,-84.2417
40,33,30.4943,-84.2417,30.4388,-84.3375
33,41,30.4388,-84.3375,30.4371,-84.2218
41,33,30.4371,-84.2218,30.4388,-84.3375
33,43,30.4388,-84.3375,30.4078,-84.215
43,33,30.4078,-84.215,30.4388,-84.3375
33,44,30.4388,-84.3375,30.4111,-84.2383
44,33,30.4111,-84.2383,30.4388,-84.3375
33,45,30.4388,-84.3375,30.4388,-84.2916
45,33,30.4388,-84.2916,30.4388,-84.3375
33,46,30.4388,-84.3375,30.4491,-84.2904
46,33,30.4491,-84.2904,30.4388,-84.3375
33,48,30.4388,-84.3375,30.5074,-84.333
48,33,30.5074,-84.333,30.4388,-84.3375
33,49,30.4388,-84.3375,30.4986,-84.3452
49,33,30.4986,-84.3452,30.4388,-84.3375
33,50,30.4388,-84.3375,30.4696,-84.3143
50,33,30.4696,-84.3143,30.4388,-84.3375
33,51,30.4388,-84.3375,30.3922,-84.3038
51,33,30.3922,-84.3038,30.4388,-84.3375
33,52,30.4388,-84.3375,30.3932,-84.2393
52,33,30.3932,-84.2393,30.4388,-84.3375
33,53,30.4388,-84.3375,30.3874,-84.2525
53,33,30.3874,-84.2525,30.4388,-84.3375
33,56,30.4388,-84.3375,30.5248,-84.2399
56,33,30.5248,-84.2399,30.4388,-84.3375
33,57,30.4388,-84.3375,30.5033,-84.2233
57,33,30.5033,-84.2233,30.4388,-84.3375
33,59,30.4388,-84.3375,30.4869,-84.3528
59,33,30.4869,-84.3528,30.4388,-84.3375
33,60,30.4388,-84.3375,30.4727,-84.3554
60,33,30.4727,-84.3554,30.4388,-84.3375
33,61,30.4388,-84.3375,30.428,-84.349
61,33,30.428,-84.349,30.4388,-84.3375
33,62,30.4388,-84.3375,30.4481,-84.242
62,33,30.4481,-84.242,30.4388,-84.3375
33,63,30.4388,-84.3375,30.4565,-84.2188
63,33,30.4565,-84.2188,30.4388,-84.3375
33,64,30.4388,-84.3375,30.4309,-84.2861
64,33,30.4309,-84.2861,30.4388,-84.3375
33,65,30.4388,-84.3375,30.4489,-84.2727
65,33,30.4489,-84.2727,30.4388,-84.3375
33,66,30.4388,-84.3375,30.4653,-84.2312
66,33,30.4653,-84.2312,30.4388,-84.3375
33,67,30.4388,-84.3375,30.3927,-84.2905
67,33,30.3927,-84.2905,30.4388,-84.3375
33,68,30.4388,-84.3375,30.4004,-84.2295
68,33,30.4004,-84.2295,30.4388,-84.3375
33,69,30.4388,-84.3375,30.3856,-84.2309
69,33,30.3856,-84.2309,30.4388,-84.3375
33,70,30.4388,-84.3375,30.3961,-84.2156
70,33,30.3961,-84.2156,30.4388,-84.3375
33,73,30.4388,-84.3375,30.4238,-84.2163
73,33,30.4238,-84.2163,30.4388,-84.3375
33,74,30.4388,-84.3375,30.429,-84.255
74,33,30.429,-84.255,30.4388,-84.3375
33,75,30.4388,-84.3375,30.3736,-84.2178
75,33,30.3736,-84.2178,30.4388,-84.3375
33,76,30.4388,-84.3375,30.5192,-84.3398
76,33,30.5192,-84.3398,30.4388,-84.3375
33,77,30.4388,-84.3375,30.4429,-84.2548
77,33,30.4429,-84.2548,30.4388,-84.3375
33,79,30.4388,-84.3375,30.384,-84.2103
79,33,30.384,-84.2103,30.4388,-84.3375
33,80,30.4388,-84.3375,30.3652,-84.2624
80,33,30.3652,-84.2624,30.4388,-84.3375
33,82,30.4388,-84.3375,30.4416,-84.2783
82,33,30.4416,-84.2783,30.4388,-84.3375
33,83,30.4388,-84.3375,30.5145,-84.371
83,33,30.5145,-84.371,30.4388,-84.3375
33,84,30.4388,-84.3375,30.4134,-84.3406
84,33,30.4134,-84.3406,30.4388,-84.3375
33,85,30.4388,-84.3375,30.4087,-84.3137
85,33,30.4087,-84.3137,30.4388,-84.3375
33,86,30.4388,-84.3375,30.513,-84.3247
86,33,30.513,-84.3247,30.4388,-84.3375
33,87,30.4388,-84.3375,30.5187,-84.2812
87,33,30.5187,-84.2812,30.4388,-84.3375
33,91,30.4388,-84.3375,30.4387,-84.364
91,33,30.4387,-84.364,30.4388,-84.3375
33,94,30.4388,-84.3375,30.5236,-84.2259
94,33,30.5236,-84.2259,30.4388,-84.3375
33,95,30.4388,-84.3375,30.4963,-84.2309
95,33,30.4963,-84.2309,30.4388,-84.3375
33,97,30.4388,-84.3375,30.3785,-84.2864
97,33,30.3785,-84.2864,30.4388,-84.3375
33,98,30.4388,-84.3375,30.527,-84.2767
98,33,30.527,-84.2767,30.4388,-84.3375
33,100,30.4388,-84.3375,30.4674,-84.2785
100,33,30.4674,-84.2785,30.4388,-84.3375
33,102,30.4388,-84.3375,30.3702,-84.2022
102,33,30.3702,-84.2022,30.4388,-84.3375
33,103,30.4388,-84.3375,30.3684,-84.2249
103,33,30.3684,-84.2249,30.4388,-84.3375
33,105,30.4388,-84.3375,30.4403,-84.2392
105,33,30.4403,-84.2392,30.4388,-84.3375
33,106,30.4388,-84.3375,30.3822,-84.3098
106,33,30.3822,-84.3098,30.4388,-84.3375
33,107,30.4388,-84.3375,30.5161,-84.2171
107,33,30.5161,-84.2171,30.4388,-84.3375
33,108,30.4388,-84.3375,30.4616,-84.1983
108,33,30.4616,-84.1983,30.4388,-84.3375
33,109,30.4388,-84.3375,30.4767,-84.2064
109,33,30.4767,-84.2064,30.4388,-84.3375
33,110,30.4388,-84.3375,30.3621,-84.2092
110,33,30.3621,-84.2092,30.4388,-84.3375
33,111,30.4388,-84.3375,30.5031,-84.2072
111,33,30.5031,-84.2072,30.4388,-84.3375
33,113,30.4388,-84.3375,30.354,-84.209
113,33,30.354,-84.209,30.4388,-84.3375
33,115,30.4388,-84.3375,30.4421,-84.3036
115,33,30.4421,-84.3036,30.4388,-84.3375
33,118,30.4388,-84.3375,30.4332,-84.2085
118,33,30.4332,-84.2085,30.4388,-84.3375
33,119,30.4388,-84.3375,30.4596,-84.1848
119,33,30.4596,-84.1848,30.4388,-84.3375
33,122,30.4388,-84.3375,30.46,-84.2377
122,33,30.46,-84.2377,30.4388,-84.3375
33,123,30.4388,-84.3375,30.3816,-84.3514
123,33,30.3816,-84.3514,30.4388,-84.3375
33,124,30.4388,-84.3375,30.5073,-84.3707
124,33,30.5073,-84.3707,30.4388,-84.3375
33,125,30.4388,-84.3375,30.4793,-84.2635
125,33,30.4793,-84.2635,30.4388,-84.3375
33,127,30.4388,-84.3375,30.3916,-84.2179
127,33,30.3916,-84.2179,30.4388,-84.3375
33,128,30.4388,-84.3375,30.3865,-84.3463
128,33,30.3865,-84.3463,30.4388,-84.3375
33,129,30.4388,-84.3375,30.4469,-84.3221
129,33,30.4469,-84.3221,30.4388,-84.3375
33,132,30.4388,-84.3375,30.4188,-84.3245
132,33,30.4188,-84.3245,30.4388,-84.3375
33,133,30.4388,-84.3375,30.493,-84.2922
133,33,30.493,-84.2922,30.4388,-84.3375
33,134,30.4388,-84.3375,30.445,-84.3428
134,33,30.445,-84.3428,30.4388,-84.3375
33,135,30.4388,-84.3375,30.3622,-84.2653
135,33,30.3622,-84.2653,30.4388,-84.3375
33,138,30.4388,-84.3375,30.4971,-84.1916
138,33,30.4971,-84.1916,30.4388,-84.3375
33,139,30.4388,-84.3375,30.3713,-84.3221
139,33,30.3713,-84.3221,30.4388,-84.3375
33,140,30.4388,-84.3375,30.4319,-84.2471
140,33,30.4319,-84.2471,30.4388,-84.3375
33,142,30.4388,-84.3375,30.5149,-84.3754
142,33,30.5149,-84.3754,30.4388,-84.3375
33,143,30.4388,-84.3375,30.4713,-84.3311
143,33,30.4713,-84.3311,30.4388,-84.3375
33,144,30.4388,-84.3375,30.4461,-84.3207
144,33,30.4461,-84.3207,30.4388,-84.3375
33,146,30.4388,-84.3375,30.4912,-84.1908
146,33,30.4912,-84.1908,30.4388,-84.3375
33,147,30.4388,-84.3375,30.5124,-84.1967
147,33,30.5124,-84.1967,30.4388,-84.3375
33,148,30.4388,-84.3375,30.5172,-84.2642
148,33,30.5172,-84.2642,30.4388,-84.3375
33,149,30.4388,-84.3375,30.3887,-84.3647
149,33,30.3887,-84.3647,30.4388,-84.3375
35,37,30.3867,-84.2802,30.5079,-84.2797
37,35,30.5079,-84.2797,30.3867,-84.2802
35,38,30.3867,-84.2802,30.5048,-84.293
38,35,30.5048,-84.293,30.3867,-84.2802
35,40,30.3867,-84.2802,30.4943,-84.2417
40,35,30.4943,-84.2417,30.3867,-84.2802
35,41,30.3867,-84.2802,30.4371,-84.2218
41,35,30.4371,-84.2218,30.3867,-84.2802
35,43,30.3867,-84.2802,30.4078,-84.215
43,35,30.4078,-84.215,30.3867,-84.2802
35,44,30.3867,-84.2802,30.4111,-84.2383
44,35,30.4111,-84.2383,30.3867,-84.2802
35,45,30.3867,-84.2802,30.4388,-84.2916
45,35,30.4388,-84.2916,30.3867,-84.2802
35,46,30.3867,-84.2802,30.4491,-84.2904
46,35,30.4491,-84.2904,30.3867,-84.2802
35,48,30.3867,-84.2802,30.5074,-84.333
48,35,30.5074,-84.333,30.3867,-84.2802
35,49,30.3867,-84.2802,30.4986,-84.3452
49,35,30.4986,-84.3452,30.3867,-84.2802
35,50,30.3867,-84.2802,30.4696,-84.3143
50,35,30.4696,-84.3143,30.3867,-84.2802
35,51,30.3867,-84.2802,30.3922,-84.3038
51,35,30.3922,-84.3038,30.3867,-84.2802
35,52,30.3867,-84.2802,30.3932,-84.2393
52,35,30.3932,-84.2393,30.3867,-84.2802
35,53,30.3867,-84.2802,30.3874,-84.2525
53,35,30.3874,-84.2525,30.3867,-84.2802
35,56,30.3867,-84.2802,30.5248,-84.2399
56,35,30.5248,-84.2399,30.3867,-84.2802
35,57,30.3867,-84.2802,30.5033,-84.2233
57,35,30.5033,-84.2233,30.3867,-84.2802
35,59,30.3867,-84.2802,30.4869,-84.3528
59,35,30.4869,-84.3528,30.3867,-84.2802
35,60,30.3867,-84.2802,30.4727,-84.3554
60,35,30.4727,-84.3554,30.3867,-84.2802
35,61,30.3867,-84.2802,30.428,-84.349
61,35,30.428,-84.349,30.3867,-84.2802
35,62,30.3867,-84.2802,30.4481,-84.242
62,35,30.4481,-84.242,30.3867,-84.2802
35,63,30.3867,-84.2802,30.4565,-84.2188
63,35,30.4565,-84.2188,30.3867,-84.2802
35,64,30.3867,-84.2802,30.4309,-84.2861
64,35,30.4309,-84.2861,30.3867,-84.2802
35,65,30.3867,-84.2802,30.4489,-84.2727
65,35,30.4489,-84.2727,30.3867,-84.2802
35,66,30.3867,-84.2802,30.4653,-84.2312
66,35,30.4653,-84.2312,30.3867,-84.2802
35,67,30.3867,-84.2802,30.3927,-84.2905
67,35,30.3927,-84.2905,30.3867,-84.2802
35,68,30.3867,-84.2802,30.4004,-84.2295
68,35,30.4004,-84.2295,30.3867,-84.2802
35,69,30.3867,-84.2802,30.3856,-84.2309
69,35,30.3856,-84.2309,30.3867,-84.2802
35,70,30.3867,-84.2802,30.3961,-84.2156
70,35,30.3961,-84.2156,30.3867,-84.2802
35,73,30.3867,-84.2802,30.4238,-84.2163
73,35,30.4238,-84.2163,30.3867,-84.2802
35,74,30.3867,-84.2802,30.429,-84.255
74,35,30.429,-84.255,30.3867,-84.2802
35,75,30.3867,-84.2802,30.3736,-84.2178
75,35,30.3736,-84.2178,30.3867,-84.2802
35,76,30.3867,-84.2802,30.5192,-84.3398
76,35,30.5192,-84.3398,30.3867,-84.2802
35,77,30.3867,-84.2802,30.4429,-84.2548
77,35,30.4429,-84.2548,30.3867,-84.2802
35,79,30.3867,-84.2802,30.384,-84.2103
79,35,30.384,-84.2103,30.3867,-84.2802
35,80,30.3867,-84.2802,30.3652,-84.2624
80,35,30.3652,-84.2624,30.3867,-84.2802
35,82,30.3867,-84.2802,30.4416,-84.2783
82,35,30.4416,-84.2783,30.3867,-84.2802
35,83,30.3867,-84.2802,30.5145,-84.371
83,35,30.5145,-84.371,30.3867,-84.2802
35,84,30.3867,-84.2802,30.4134,-84.3406
84,35,30.4134,-84.3406,30.3867,-84.2802
35,85,30.3867,-84.2802,30.4087,-84.3137
85,35,30.4087,-84.3137,30.3867,-84.2802
35,86,30.3867,-84.2802,30.513,-84.3247
86,35,30.513,-84.3247,30.3867,-84.2802
35,87,30.3867,-84.2802,30.5187,-84.2812
87,35,30.5187,-84.2812,30.3867,-84.2802
35,91,30.3867,-84.2802,30.4387,-84.364
91,35,30.4387,-84.364,30.3867,-84.2802
35,94,30.3867,-84.2802,30.5236,-84.2259
94,35,30.5236,-84.2259,30.3867,-84.2802
35,95,30.3867,-84.2802,30.4963,-84.2309
95,35,30.4963,-84.2309,30.3867,-84.2802
35,97,30.3867,-84.2802,30.3785,-84.2864
97,35,30.3785,-84.2864,30.3867,-84.2802
35,98,30.3867,-84.2802,30.527,-84.2767
98,35,30.527,-84.2767,30.3867,-84.2802
35,100,30.3867,-84.2802,30.4674,-84.2785
100,35,30.4674,-84.2785,30.3867,-84.2802
35,102,30.3867,-84.2802,30.3702,-84.2022
102,35,30.3702,-84.2022,30.3867,-84.2802
35,103,30.3867,-84.2802,30.3684,-84.2249
103,35,30.3684,-84.2249,30.3867,-84.2802
35,105,30.3867,-84.2802,30.4403,-84.2392
105,35,30.4403,-84.2392,30.3867,-84.2802
35,106,30.3867,-84.2802,30.3822,-84.3098
106,35,30.3822,-84.3098,30.3867,-84.2802
35,107,30.3867,-84.2802,30.5161,-84.2171
107,35,30.5161,-84.2171,30.3867,-84.2802
35,108,30.3867,-84.2802,30.4616,-84.1983
108,35,30.4616,-84.1983,30.3867,-84.2802
35,109,30.3867,-84.2802,30.4767,-84.2064
109,35,30.4767,-84.2064,30.3867,-84.2802
35,110,30.3867,-84.2802,30.3621,-84.2092
110,35,30.3621,-84.2092,30.3867,-84.2802
35,111,30.3867,-84.2802,30.5031,-84.2072
111,35,30.5031,-84.2072,30.3867,-84.2802
35,113,30.3867,-84.2802,30.354,-84.209
113,35,30.354,-84.209,30.3867,-84.2802
35,115,30.3867,-84.2802,30.4421,-84.3036
115,35,30.4421,-84.3036,30.3867,-84.2802
35,118,30.3867,-84.2802,30.4332,-84.2085
118,35,30.4332,-84.2085,30.3867,-84.2802
35,119,30.3867,-84.2802,30.4596,-84.1848
119,35,30.4596,-84.1848,30.3867,-84.2802
35,122,30.3867,-84.2802,30.46,-84.2377
122,35,30.46,-84.2377,30.3867,-84.2802
35,123,30.3867,-84.2802,30.3816,-84.3514
123,35,30.3816,-84.3514,30.3867,-84.2802
35,124,30.3867,-84.2802,30.5073,-84.3707
124,35,30.5073,-84.3707,30.3867,-84.2802
35,125,30.3867,-84.2802,30.4793,-84.2635
125,35,30.4793,-84.2635,30.3867,-84.2802
35,127,30.3867,-84.2802,30.3916,-84.2179
127,35,30.3916,-84.2179,30.3867,-84.2802
35,128,30.3867,-84.2802,30.3865,-84.3463
128,35,30.3865,-84.3463,30.3867,-84.2802
35,129,30.3867,-84.2802,30.4469,-84.3221
129,35,30.4469,-84.3221,30.3867,-84.2802
35,132,30.3867,-84.2802,30.4188,-84.3245
132,35,30.4188,-84.3245,30.3867,-84.2802
35,133,30.3867,-84.2802,30.493,-84.2922
133,35,30.493,-84.2922,30.3867,-84.2802
35,134,30.3867,-84.2802,30.445,-84.3428
134,35,30.445,-84.3428,30.3867,-84.2802
35,135,30.3867,-84.2802,30.3622,-84.2653
135,35,30.3622,-84.2653,30.3867,-84.2802
35,138,30.3867,-84.2802,30.4971,-84.1916
138,35,30.4971,-84.1916,30.3867,-84.2802
35,139,30.3867,-84.2802,30.3713,-84.3221
139,35,30.3713,-84.3221,30.3867,-84.2802
35,140,30.3867,-84.2802,30.4319,-84.2471
140,35,30.4319,-84.2471,30.3867,-84.2802
35,142,30.3867,-84.2802,30.5149,-84.3754
142,35,30.5149,-84.3754,30.3867,-84.2802
35,143,30.3867,-84.2802,30.4713,-84.3311
143,35,30.4713,-84.3311,30.3867,-84.2802
35,144,30.3867,-84.2802,30.4461,-84.3207
144,35,30.4461,-84.3207,30.3867,-84.2802
35,146,30.3867,-84.2802,30.4912,-84.1908
146,35,30.4912,-84.1908,30.3867,-84.2802
35,147,30.3867,-84.2802,30.5124,-84.1967
147,35,30.5124,-84.1967,30.3867,-84.2802
35,148,30.3867,-84.2802,30.5172,-84.2642
148,35,30.5172,-84.2642,30.3867,-84.2802
35,149,30.3867,-84.2802,30.3887,-84.3647
149,35,30.3887,-84.3647,30.3867,-84.2802
37,38,30.5079,-84.2797,30.5048,-84.293
38,37,30.5048,-84.293,30.5079,-84.2797
37,40,30.5079,-84.2797,30.4943,-84.2417
40,37,30.4943,-84.2417,30.5079,-84.2797
37,41,30.5079,-84.2797,30.4371,-84.2218
41,37,30.4371,-84.2218,30.5079,-84.2797
37,43,30.5079,-84.2797,30.4078,-84.215
43,37,30.4078,-84.215,30.5079,-84.2797
37,44,30.5079,-84.2797,30.4111,-84.2383
44,37,30.4111,-84.2383,30.5079,-84.2797
37,45,30.5079,-84.2797,30.4388,-84.2916
45,37,30.4388,-84.2916,30.5079,-84.2797
37,46,30.5079,-84.2797,30.4491,-84.2904
46,37,30.4491,-84.2904,30.5079,-84.2797
37,48,30.5079,-84.2797,30.5074,-84.333
48,37,30.5074,-84.333,30.5079,-84.2797
37,49,30.5079,-84.2797,30.4986,-84.3452
49,37,30.4986,-84.3452,30.5079,-84.2797
37,50,30.5079,-84.2797,30.4696,-84.3143
50,37,30.4696,-84.3143,30.5079,-84.2797
37,51,30.5079,-84.2797,30.3922,-84.3038
51,37,30.3922,-84.3038,30.5079,-84.2797
37,52,30.5079,-84.2797,30.3932,-84.2393
52,37,30.3932,-84.2393,30.5079,-84.2797
37,53,30.5079,-84.2797,30.3874,-84.2525
53,37,30.3874,-84.2525,30.5079,-84.2797
37,56,30.5079,-84.2797,30.5248,-84.2399
56,37,30.5248,-84.2399,30.5079,-84.2797
37,57,30.5079,-84.2797,30.5033,-84.2233
57,37,30.5033,-84.2233,30.5079,-84.2797
37,59,30.5079,-84.2797,30.4869,-84.3528
59,37,30.4869,-84.3528,30.5079,-84.2797
37,60,30.5079,-84.2797,30.4727,-84.3554
60,37,30.4727,-84.3554,30.5079,-84.2797
37,61,30.5079,-84.2797,30.428,-84.349
61,37,30.428,-84.349,30.5079,-84.2797
37,62,30.5079,-84.2797,30.4481,-84.242
62,37,30.4481,-84.242,30.5079,-84.2797
37,63,30.5079,-84.2797,30.4565,-84.2188
63,37,30.4565,-84.2188,30.5079,-84.2797
37,64,30.5079,-84.2797,30.4309,-84.2861
64,37,30.4309,-84.2861,30.5079,-84.2797
37,65,30.5079,-84.2797,30.4489,-84.2727
65,37,30.4489,-84.2727,30.5079,-84.2797
37,66,30.5079,-84.2797,30.4653,-84.2312
66,37,30.4653,-84.2312,30.5079,-84.2797
37,67,30.5079,-84.2797,30.3927,-84.2905
67,37,30.3927,-84.2905,30.5079,-84.2797
37,68,30.5079,-84.2797,30.4004,-84.2295
68,37,30.4004,-84.2295,30.5079,-84.2797
37,69,30.5079,-84.2797,30.3856,-84.2309
69,37,30.3856,-84.2309,30.5079,-84.2797
37,70,30.5079,-84.2797,30.3961,-84.2156
70,37,30.3961,-84.2156,30.5079,-84.2797
37,73,30.5079,-84.2797,30.4238,-84.2163
73,37,30.4238,-84.2163,30.5079,-84.2797
37,74,30.5079,-84.2797,30.429,-84.255
74,37,30.429,-84.255,30.5079,-84.2797
37,75,30.5079,-84.2797,30.3736,-84.2178
75,37,30.3736,-84.2178,30.5079,-84.2797
37,76,30.5079,-84.2797,30.5192,-84.3398
76,37,30.5192,-84.3398,30.5079,-84.2797
37,77,30.5079,-84.2797,30.4429,-84.2548
77,37,30.4429,-84.2548,30.5079,-84.2797
37,79,30.5079,-84.2797,30.384,-84.2103
79,37,30.384,-84.2103,30.5079,-84.2797
37,80,30.5079,-84.2797,30.3652,-84.2624
80,37,30.3652,-84.2624,30.5079,-84.2797
37,82,30.5079,-84.2797,30.4416,-84.2783
82,37,30.4416,-84.2783,30.5079,-84.2797
37,83,30.5079,-84.2797,30.5145,-84.371
83,37,30.5145,-84.371,30.5079,-84.2797
37,84,30.5079,-84.2797,30.4134,-84.3406
84,37,30.4134,-84.3406,30.5079,-84.2797
37,85,30.5079,-84.2797,30.4087,-84.3137
85,37,30.4087,-84.3137,30.5079,-84.2797
37,86,30.5079,-84.2797,30.513,-84.3247
86,37,30.513,-84.3247,30.5079,-84.2797
37,87,30.5079,-84.2797,30.5187,-84.2812
87,37,30.5187,-84.2812,30.5079,-84.2797
37,91,30.5079,-84.2797,30.4387,-84.364
91,37,30.4387,-84.364,30.5079,-84.2797
37,94,30.5079,-84.2797,30.5236,-84.2259
94,37,30.5236,-84.2259,30.5079,-84.2797
37,95,30.5079,-84.2797,30.4963,-84.2309
95,37,30.4963,-84.2309,30.5079,-84.2797
37,97,30.5079,-84.2797,30.3785,-84.2864
97,37,30.3785,-84.2864,30.5079,-84.2797
37,98,30.5079,-84.2797,30.527,-84.2767
98,37,30.527,-84.2767,30.5079,-84.2797
37,100,30.5079,-84.2797,30.4674,-84.2785
100,37,30.4674,-84.2785,30.5079,-84.2797
37,102,30.5079,-84.2797,30.3702,-84.2022
102,37,30.3702,-84.2022,30.5079,-84.2797
37,103,30.5079,-84.2797,30.3684,-84.2249
103,37,30.3684,-84.2249,30.5079,-84.2797
37,105,30.5079,-84.2797,30.4403,-84.2392
105,37,30.4403,-84.2392,30.5079,-84.2797
37,106,30.5079,-84.2797,30.3822,-84.3098
106,37,30.3822,-84.3098,30.5079,-84.2797
37,107,30.5079,-84.2797,30.5161,-84.2171
107,37,30.5161,-84.2171,30.5079,-84.2797
37,108,30.5079,-84.2797,30.4616,-84.1983
108,37,30.4616,-84.1983,30.5079,-84.2797
37,109,30.5079,-84.2797,30.4767,-84.2064
109,37,30.4767,-84.2064,30.5079,-84.2797
37,110,30.5079,-84.2797,30.3621,-84.2092
110,37,30.3621,-84.2092,30.5079,-84.2797
37,111,30.5079,-84.2797,30.5031,-84.2072
111,37,30.5031,-84.2072,30.5079,-84.2797
37,113,30.5079,-84.2797,30.354,-84.209
113,37,30.354,-84.209,30.5079,-84.2797
37,115,30.5079,-84.2797,30.4421,-84.3036
115,37,30.4421,-84.3036,30.5079,-84.2797
37,118,30.5079,-84.2797,30.4332,-84.2085
118,37,30.4332,-84.2085,30.5079,-84.2797
37,119,30.5079,-84.2797,30.4596,-84.1848
119,37,30.4596,-84.1848,30.5079,-84.2797
37,122,30.5079,-84.2797,30.46,-84.2377
122,37,30.46,-84.2377,30.5079,-84.2797
37,123,30.5079,-84.2797,30.3816,-84.3514
123,37,30.3816,-84.3514,30.5079,-84.2797
37,124,30.5079,-84.2797,30.5073,-84.3707
124,37,30.5073,-84.3707,30.5079,-84.2797
37,125,30.5079,-84.2797,30.4793,-84.2635
125,37,30.4793,-84.2635,30.5079,-84.2797
37,127,30.5079,-84.2797,30.3916,-84.2179
127,37,30.3916,-84.2179,30.5079,-84.2797
37,128,30.5079,-84.2797,30.3865,-84.3463
128,37,30.3865,-84.3463,30.5079,-84.2797
37,129,30.5079,-84.2797,30.4469,-84.3221
129,37,30.4469,-84.3221,30.5079,-84.2797
37,132,30.5079,-84.2797,30.4188,-84.3245
132,37,30.4188,-84.3245,30.5079,-84.2797
37,133,30.5079,-84.2797,30.493,-84.2922
133,37,30.493,-84.2922,30.5079,-84.2797
37,134,30.5079,-84.2797,30.445,-84.3428
134,37,30.445,-84.3428,30.5079,-84.2797
37,135,30.5079,-84.2797,30.3622,-84.2653
135,37,30.3622,-84.2653,30.5079,-84.2797
37,138,30.5079,-84.2797,30.4971,-84.1916
138,37,30.4971,-84.1916,30.5079,-84.2797
37,139,30.5079,-84.2797,30.3713,-84.3221
139,37,30.3713,-84.3221,30.5079,-84.2797
37,140,30.5079,-84.2797,30.4319,-84.2471
140,37,30.4319,-84.2471,30.5079,-84.2797
37,142,30.5079,-84.2797,30.5149,-84.3754
142,37,30.5149,-84.3754,30.5079,-84.2797
37,143,30.5079,-84.2797,30.4713,-84.3311
143,37,30.4713,-84.3311,30.5079,-84.2797
37,144,30.5079,-84.2797,30.4461,-84.3207
144,37,30.4461,-84.3207,30.5079,-84.2797
37,146,30.5079,-84.2797,30.4912,-84.1908
146,37,30.4912,-84.1908,30.5079,-84.2797
37,147,30.5079,-84.2797,30.5124,-84.1967
147,37,30.5124,-84.1967,30.5079,-84.2797
37,148,30.5079,-84.2797,30.5172,-84.2642
148,37,30.5172,-84.2642,30.5079,-84.2797
37,149,30.5079,-84.2797,30.3887,-84.3647
149,37,30.3887,-84.3647,30.5079,-84.2797
38,40,30.5048,-84.293,30.4943,-84.2417
40,38,30.4943,-84.2417,30.5048,-84.293
38,41,30.5048,-84.293,30.4371,-84.2218
41,38,30.4371,-84.2218,30.5048,-84.293
38,43,30.5048,-84.293,30.4078,-84.215
43,38,30.4078,-84.215,30.5048,-84.293
38,44,30.5048,-84.293,30.4111,-84.2383
44,38,30.4111,-84.2383,30.5048,-84.293
38,45,30.5048,-84.293,30.4388,-84.2916
45,38,30.4388,-84.2916,30.5048,-84.293
38,46,30.5048,-84.293,30.4491,-84.2904
46,38,30.4491,-84.2904,30.5048,-84.293
38,48,30.5048,-84.293,30.5074,-84.333
48,38,30.5074,-84.333,30.5048,-84.293
38,49,30.5048,-84.293,30.4986,-84.3452
49,38,30.4986,-84.3452,30.5048,-84.293
38,50,30.5048,-84.293,30.4696,-84.3143
50,38,30.4696,-84.3143,30.5048,-84.293
38,51,30.5048,-84.293,30.3922,-84.3038
51,38,30.3922,-84.3038,30.5048,-84.293
38,52,30.5048,-84.293,30.3932,-84.2393
52,38,30.3932,-84.2393,30.5048,-84.293
38,53,30.5048,-84.293,30.3874,-84.2525
53,38,30.3874,-84.2525,30.5048,-84.293
38,56,30.5048,-84.293,30.5248,-84.2399
56,38,30.5248,-84.2399,30.5048,-84.293
38,57,30.5048,-84.293,30.5033,-84.2233
57,38,30.5033,-84.2233,30.5048,-84.293
38,59,30.5048,-84.293,30.4869,-84.3528
59,38,30.4869,-84.3528,30.5048,-84.293
38,60,30.5048,-84.293,30.4727,-84.3554
60,38,30.4727,-84.3554,30.5048,-84.293
38,61,30.5048,-84.293,30.428,-84.349
61,38,30.428,-84.349,30.5048,-84.293
38,62,30.5048,-84.293,30.4481,-84.242
62,38,30.4481,-84.242,30.5048,-84.293
38,63,30.5048,-84.293,30.4565,-84.2188
63,38,30.4565,-84.2188,30.5048,-84.293
38,64,30.5048,-84.293,30.4309,-84.2861
64,38,30.4309,-84.2861,30.5048,-84.293
38,65,30.5048,-84.293,30.4489,-84.2727
65,38,30.4489,-84.2727,30.5048,-84.293
38,66,30.5048,-84.293,30.4653,-84.2312
66,38,30.4653,-84.2312,30.5048,-84.293
38,67,30.5048,-84.293,30.3927,-84.2905
67,38,30.3927,-84.2905,30.5048,-84.293
38,68,30.5048,-84.293,30.4004,-84.2295
68,38,30.4004,-84.2295,30.5048,-84.293
38,69,30.5048,-84.293,30.3856,-84.2309
69,38,30.3856,-84.2309,30.5048,-84.293
38,70,30.5048,-84.293,30.3961,-84.2156
70,38,30.3961,-84.2156,30.5048,-84.293
38,73,30.5048,-84.293,30.4238,-84.2163
73,38,30.4238,-84.2163,30.5048,-84.293
38,74,30.5048,-84.293,30.429,-84.255
74,38,30.429,-84.255,30.5048,-84.293
38,75,30.5048,-84.293,30.3736,-84.2178
75,38,30.3736,-84.2178,30.5048,-84.293
38,76,30.5048,-84.293,30.5192,-84.3398
76,38,30.5192,-84.3398,30.5048,-84.293
38,77,30.5048,-84.293,30.4429,-84.2548
77,38,30.4429,-84.2548,30.5048,-84.293
38,79,30.5048,-84.293,30.384,-84.2103
79,38,30.384,-84.2103,30.5048,-84.293
38,80,30.5048,-84.293,30.3652,-84.2624
80,38,30.3652,-84.2624,30.5048,-84.293
38,82,30.5048,-84.293,30.4416,-84.2783
82,38,30.4416,-84.2783,30.5048,-84.293
38,83,30.5048,-84.293,30.5145,-84.371
83,38,30.5145,-84.371,30.5048,-84.293
38,84,30.5048,-84.293,30.4134,-84.3406
84,38,30.4134,-84.3406,30.5048,-84.293
38,85,30.5048,-84.293,30.4087,-84.3137
85,38,30.4087,-84.3137,30.5048,-84.293
38,86,30.5048,-84.293,30.513,-84.3247
86,38,30.513,-84.3247,30.5048,-84.293
38,87,30.5048,-84.293,30.5187,-84.2812
87,38,30.5187,-84.2812,30.5048,-84.293
38,91,30.5048,-84.293,30.4387,-84.364
91,38,30.4387,-84.364,30.5048,-84.293
38,94,30.5048,-84.293,30.5236,-84.2259
94,38,30.5236,-84.2259,30.5048,-84.293
38,95,30.5048,-84.293,30.4963,-84.2309
95,38,30.4963,-84.2309,30.5048,-84.293
38,97,30.5048,-84.293,30.3785,-84.2864
97,38,30.3785,-84.2864,30.5048,-84.293
38,98,30.5048,-84.293,30.527,-84.2767
98,38,30.527,-84.2767,30.5048,-84.293
38,100,30.5048,-84.293,30.4674,-84.2785
100,38,30.4674,-84.2785,30.5048,-84.293
38,102,30.5048,-84.293,30.3702,-84.2022
102,38,30.3702,-84.2022,30.5048,-84.293
38,103,30.5048,-84.293,30.3684,-84.2249
103,38,30.3684,-84.2249,30.5048,-84.293
38,105,30.5048,-84.293,30.4403,-84.2392
105,38,30.4403,-84.2392,30.5048,-84.293
38,106,30.5048,-84.293,30.3822,-84.3098
106,38,30.3822,-84.3098,30.5048,-84.293
38,107,30.5048,-84.293,30.5161,-84.2171
107,38,30.5161,-84.2171,30.5048,-84.293
38,108,30.5048,-84.293,30.4616,-84.1983
108,38,30.4616,-84.1983,30.5048,-84.293
38,109,30.5048,-84.293,30.4767,-84.2064
109,38,30.4767,-84.2064,30.5048,-84.293
38,110,30.5048,-84.293,30.3621,-84.2092
110,38,30.3621,-84.2092,30.5048,-84.293
38,111,30.5048,-84.293,30.5031,-84.2072
111,38,30.5031,-84.2072,30.5048,-84.293
38,113,30.5048,-84.293,30.354,-84.209
113,38,30.354,-84.209,30.5048,-84.293
38,115,30.5048,-84.293,30.4421,-84.3036
115,38,30.4421,-84.3036,30.5048,-84.293
38,118,30.5048,-84.293,30.4332,-84.2085
118,38,30.4332,-84.2085,30.5048,-84.293
38,119,30.5048,-84.293,30.4596,-84.1848
119,38,30.4596,-84.1848,30.5048,-84.293
38,122,30.5048,-84.293,30.46,-84.2377
122,38,30.46,-84.2377,30.5048,-84.293
38,123,30.5048,-84.293,30.3816,-84.3514
123,38,30.3816,-84.3514,30.5048,-84.293
38,124,30.5048,-84.293,30.5073,-84.3707
124,38,30.5073,-84.3707,30.5048,-84.293
38,125,30.5048,-84.293,30.4793,-84.2635
125,38,30.4793,-84.2635,30.5048,-84.293
38,127,30.5048,-84.293,30.3916,-84.2179
127,38,30.3916,-84.2179,30.5048,-84.293
38,128,30.5048,-84.293,30.3865,-84.3463
128,38,30.3865,-84.3463,30.5048,-84.293
38,129,30.5048,-84.293,30.4469,-84.3221
129,38,30.4469,-84.3221,30.5048,-84.293
38,132,30.5048,-84.293,30.4188,-84.3245
132,38,30.4188,-84.3245,30.5048,-84.293
38,133,30.5048,-84.293,30.493,-84.2922
133,38,30.493,-84.2922,30.5048,-84.293
38,134,30.5048,-84.293,30.445,-84.3428
134,38,30.445,-84.3428,30.5048,-84.293
38,135,30.5048,-84.293,30.3622,-84.2653
135,38,30.3622,-84.2653,30.5048,-84.293
38,138,30.5048,-84.293,30.4971,-84.1916
138,38,30.4971,-84.1916,30.5048,-84.293
38,139,30.5048,-84.293,30.3713,-84.3221
139,38,30.3713,-84.3221,30.5048,-84.293
38,140,30.5048,-84.293,30.4319,-84.2471
140,38,30.4319,-84.2471,30.5048,-84.293
38,142,30.5048,-84.293,30.5149,-84.3754
142,38,30.5149,-84.3754,30.5048,-84.293
38,143,30.5048,-84.293,30.4713,-84.3311
143,38,30.4713,-84.3311,30.5048,-84.293
38,144,30.5048,-84.293,30.4461,-84.3207
144,38,30.4461,-84.3207,30.5048,-84.293
38,146,30.5048,-84.293,30.4912,-84.1908
146,38,30.4912,-84.1908,30.5048,-84.293
38,147,30.5048,-84.293,30.5124,-84.1967
147,38,30.5124,-84.1967,30.5048,-84.293
38,148,30.5048,-84.293,30.5172,-84.2642
148,38,30.5172,-84.2642,30.5048,-84.293
38,149,30.5048,-84.293,30.3887,-84.3647
149,38,30.3887,-84.3647,30.5048,-84.293
40,41,30.4943,-84.2417,30.4371,-84.2218
41,40,30.4371,-84.2218,30.4943,-84.2417
40,43,30.4943,-84.2417,30.4078,-84.215
43,40,30.4078,-84.215,30.4943,-84.2417
40,44,30.4943,-84.2417,30.4111,-84.2383
44,40,30.4111,-84.2383,30.4943,-84.2417
40,45,30.4943,-84.2417,30.4388,-84.2916
45,40,30.4388,-84.2916,30.4943,-84.2417
40,46,30.4943,-84.2417,30.4491,-84.2904
46,40,30.4491,-84.2904,30.4943,-84.2417
40,48,30.4943,-84.2417,30.5074,-84.333
48,40,30.5074,-84.333,30.4943,-84.2417
40,49,30.4943,-84.2417,30.4986,-84.3452
49,40,30.4986,-84.3452,30.4943,-84.2417
40,50,30.4943,-84.2417,30.4696,-84.3143
50,40,30.4696,-84.3143,30.4943,-84.2417
40,51,30.4943,-84.2417,30.3922,-84.3038
51,40,30.3922,-84.3038,30.4943,-84.2417
40,52,30.4943,-84.2417,30.3932,-84.2393
52,40,30.3932,-84.2393,30.4943,-84.2417
40,53,30.4943,-84.2417,30.3874,-84.2525
53,40,30.3874,-84.2525,30.4943,-84.2417
40,56,30.4943,-84.2417,30.5248,-84.2399
56,40,30.5248,-84.2399,30.4943,-84.2417
40,57,30.4943,-84.2417,30.5033,-84.2233
57,40,30.5033,-84.2233,30.4943,-84.2417
40,59,30.4943,-84.2417,30.4869,-84.3528
59,40,30.4869,-84.3528,30.4943,-84.2417
40,60,30.4943,-84.2417,30.4727,-84.3554
60,40,30.4727,-84.3554,30.4943,-84.2417
40,61,30.4943,-84.2417,30.428,-84.349
61,40,30.428,-84.349,30.4943,-84.2417
40,62,30.4943,-84.2417,30.4481,-84.242
62,40,30.4481,-84.242,30.4943,-84.2417
40,63,30.4943,-84.2417,30.4565,-84.2188
63,40,30.4565,-84.2188,30.4943,-84.2417
40,64,30.4943,-84.2417,30.4309,-84.2861
64,40,30.4309,-84.2861,30.4943,-84.2417
40,65,30.4943,-84.2417,30.4489,-84.2727
65,40,30.4489,-84.2727,30.4943,-84.2417
40,66,30.4943,-84.2417,30.4653,-84.2312
66,40,30.4653,-84.2312,30.4943,-84.2417
40,67,30.4943,-84.2417,30.3927,-84.2905
67,40,30.3927,-84.2905,30.4943,-84.2417
40,68,30.4943,-84.2417,30.4004,-84.2295
68,40,30.4004,-84.2295,30.4943,-84.2417
40,69,30.4943,-84.2417,30.3856,-84.2309
69,40,30.3856,-84.2309,30.4943,-84.2417
40,70,30.4943,-84.2417,30.3961,-84.2156
70,40,30.3961,-84.2156,30.4943,-84.2417
40,73,30.4943,-84.2417,30.4238,-84.2163
73,40,30.4238,-84.2163,30.4943,-84.2417
40,74,30.4943,-84.2417,30.429,-84.255
74,40,30.429,-84.255,30.4943,-84.2417
40,75,30.4943,-84.2417,30.3736,-84.2178
75,40,30.3736,-84.2178,30.4943,-84.2417
40,76,30.4943,-84.2417,30.5192,-84.3398
76,40,30.5192,-84.3398,30.4943,-84.2417
40,77,30.4943,-84.2417,30.4429,-84.2548
77,40,30.4429,-84.2548,30.4943,-84.2417
40,79,30.4943,-84.2417,30.384,-84.2103
79,40,30.384,-84.2103,30.4943,-84.2417
40,80,30.4943,-84.2417,30.3652,-84.2624
80,40,30.3652,-84.2624,30.4943,-84.2417
40,82,30.4943,-84.2417,30.4416,-84.2783
82,40,30.4416,-84.2783,30.4943,-84.2417
40,83,30.4943,-84.2417,30.5145,-84.371
83,40,30.5145,-84.371,30.4943,-84.2417
40,84,30.4943,-84.2417,30.4134,-84.3406
84,40,30.4134,-84.3406,30.4943,-84.2417
40,85,30.4943,-84.2417,30.4087,-84.3137
85,40,30.4087,-84.3137,30.4943,-84.2417
40,86,30.4943,-84.2417,30.513,-84.3247
86,40,30.513,-84.3247,30.4943,-84.2417
40,87,30.4943,-84.2417,30.5187,-84.2812
87,40,30.5187,-84.2812,30.4943,-84.2417
40,91,30.4943,-84.2417,30.4387,-84.364
91,40,30.4387,-84.364,30.4943,-84.2417
40,94,30.4943,-84.2417,30.5236,-84.2259
94,40,30.5236,-84.2259,30.4943,-84.2417
40,95,30.4943,-84.2417,30.4963,-84.2309
95,40,30.4963,-84.2309,30.4943,-84.2417
40,97,30.4943,-84.2417,30.3785,-84.2864
97,40,30.3785,-84.2864,30.4943,-84.2417
40,98,30.4943,-84.2417,30.527,-84.2767
98,40,30.527,-84.2767,30.4943,-84.2417
40,100,30.4943,-84.2417,30.4674,-84.2785
100,40,30.4674,-84.2785,30.4943,-84.2417
40,102,30.4943,-84.2417,30.3702,-84.2022
102,40,30.3702,-84.2022,30.4943,-84.2417
40,103,30.4943,-84.2417,30.3684,-84.2249
103,40,30.3684,-84.2249,30.4943,-84.2417
40,105,30.4943,-84.2417,30.4403,-84.2392
105,40,30.4403,-84.2392,30.4943,-84.2417
40,106,30.4943,-84.2417,30.3822,-84.3098
106,40,30.3822,-84.3098,30.4943,-84.2417
40,107,30.4943,-84.2417,30.5161,-84.2171
107,40,30.5161,-84.2171,30.4943,-84.2417
40,108,30.4943,-84.2417,30.4616,-84.1983
108,40,30.4616,-84.1983,30.4943,-84.2417
40,109,30.4943,-84.2417,30.4767,-84.2064
109,40,30.4767,-84.2064,30.4943,-84.2417
40,110,30.4943,-84.2417,30.3621,-84.2092
110,40,30.3621,-84.2092,30.4943,-84.2417
40,111,30.4943,-84.2417,30.5031,-84.2072
111,40,30.5031,-84.2072,30.4943,-84.2417
40,113,30.4943,-84.2417,30.354,-84.209
113,40,30.354,-84.209,30.4943,-84.2417
40,115,30.4943,-84.2417,30.4421,-84.3036
115,40,30.4421,-84.3036,30.4943,-84.2417
40,118,30.4943,-84.2417,30.4332,-84.2085
118,40,30.4332,-84.2085,30.4943,-84.2417
40,119,30.4943,-84.2417,30.4596,-84.1848
119,40,30.4596,-84.1848,30.4943,-84.2417
40,122,30.4943,-84.2417,30.46,-84.2377
122,40,30.46,-84.2377,30.4943,-84.2417
40,123,30.4943,-84.2417,30.3816,-84.3514
123,40,30.3816,-84.3514,30.4943,-84.2417
40,124,30.4943,-84.2417,30.5073,-84.3707
124,40,30.5073,-84.3707,30.4943,-84.2417
40,125,30.4943,-84.2417,30.4793,-84.2635
125,40,30.4793,-84.2635,30.4943,-84.2417
40,127,30.4943,-84.2417,30.3916,-84.2179
127,40,30.3916,-84.2179,30.4943,-84.2417
40,128,30.4943,-84.2417,30.3865,-84.3463
128,40,30.3865,-84.3463,30.4943,-84.2417
40,129,30.4943,-84.2417,30.4469,-84.3221
129,40,30.4469,-84.3221,30.4943,-84.2417
40,132,30.4943,-84.2417,30.4188,-84.3245
132,40,30.4188,-84.3245,30.4943,-84.2417
40,133,30.4943,-84.2417,30.493,-84.2922
133,40,30.493,-84.2922,30.4943,-84.2417
40,134,30.4943,-84.2417,30.445,-84.3428
134,40,30.445,-84.3428,30.4943,-84.2417
40,135,30.4943,-84.2417,30.3622,-84.2653
135,40,30.3622,-84.2653,30.4943,-84.2417
40,138,30.4943,-84.2417,30.4971,-84.1916
138,40,30.4971,-84.1916,30.4943,-84.2417
40,139,30.4943,-84.2417,30.3713,-84.3221
139,40,30.3713,-84.3221,30.4943,-84.2417
40,140,30.4943,-84.2417,30.4319,-84.2471
140,40,30.4319,-84.2471,30.4943,-84.2417
40,142,30.4943,-84.2417,30.5149,-84.3754
142,40,30.5149,-84.3754,30.4943,-84.2417
40,143,30.4943,-84.2417,30.4713,-84.3311
143,40,30.4713,-84.3311,30.4943,-84.2417
40,144,30.4943,-84.2417,30.4461,-84.3207
144,40,30.4461,-84.3207,30.4943,-84.2417
40,146,30.4943,-84.2417,30.4912,-84.1908
146,40,30.4912,-84.1908,30.4943,-84.2417
40,147,30.4943,-84.2417,30.5124,-84.1967
147,40,30.5124,-84.1967,30.4943,-84.2417
40,148,30.4943,-84.2417,30.5172,-84.2642
148,40,30.5172,-84.2642,30.4943,-84.2417
40,149,30.4943,-84.2417,30.3887,-84.3647
149,40,30.3887,-84.3647,30.4943,-84.2417
41,43,30.4371,-84.2218,30.4078,-84.215
43,41,30.4078,-84.215,30.4371,-84.2218
41,44,30.4371,-84.2218,30.4111,-84.2383
44,41,30.4111,-84.2383,30.4371,-84.2218
41,45,30.4371,-84.2218,30.4388,-84.2916
45,41,30.4388,-84.2916,30.4371,-84.2218
41,46,30.4371,-84.2218,30.4491,-84.2904
46,41,30.4491,-84.2904,30.4371,-84.2218
41,48,30.4371,-84.2218,30.5074,-84.333
48,41,30.5074,-84.333,30.4371,-84.2218
41,49,30.4371,-84.2218,30.4986,-84.3452
49,41,30.4986,-84.3452,30.4371,-84.2218
41,50,30.4371,-84.2218,30.4696,-84.3143
50,41,30.4696,-84.3143,30.4371,-84.2218
41,51,30.4371,-84.2218,30.3922,-84.3038
51,41,30.3922,-84.3038,30.4371,-84.2218
41,52,30.4371,-84.2218,30.3932,-84.2393
52,41,30.3932,-84.2393,30.4371,-84.2218
41,53,30.4371,-84.2218,30.3874,-84.2525
53,41,30.3874,-84.2525,30.4371,-84.2218
41,56,30.4371,-84.2218,30.5248,-84.2399
56,41,30.5248,-84.2399,30.4371,-84.2218
41,57,30.4371,-84.2218,30.5033,-84.2233
57,41,30.5033,-84.2233,30.4371,-84.2218
41,59,30.4371,-84.2218,30.4869,-84.3528
59,41,30.4869,-84.3528,30.4371,-84.2218
41,60,30.4371,-84.2218,30.4727,-84.3554
60,41,30.4727,-84.3554,30.4371,-84.2218
41,61,30.4371,-84.2218,30.428,-84.349
61,41,30.428,-84.349,30.4371,-84.2218
41,62,30.4371,-84.2218,30.4481,-84.242
62,41,30.4481,-84.242,30.4371,-84.2218
41,63,30.4371,-84.2218,30.4565,-84.2188
63,41,30.4565,-84.2188,30.4371,-84.2218
41,64,30.4371,-84.2218,30.4309,-84.2861
64,41,30.4309,-84.2861,30.4371,-84.2218
41,65,30.4371,-84.2218,30.4489,-84.2727
65,41,30.4489,-84.2727,30.4371,-84.2218
41,66,30.4371,-84.2218,30.4653,-84.2312
66,41,30.4653,-84.2312,30.4371,-84.2218
41,67,30.4371,-84.2218,30.3927,-84.2905
67,41,30.3927,-84.2905,30.4371,-84.2218
41,68,30.4371,-84.2218,30.4004,-84.2295
68,41,30.4004,-84.2295,30.4371,-84.2218
41,69,30.4371,-84.2218,30.3856,-84.2309
69,41,30.3856,-84.2309,30.4371,-84.2218
41,70,30.4371,-84.2218,30.3961,-84.2156
70,41,30.3961,-84.2156,30.4371,-84.2218
41,73,30.4371,-84.2218,30.4238,-84.2163
73,41,30.4238,-84.2163,30.4371,-84.2218
41,74,30.4371,-84.2218,30.429,-84.255
74,41,30.429,-84.255,30.4371,-84.2218
41,75,30.4371,-84.2218,30.3736,-84.2178
75,41,30.3736,-84.2178,30.4371,-84.2218
41,76,30.4371,-84.2218,30.5192,-84.3398
76,41,30.5192,-84.3398,30.4371,-84.2218
41,77,30.4371,-84.2218,30.4429,-84.2548
77,41,30.4429,-84.2548,30.4371,-84.2218
41,79,30.4371,-84.2218,30.384,-84.2103
79,41,30.384,-84.2103,30.4371,-84.2218
41,80,30.4371,-84.2218,30.3652,-84.2624
80,41,30.3652,-84.2624,30.4371,-84.2218
41,82,30.4371,-84.2218,30.4416,-84.2783
82,41,30.4416,-84.2783,30.4371,-84.2218
41,83,30.4371,-84.2218,30.5145,-84.371
83,41,30.5145,-84.371,30.4371,-84.2218
41,84,30.4371,-84.2218,30.4134,-84.3406
84,41,30.4134,-84.3406,30.4371,-84.2218
41,85,30.4371,-84.2218,30.4087,-84.3137
85,41,30.4087,-84.3137,30.4371,-84.2218
41,86,30.4371,-84.2218,30.513,-84.3247
86,41,30.513,-84.3247,30.4371,-84.2218
41,87,30.4371,-84.2218,30.5187,-84.2812
87,41,30.5187,-84.2812,30.4371,-84.2218
41,91,30.4371,-84.2218,30.4387,-84.364
91,41,30.4387,-84.364,30.4371,-84.2218
41,94,30.4371,-84.2218,30.5236,-84.2259
94,41,30.5236,-84.2259,30.4371,-84.2218
41,95,30.4371,-84.2218,30.4963,-84.2309
95,41,30.4963,-84.2309,30.4371,-84.2218
41,97,30.4371,-84.2218,30.3785,-84.2864
97,41,30.3785,-84.2864,30.4371,-84.2218
41,98,30.4371,-84.2218,30.527,-84.2767
98,41,30.527,-84.2767,30.4371,-84.2218
41,100,30.4371,-84.2218,30.4674,-84.2785
100,41,30.4674,-84.2785,30.4371,-84.2218
41,102,30.4371,-84.2218,30.3702,-84.2022
102,41,30.3702,-84.2022,30.4371,-84.2218
41,103,30.4371,-84.2218,30.3684,-84.2249
103,41,30.3684,-84.2249,30.4371,-84.2218
41,105,30.4371,-84.2218,30.4403,-84.2392
105,41,30.4403,-84.2392,30.4371,-84.2218
41,106,30.4371,-84.2218,30.3822,-84.3098
106,41,30.3822,-84.3098,30.4371,-84.2218
41,107,30.4371,-84.2218,30.5161,-84.2171
107,41,30.5161,-84.2171,30.4371,-84.2218
41,108,30.4371,-84.2218,30.4616,-84.1983
108,41,30.4616,-84.1983,30.4371,-84.2218
41,109,30.4371,-84.2218,30.4767,-84.2064
109,41,30.4767,-84.2064,30.4371,-84.2218
41,110,30.4371,-84.2218,30.3621,-84.2092
110,41,30.3621,-84.2092,30.4371,-84.2218
41,111,30.4371,-84.2218,30.5031,-84.2072
111,41,30.5031,-84.2072,30.4371,-84.2218
41,113,30.4371,-84.2218,30.354,-84.209
113,41,30.354,-84.209,30.4371,-84.2218
41,115,30.4371,-84.2218,30.4421,-84.3036
115,41,30.4421,-84.3036,30.4371,-84.2218
41,118,30.4371,-84.2218,30.4332,-84.2085
118,41,30.4332,-84.2085,30.4371,-84.2218
41,119,30.4371,-84.2218,30.4596,-84.1848
119,41,30.4596,-84.1848,30.4371,-84.2218
41,122,30.4371,-84.2218,30.46,-84.2377
122,41,30.46,-84.2377,30.4371,-84.2218
41,123,30.4371,-84.2218,30.3816,-84.3514
123,41,30.3816,-84.3514,30.4371,-84.2218
41,124,30.4371,-84.2218,30.5073,-84.3707
124,41,30.5073,-84.3707,30.4371,-84.2218
41,125,30.4371,-84.2218,30.4793,-84.2635
125,41,30.4793,-84.2635,30.4371,-84.2218
41,127,30.4371,-84.2218,30.3916,-84.2179
127,41,30.3916,-84.2179,30.4371,-84.2218
41,128,30.4371,-84.2218,30.3865,-84.3463
128,41,30.3865,-84.3463,30.4371,-84.2218
41,129,30.4371,-84.2218,30.4469,-84.3221
129,41,30.4469,-84.3221,30.4371,-84.2218
41,132,30.4371,-84.2218,30.4188,-84.3245
132,41,30.4188,-84.3245,30.4371,-84.2218
41,133,30.4371,-84.2218,30.493,-84.2922
133,41,30.493,-84.2922,30.4371,-84.2218
41,134,30.4371,-84.2218,30.445,-84.3428
134,41,30.445,-84.3428,30.4371,-84.2218
41,135,30.4371,-84.2218,30.3622,-84.2653
135,41,30.3622,-84.2653,30.4371,-84.2218
41,138,30.4371,-84.2218,30.4971,-84.1916
138,41,30.4971,-84.1916,30.4371,-84.2218
41,139,30.4371,-84.2218,30.3713,-84.3221
139,41,30.3713,-84.3221,30.4371,-84.2218
41,140,30.4371,-84.2218,30.4319,-84.2471
140,41,30.4319,-84.2471,30.4371,-84.2218
41,142,30.4371,-84.2218,30.5149,-84.3754
142,41,30.5149,-84.3754,30.4371,-84.2218
41,143,30.4371,-84.2218,30.4713,-84.3311
143,41,30.4713,-84.3311,30.4371,-84.2218
41,144,30.4371,-84.2218,30.4461,-84.3207
144,41,30.4461,-84.3207,30.4371,-84.2218
41,146,30.4371,-84.2218,30.4912,-84.1908
146,41,30.4912,-84.1908,30.4371,-84.2218
41,147,30.4371,-84.2218,30.5124,-84.1967
147,41,30.5124,-84.1967,30.4371,-84.2218
41,148,30.4371,-84.2218,30.5172,-84.2642
148,41,30.5172,-84.2642,30.4371,-84.2218
41,149,30.4371,-84.2218,30.3887,-84.3647
149,41,30.3887,-84.3647,30.4371,-84.2218
43,44,30.4078,-84.215,30.4111,-84.2383
44,43,30.4111,-84.2383,30.4078,-84.215
43,45,30.4078,-84.215,30.4388,-84.2916
45,43,30.4388,-84.2916,30.4078,-84.215
43,46,30.4078,-84.215,30.4491,-84.2904
46,43,30.4491,-84.2904,30.4078,-84.215
43,48,30.4078,-84.215,30.5074,-84.333
48,43,30.5074,-84.333,30.4078,-84.215
43,49,30.4078,-84.215,30.4986,-84.3452
49,43,30.4986,-84.3452,30.4078,-84.215
43,50,30.4078,-84.215,30.4696,-84.3143
50,43,30.4696,-84.3143,30.4078,-84.215
43,51,30.4078,-84.215,30.3922,-84.3038
51,43,30.3922,-84.3038,30.4078,-84.215
43,52,30.4078,-84.215,30.3932,-84.2393
52,43,30.3932,-84.2393,30.4078,-84.215
43,53,30.4078,-84.215,30.3874,-84.2525
53,43,30.3874,-84.2525,30.4078,-84.215
43,56,30.4078,-84.215,30.5248,-84.2399
56,43,30.5248,-84.2399,30.4078,-84.215
43,57,30.4078,-84.215,30.5033,-84.2233
57,43,30.5033,-84.2233,30.4078,-84.215
43,59,30.4078,-84.215,30.4869,-84.3528
59,43,30.4869,-84.3528,30.4078,-84.215
43,60,30.4078,-84.215,30.4727,-84.3554
60,43,30.4727,-84.3554,30.4078,-84.215
43,61,30.4078,-84.215,30.428,-84.349
61,43,30.428,-84.349,30.4078,-84.215
43,62,30.4078,-84.215,30.4481,-84.242
62,43,30.4481,-84.242,30.4078,-84.215
43,63,30.4078,-84.215,30.4565,-84.2188
63,43,30.4565,-84.2188,30.4078,-84.215
43,64,30.4078,-84.215,30.4309,-84.2861
64,43,30.4309,-84.2861,30.4078,-84.215
43,65,30.4078,-84.215,30.4489,-84.2727
65,43,30.4489,-84.2727,30.4078,-84.215
43,66,30.4078,-84.215,30.4653,-84.2312
66,43,30.4653,-84.2312,30.4078,-84.215
43,67,30.4078,-84.215,30.3927,-84.2905
67,43,30.3927,-84.2905,30.4078,-84.215
43,68,30.4078,-84.215,30.4004,-84.2295
68,43,30.4004,-84.2295,30.4078,-84.215
43,69,30.4078,-84.215,30.3856,-84.2309
69,43,30.3856,-84.2309,30.4078,-84.215
43,70,30.4078,-84.215,30.3961,-84.2156
70,43,30.3961,-84.2156,30.4078,-84.215
43,73,30.4078,-84.215,30.4238,-84.2163
73,43,30.4238,-84.2163,30.4078,-84.215
43,74,30.4078,-84.215,30.429,-84.255
74,43,30.429,-84.255,30.4078,-84.215
43,75,30.4078,-84.215,30.3736,-84.2178
75,43,30.3736,-84.2178,30.4078,-84.215
43,76,30.4078,-84.215,30.5192,-84.3398
76,43,30.5192,-84.3398,30.4078,-84.215
43,77,30.4078,-84.215,30.4429,-84.2548
77,43,30.4429,-84.2548,30.4078,-84.215
43,79,30.4078,-84.215,30.384,-84.2103
79,43,30.384,-84.2103,30.4078,-84.215
43,80,30.4078,-84.215,30.3652,-84.2624
80,43,30.3652,-84.2624,30.4078,-84.215
43,82,30.4078,-84.215,30.4416,-84.2783
82,43,30.4416,-84.2783,30.4078,-84.215
43,83,30.4078,-84.215,30.5145,-84.371
83,43,30.5145,-84.371,30.4078,-84.215
43,84,30.4078,-84.215,30.4134,-84.3406
84,43,30.4134,-84.3406,30.4078,-84.215
43,85,30.4078,-84.215,30.4087,-84.3137
85,43,30.4087,-84.3137,30.4078,-84.215
43,86,30.4078,-84.215,30.513,-84.3247
86,43,30.513,-84.3247,30.4078,-84.215
43,87,30.4078,-84.215,30.5187,-84.2812
87,43,30.5187,-84.2812,30.4078,-84.215
43,91,30.4078,-84.215,30.4387,-84.364
91,43,30.4387,-84.364,30.4078,-84.215
43,94,30.4078,-84.215,30.5236,-84.2259
94,43,30.5236,-84.2259,30.4078,-84.215
43,95,30.4078,-84.215,30.4963,-84.2309
95,43,30.4963,-84.2309,30.4078,-84.215
43,97,30.4078,-84.215,30.3785,-84.2864
97,43,30.3785,-84.2864,30.4078,-84.215
43,98,30.4078,-84.215,30.527,-84.2767
98,43,30.527,-84.2767,30.4078,-84.215
43,100,30.4078,-84.215,30.4674,-84.2785
100,43,30.4674,-84.2785,30.4078,-84.215
43,102,30.4078,-84.215,30.3702,-84.2022
102,43,30.3702,-84.2022,30.4078,-84.215
43,103,30.4078,-84.215,30.3684,-84.2249
103,43,30.3684,-84.2249,30.4078,-84.215
43,105,30.4078,-84.215,30.4403,-84.2392
105,43,30.4403,-84.2392,30.4078,-84.215
43,106,30.4078,-84.215,30.3822,-84.3098
106,43,30.3822,-84.3098,30.4078,-84.215
43,107,30.4078,-84.215,30.5161,-84.2171
107,43,30.5161,-84.2171,30.4078,-84.215
43,108,30.4078,-84.215,30.4616,-84.1983
108,43,30.4616,-84.1983,30.4078,-84.215
43,109,30.4078,-84.215,30.4767,-84.2064
109,43,30.4767,-84.2064,30.4078,-84.215
43,110,30.4078,-84.215,30.3621,-84.2092
110,43,30.3621,-84.2092,30.4078,-84.215
43,111,30.4078,-84.215,30.5031,-84.2072
111,43,30.5031,-84.2072,30.4078,-84.215
43,113,30.4078,-84.215,30.354,-84.209
113,43,30.354,-84.209,30.4078,-84.215
43,115,30.4078,-84.215,30.4421,-84.3036
115,43,30.4421,-84.3036,30.4078,-84.215
43,118,30.4078,-84.215,30.4332,-84.2085
118,43,30.4332,-84.2085,30.4078,-84.215
43,119,30.4078,-84.215,30.4596,-84.1848
119,43,30.4596,-84.1848,30.4078,-84.215
43,122,30.4078,-84.215,30.46,-84.2377
122,43,30.46,-84.2377,30.4078,-84.215
43,123,30.4078,-84.215,30.3816,-84.3514
123,43,30.3816,-84.3514,30.4078,-84.215
43,124,30.4078,-84.215,30.5073,-84.3707
124,43,30.5073,-84.3707,30.4078,-84.215
43,125,30.4078,-84.215,30.4793,-84.2635
125,43,30.4793,-84.2635,30.4078,-84.215
43,127,30.4078,-84.215,30.3916,-84.2179
127,43,30.3916,-84.2179,30.4078,-84.215
43,128,30.4078,-84.215,30.3865,-84.3463
128,43,30.3865,-84.3463,30.4078,-84.215
43,129,30.4078,-84.215,30.4469,-84.3221
129,43,30.4469,-84.3221,30.4078,-84.215
43,132,30.4078,-84.215,30.4188,-84.3245
132,43,30.4188,-84.3245,30.4078,-84.215
43,133,30.4078,-84.215,30.493,-84.2922
133,43,30.493,-84.2922,30.4078,-84.215
43,134,30.4078,-84.215,30.445,-84.3428
134,43,30.445,-84.3428,30.4078,-84.215
43,135,30.4078,-84.215,30.3622,-84.2653
135,43,30.3622,-84.2653,30.4078,-84.215
43,138,30.4078,-84.215,30.4971,-84.1916
138,43,30.4971,-84.1916,30.4078,-84.215
43,139,30.4078,-84.215,30.3713,-84.3221
139,43,30.3713,-84.3221,30.4078,-84.215
43,140,30.4078,-84.215,30.4319,-84.2471
140,43,30.4319,-84.2471,30.4078,-84.215
43,142,30.4078,-84.215,30.5149,-84.3754
142,43,30.5149,-84.3754,30.4078,-84.215
43,143,30.4078,-84.215,30.4713,-84.3311
143,43,30.4713,-84.3311,30.4078,-84.215
43,144,30.4078,-84.215,30.4461,-84.3207
144,43,30.4461,-84.3207,30.4078,-84.215
43,146,30.4078,-84.215,30.4912,-84.1908
146,43,30.4912,-84.1908,30.4078,-84.215
43,147,30.4078,-84.215,30.5124,-84.1967
147,43,30.5124,-84.1967,30.4078,-84.215
43,148,30.4078,-84.215,30.5172,-84.2642
148,43,30.5172,-84.2642,30.4078,-84.215
43,149,30.4078,-84.215,30.3887,-84.3647
149,43,30.3887,-84.3647,30.4078,-84.215
44,45,30.4111,-84.2383,30.4388,-84.2916
45,44,30.4388,-84.2916,30.4111,-84.2383
44,46,30.4111,-84.2383,30.4491,-84.2904
46,44,30.4491,-84.2904,30.4111,-84.2383
44,48,30.4111,-84.2383,30.5074,-84.333
48,44,30.5074,-84.333,30.4111,-84.2383
44,49,30.4111,-84.2383,30.4986,-84.3452
49,44,30.4986,-84.3452,30.4111,-84.2383
44,50,30.4111,-84.2383,30.4696,-84.3143
50,44,30.4696,-84.3143,30.4111,-84.2383
44,51,30.4111,-84.2383,30.3922,-84.3038
51,44,30.3922,-84.3038,30.4111,-84.2383
44,52,30.4111,-84.2383,30.3932,-84.2393
52,44,30.3932,-84.2393,30.4111,-84.2383
44,53,30.4111,-84.2383,30.3874,-84.2525
53,44,30.3874,-84.2525,30.4111,-84.2383
44,56,30.4111,-84.2383,30.5248,-84.2399
56,44,30.5248,-84.2399,30.4111,-84.2383
44,57,30.4111,-84.2383,30.5033,-84.2233
57,44,30.5033,-84.2233,30.4111,-84.2383
44,59,30.4111,-84.2383,30.4869,-84.3528
59,44,30.4869,-84.3528,30.4111,-84.2383
44,60,30.4111,-84.2383,30.4727,-84.3554
60,44,30.4727,-84.3554,30.4111,-84.2383
44,61,30.4111,-84.2383,30.428,-84.349
61,44,30.428,-84.349,30.4111,-84.2383
44,62,30.4111,-84.2383,30.4481,-84.242
62,44,30.4481,-84.242,30.4111,-84.2383
44,63,30.4111,-84.2383,30.4565,-84.2188
63,44,30.4565,-84.2188,30.4111,-84.2383
44,64,30.4111,-84.2383,30.4309,-84.2861
64,44,30.4309,-84.2861,30.4111,-84.2383
44,65,30.4111,-84.2383,30.4489,-84.2727
65,44,30.4489,-84.2727,30.4111,-84.2383
44,66,30.4111,-84.2383,30.4653,-84.2312
66,44,30.4653,-84.2312,30.4111,-84.2383
44,67,30.4111,-84.2383,30.3927,-84.2905
67,44,30.3927,-84.2905,30.4111,-84.2383
44,68,30.4111,-84.2383,30.4004,-84.2295
68,44,30.4004,-84.2295,30.4111,-84.2383
44,69,30.4111,-84.2383,30.3856,-84.2309
69,44,30.3856,-84.2309,30.4111,-84.2383
44,70,30.4111,-84.2383,30.3961,-84.2156
70,44,30.3961,-84.2156,30.4111,-84.2383
44,73,30.4111,-84.2383,30.4238,-84.2163
73,44,30.4238,-84.2163,30.4111,-84.2383
44,74,30.4111,-84.2383,30.429,-84.255
74,44,30.429,-84.255,30.4111,-84.2383
44,75,30.4111,-84.2383,30.3736,-84.2178
75,44,30.3736,-84.2178,30.4111,-84.2383
44,76,30.4111,-84.2383,30.5192,-84.3398
76,44,30.5192,-84.3398,30.4111,-84.2383
44,77,30.4111,-84.2383,30.4429,-84.2548
77,44,30.4429,-84.2548,30.4111,-84.2383
44,79,30.4111,-84.2383,30.384,-84.2103
79,44,30.384,-84.2103,30.4111,-84.2383
44,80,30.4111,-84.2383,30.3652,-84.2624
80,44,30.3652,-84.2624,30.4111,-84.2383
44,82,30.4111,-84.2383,30.4416,-84.2783
82,44,30.4416,-84.2783,30.4111,-84.2383
44,83,30.4111,-84.2383,30.5145,-84.371
83,44,30.5145,-84.371,30.4111,-84.2383
44,84,30.4111,-84.2383,30.4134,-84.3406
84,44,30.4134,-84.3406,30.4111,-84.2383
44,85,30.4111,-84.2383,30.4087,-84.3137
85,44,30.4087,-84.3137,30.4111,-84.2383
44,86,30.4111,-84.2383,30.513,-84.3247
86,44,30.513,-84.3247,30.4111,-84.2383
44,87,30.4111,-84.2383,30.5187,-84.2812
87,44,30.5187,-84.2812,30.4111,-84.2383
44,91,30.4111,-84.2383,30.4387,-84.364
91,44,30.4387,-84.364,30.4111,-84.2383
44,94,30.4111,-84.2383,30.5236,-84.2259
94,44,30.5236,-84.2259,30.4111,-84.2383
44,95,30.4111,-84.2383,30.4963,-84.2309
95,44,30.4963,-84.2309,30.4111,-84.2383
44,97,30.4111,-84.2383,30.3785,-84.2864
97,44,30.3785,-84.2864,30.4111,-84.2383
44,98,30.4111,-84.2383,30.527,-84.2767
98,44,30.527,-84.2767,30.4111,-84.2383
44,100,30.4111,-84.2383,30.4674,-84.2785
100,44,30.4674,-84.2785,30.4111,-84.2383
44,102,30.4111,-84.2383,30.3702,-84.2022
102,44,30.3702,-84.2022,30.4111,-84.2383
44,103,30.4111,-84.2383,30.3684,-84.2249
103,44,30.3684,-84.2249,30.4111,-84.2383
44,105,30.4111,-84.2383,30.4403,-84.2392
105,44,30.4403,-84.2392,30.4111,-84.2383
44,106,30.4111,-84.2383,30.3822,-84.3098
106,44,30.3822,-84.3098,30.4111,-84.2383
44,107,30.4111,-84.2383,30.5161,-84.2171
107,44,30.5161,-84.2171,30.4111,-84.2383
44,108,30.4111,-84.2383,30.4616,-84.1983
108,44,30.4616,-84.1983,30.4111,-84.2383
44,109,30.4111,-84.2383,30.4767,-84.2064
109,44,30.4767,-84.2064,30.4111,-84.2383
44,110,30.4111,-84.2383,30.3621,-84.2092
110,44,30.3621,-84.2092,30.4111,-84.2383
44,111,30.4111,-84.2383,30.5031,-84.2072
111,44,30.5031,-84.2072,30.4111,-84.2383
44,113,30.4111,-84.2383,30.354,-84.209
113,44,30.354,-84.209,30.4111,-84.2383
44,115,30.4111,-84.2383,30.4421,-84.3036
115,44,30.4421,-84.3036,30.4111,-84.2383
44,118,30.4111,-84.2383,30.4332,-84.2085
118,44,30.4332,-84.2085,30.4111,-84.2383
44,119,30.4111,-84.2383,30.4596,-84.1848
119,44,30.4596,-84.1848,30.4111,-84.2383
44,122,30.4111,-84.2383,30.46,-84.2377
122,44,30.46,-84.2377,30.4111,-84.2383
44,123,30.4111,-84.2383,30.3816,-84.3514
123,44,30.3816,-84.3514,30.4111,-84.2383
44,124,30.4111,-84.2383,30.5073,-84.3707
124,44,30.5073,-84.3707,30.4111,-84.2383
44,125,30.4111,-84.2383,30.4793,-84.2635
125,44,30.4793,-84.2635,30.4111,-84.2383
44,127,30.4111,-84.2383,30.3916,-84.2179
127,44,30.3916,-84.2179,30.4111,-84.2383
44,128,30.4111,-84.2383,30.3865,-84.3463
128,44,30.3865,-84.3463,30.4111,-84.2383
44,129,30.4111,-84.2383,30.4469,-84.3221
129,44,30.4469,-84.3221,30.4111,-84.2383
44,132,30.4111,-84.2383,30.4188,-84.3245
132,44,30.4188,-84.3245,30.4111,-84.2383
44,133,30.4111,-84.2383,30.493,-84.2922
133,44,30.493,-84.2922,30.4111,-84.2383
44,134,30.4111,-84.2383,30.445,-84.3428
134,44,30.445,-84.3428,30.4111,-84.2383
44,135,30.4111,-84.2383,30.3622,-84.2653
135,44,30.3622,-84.2653,30.4111,-84.2383
44,138,30.4111,-84.2383,30.4971,-84.1916
138,44,30.4971,-84.1916,30.4111,-84.2383
44,139,30.4111,-84.2383,30.3713,-84.3221
139,44,30.3713,-84.3221,30.4111,-84.2383
44,140,30.4111,-84.2383,30.4319,-84.2471
140,44,30.4319,-84.2471,30.4111,-84.2383
44,142,30.4111,-84.2383,30.5149,-84.3754
142,44,30.5149,-84.3754,30.4111,-84.2383
44,143,30.4111,-84.2383,30.4713,-84.3311
143,44,30.4713,-84.3311,30.4111,-84.2383
44,144,30.4111,-84.2383,30.4461,-84.3207
144,44,30.4461,-84.3207,30.4111,-84.2383
44,146,30.4111,-84.2383,30.4912,-84.1908
146,44,30.4912,-84.1908,30.4111,-84.2383
44,147,30.4111,-84.2383,30.5124,-84.1967
147,44,30.5124,-84.1967,30.4111,-84.2383
44,148,30.4111,-84.2383,30.5172,-84.2642
148,44,30.5172,-84.2642,30.4111,-84.2383
44,149,30.4111,-84.2383,30.3887,-84.3647
149,44,30.3887,-84.3647,30.4111,-84.2383
45,46,30.4388,-84.2916,30.4491,-84.2904
46,45,30.4491,-84.2904,30.4388,-84.2916
45,48,30.4388,-84.2916,30.5074,-84.333
48,45,30.5074,-84.333,30.4388,-84.2916
45,49,30.4388,-84.2916,30.4986,-84.3452
49,45,30.4986,-84.3452,30.4388,-84.2916
45,50,30.4388,-84.2916,30.4696,-84.3143
50,45,30.4696,-84.3143,30.4388,-84.2916
45,51,30.4388,-84.2916,30.3922,-84.3038
51,45,30.3922,-84.3038,30.4388,-84.2916
45,52,30.4388,-84.2916,30.3932,-84.2393
52,45,30.3932,-84.2393,30.4388,-84.2916
45,53,30.4388,-84.2916,30.3874,-84.2525
53,45,30.3874,-84.2525,30.4388,-84.2916
45,56,30.4388,-84.2916,30.5248,-84.2399
56,45,30.5248,-84.2399,30.4388,-84.2916
45,57,30.4388,-84.2916,30.5033,-84.2233
57,45,30.5033,-84.2233,30.4388,-84.2916
45,59,30.4388,-84.2916,30.4869,-84.3528
59,45,30.4869,-84.3528,30.4388,-84.2916
45,60,30.4388,-84.2916,30.4727,-84.3554
60,45,30.4727,-84.3554,30.4388,-84.2916
45,61,30.4388,-84.2916,30.428,-84.349
61,45,30.428,-84.349,30.4388,-84.2916
45,62,30.4388,-84.2916,30.4481,-84.242
62,45,30.4481,-84.242,30.4388,-84.2916
45,63,30.4388,-84.2916,30.4565,-84.2188
63,45,30.4565,-84.2188,30.4388,-84.2916
45,64,30.4388,-84.2916,30.4309,-84.2861
64,45,30.4309,-84.2861,30.4388,-84.2916
45,65,30.4388,-84.2916,30.4489,-84.2727
65,45,30.4489,-84.2727,30.4388,-84.2916
45,66,30.4388,-84.2916,30.4653,-84.2312
66,45,30.4653,-84.2312,30.4388,-84.2916
45,67,30.4388,-84.2916,30.3927,-84.2905
67,45,30.3927,-84.2905,30.4388,-84.2916
45,68,30.4388,-84.2916,30.4004,-84.2295
68,45,30.4004,-84.2295,30.4388,-84.2916
45,69,30.4388,-84.2916,30.3856,-84.2309
69,45,30.3856,-84.2309,30.4388,-84.2916
45,70,30.4388,-84.2916,30.3961,-84.2156
70,45,30.3961,-84.2156,30.4388,-84.2916
45,73,30.4388,-84.2916,30.4238,-84.2163
73,45,30.4238,-84.2163,30.4388,-84.2916
45,74,30.4388,-84.2916,30.429,-84.255
74,45,30.429,-84.255,30.4388,-84.2916
45,75,30.4388,-84.2916,30.3736,-84.2178
75,45,30.3736,-84.2178,30.4388,-84.2916
45,76,30.4388,-84.2916,30.5192,-84.3398
76,45,30.5192,-84.3398,30.4388,-84.2916
45,77,30.4388,-84.2916,30.4429,-84.2548
77,45,30.4429,-84.2548,30.4388,-84.2916
45,79,30.4388,-84.2916,30.384,-84.2103
79,45,30.384,-84.2103,30.4388,-84.2916
45,80,30.4388,-84.2916,30.3652,-84.2624
80,45,30.3652,-84.2624,30.4388,-84.2916
45,82,30.4388,-84.2916,30.4416,-84.2783
82,45,30.4416,-84.2783,30.4388,-84.2916
45,83,30.4388,-84.2916,30.5145,-84.371
83,45,30.5145,-84.371,30.4388,-84.2916
45,84,30.4388,-84.2916,30.4134,-84.3406
84,45,30.4134,-84.3406,30.4388,-84.2916
45,85,30.4388,-84.2916,30.4087,-84.3137
85,45,30.4087,-84.3137,30.4388,-84.2916
45,86,30.4388,-84.2916,30.513,-84.3247
86,45,30.513,-84.3247,30.4388,-84.2916
45,87,30.4388,-84.2916,30.5187,-84.2812
87,45,30.5187,-84.2812,30.4388,-84.2916
45,91,30.4388,-84.2916,30.4387,-84.364
91,45,30.4387,-84.364,30.4388,-84.2916
45,94,30.4388,-84.2916,30.5236,-84.2259
94,45,30.5236,-84.2259,30.4388,-84.2916
45,95,30.4388,-84.2916,30.4963,-84.2309
95,45,30.4963,-84.2309,30.4388,-84.2916
45,97,30.4388,-84.2916,30.3785,-84.2864
97,45,30.3785,-84.2864,30.4388,-84.2916
45,98,30.4388,-84.2916,30.527,-84.2767
98,45,30.527,-84.2767,30.4388,-84.2916
45,100,30.4388,-84.2916,30.4674,-84.2785
100,45,30.4674,-84.2785,30.4388,-84.2916
45,102,30.4388,-84.2916,30.3702,-84.2022
102,45,30.3702,-84.2022,30.4388,-84.2916
45,103,30.4388,-84.2916,30.3684,-84.2249
103,45,30.3684,-84.2249,30.4388,-84.2916
45,105,30.4388,-84.2916,30.4403,-84.2392
105,45,30.4403,-84.2392,30.4388,-84.2916
45,106,30.4388,-84.2916,30.3822,-84.3098
106,45,30.3822,-84.3098,30.4388,-84.2916
45,107,30.4388,-84.2916,30.5161,-84.2171
107,45,30.5161,-84.2171,30.4388,-84.2916
45,108,30.4388,-84.2916,30.4616,-84.1983
108,45,30.4616,-84.1983,30.4388,-84.2916
45,109,30.4388,-84.2916,30.4767,-84.2064
109,45,30.4767,-84.2064,30.4388,-84.2916
45,110,30.4388,-84.2916,30.3621,-84.2092
110,45,30.3621,-84.2092,30.4388,-84.2916
45,111,30.4388,-84.2916,30.5031,-84.2072
111,45,30.5031,-84.2072,30.4388,-84.2916
45,113,30.4388,-84.2916,30.354,-84.209
113,45,30.354,-84.209,30.4388,-84.2916
45,115,30.4388,-84.2916,30.4421,-84.3036
115,45,30.4421,-84.3036,30.4388,-84.2916
45,118,30.4388,-84.2916,30.4332,-84.2085
118,45,30.4332,-84.2085,30.4388,-84.2916
45,119,30.4388,-84.2916,30.4596,-84.1848
119,45,30.4596,-84.1848,30.4388,-84.2916
45,122,30.4388,-84.2916,30.46,-84.2377
122,45,30.46,-84.2377,30.4388,-84.2916
45,123,30.4388,-84.2916,30.3816,-84.3514
123,45,30.3816,-84.3514,30.4388,-84.2916
45,124,30.4388,-84.2916,30.5073,-84.3707
124,45,30.5073,-84.3707,30.4388,-84.2916
45,125,30.4388,-84.2916,30.4793,-84.2635
125,45,30.4793,-84.2635,30.4388,-84.2916
45,127,30.4388,-84.2916,30.3916,-84.2179
127,45,30.3916,-84.2179,30.4388,-84.2916
45,128,30.4388,-84.2916,30.3865,-84.3463
128,45,30.3865,-84.3463,30.4388,-84.2916
45,129,30.4388,-84.2916,30.4469,-84.3221
129,45,30.4469,-84.3221,30.4388,-84.2916
45,132,30.4388,-84.2916,30.4188,-84.3245
132,45,30.4188,-84.3245,30.4388,-84.2916
45,133,30.4388,-84.2916,30.493,-84.2922
133,45,30.493,-84.2922,30.4388,-84.2916
45,134,30.4388,-84.2916,30.445,-84.3428
134,45,30.445,-84.3428,30.4388,-84.2916
45,135,30.4388,-84.2916,30.3622,-84.2653
135,45,30.3622,-84.2653,30.4388,-84.2916
45,138,30.4388,-84.2916,30.4971,-84.1916
138,45,30.4971,-84.1916,30.4388,-84.2916
45,139,30.4388,-84.2916,30.3713,-84.3221
139,45,30.3713,-84.3221,30.4388,-84.2916
45,140,30.4388,-84.2916,30.4319,-84.2471
140,45,30.4319,-84.2471,30.4388,-84.2916
45,142,30.4388,-84.2916,30.5149,-84.3754
142,45,30.5149,-84.3754,30.4388,-84.2916
45,143,30.4388,-84.2916,30.4713,-84.3311
143,45,30.4713,-84.3311,30.4388,-84.2916
45,144,30.4388,-84.2916,30.4461,-84.3207
144,45,30.4461,-84.3207,30.4388,-84.2916
45,146,30.4388,-84.2916,30.4912,-84.1908
146,45,30.4912,-84.1908,30.4388,-84.2916
45,147,30.4388,-84.2916,30.5124,-84.1967
147,45,30.5124,-84.1967,30.4388,-84.2916
45,148,30.4388,-84.2916,30.5172,-84.2642
148,45,30.5172,-84.2642,30.4388,-84.2916
45,149,30.4388,-84.2916,30.3887,-84.3647
149,45,30.3887,-84.3647,30.4388,-84.2916
46,48,30.4491,-84.2904,30.5074,-84.333
48,46,30.5074,-84.333,30.4491,-84.2904
46,49,30.4491,-84.2904,30.4986,-84.3452
49,46,30.4986,-84.3452,30.4491,-84.2904
46,50,30.4491,-84.2904,30.4696,-84.3143
50,46,30.4696,-84.3143,30.4491,-84.2904
46,51,30.4491,-84.2904,30.3922,-84.3038
51,46,30.3922,-84.3038,30.4491,-84.2904
46,52,30.4491,-84.2904,30.3932,-84.2393
52,46,30.3932,-84.2393,30.4491,-84.2904
46,53,30.4491,-84.2904,30.3874,-84.2525
53,46,30.3874,-84.2525,30.4491,-84.2904
46,56,30.4491,-84.2904,30.5248,-84.2399
56,46,30.5248,-84.2399,30.4491,-84.2904
46,57,30.4491,-84.2904,30.5033,-84.2233
57,46,30.5033,-84.2233,30.4491,-84.2904
46,59,30.4491,-84.2904,30.4869,-84.3528
59,46,30.4869,-84.3528,30.4491,-84.2904
46,60,30.4491,-84.2904,30.4727,-84.3554
60,46,30.4727,-84.3554,30.4491,-84.2904
46,61,30.4491,-84.2904,30.428,-84.349
61,46,30.428,-84.349,30.4491,-84.2904
46,62,30.4491,-84.2904,30.4481,-84.242
62,46,30.4481,-84.242,30.4491,-84.2904
46,63,30.4491,-84.2904,30.4565,-84.2188
63,46,30.4565,-84.2188,30.4491,-84.2904
46,64,30.4491,-84.2904,30.4309,-84.2861
64,46,30.4309,-84.2861,30.4491,-84.2904
46,65,30.4491,-84.2904,30.4489,-84.2727
65,46,30.4489,-84.2727,30.4491,-84.2904
46,66,30.4491,-84.2904,30.4653,-84.2312
66,46,30.4653,-84.2312,30.4491,-84.2904
46,67,30.4491,-84.2904,30.3927,-84.2905
67,46,30.3927,-84.2905,30.4491,-84.2904
46,68,30.4491,-84.2904,30.4004,-84.2295
68,46,30.4004,-84.2295,30.4491,-84.2904
46,69,30.4491,-84.2904,30.3856,-84.2309
69,46,30.3856,-84.2309,30.4491,-84.2904
46,70,30.4491,-84.2904,30.3961,-84.2156
70,46,30.3961,-84.2156,30.4491,-84.2904
46,73,30.4491,-84.2904,30.4238,-84.2163
73,46,30.4238,-84.2163,30.4491,-84.2904
46,74,30.4491,-84.2904,30.429,-84.255
74,46,30.429,-84.255,30.4491,-84.2904
46,75,30.4491,-84.2904,30.3736,-84.2178
75,46,30.3736,-84.2178,30.4491,-84.2904
46,76,30.4491,-84.2904,30.5192,-84.3398
76,46,30.5192,-84.3398,30.4491,-84.2904
46,77,30.4491,-84.2904,30.4429,-84.2548
77,46,30.4429,-84.2548,30.4491,-84.2904
46,79,30.4491,-84.2904,30.384,-84.2103
79,46,30.384,-84.2103,30.4491,-84.2904
46,80,30.4491,-84.2904,30.3652,-84.2624
80,46,30.3652,-84.2624,30.4491,-84.2904
46,82,30.4491,-84.2904,30.4416,-84.2783
82,46,30.4416,-84.2783,30.4491,-84.2904
46,83,30.4491,-84.2904,30.5145,-84.371
83,46,30.5145,-84.371,30.4491,-84.2904
46,84,30.4491,-84.2904,30.4134,-84.3406
84,46,30.4134,-84.3406,30.4491,-84.2904
46,85,30.4491,-84.2904,30.4087,-84.3137
85,46,30.4087,-84.3137,30.4491,-84.2904
46,86,30.4491,-84.2904,30.513,-84.3247
86,46,30.513,-84.3247,30.4491,-84.2904
46,87,30.4491,-84.2904,30.5187,-84.2812
87,46,30.5187,-84.2812,30.4491,-84.2904
46,91,30.4491,-84.2904,30.4387,-84.364
91,46,30.4387,-84.364,30.4491,-84.2904
46,94,30.4491,-84.2904,30.5236,-84.2259
94,46,30.5236,-84.2259,30.4491,-84.2904
46,95,30.4491,-84.2904,30.4963,-84.2309
95,46,30.4963,-84.2309,30.4491,-84.2904
46,97,30.4491,-84.2904,30.3785,-84.2864
97,46,30.3785,-84.2864,30.4491,-84.2904
46,98,30.4491,-84.2904,30.527,-84.2767
98,46,30.527,-84.2767,30.4491,-84.2904
46,100,30.4491,-84.2904,30.4674,-84.2785
100,46,30.4674,-84.2785,30.4491,-84.2904
46,102,30.4491,-84.2904,30.3702,-84.2022
102,46,30.3702,-84.2022,30.4491,-84.2904
46,103,30.4491,-84.2904,30.3684,-84.2249
103,46,30.3684,-84.2249,30.4491,-84.2904
46,105,30.4491,-84.2904,30.4403,-84.2392
105,46,30.4403,-84.2392,30.4491,-84.2904
46,106,30.4491,-84.2904,30.3822,-84.3098
106,46,30.3822,-84.3098,30.4491,-84.2904
46,107,30.4491,-84.2904,30.5161,-84.2171
107,46,30.5161,-84.2171,30.4491,-84.2904
46,108,30.4491,-84.2904,30.4616,-84.1983
108,46,30.4616,-84.1983,30.4491,-84.2904
46,109,30.4491,-84.2904,30.4767,-84.2064
109,46,30.4767,-84.2064,30.4491,-84.2904
46,110,30.4491,-84.2904,30.3621,-84.2092
110,46,30.3621,-84.2092,30.4491,-84.2904
46,111,30.4491,-84.2904,30.5031,-84.2072
111,46,30.5031,-84.2072,30.4491,-84.2904
46,113,30.4491,-84.2904,30.354,-84.209
113,46,30.354,-84.209,30.4491,-84.2904
46,115,30.4491,-84.2904,30.4421,-84.3036
115,46,30.4421,-84.3036,30.4491,-84.2904
46,118,30.4491,-84.2904,30.4332,-84.2085
118,46,30.4332,-84.2085,30.4491,-84.2904
46,119,30.4491,-84.2904,30.4596,-84.1848
119,46,30.4596,-84.1848,30.4491,-84.2904
46,122,30.4491,-84.2904,30.46,-84.2377
122,46,30.46,-84.2377,30.4491,-84.2904
46,123,30.4491,-84.2904,30.3816,-84.3514
123,46,30.3816,-84.3514,30.4491,-84.2904
46,124,30.4491,-84.2904,30.5073,-84.3707
124,46,30.5073,-84.3707,30.4491,-84.2904
46,125,30.4491,-84.2904,30.4793,-84.2635
125,46,30.4793,-84.2635,30.4491,-84.2904
46,127,30.4491,-84.2904,30.3916,-84.2179
127,46,30.3916,-84.2179,30.4491,-84.2904
46,128,30.4491,-84.2904,30.3865,-84.3463
128,46,30.3865,-84.3463,30.4491,-84.2904
46,129,30.4491,-84.2904,30.4469,-84.3221
129,46,30.4469,-84.3221,30.4491,-84.2904
46,132,30.4491,-84.2904,30.4188,-84.3245
132,46,30.4188,-84.3245,30.4491,-84.2904
46,133,30.4491,-84.2904,30.493,-84.2922
133,46,30.493,-84.2922,30.4491,-84.2904
46,134,30.4491,-84.2904,30.445,-84.3428
134,46,30.445,-84.3428,30.4491,-84.2904
46,135,30.4491,-84.2904,30.3622,-84.2653
135,46,30.3622,-84.2653,30.4491,-84.2904
46,138,30.4491,-84.2904,30.4971,-84.1916
138,46,30.4971,-84.1916,30.4491,-84.2904
46,139,30.4491,-84.2904,30.3713,-84.3221
139,46,30.3713,-84.3221,30.4491,-84.2904
46,140,30.4491,-84.2904,30.4319,-84.2471
140,46,30.4319,-84.2471,30.4491,-84.2904
46,142,30.4491,-84.2904,30.5149,-84.3754
142,46,30.5149,-84.3754,30.4491,-84.2904
46,143,30.4491,-84.2904,30.4713,-84.3311
143,46,30.4713,-84.3311,30.4491,-84.2904
46,144,30.4491,-84.2904,30.4461,-84.3207
144,46,30.4461,-84.3207,30.4491,-84.2904
46,146,30.4491,-84.2904,30.4912,-84.1908
146,46,30.4912,-84.1908,30.4491,-84.2904
46,147,30.4491,-84.2904,30.5124,-84.1967
147,46,30.5124,-84.1967,30.4491,-84.2904
46,148,30.4491,-84.2904,30.5172,-84.2642
148,46,30.5172,-84.2642,30.4491,-84.2904
46,149,30.4491,-84.2904,30.3887,-84.3647
149,46,30.3887,-84.3647,30.4491,-84.2904
48,49,30.5074,-84.333,30.4986,-84.3452
49,48,30.4986,-84.3452,30.5074,-84.333
48,50,30.5074,-84.333,30.4696,-84.3143
50,48,30.4696,-84.3143,30.5074,-84.333
48,51,30.5074,-84.333,30.3922,-84.3038
51,48,30.3922,-84.3038,30.5074,-84.333
48,52,30.5074,-84.333,30.3932,-84.2393
52,48,30.3932,-84.2393,30.5074,-84.333
48,53,30.5074,-84.333,30.3874,-84.2525
53,48,30.3874,-84.2525,30.5074,-84.333
48,56,30.5074,-84.333,30.5248,-84.2399
56,48,30.5248,-84.2399,30.5074,-84.333
48,57,30.5074,-84.333,30.5033,-84.2233
57,48,30.5033,-84.2233,30.5074,-84.333
48,59,30.5074,-84.333,30.4869,-84.3528
59,48,30.4869,-84.3528,30.5074,-84.333
48,60,30.5074,-84.333,30.4727,-84.3554
60,48,30.4727,-84.3554,30.5074,-84.333
48,61,30.5074,-84.333,30.428,-84.349
61,48,30.428,-84.349,30.5074,-84.333
48,62,30.5074,-84.333,30.4481,-84.242
62,48,30.4481,-84.242,30.5074,-84.333
48,63,30.5074,-84.333,30.4565,-84.2188
63,48,30.4565,-84.2188,30.5074,-84.333
48,64,30.5074,-84.333,30.4309,-84.2861
64,48,30.4309,-84.2861,30.5074,-84.333
48,65,30.5074,-84.333,30.4489,-84.2727
65,48,30.4489,-84.2727,30.5074,-84.333
48,66,30.5074,-84.333,30.4653,-84.2312
66,48,30.4653,-84.2312,30.5074,-84.333
48,67,30.5074,-84.333,30.3927,-84.2905
67,48,30.3927,-84.2905,30.5074,-84.333
48,68,30.5074,-84.333,30.4004,-84.2295
68,48,30.4004,-84.2295,30.5074,-84.333
48,69,30.5074,-84.333,30.3856,-84.2309
69,48,30.3856,-84.2309,30.5074,-84.333
48,70,30.5074,-84.333,30.3961,-84.2156
70,48,30.3961,-84.2156,30.5074,-84.333
48,73,30.5074,-84.333,30.4238,-84.2163
73,48,30.4238,-84.2163,30.5074,-84.333
48,74,30.5074,-84.333,30.429,-84.255
74,48,30.429,-84.255,30.5074,-84.333
48,75,30.5074,-84.333,30.3736,-84.2178
75,48,30.3736,-84.2178,30.5074,-84.333
48,76,30.5074,-84.333,30.5192,-84.3398
76,48,30.5192,-84.3398,30.5074,-84.333
48,77,30.5074,-84.333,30.4429,-84.2548
77,48,30.4429,-84.2548,30.5074,-84.333
48,79,30.5074,-84.333,30.384,-84.2103
79,48,30.384,-84.2103,30.5074,-84.333
48,80,30.5074,-84.333,30.3652,-84.2624
80,48,30.3652,-84.2624,30.5074,-84.333
48,82,30.5074,-84.333,30.4416,-84.2783
82,48,30.4416,-84.2783,30.5074,-84.333
48,83,30.5074,-84.333,30.5145,-84.371
83,48,30.5145,-84.371,30.5074,-84.333
48,84,30.5074,-84.333,30.4134,-84.3406
84,48,30.4134,-84.3406,30.5074,-84.333
48,85,30.5074,-84.333,30.4087,-84.3137
85,48,30.4087,-84.3137,30.5074,-84.333
48,86,30.5074,-84.333,30.513,-84.3247
86,48,30.513,-84.3247,30.5074,-84.333
48,87,30.5074,-84.333,30.5187,-84.2812
87,48,30.5187,-84.2812,30.5074,-84.333
48,91,30.5074,-84.333,30.4387,-84.364
91,48,30.4387,-84.364,30.5074,-84.333
48,94,30.5074,-84.333,30.5236,-84.2259
94,48,30.5236,-84.2259,30.5074,-84.333
48,95,30.5074,-84.333,30.4963,-84.2309
95,48,30.4963,-84.2309,30.5074,-84.333
48,97,30.5074,-84.333,30.3785,-84.2864
97,48,30.3785,-84.2864,30.5074,-84.333
48,98,30.5074,-84.333,30.527,-84.2767
98,48,30.527,-84.2767,30.5074,-84.333
48,100,30.5074,-84.333,30.4674,-84.2785
100,48,30.4674,-84.2785,30.5074,-84.333
48,102,30.5074,-84.333,30.3702,-84.2022
102,48,30.3702,-84.2022,30.5074,-84.333
48,103,30.5074,-84.333,30.3684,-84.2249
103,48,30.3684,-84.2249,30.5074,-84.333
48,105,30.5074,-84.333,30.4403,-84.2392
105,48,30.4403,-84.2392,30.5074,-84.333
48,106,30.5074,-84.333,30.3822,-84.3098
106,48,30.3822,-84.3098,30.5074,-84.333
48,107,30.5074,-84.333,30.5161,-84.2171
107,48,30.5161,-84.2171,30.5074,-84.333
48,108,30.5074,-84.333,30.4616,-84.1983
108,48,30.4616,-84.1983,30.5074,-84.333
48,109,30.5074,-84.333,30.4767,-84.2064
109,48,30.4767,-84.2064,30.5074,-84.333
48,110,30.5074,-84.333,30.3621,-84.2092
110,48,30.3621,-84.2092,30.5074,-84.333
48,111,30.5074,-84.333,30.5031,-84.2072
111,48,30.5031,-84.2072,30.5074,-84.333
48,113,30.5074,-84.333,30.354,-84.209
113,48,30.354,-84.209,30.5074,-84.333
48,115,30.5074,-84.333,30.4421,-84.3036
115,48,30.4421,-84.3036,30.5074,-84.333
48,118,30.5074,-84.333,30.4332,-84.2085
118,48,30.4332,-84.2085,30.5074,-84.333
48,119,30.5074,-84.333,30.4596,-84.1848
119,48,30.4596,-84.1848,30.5074,-84.333
48,122,30.5074,-84.333,30.46,-84.2377
122,48,30.46,-84.2377,30.5074,-84.333
48,123,30.5074,-84.333,30.3816,-84.3514
123,48,30.3816,-84.3514,30.5074,-84.333
48,124,30.5074,-84.333,30.5073,-84.3707
124,48,30.5073,-84.3707,30.5074,-84.333
48,125,30.5074,-84.333,30.4793,-84.2635
125,48,30.4793,-84.2635,30.5074,-84.333
48,127,30.5074,-84.333,30.3916,-84.2179
127,48,30.3916,-84.2179,30.5074,-84.333
48,128,30.5074,-84.333,30.3865,-84.3463
128,48,30.3865,-84.3463,30.5074,-84.333
48,129,30.5074,-84.333,30.4469,-84.3221
129,48,30.4469,-84.3221,30.5074,-84.333
48,132,30.5074,-84.333,30.4188,-84.3245
132,48,30.4188,-84.3245,30.5074,-84.333
48,133,30.5074,-84.333,30.493,-84.2922
133,48,30.493,-84.2922,30.5074,-84.333
48,134,30.5074,-84.333,30.445,-84.3428
134,48,30.445,-84.3428,30.5074,-84.333
48,135,30.5074,-84.333,30.3622,-84.2653
135,48,30.3622,-84.2653,30.5074,-84.333
48,138,30.5074,-84.333,30.4971,-84.1916
138,48,30.4971,-84.1916,30.5074,-84.333
48,139,30.5074,-84.333,30.3713,-84.3221
139,48,30.3713,-84.3221,30.5074,-84.333
48,140,30.5074,-84.333,30.4319,-84.2471
140,48,30.4319,-84.2471,30.5074,-84.333
48,142,30.5074,-84.333,30.5149,-84.3754
142,48,30.5149,-84.3754,30.5074,-84.333
48,143,30.5074,-84.333,30.4713,-84.3311
143,48,30.4713,-84.3311,30.5074,-84.333
48,144,30.5074,-84.333,30.4461,-84.3207
144,48,30.4461,-84.3207,30.5074,-84.333
48,146,30.5074,-84.333,30.4912,-84.1908
146,48,30.4912,-84.1908,30.5074,-84.333
48,147,30.5074,-84.333,30.5124,-84.1967
147,48,30.5124,-84.1967,30.5074,-84.333
48,148,30.5074,-84.333,30.5172,-84.2642
148,48,30.5172,-84.2642,30.5074,-84.333
48,149,30.5074,-84.333,30.3887,-84.3647
149,48,30.3887,-84.3647,30.5074,-84.333
49,50,30.4986,-84.3452,30.4696,-84.3143
50,49,30.4696,-84.3143,30.4986,-84.3452
49,51,30.4986,-84.3452,30.3922,-84.3038
51,49,30.3922,-84.3038,30.4986,-84.3452
49,52,30.4986,-84.3452,30.3932,-84.2393
52,49,30.3932,-84.2393,30.4986,-84.3452
49,53,30.4986,-84.3452,30.3874,-84.2525
53,49,30.3874,-84.2525,30.4986,-84.3452
49,56,30.4986,-84.3452,30.5248,-84.2399
56,49,30.5248,-84.2399,30.4986,-84.3452
49,57,30.4986,-84.3452,30.5033,-84.2233
57,49,30.5033,-84.2233,30.4986,-84.3452
49,59,30.4986,-84.3452,30.4869,-84.3528
59,49,30.4869,-84.3528,30.4986,-84.3452
49,60,30.4986,-84.3452,30.4727,-84.3554
60,49,30.4727,-84.3554,30.4986,-84.3452
49,61,30.4986,-84.3452,30.428,-84.349
61,49,30.428,-84.349,30.4986,-84.3452
49,62,30.4986,-84.3452,30.4481,-84.242
62,49,30.4481,-84.242,30.4986,-84.3452
49,63,30.4986,-84.3452,30.4565,-84.2188
63,49,30.4565,-84.2188,30.4986,-84.3452
49,64,30.4986,-84.3452,30.4309,-84.2861
64,49,30.4309,-84.2861,30.4986,-84.3452
49,65,30.4986,-84.3452,30.4489,-84.2727
65,49,30.4489,-84.2727,30.4986,-84.3452
49,66,30.4986,-84.3452,30.4653,-84.2312
66,49,30.4653,-84.2312,30.4986,-84.3452
49,67,30.4986,-84.3452,30.3927,-84.2905
67,49,30.3927,-84.2905,30.4986,-84.3452
49,68,30.4986,-84.3452,30.4004,-84.2295
68,49,30.4004,-84.2295,30.4986,-84.3452
49,69,30.4986,-84.3452,30.3856,-84.2309
69,49,30.3856,-84.2309,30.4986,-84.3452
49,70,30.4986,-84.3452,30.3961,-84.2156
70,49,30.3961,-84.2156,30.4986,-84.3452
49,73,30.4986,-84.3452,30.4238,-84.2163
73,49,30.4238,-84.2163,30.4986,-84.3452
49,74,30.4986,-84.3452,30.429,-84.255
74,49,30.429,-84.255,30.4986,-84.3452
49,75,30.4986,-84.3452,30.3736,-84.2178
75,49,30.3736,-84.2178,30.4986,-84.3452
49,76,30.4986,-84.3452,30.5192,-84.3398
76,49,30.5192,-84.3398,30.4986,-84.3452
49,77,30.4986,-84.3452,30.4429,-84.2548
77,49,30.4429,-84.2548,30.4986,-84.3452
49,79,30.4986,-84.3452,30.384,-84.2103
79,49,30.384,-84.2103,30.4986,-84.3452
49,80,30.4986,-84.3452,30.3652,-84.2624
80,49,30.3652,-84.2624,30.4986,-84.3452
49,82,30.4986,-84.3452,30.4416,-84.2783
82,49,30.4416,-84.2783,30.4986,-84.3452
49,83,30.4986,-84.3452,30.5145,-84.371
83,49,30.5145,-84.371,30.4986,-84.3452
49,84,30.4986,-84.3452,30.4134,-84.3406
84,49,30.4134,-84.3406,30.4986,-84.3452
49,85,30.4986,-84.3452,30.4087,-84.3137
85,49,30.4087,-84.3137,30.4986,-84.3452
49,86,30.4986,-84.3452,30.513,-84.3247
86,49,30.513,-84.3247,30.4986,-84.3452
49,87,30.4986,-84.3452,30.5187,-84.2812
87,49,30.5187,-84.2812,30.4986,-84.3452
49,91,30.4986,-84.3452,30.4387,-84.364
91,49,30.4387,-84.364,30.4986,-84.3452
49,94,30.4986,-84.3452,30.5236,-84.2259
94,49,30.5236,-84.2259,30.4986,-84.3452
49,95,30.4986,-84.3452,30.4963,-84.2309
95,49,30.4963,-84.2309,30.4986,-84.3452
49,97,30.4986,-84.3452,30.3785,-84.2864
97,49,30.3785,-84.2864,30.4986,-84.3452
49,98,30.4986,-84.3452,30.527,-84.2767
98,49,30.527,-84.2767,30.4986,-84.3452
49,100,30.4986,-84.3452,30.4674,-84.2785
100,49,30.4674,-84.2785,30.4986,-84.3452
49,102,30.4986,-84.3452,30.3702,-84.2022
102,49,30.3702,-84.2022,30.4986,-84.3452
49,103,30.4986,-84.3452,30.3684,-84.2249
103,49,30.3684,-84.2249,30.4986,-84.3452
49,105,30.4986,-84.3452,30.4403,-84.2392
105,49,30.4403,-84.2392,30.4986,-84.3452
49,106,30.4986,-84.3452,30.3822,-84.3098
106,49,30.3822,-84.3098,30.4986,-84.3452
49,107,30.4986,-84.3452,30.5161,-84.2171
107,49,30.5161,-84.2171,30.4986,-84.3452
49,108,30.4986,-84.3452,30.4616,-84.1983
108,49,30.4616,-84.1983,30.4986,-84.3452
49,109,30.4986,-84.3452,30.4767,-84.2064
109,49,30.4767,-84.2064,30.4986,-84.3452
49,110,30.4986,-84.3452,30.3621,-84.2092
110,49,30.3621,-84.2092,30.4986,-84.3452
49,111,30.4986,-84.3452,30.5031,-84.2072
111,49,30.5031,-84.2072,30.4986,-84.3452
49,113,30.4986,-84.3452,30.354,-84.209
113,49,30.354,-84.209,30.4986,-84.3452
49,115,30.4986,-84.3452,30.4421,-84.3036
115,49,30.4421,-84.3036,30.4986,-84.3452
49,118,30.4986,-84.3452,30.4332,-84.2085
118,49,30.4332,-84.2085,30.4986,-84.3452
49,119,30.4986,-84.3452,30.4596,-84.1848
119,49,30.4596,-84.1848,30.4986,-84.3452
49,122,30.4986,-84.3452,30.46,-84.2377
122,49,30.46,-84.2377,30.4986,-84.3452
49,123,30.4986,-84.3452,30.3816,-84.3514
123,49,30.3816,-84.3514,30.4986,-84.3452
49,124,30.4986,-84.3452,30.5073,-84.3707
124,49,30.5073,-84.3707,30.4986,-84.3452
49,125,30.4986,-84.3452,30.4793,-84.2635
125,49,30.4793,-84.2635,30.4986,-84.3452
49,127,30.4986,-84.3452,30.3916,-84.2179
127,49,30.3916,-84.2179,30.4986,-84.3452
49,128,30.4986,-84.3452,30.3865,-84.3463
128,49,30.3865,-84.3463,30.4986,-84.3452
49,129,30.4986,-84.3452,30.4469,-84.3221
129,49,30.4469,-84.3221,30.4986,-84.3452
49,132,30.4986,-84.3452,30.4188,-84.3245
132,49,30.4188,-84.3245,30.4986,-84.3452
49,133,30.4986,-84.3452,30.493,-84.2922
133,49,30.493,-84.2922,30.4986,-84.3452
49,134,30.4986,-84.3452,30.445,-84.3428
134,49,30.445,-84.3428,30.4986,-84.3452
49,135,30.4986,-84.3452,30.3622,-84.2653
135,49,30.3622,-84.2653,30.4986,-84.3452
49,138,30.4986,-84.3452,30.4971,-84.1916
138,49,30.4971,-84.1916,30.4986,-84.3452
49,139,30.4986,-84.3452,30.3713,-84.3221
139,49,30.3713,-84.3221,30.4986,-84.3452
49,140,30.4986,-84.3452,30.4319,-84.2471
140,49,30.4319,-84.2471,30.4986,-84.3452
49,142,30.4986,-84.3452,30.5149,-84.3754
142,49,30.5149,-84.3754,30.4986,-84.3452
49,143,30.4986,-84.3452,30.4713,-84.3311
143,49,30.4713,-84.3311,30.4986,-84.3452
49,144,30.4986,-84.3452,30.4461,-84.3207
144,49,30.4461,-84.3207,30.4986,-84.3452
49,146,30.4986,-84.3452,30.4912,-84.1908
146,49,30.4912,-84.1908,30.4986,-84.3452
49,147,30.4986,-84.3452,30.5124,-84.1967
147,49,30.5124,-84.1967,30.4986,-84.3452
49,148,30.4986,-84.3452,30.5172,-84.2642
148,49,30.5172,-84.2642,30.4986,-84.3452
49,149,30.4986,-84.3452,30.3887,-84.3647
149,49,30.3887,-84.3647,30.4986,-84.3452
50,51,30.4696,-84.3143,30.3922,-84.3038
51,50,30.3922,-84.3038,30.4696,-84.3143
50,52,30.4696,-84.3143,30.3932,-84.2393
52,50,30.3932,-84.2393,30.4696,-84.3143
50,53,30.4696,-84.3143,30.3874,-84.2525
53,50,30.3874,-84.2525,30.4696,-84.3143
50,56,30.4696,-84.3143,30.5248,-84.2399
56,50,30.5248,-84.2399,30.4696,-84.3143
50,57,30.4696,-84.3143,30.5033,-84.2233
57,50,30.5033,-84.2233,30.4696,-84.3143
50,59,30.4696,-84.3143,30.4869,-84.3528
59,50,30.4869,-84.3528,30.4696,-84.3143
50,60,30.4696,-84.3143,30.4727,-84.3554
60,50,30.4727,-84.3554,30.4696,-84.3143
50,61,30.4696,-84.3143,30.428,-84.349
61,50,30.428,-84.349,30.4696,-84.3143
50,62,30.4696,-84.3143,30.4481,-84.242
62,50,30.4481,-84.242,30.4696,-84.3143
50,63,30.4696,-84.3143,30.4565,-84.2188
63,50,30.4565,-84.2188,30.4696,-84.3143
50,64,30.4696,-84.3143,30.4309,-84.2861
64,50,30.4309,-84.2861,30.4696,-84.3143
50,65,30.4696,-84.3143,30.4489,-84.2727
65,50,30.4489,-84.2727,30.4696,-84.3143
50,66,30.4696,-84.3143,30.4653,-84.2312
66,50,30.4653,-84.2312,30.4696,-84.3143
50,67,30.4696,-84.3143,30.3927,-84.2905
67,50,30.3927,-84.2905,30.4696,-84.3143
50,68,30.4696,-84.3143,30.4004,-84.2295
68,50,30.4004,-84.2295,30.4696,-84.3143
50,69,30.4696,-84.3143,30.3856,-84.2309
69,50,30.3856,-84.2309,30.4696,-84.3143
50,70,30.4696,-84.3143,30.3961,-84.2156
70,50,30.3961,-84.2156,30.4696,-84.3143
50,73,30.4696,-84.3143,30.4238,-84.2163
73,50,30.4238,-84.2163,30.4696,-84.3143
50,74,30.4696,-84.3143,30.429,-84.255
74,50,30.429,-84.255,30.4696,-84.3143
50,75,30.4696,-84.3143,30.3736,-84.2178
75,50,30.3736,-84.2178,30.4696,-84.3143
50,76,30.4696,-84.3143,30.5192,-84.3398
76,50,30.5192,-84.3398,30.4696,-84.3143
50,77,30.4696,-84.3143,30.4429,-84.2548
77,50,30.4429,-84.2548,30.4696,-84.3143
50,79,30.4696,-84.3143,30.384,-84.2103
79,50,30.384,-84.2103,30.4696,-84.3143
50,80,30.4696,-84.3143,30.3652,-84.2624
80,50,30.3652,-84.2624,30.4696,-84.3143
50,82,30.4696,-84.3143,30.4416,-84.2783
82,50,30.4416,-84.2783,30.4696,-84.3143
50,83,30.4696,-84.3143,30.5145,-84.371
83,50,30.5145,-84.371,30.4696,-84.3143
50,84,30.4696,-84.3143,30.4134,-84.3406
84,50,30.4134,-84.3406,30.4696,-84.3143
50,85,30.4696,-84.3143,30.4087,-84.3137
85,50,30.4087,-84.3137,30.4696,-84.3143
50,86,30.4696,-84.3143,30.513,-84.3247
86,50,30.513,-84.3247,30.4696,-84.3143
50,87,30.4696,-84.3143,30.5187,-84.2812
87,50,30.5187,-84.2812,30.4696,-84.3143
50,91,30.4696,-84.3143,30.4387,-84.364
91,50,30.4387,-84.364,30.4696,-84.3143
50,94,30.4696,-84.3143,30.5236,-84.2259
94,50,30.5236,-84.2259,30.4696,-84.3143
50,95,30.4696,-84.3143,30.4963,-84.2309
95,50,30.4963,-84.2309,30.4696,-84.3143
50,97,30.4696,-84.3143,30.3785,-84.2864
97,50,30.3785,-84.2864,30.4696,-84.3143
50,98,30.4696,-84.3143,30.527,-84.2767
98,50,30.527,-84.2767,30.4696,-84.3143
50,100,30.4696,-84.3143,30.4674,-84.2785
100,50,30.4674,-84.2785,30.4696,-84.3143
50,102,30.4696,-84.3143,30.3702,-84.2022
102,50,30.3702,-84.2022,30.4696,-84.3143
50,103,30.4696,-84.3143,30.3684,-84.2249
103,50,30.3684,-84.2249,30.4696,-84.3143
50,105,30.4696,-84.3143,30.4403,-84.2392
105,50,30.4403,-84.2392,30.4696,-84.3143
50,106,30.4696,-84.3143,30.3822,-84.3098
106,50,30.3822,-84.3098,30.4696,-84.3143
50,107,30.4696,-84.3143,30.5161,-84.2171
107,50,30.5161,-84.2171,30.4696,-84.3143
50,108,30.4696,-84.3143,30.4616,-84.1983
108,50,30.4616,-84.1983,30.4696,-84.3143
50,109,30.4696,-84.3143,30.4767,-84.2064
109,50,30.4767,-84.2064,30.4696,-84.3143
50,110,30.4696,-84.3143,30.3621,-84.2092
110,50,30.3621,-84.2092,30.4696,-84.3143
50,111,30.4696,-84.3143,30.5031,-84.2072
111,50,30.5031,-84.2072,30.4696,-84.3143
50,113,30.4696,-84.3143,30.354,-84.209
113,50,30.354,-84.209,30.4696,-84.3143
50,115,30.4696,-84.3143,30.4421,-84.3036
115,50,30.4421,-84.3036,30.4696,-84.3143
50,118,30.4696,-84.3143,30.4332,-84.2085
118,50,30.4332,-84.2085,30.4696,-84.3143
50,119,30.4696,-84.3143,30.4596,-84.1848
119,50,30.4596,-84.1848,30.4696,-84.3143
50,122,30.4696,-84.3143,30.46,-84.2377
122,50,30.46,-84.2377,30.4696,-84.3143
50,123,30.4696,-84.3143,30.3816,-84.3514
123,50,30.3816,-84.3514,30.4696,-84.3143
50,124,30.4696,-84.3143,30.5073,-84.3707
124,50,30.5073,-84.3707,30.4696,-84.3143
50,125,30.4696,-84.3143,30.4793,-84.2635
125,50,30.4793,-84.2635,30.4696,-84.3143
50,127,30.4696,-84.3143,30.3916,-84.2179
127,50,30.3916,-84.2179,30.4696,-84.3143
50,128,30.4696,-84.3143,30.3865,-84.3463
128,50,30.3865,-84.3463,30.4696,-84.3143
50,129,30.4696,-84.3143,30.4469,-84.3221
129,50,30.4469,-84.3221,30.4696,-84.3143
50,132,30.4696,-84.3143,30.4188,-84.3245
132,50,30.4188,-84.3245,30.4696,-84.3143
50,133,30.4696,-84.3143,30.493,-84.2922
133,50,30.493,-84.2922,30.4696,-84.3143
50,134,30.4696,-84.3143,30.445,-84.3428
134,50,30.445,-84.3428,30.4696,-84.3143
50,135,30.4696,-84.3143,30.3622,-84.2653
135,50,30.3622,-84.2653,30.4696,-84.3143
50,138,30.4696,-84.3143,30.4971,-84.1916
138,50,30.4971,-84.1916,30.4696,-84.3143
50,139,30.4696,-84.3143,30.3713,-84.3221
139,50,30.3713,-84.3221,30.4696,-84.3143
50,140,30.4696,-84.3143,30.4319,-84.2471
140,50,30.4319,-84.2471,30.4696,-84.3143
50,142,30.4696,-84.3143,30.5149,-84.3754
142,50,30.5149,-84.3754,30.4696,-84.3143
50,143,30.4696,-84.3143,30.4713,-84.3311
143,50,30.4713,-84.3311,30.4696,-84.3143
50,144,30.4696,-84.3143,30.4461,-84.3207
144,50,30.4461,-84.3207,30.4696,-84.3143
50,146,30.4696,-84.3143,30.4912,-84.1908
146,50,30.4912,-84.1908,30.4696,-84.3143
50,147,30.4696,-84.3143,30.5124,-84.1967
147,50,30.5124,-84.1967,30.4696,-84.3143
50,148,30.4696,-84.3143,30.5172,-84.2642
148,50,30.5172,-84.2642,30.4696,-84.3143
50,149,30.4696,-84.3143,30.3887,-84.3647
149,50,30.3887,-84.3647,30.4696,-84.3143
51,52,30.3922,-84.3038,30.3932,-84.2393
52,51,30.3932,-84.2393,30.3922,-84.3038
51,53,30.3922,-84.3038,30.3874,-84.2525
53,51,30.3874,-84.2525,30.3922,-84.3038
51,56,30.3922,-84.3038,30.5248,-84.2399
56,51,30.5248,-84.2399,30.3922,-84.3038
51,57,30.3922,-84.3038,30.5033,-84.2233
57,51,30.5033,-84.2233,30.3922,-84.3038
51,59,30.3922,-84.3038,30.4869,-84.3528
59,51,30.4869,-84.3528,30.3922,-84.3038
51,60,30.3922,-84.3038,30.4727,-84.3554
60,51,30.4727,-84.3554,30.3922,-84.3038
51,61,30.3922,-84.3038,30.428,-84.349
61,51,30.428,-84.349,30.3922,-84.3038
51,62,30.3922,-84.3038,30.4481,-84.242
62,51,30.4481,-84.242,30.3922,-84.3038
51,63,30.3922,-84.3038,30.4565,-84.2188
63,51,30.4565,-84.2188,30.3922,-84.3038
51,64,30.3922,-84.3038,30.4309,-84.2861
64,51,30.4309,-84.2861,30.3922,-84.3038
51,65,30.3922,-84.3038,30.4489,-84.2727
65,51,30.4489,-84.2727,30.3922,-84.3038
51,66,30.3922,-84.3038,30.4653,-84.2312
66,51,30.4653,-84.2312,30.3922,-84.3038
51,67,30.3922,-84.3038,30.3927,-84.2905
67,51,30.3927,-84.2905,30.3922,-84.3038
51,68,30.3922,-84.3038,30.4004,-84.2295
68,51,30.4004,-84.2295,30.3922,-84.3038
51,69,30.3922,-84.3038,30.3856,-84.2309
69,51,30.3856,-84.2309,30.3922,-84.3038
51,70,30.3922,-84.3038,30.3961,-84.2156
70,51,30.3961,-84.2156,30.3922,-84.3038
51,73,30.3922,-84.3038,30.4238,-84.2163
73,51,30.4238,-84.2163,30.3922,-84.3038
51,74,30.3922,-84.3038,30.429,-84.255
74,51,30.429,-84.255,30.3922,-84.3038
51,75,30.3922,-84.3038,30.3736,-84.2178
75,51,30.3736,-84.2178,30.3922,-84.3038
51,76,30.3922,-84.3038,30.5192,-84.3398
76,51,30.5192,-84.3398,30.3922,-84.3038
51,77,30.3922,-84.3038,30.4429,-84.2548
77,51,30.4429,-84.2548,30.3922,-84.3038
51,79,30.3922,-84.3038,30.384,-84.2103
79,51,30.384,-84.2103,30.3922,-84.3038
51,80,30.3922,-84.3038,30.3652,-84.2624
80,51,30.3652,-84.2624,30.3922,-84.3038
51,82,30.3922,-84.3038,30.4416,-84.2783
82,51,30.4416,-84.2783,30.3922,-84.3038
51,83,30.3922,-84.3038,30.5145,-84.371
83,51,30.5145,-84.371,30.3922,-84.3038
51,84,30.3922,-84.3038,30.4134,-84.3406
84,51,30.4134,-84.3406,30.3922,-84.3038
51,85,30.3922,-84.3038,30.4087,-84.3137
85,51,30.4087,-84.3137,30.3922,-84.3038
51,86,30.3922,-84.3038,30.513,-84.3247
86,51,30.513,-84.3247,30.3922,-84.3038
51,87,30.3922,-84.3038,30.5187,-84.2812
87,51,30.5187,-84.2812,30.3922,-84.3038
51,91,30.3922,-84.3038,30.4387,-84.364
91,51,30.4387,-84.364,30.3922,-84.3038
51,94,30.3922,-84.3038,30.5236,-84.2259
94,51,30.5236,-84.2259,30.3922,-84.3038
51,95,30.3922,-84.3038,30.4963,-84.2309
95,51,30.4963,-84.2309,30.3922,-84.3038
51,97,30.3922,-84.3038,30.3785,-84.2864
97,51,30.3785,-84.2864,30.3922,-84.3038
51,98,30.3922,-84.3038,30.527,-84.2767
98,51,30.527,-84.2767,30.3922,-84.3038
51,100,30.3922,-84.3038,30.4674,-84.2785
100,51,30.4674,-84.2785,30.3922,-84.3038
51,102,30.3922,-84.3038,30.3702,-84.2022
102,51,30.3702,-84.2022,30.3922,-84.3038
51,103,30.3922,-84.3038,30.3684,-84.2249
103,51,30.3684,-84.2249,30.3922,-84.3038
51,105,30.3922,-84.3038,30.4403,-84.2392
105,51,30.4403,-84.2392,30.3922,-84.3038
51,106,30.3922,-84.3038,30.3822,-84.3098
106,51,30.3822,-84.3098,30.3922,-84.3038
51,107,30.3922,-84.3038,30.5161,-84.2171
107,51,30.5161,-84.2171,30.3922,-84.3038
51,108,30.3922,-84.3038,30.4616,-84.1983
108,51,30.4616,-84.1983,30.3922,-84.3038
51,109,30.3922,-84.3038,30.4767,-84.2064
109,51,30.4767,-84.2064,30.3922,-84.3038
51,110,30.3922,-84.3038,30.3621,-84.2092
110,51,30.3621,-84.2092,30.3922,-84.3038
51,111,30.3922,-84.3038,30.5031,-84.2072
111,51,30.5031,-84.2072,30.3922,-84.3038
51,113,30.3922,-84.3038,30.354,-84.209
113,51,30.354,-84.209,30.3922,-84.3038
51,115,30.3922,-84.3038,30.4421,-84.3036
115,51,30.4421,-84.3036,30.3922,-84.3038
51,118,30.3922,-84.3038,30.4332,-84.2085
118,51,30.4332,-84.2085,30.3922,-84.3038
51,119,30.3922,-84.3038,30.4596,-84.1848
119,51,30.4596,-84.1848,30.3922,-84.3038
51,122,30.3922,-84.3038,30.46,-84.2377
122,51,30.46,-84.2377,30.3922,-84.3038
51,123,30.3922,-84.3038,30.3816,-84.3514
123,51,30.3816,-84.3514,30.3922,-84.3038
51,124,30.3922,-84.3038,30.5073,-84.3707
124,51,30.5073,-84.3707,30.3922,-84.3038
51,125,30.3922,-84.3038,30.4793,-84.2635
125,51,30.4793,-84.2635,30.3922,-84.3038
51,127,30.3922,-84.3038,30.3916,-84.2179
127,51,30.3916,-84.2179,30.3922,-84.3038
51,128,30.3922,-84.3038,30.3865,-84.3463
128,51,30.3865,-84.3463,30.3922,-84.3038
51,129,30.3922,-84.3038,30.4469,-84.3221
129,51,30.4469,-84.3221,30.3922,-84.3038
51,132,30.3922,-84.3038,30.4188,-84.3245
132,51,30.4188,-84.3245,30.3922,-84.3038
51,133,30.3922,-84.3038,30.493,-84.2922
133,51,30.493,-84.2922,30.3922,-84.3038
51,134,30.3922,-84.3038,30.445,-84.3428
134,51,30.445,-84.3428,30.3922,-84.3038
51,135,30.3922,-84.3038,30.3622,-84.2653
135,51,30.3622,-84.2653,30.3922,-84.3038
51,138,30.3922,-84.3038,30.4971,-84.1916
138,51,30.4971,-84.1916,30.3922,-84.3038
51,139,30.3922,-84.3038,30.3713,-84.3221
139,51,30.3713,-84.3221,30.3922,-84.3038
51,140,30.3922,-84.3038,30.4319,-84.2471
140,51,30.4319,-84.2471,30.3922,-84.3038
51,142,30.3922,-84.3038,30.5149,-84.3754
142,51,30.5149,-84.3754,30.3922,-84.3038
51,143,30.3922,-84.3038,30.4713,-84.3311
143,51,30.4713,-84.3311,30.3922,-84.3038
51,144,30.3922,-84.3038,30.4461,-84.3207
144,51,30.4461,-84.3207,30.3922,-84.3038
51,146,30.3922,-84.3038,30.4912,-84.1908
146,51,30.4912,-84.1908,30.3922,-84.3038
51,147,30.3922,-84.3038,30.5124,-84.1967
147,51,30.5124,-84.1967,30.3922,-84.3038
51,148,30.3922,-84.3038,30.5172,-84.2642
148,51,30.5172,-84.2642,30.3922,-84.3038
51,149,30.3922,-84.3038,30.3887,-84.3647
149,51,30.3887,-84.3647,30.3922,-84.3038
52,53,30.3932,-84.2393,30.3874,-84.2525
53,52,30.3874,-84.2525,30.3932,-84.2393
52,56,30.3932,-84.2393,30.5248,-84.2399
56,52,30.5248,-84.2399,30.3932,-84.2393
52,57,30.3932,-84.2393,30.5033,-84.2233
57,52,30.5033,-84.2233,30.3932,-84.2393
52,59,30.3932,-84.2393,30.4869,-84.3528
59,52,30.4869,-84.3528,30.3932,-84.2393
52,60,30.3932,-84.2393,30.4727,-84.3554
60,52,30.4727,-84.3554,30.3932,-84.2393
52,61,30.3932,-84.2393,30.428,-84.349
61,52,30.428,-84.349,30.3932,-84.2393
52,62,30.3932,-84.2393,30.4481,-84.242
62,52,30.4481,-84.242,30.3932,-84.2393
52,63,30.3932,-84.2393,30.4565,-84.2188
63,52,30.4565,-84.2188,30.3932,-84.2393
52,64,30.3932,-84.2393,30.4309,-84.2861
64,52,30.4309,-84.2861,30.3932,-84.2393
52,65,30.3932,-84.2393,30.4489,-84.2727
65,52,30.4489,-84.2727,30.3932,-84.2393
52,66,30.3932,-84.2393,30.4653,-84.2312
66,52,30.4653,-84.2312,30.3932,-84.2393
52,67,30.3932,-84.2393,30.3927,-84.2905
67,52,30.3927,-84.2905,30.3932,-84.2393
52,68,30.3932,-84.2393,30.4004,-84.2295
68,52,30.4004,-84.2295,30.3932,-84.2393
52,69,30.3932,-84.2393,30.3856,-84.2309
69,52,30.3856,-84.2309,30.3932,-84.2393
52,70,30.3932,-84.2393,30.3961,-84.2156
70,52,30.3961,-84.2156,30.3932,-84.2393
52,73,30.3932,-84.2393,30.4238,-84.2163
73,52,30.4238,-84.2163,30.3932,-84.2393
52,74,30.3932,-84.2393,30.429,-84.255
74,52,30.429,-84.255,30.3932,-84.2393
52,75,30.3932,-84.2393,30.3736,-84.2178
75,52,30.3736,-84.2178,30.3932,-84.2393
52,76,30.3932,-84.2393,30.5192,-84.3398
76,52,30.5192,-84.3398,30.3932,-84.2393
52,77,30.3932,-84.2393,30.4429,-84.2548
77,52,30.4429,-84.2548,30.3932,-84.2393
52,79,30.3932,-84.2393,30.384,-84.2103
79,52,30.384,-84.2103,30.3932,-84.2393
52,80,30.3932,-84.2393,30.3652,-84.2624
80,52,30.3652,-84.2624,30.3932,-84.2393
52,82,30.3932,-84.2393,30.4416,-84.2783
82,52,30.4416,-84.2783,30.3932,-84.2393
52,83,30.3932,-84.2393,30.5145,-84.371
83,52,30.5145,-84.371,30.3932,-84.2393
52,84,30.3932,-84.2393,30.4134,-84.3406
84,52,30.4134,-84.3406,30.3932,-84.2393
52,85,30.3932,-84.2393,30.4087,-84.3137
85,52,30.4087,-84.3137,30.3932,-84.2393
52,86,30.3932,-84.2393,30.513,-84.3247
86,52,30.513,-84.3247,30.3932,-84.2393
52,87,30.3932,-84.2393,30.5187,-84.2812
87,52,30.5187,-84.2812,30.3932,-84.2393
52,91,30.3932,-84.2393,30.4387,-84.364
91,52,30.4387,-84.364,30.3932,-84.2393
52,94,30.3932,-84.2393,30.5236,-84.2259
94,52,30.5236,-84.2259,30.3932,-84.2393
52,95,30.3932,-84.2393,30.4963,-84.2309
95,52,30.4963,-84.2309,30.3932,-84.2393
52,97,30.3932,-84.2393,30.3785,-84.2864
97,52,30.3785,-84.2864,30.3932,-84.2393
52,98,30.3932,-84.2393,30.527,-84.2767
98,52,30.527,-84.2767,30.3932,-84.2393
52,100,30.3932,-84.2393,30.4674,-84.2785
100,52,30.4674,-84.2785,30.3932,-84.2393
52,102,30.3932,-84.2393,30.3702,-84.2022
102,52,30.3702,-84.2022,30.3932,-84.2393
52,103,30.3932,-84.2393,30.3684,-84.2249
103,52,30.3684,-84.2249,30.3932,-84.2393
52,105,30.3932,-84.2393,30.4403,-84.2392
105,52,30.4403,-84.2392,30.3932,-84.2393
52,106,30.3932,-84.2393,30.3822,-84.3098
106,52,30.3822,-84.3098,30.3932,-84.2393
52,107,30.3932,-84.2393,30.5161,-84.2171
107,52,30.5161,-84.2171,30.3932,-84.2393
52,108,30.3932,-84.2393,30.4616,-84.1983
108,52,30.4616,-84.1983,30.3932,-84.2393
52,109,30.3932,-84.2393,30.4767,-84.2064
109,52,30.4767,-84.2064,30.3932,-84.2393
52,110,30.3932,-84.2393,30.3621,-84.2092
110,52,30.3621,-84.2092,30.3932,-84.2393
52,111,30.3932,-84.2393,30.5031,-84.2072
111,52,30.5031,-84.2072,30.3932,-84.2393
52,113,30.3932,-84.2393,30.354,-84.209
113,52,30.354,-84.209,30.3932,-84.2393
52,115,30.3932,-84.2393,30.4421,-84.3036
115,52,30.4421,-84.3036,30.3932,-84.2393
52,118,30.3932,-84.2393,30.4332,-84.2085
118,52,30.4332,-84.2085,30.3932,-84.2393
52,119,30.3932,-84.2393,30.4596,-84.1848
119,52,30.4596,-84.1848,30.3932,-84.2393
52,122,30.3932,-84.2393,30.46,-84.2377
122,52,30.46,-84.2377,30.3932,-84.2393
52,123,30.3932,-84.2393,30.3816,-84.3514
123,52,30.3816,-84.3514,30.3932,-84.2393
52,124,30.3932,-84.2393,30.5073,-84.3707
124,52,30.5073,-84.3707,30.3932,-84.2393
52,125,30.3932,-84.2393,30.4793,-84.2635
125,52,30.4793,-84.2635,30.3932,-84.2393
52,127,30.3932,-84.2393,30.3916,-84.2179
127,52,30.3916,-84.2179,30.3932,-84.2393
52,128,30.3932,-84.2393,30.3865,-84.3463
128,52,30.3865,-84.3463,30.3932,-84.2393
52,129,30.3932,-84.2393,30.4469,-84.3221
129,52,30.4469,-84.3221,30.3932,-84.2393
52,132,30.3932,-84.2393,30.4188,-84.3245
132,52,30.4188,-84.3245,30.3932,-84.2393
52,133,30.3932,-84.2393,30.493,-84.2922
133,52,30.493,-84.2922,30.3932,-84.2393
52,134,30.3932,-84.2393,30.445,-84.3428
134,52,30.445,-84.3428,30.3932,-84.2393
52,135,30.3932,-84.2393,30.3622,-84.2653
135,52,30.3622,-84.2653,30.3932,-84.2393
52,138,30.3932,-84.2393,30.4971,-84.1916
138,52,30.4971,-84.1916,30.3932,-84.2393
52,139,30.3932,-84.2393,30.3713,-84.3221
139,52,30.3713,-84.3221,30.3932,-84.2393
52,140,30.3932,-84.2393,30.4319,-84.2471
140,52,30.4319,-84.2471,30.3932,-84.2393
52,142,30.3932,-84.2393,30.5149,-84.3754
142,52,30.5149,-84.3754,30.3932,-84.2393
52,143,30.3932,-84.2393,30.4713,-84.3311
143,52,30.4713,-84.3311,30.3932,-84.2393
52,144,30.3932,-84.2393,30.4461,-84.3207
144,52,30.4461,-84.3207,30.3932,-84.2393
52,146,30.3932,-84.2393,30.4912,-84.1908
146,52,30.4912,-84.1908,30.3932,-84.2393
52,147,30.3932,-84.2393,30.5124,-84.1967
147,52,30.5124,-84.1967,30.3932,-84.2393
52,148,30.3932,-84.2393,30.5172,-84.2642
148,52,30.5172,-84.2642,30.3932,-84.2393
52,149,30.3932,-84.2393,30.3887,-84.3647
149,52,30.3887,-84.3647,30.3932,-84.2393
53,56,30.3874,-84.2525,30.5248,-84.2399
56,53,30.5248,-84.2399,30.3874,-84.2525
53,57,30.3874,-84.2525,30.5033,-84.2233
57,53,30.5033,-84.2233,30.3874,-84.2525
53,59,30.3874,-84.2525,30.4869,-84.3528
59,53,30.4869,-84.3528,30.3874,-84.2525
53,60,30.3874,-84.2525,30.4727,-84.3554
60,53,30.4727,-84.3554,30.3874,-84.2525
53,61,30.3874,-84.2525,30.428,-84.349
61,53,30.428,-84.349,30.3874,-84.2525
53,62,30.3874,-84.2525,30.4481,-84.242
62,53,30.4481,-84.242,30.3874,-84.2525
53,63,30.3874,-84.2525,30.4565,-84.2188
63,53,30.4565,-84.2188,30.3874,-84.2525
53,64,30.3874,-84.2525,30.4309,-84.2861
64,53,30.4309,-84.2861,30.3874,-84.2525
53,65,30.3874,-84.2525,30.4489,-84.2727
65,53,30.4489,-84.2727,30.3874,-84.2525
53,66,30.3874,-84.2525,30.4653,-84.2312
66,53,30.4653,-84.2312,30.3874,-84.2525
53,67,30.3874,-84.2525,30.3927,-84.2905
67,53,30.3927,-84.2905,30.3874,-84.2525
53,68,30.3874,-84.2525,30.4004,-84.2295
68,53,30.4004,-84.2295,30.3874,-84.2525
53,69,30.3874,-84.2525,30.3856,-84.2309
69,53,30.3856,-84.2309,30.3874,-84.2525
53,70,30.3874,-84.2525,30.3961,-84.2156
70,53,30.3961,-84.2156,30.3874,-84.2525
53,73,30.3874,-84.2525,30.4238,-84.2163
73,53,30.4238,-84.2163,30.3874,-84.2525
53,74,30.3874,-84.2525,30.429,-84.255
74,53,30.429,-84.255,30.3874,-84.2525
53,75,30.3874,-84.2525,30.3736,-84.2178
75,53,30.3736,-84.2178,30.3874,-84.2525
53,76,30.3874,-84.2525,30.5192,-84.3398
76,53,30.5192,-84.3398,30.3874,-84.2525
53,77,30.3874,-84.2525,30.4429,-84.2548
77,53,30.4429,-84.2548,30.3874,-84.2525
53,79,30.3874,-84.2525,30.384,-84.2103
79,53,30.384,-84.2103,30.3874,-84.2525
53,80,30.3874,-84.2525,30.3652,-84.2624
80,53,30.3652,-84.2624,30.3874,-84.2525
53,82,30.3874,-84.2525,30.4416,-84.2783
82,53,30.4416,-84.2783,30.3874,-84.2525
53,83,30.3874,-84.2525,30.5145,-84.371
83,53,30.5145,-84.371,30.3874,-84.2525
53,84,30.3874,-84.2525,30.4134,-84.3406
84,53,30.4134,-84.3406,30.3874,-84.2525
53,85,30.3874,-84.2525,30.4087,-84.3137
85,53,30.4087,-84.3137,30.3874,-84.2525
53,86,30.3874,-84.2525,30.513,-84.3247
86,53,30.513,-84.3247,30.3874,-84.2525
53,87,30.3874,-84.2525,30.5187,-84.2812
87,53,30.5187,-84.2812,30.3874,-84.2525
53,91,30.3874,-84.2525,30.4387,-84.364
91,53,30.4387,-84.364,30.3874,-84.2525
53,94,30.3874,-84.2525,30.5236,-84.2259
94,53,30.5236,-84.2259,30.3874,-84.2525
53,95,30.3874,-84.2525,30.4963,-84.2309
95,53,30.4963,-84.2309,30.3874,-84.2525
53,97,30.3874,-84.2525,30.3785,-84.2864
97,53,30.3785,-84.2864,30.3874,-84.2525
53,98,30.3874,-84.2525,30.527,-84.2767
98,53,30.527,-84.2767,30.3874,-84.2525
53,100,30.3874,-84.2525,30.4674,-84.2785
100,53,30.4674,-84.2785,30.3874,-84.2525
53,102,30.3874,-84.2525,30.3702,-84.2022
102,53,30.3702,-84.2022,30.3874,-84.2525
53,103,30.3874,-84.2525,30.3684,-84.2249
103,53,30.3684,-84.2249,30.3874,-84.2525
53,105,30.3874,-84.2525,30.4403,-84.2392
105,53,30.4403,-84.2392,30.3874,-84.2525
53,106,30.3874,-84.2525,30.3822,-84.3098
106,53,30.3822,-84.3098,30.3874,-84.2525
53,107,30.3874,-84.2525,30.5161,-84.2171
107,53,30.5161,-84.2171,30.3874,-84.2525
53,108,30.3874,-84.2525,30.4616,-84.1983
108,53,30.4616,-84.1983,30.3874,-84.2525
53,109,30.3874,-84.2525,30.4767,-84.2064
109,53,30.4767,-84.2064,30.3874,-84.2525
53,110,30.3874,-84.2525,30.3621,-84.2092
110,53,30.3621,-84.2092,30.3874,-84.2525
53,111,30.3874,-84.2525,30.5031,-84.2072
111,53,30.5031,-84.2072,30.3874,-84.2525
53,113,30.3874,-84.2525,30.354,-84.209
113,53,30.354,-84.209,30.3874,-84.2525
53,115,30.3874,-84.2525,30.4421,-84.3036
115,53,30.4421,-84.3036,30.3874,-84.2525
53,118,30.3874,-84.2525,30.4332,-84.2085
118,53,30.4332,-84.2085,30.3874,-84.2525
53,119,30.3874,-84.2525,30.4596,-84.1848
119,53,30.4596,-84.1848,30.3874,-84.2525
53,122,30.3874,-84.2525,30.46,-84.2377
122,53,30.46,-84.2377,30.3874,-84.2525
53,123,30.3874,-84.2525,30.3816,-84.3514
123,53,30.3816,-84.3514,30.3874,-84.2525
53,124,30.3874,-84.2525,30.5073,-84.3707
124,53,30.5073,-84.3707,30.3874,-84.2525
53,125,30.3874,-84.2525,30.4793,-84.2635
125,53,30.4793,-84.2635,30.3874,-84.2525
53,127,30.3874,-84.2525,30.3916,-84.2179
127,53,30.3916,-84.2179,30.3874,-84.2525
53,128,30.3874,-84.2525,30.3865,-84.3463
128,53,30.3865,-84.3463,30.3874,-84.2525
53,129,30.3874,-84.2525,30.4469,-84.3221
129,53,30.4469,-84.3221,30.3874,-84.2525
53,132,30.3874,-84.2525,30.4188,-84.3245
132,53,30.4188,-84.3245,30.3874,-84.2525
53,133,30.3874,-84.2525,30.493,-84.2922
133,53,30.493,-84.2922,30.3874,-84.2525
53,134,30.3874,-84.2525,30.445,-84.3428
134,53,30.445,-84.3428,30.3874,-84.2525
53,135,30.3874,-84.2525,30.3622,-84.2653
135,53,30.3622,-84.2653,30.3874,-84.2525
53,138,30.3874,-84.2525,30.4971,-84.1916
138,53,30.4971,-84.1916,30.3874,-84.2525
53,139,30.3874,-84.2525,30.3713,-84.3221
139,53,30.3713,-84.3221,30.3874,-84.2525
53,140,30.3874,-84.2525,30.4319,-84.2471
140,53,30.4319,-84.2471,30.3874,-84.2525
53,142,30.3874,-84.2525,30.5149,-84.3754
142,53,30.5149,-84.3754,30.3874,-84.2525
53,143,30.3874,-84.2525,30.4713,-84.3311
143,53,30.4713,-84.3311,30.3874,-84.2525
53,144,30.3874,-84.2525,30.4461,-84.3207
144,53,30.4461,-84.3207,30.3874,-84.2525
53,146,30.3874,-84.2525,30.4912,-84.1908
146,53,30.4912,-84.1908,30.3874,-84.2525
53,147,30.3874,-84.2525,30.5124,-84.1967
147,53,30.5124,-84.1967,30.3874,-84.2525
53,148,30.3874,-84.2525,30.5172,-84.2642
148,53,30.5172,-84.2642,30.3874,-84.2525
53,149,30.3874,-84.2525,30.3887,-84.3647
149,53,30.3887,-84.3647,30.3874,-84.2525
56,57,30.5248,-84.2399,30.5033,-84.2233
57,56,30.5033,-84.2233,30.5248,-84.2399
56,59,30.5248,-84.2399,30.4869,-84.3528
59,56,30.4869,-84.3528,30.5248,-84.2399
56,60,30.5248,-84.2399,30.4727,-84.3554
60,56,30.4727,-84.3554,30.5248,-84.2399
56,61,30.5248,-84.2399,30.428,-84.349
61,56,30.428,-84.349,30.5248,-84.2399
56,62,30.5248,-84.2399,30.4481,-84.242
62,56,30.4481,-84.242,30.5248,-84.2399
56,63,30.5248,-84.2399,30.4565,-84.2188
63,56,30.4565,-84.2188,30.5248,-84.2399
56,64,30.5248,-84.2399,30.4309,-84.2861
64,56,30.4309,-84.2861,30.5248,-84.2399
56,65,30.5248,-84.2399,30.4489,-84.2727
65,56,30.4489,-84.2727,30.5248,-84.2399
56,66,30.5248,-84.2399,30.4653,-84.2312
66,56,30.4653,-84.2312,30.5248,-84.2399
56,67,30.5248,-84.2399,30.3927,-84.2905
67,56,30.3927,-84.2905,30.5248,-84.2399
56,68,30.5248,-84.2399,30.4004,-84.2295
68,56,30.4004,-84.2295,30.5248,-84.2399
56,69,30.5248,-84.2399,30.3856,-84.2309
69,56,30.3856,-84.2309,30.5248,-84.2399
56,70,30.5248,-84.2399,30.3961,-84.2156
70,56,30.3961,-84.2156,30.5248,-84.2399
56,73,30.5248,-84.2399,30.4238,-84.2163
73,56,30.4238,-84.2163,30.5248,-84.2399
56,74,30.5248,-84.2399,30.429,-84.255
74,56,30.429,-84.255,30.5248,-84.2399
56,75,30.5248,-84.2399,30.3736,-84.2178
75,56,30.3736,-84.2178,30.5248,-84.2399
56,76,30.5248,-84.2399,30.5192,-84.3398
76,56,30.5192,-84.3398,30.5248,-84.2399
56,77,30.5248,-84.2399,30.4429,-84.2548
77,56,30.4429,-84.2548,30.5248,-84.2399
56,79,30.5248,-84.2399,30.384,-84.2103
79,56,30.384,-84.2103,30.5248,-84.2399
56,80,30.5248,-84.2399,30.3652,-84.2624
80,56,30.3652,-84.2624,30.5248,-84.2399
56,82,30.5248,-84.2399,30.4416,-84.2783
82,56,30.4416,-84.2783,30.5248,-84.2399
56,83,30.5248,-84.2399,30.5145,-84.371
83,56,30.5145,-84.371,30.5248,-84.2399
56,84,30.5248,-84.2399,30.4134,-84.3406
84,56,30.4134,-84.3406,30.5248,-84.2399
56,85,30.5248,-84.2399,30.4087,-84.3137
85,56,30.4087,-84.3137,30.5248,-84.2399
56,86,30.5248,-84.2399,30.513,-84.3247
86,56,30.513,-84.3247,30.5248,-84.2399
56,87,30.5248,-84.2399,30.5187,-84.2812
87,56,30.5187,-84.2812,30.5248,-84.2399
56,91,30.5248,-84.2399,30.4387,-84.364
91,56,30.4387,-84.364,30.5248,-84.2399
56,94,30.5248,-84.2399,30.5236,-84.2259
94,56,30.5236,-84.2259,30.5248,-84.2399
56,95,30.5248,-84.2399,30.4963,-84.2309
95,56,30.4963,-84.2309,30.5248,-84.2399
56,97,30.5248,-84.2399,30.3785,-84.2864
97,56,30.3785,-84.2864,30.5248,-84.2399
56,98,30.5248,-84.2399,30.527,-84.2767
98,56,30.527,-84.2767,30.5248,-84.2399
56,100,30.5248,-84.2399,30.4674,-84.2785
100,56,30.4674,-84.2785,30.5248,-84.2399
56,102,30.5248,-84.2399,30.3702,-84.2022
102,56,30.3702,-84.2022,30.5248,-84.2399
56,103,30.5248,-84.2399,30.3684,-84.2249
103,56,30.3684,-84.2249,30.5248,-84.2399
56,105,30.5248,-84.2399,30.4403,-84.2392
105,56,30.4403,-84.2392,30.5248,-84.2399
56,106,30.5248,-84.2399,30.3822,-84.3098
106,56,30.3822,-84.3098,30.5248,-84.2399
56,107,30.5248,-84.2399,30.5161,-84.2171
107,56,30.5161,-84.2171,30.5248,-84.2399
56,108,30.5248,-84.2399,30.4616,-84.1983
108,56,30.4616,-84.1983,30.5248,-84.2399
56,109,30.5248,-84.2399,30.4767,-84.2064
109,56,30.4767,-84.2064,30.5248,-84.2399
56,110,30.5248,-84.2399,30.3621,-84.2092
110,56,30.3621,-84.2092,30.5248,-84.2399
56,111,30.5248,-84.2399,30.5031,-84.2072
111,56,30.5031,-84.2072,30.5248,-84.2399
56,113,30.5248,-84.2399,30.354,-84.209
113,56,30.354,-84.209,30.5248,-84.2399
56,115,30.5248,-84.2399,30.4421,-84.3036
115,56,30.4421,-84.3036,30.5248,-84.2399
56,118,30.5248,-84.2399,30.4332,-84.2085
118,56,30.4332,-84.2085,30.5248,-84.2399
56,119,30.5248,-84.2399,30.4596,-84.1848
119,56,30.4596,-84.1848,30.5248,-84.2399
56,122,30.5248,-84.2399,30.46,-84.2377
122,56,30.46,-84.2377,30.5248,-84.2399
56,123,30.5248,-84.2399,30.3816,-84.3514
123,56,30.3816,-84.3514,30.5248,-84.2399
56,124,30.5248,-84.2399,30.5073,-84.3707
124,56,30.5073,-84.3707,30.5248,-84.2399
56,125,30.5248,-84.2399,30.4793,-84.2635
125,56,30.4793,-84.2635,30.5248,-84.2399
56,127,30.5248,-84.2399,30.3916,-84.2179
127,56,30.3916,-84.2179,30.5248,-84.2399
56,128,30.5248,-84.2399,30.3865,-84.3463
128,56,30.3865,-84.3463,30.5248,-84.2399
56,129,30.5248,-84.2399,30.4469,-84.3221
129,56,30.4469,-84.3221,30.5248,-84.2399
56,132,30.5248,-84.2399,30.4188,-84.3245
132,56,30.4188,-84.3245,30.5248,-84.2399
56,133,30.5248,-84.2399,30.493,-84.2922
133,56,30.493,-84.2922,30.5248,-84.2399
56,134,30.5248,-84.2399,30.445,-84.3428
134,56,30.445,-84.3428,30.5248,-84.2399
56,135,30.5248,-84.2399,30.3622,-84.2653
135,56,30.3622,-84.2653,30.5248,-84.2399
56,138,30.5248,-84.2399,30.4971,-84.1916
138,56,30.4971,-84.1916,30.5248,-84.2399
56,139,30.5248,-84.2399,30.3713,-84.3221
139,56,30.3713,-84.3221,30.5248,-84.2399
56,140,30.5248,-84.2399,30.4319,-84.2471
140,56,30.4319,-84.2471,30.5248,-84.2399
56,142,30.5248,-84.2399,30.5149,-84.3754
142,56,30.5149,-84.3754,30.5248,-84.2399
56,143,30.5248,-84.2399,30.4713,-84.3311
143,56,30.4713,-84.3311,30.5248,-84.2399
56,144,30.5248,-84.2399,30.4461,-84.3207
144,56,30.4461,-84.3207,30.5248,-84.2399
56,146,30.5248,-84.2399,30.4912,-84.1908
146,56,30.4912,-84.1908,30.5248,-84.2399
56,147,30.5248,-84.2399,30.5124,-84.1967
147,56,30.5124,-84.1967,30.5248,-84.2399
56,148,30.5248,-84.2399,30.5172,-84.2642
148,56,30.5172,-84.2642,30.5248,-84.2399
56,149,30.5248,-84.2399,30.3887,-84.3647
149,56,30.3887,-84.3647,30.5248,-84.2399
57,59,30.5033,-84.2233,30.4869,-84.3528
59,57,30.4869,-84.3528,30.5033,-84.2233
57,60,30.5033,-84.2233,30.4727,-84.3554
60,57,30.4727,-84.3554,30.5033,-84.2233
57,61,30.5033,-84.2233,30.428,-84.349
61,57,30.428,-84.349,30.5033,-84.2233
57,62,30.5033,-84.2233,30.4481,-84.242
62,57,30.4481,-84.242,30.5033,-84.2233
57,63,30.5033,-84.2233,30.4565,-84.2188
63,57,30.4565,-84.2188,30.5033,-84.2233
57,64,30.5033,-84.2233,30.4309,-84.2861
64,57,30.4309,-84.2861,30.5033,-84.2233
57,65,30.5033,-84.2233,30.4489,-84.2727
65,57,30.4489,-84.2727,30.5033,-84.2233
57,66,30.5033,-84.2233,30.4653,-84.2312
66,57,30.4653,-84.2312,30.5033,-84.2233
57,67,30.5033,-84.2233,30.3927,-84.2905
67,57,30.3927,-84.2905,30.5033,-84.2233
57,68,30.5033,-84.2233,30.4004,-84.2295
68,57,30.4004,-84.2295,30.5033,-84.2233
57,69,30.5033,-84.2233,30.3856,-84.2309
69,57,30.3856,-84.2309,30.5033,-84.2233
57,70,30.5033,-84.2233,30.3961,-84.2156
70,57,30.3961,-84.2156,30.5033,-84.2233
57,73,30.5033,-84.2233,30.4238,-84.2163
73,57,30.4238,-84.2163,30.5033,-84.2233
57,74,30.5033,-84.2233,30.429,-84.255
74,57,30.429,-84.255,30.5033,-84.2233
57,75,30.5033,-84.2233,30.3736,-84.2178
75,57,30.3736,-84.2178,30.5033,-84.2233
57,76,30.5033,-84.2233,30.5192,-84.3398
76,57,30.5192,-84.3398,30.5033,-84.2233
57,77,30.5033,-84.2233,30.4429,-84.2548
77,57,30.4429,-84.2548,30.5033,-84.2233
57,79,30.5033,-84.2233,30.384,-84.2103
79,57,30.384,-84.2103,30.5033,-84.2233
57,80,30.5033,-84.2233,30.3652,-84.2624
80,57,30.3652,-84.2624,30.5033,-84.2233
57,82,30.5033,-84.2233,30.4416,-84.2783
82,57,30.4416,-84.2783,30.5033,-84.2233
57,83,30.5033,-84.2233,30.5145,-84.371
83,57,30.5145,-84.371,30.5033,-84.2233
57,84,30.5033,-84.2233,30.4134,-84.3406
84,57,30.4134,-84.3406,30.5033,-84.2233
57,85,30.5033,-84.2233,30.4087,-84.3137
85,57,30.4087,-84.3137,30.5033,-84.2233
57,86,30.5033,-84.2233,30.513,-84.3247
86,57,30.513,-84.3247,30.5033,-84.2233
57,87,30.5033,-84.2233,30.5187,-84.2812
87,57,30.5187,-84.2812,30.5033,-84.2233
57,91,30.5033,-84.2233,30.4387,-84.364
91,57,30.4387,-84.364,30.5033,-84.2233
57,94,30.5033,-84.2233,30.5236,-84.2259
94,57,30.5236,-84.2259,30.5033,-84.2233
57,95,30.5033,-84.2233,30.4963,-84.2309
95,57,30.4963,-84.2309,30.5033,-84.2233
57,97,30.5033,-84.2233,30.3785,-84.2864
97,57,30.3785,-84.2864,30.5033,-84.2233
57,98,30.5033,-84.2233,30.527,-84.2767
98,57,30.527,-84.2767,30.5033,-84.2233
57,100,30.5033,-84.2233,30.4674,-84.2785
100,57,30.4674,-84.2785,30.5033,-84.2233
57,102,30.5033,-84.2233,30.3702,-84.2022
102,57,30.3702,-84.2022,30.5033,-84.2233
57,103,30.5033,-84.2233,30.3684,-84.2249
103,57,30.3684,-84.2249,30.5033,-84.2233
57,105,30.5033,-84.2233,30.4403,-84.2392
105,57,30.4403,-84.2392,30.5033,-84.2233
57,106,30.5033,-84.2233,30.3822,-84.3098
106,57,30.3822,-84.3098,30.5033,-84.2233
57,107,30.5033,-84.2233,30.5161,-84.2171
107,57,30.5161,-84.2171,30.5033,-84.2233
57,108,30.5033,-84.2233,30.4616,-84.1983
108,57,30.4616,-84.1983,30.5033,-84.2233
57,109,30.5033,-84.2233,30.4767,-84.2064
109,57,30.4767,-84.2064,30.5033,-84.2233
57,110,30.5033,-84.2233,30.3621,-84.2092
110,57,30.3621,-84.2092,30.5033,-84.2233
57,111,30.5033,-84.2233,30.5031,-84.2072
111,57,30.5031,-84.2072,30.5033,-84.2233
57,113,30.5033,-84.2233,30.354,-84.209
113,57,30.354,-84.209,30.5033,-84.2233
57,115,30.5033,-84.2233,30.4421,-84.3036
115,57,30.4421,-84.3036,30.5033,-84.2233
57,118,30.5033,-84.2233,30.4332,-84.2085
118,57,30.4332,-84.2085,30.5033,-84.2233
57,119,30.5033,-84.2233,30.4596,-84.1848
119,57,30.4596,-84.1848,30.5033,-84.2233
57,122,30.5033,-84.2233,30.46,-84.2377
122,57,30.46,-84.2377,30.5033,-84.2233
57,123,30.5033,-84.2233,30.3816,-84.3514
123,57,30.3816,-84.3514,30.5033,-84.2233
57,124,30.5033,-84.2233,30.5073,-84.3707
124,57,30.5073,-84.3707,30.5033,-84.2233
57,125,30.5033,-84.2233,30.4793,-84.2635
125,57,30.4793,-84.2635,30.5033,-84.2233
57,127,30.5033,-84.2233,30.3916,-84.2179
127,57,30.3916,-84.2179,30.5033,-84.2233
57,128,30.5033,-84.2233,30.3865,-84.3463
128,57,30.3865,-84.3463,30.5033,-84.2233
57,129,30.5033,-84.2233,30.4469,-84.3221
129,57,30.4469,-84.3221,30.5033,-84.2233
57,132,30.5033,-84.2233,30.4188,-84.3245
132,57,30.4188,-84.3245,30.5033,-84.2233
57,133,30.5033,-84.2233,30.493,-84.2922
133,57,30.493,-84.2922,30.5033,-84.2233
57,134,30.5033,-84.2233,30.445,-84.3428
134,57,30.445,-84.3428,30.5033,-84.2233
57,135,30.5033,-84.2233,30.3622,-84.2653
135,57,30.3622,-84.2653,30.5033,-84.2233
57,138,30.5033,-84.2233,30.4971,-84.1916
138,57,30.4971,-84.1916,30.5033,-84.2233
57,139,30.5033,-84.2233,30.3713,-84.3221
139,57,30.3713,-84.3221,30.5033,-84.2233
57,140,30.5033,-84.2233,30.4319,-84.2471
140,57,30.4319,-84.2471,30.5033,-84.2233
57,142,30.5033,-84.2233,30.5149,-84.3754
142,57,30.5149,-84.3754,30.5033,-84.2233
57,143,30.5033,-84.2233,30.4713,-84.3311
143,57,30.4713,-84.3311,30.5033,-84.2233
57,144,30.5033,-84.2233,30.4461,-84.3207
144,57,30.4461,-84.3207,30.5033,-84.2233
57,146,30.5033,-84.2233,30.4912,-84.1908
146,57,30.4912,-84.1908,30.5033,-84.2233
57,147,30.5033,-84.2233,30.5124,-84.1967
147,57,30.5124,-84.1967,30.5033,-84.2233
57,148,30.5033,-84.2233,30.5172,-84.2642
148,57,30.5172,-84.2642,30.5033,-84.2233
57,149,30.5033,-84.2233,30.3887,-84.3647
149,57,30.3887,-84.3647,30.5033,-84.2233
59,60,30.4869,-84.3528,30.4727,-84.3554
60,59,30.4727,-84.3554,30.4869,-84.3528
59,61,30.4869,-84.3528,30.428,-84.349
61,59,30.428,-84.349,30.4869,-84.3528
59,62,30.4869,-84.3528,30.4481,-84.242
62,59,30.4481,-84.242,30.4869,-84.3528
59,63,30.4869,-84.3528,30.4565,-84.2188
63,59,30.4565,-84.2188,30.4869,-84.3528
59,64,30.4869,-84.3528,30.4309,-84.2861
64,59,30.4309,-84.2861,30.4869,-84.3528
59,65,30.4869,-84.3528,30.4489,-84.2727
65,59,30.4489,-84.2727,30.4869,-84.3528
59,66,30.4869,-84.3528,30.4653,-84.2312
66,59,30.4653,-84.2312,30.4869,-84.3528
59,67,30.4869,-84.3528,30.3927,-84.2905
67,59,30.3927,-84.2905,30.4869,-84.3528
59,68,30.4869,-84.3528,30.4004,-84.2295
68,59,30.4004,-84.2295,30.4869,-84.3528
59,69,30.4869,-84.3528,30.3856,-84.2309
69,59,30.3856,-84.2309,30.4869,-84.3528
59,70,30.4869,-84.3528,30.3961,-84.2156
70,59,30.3961,-84.2156,30.4869,-84.3528
59,73,30.4869,-84.3528,30.4238,-84.2163
73,59,30.4238,-84.2163,30.4869,-84.3528
59,74,30.4869,-84.3528,30.429,-84.255
74,59,30.429,-84.255,30.4869,-84.3528
59,75,30.4869,-84.3528,30.3736,-84.2178
75,59,30.3736,-84.2178,30.4869,-84.3528
59,76,30.4869,-84.3528,30.5192,-84.3398
76,59,30.5192,-84.3398,30.4869,-84.3528
59,77,30.4869,-84.3528,30.4429,-84.2548
77,59,30.4429,-84.2548,30.4869,-84.3528
59,79,30.4869,-84.3528,30.384,-84.2103
79,59,30.384,-84.2103,30.4869,-84.3528
59,80,30.4869,-84.3528,30.3652,-84.2624
80,59,30.3652,-84.2624,30.4869,-84.3528
59,82,30.4869,-84.3528,30.4416,-84.2783
82,59,30.4416,-84.2783,30.4869,-84.3528
59,83,30.4869,-84.3528,30.5145,-84.371
83,59,30.5145,-84.371,30.4869,-84.3528
59,84,30.4869,-84.3528,30.4134,-84.3406
84,59,30.4134,-84.3406,30.4869,-84.3528
59,85,30.4869,-84.3528,30.4087,-84.3137
85,59,30.4087,-84.3137,30.4869,-84.3528
59,86,30.4869,-84.3528,30.513,-84.3247
86,59,30.513,-84.3247,30.4869,-84.3528
59,87,30.4869,-84.3528,30.5187,-84.2812
87,59,30.5187,-84.2812,30.4869,-84.3528
59,91,30.4869,-84.3528,30.4387,-84.364
91,59,30.4387,-84.364,30.4869,-84.3528
59,94,30.4869,-84.3528,30.5236,-84.2259
94,59,30.5236,-84.2259,30.4869,-84.3528
59,95,30.4869,-84.3528,30.4963,-84.2309
95,59,30.4963,-84.2309,30.4869,-84.3528
59,97,30.4869,-84.3528,30.3785,-84.2864
97,59,30.3785,-84.2864,30.4869,-84.3528
59,98,30.4869,-84.3528,30.527,-84.2767
98,59,30.527,-84.2767,30.4869,-84.3528
59,100,30.4869,-84.3528,30.4674,-84.2785
100,59,30.4674,-84.2785,30.4869,-84.3528
59,102,30.4869,-84.3528,30.3702,-84.2022
102,59,30.3702,-84.2022,30.4869,-84.3528
59,103,30.4869,-84.3528,30.3684,-84.2249
103,59,30.3684,-84.2249,30.4869,-84.3528
59,105,30.4869,-84.3528,30.4403,-84.2392
105,59,30.4403,-84.2392,30.4869,-84.3528
59,106,30.4869,-84.3528,30.3822,-84.3098
106,59,30.3822,-84.3098,30.4869,-84.3528
59,107,30.4869,-84.3528,30.5161,-84.2171
107,59,30.5161,-84.2171,30.4869,-84.3528
59,108,30.4869,-84.3528,30.4616,-84.1983
108,59,30.4616,-84.1983,30.4869,-84.3528
59,109,30.4869,-84.3528,30.4767,-84.2064
109,59,30.4767,-84.2064,30.4869,-84.3528
59,110,30.4869,-84.3528,30.3621,-84.2092
110,59,30.3621,-84.2092,30.4869,-84.3528
59,111,30.4869,-84.3528,30.5031,-84.2072
111,59,30.5031,-84.2072,30.4869,-84.3528
59,113,30.4869,-84.3528,30.354,-84.209
113,59,30.354,-84.209,30.4869,-84.3528
59,115,30.4869,-84.3528,30.4421,-84.3036
115,59,30.4421,-84.3036,30.4869,-84.3528
59,118,30.4869,-84.3528,30.4332,-84.2085
118,59,30.4332,-84.2085,30.4869,-84.3528
59,119,30.4869,-84.3528,30.4596,-84.1848
119,59,30.4596,-84.1848,30.4869,-84.3528
59,122,30.4869,-84.3528,30.46,-84.2377
122,59,30.46,-84.2377,30.4869,-84.3528
59,123,30.4869,-84.3528,30.3816,-84.3514
123,59,30.3816,-84.3514,30.4869,-84.3528
59,124,30.4869,-84.3528,30.5073,-84.3707
124,59,30.5073,-84.3707,30.4869,-84.3528
59,125,30.4869,-84.3528,30.4793,-84.2635
125,59,30.4793,-84.2635,30.4869,-84.3528
59,127,30.4869,-84.3528,30.3916,-84.2179
127,59,30.3916,-84.2179,30.4869,-84.3528
59,128,30.4869,-84.3528,30.3865,-84.3463
128,59,30.3865,-84.3463,30.4869,-84.3528
59,129,30.4869,-84.3528,30.4469,-84.3221
129,59,30.4469,-84.3221,30.4869,-84.3528
59,132,30.4869,-84.3528,30.4188,-84.3245
132,59,30.4188,-84.3245,30.4869,-84.3528
59,133,30.4869,-84.3528,30.493,-84.2922
133,59,30.493,-84.2922,30.4869,-84.3528
59,134,30.4869,-84.3528,30.445,-84.3428
134,59,30.445,-84.3428,30.4869,-84.3528
59,135,30.4869,-84.3528,30.3622,-84.2653
135,59,30.3622,-84.2653,30.4869,-84.3528
59,138,30.4869,-84.3528,30.4971,-84.1916
138,59,30.4971,-84.1916,30.4869,-84.3528
59,139,30.4869,-84.3528,30.3713,-84.3221
139,59,30.3713,-84.3221,30.4869,-84.3528
59,140,30.4869,-84.3528,30.4319,-84.2471
140,59,30.4319,-84.2471,30.4869,-84.3528
59,142,30.4869,-84.3528,30.5149,-84.3754
142,59,30.5149,-84.3754,30.4869,-84.3528
59,143,30.4869,-84.3528,30.4713,-84.3311
143,59,30.4713,-84.3311,30.4869,-84.3528
59,144,30.4869,-84.3528,30.4461,-84.3207
144,59,30.4461,-84.3207,30.4869,-84.3528
59,146,30.4869,-84.3528,30.4912,-84.1908
146,59,30.4912,-84.1908,30.4869,-84.3528
59,147,30.4869,-84.3528,30.5124,-84.1967
147,59,30.5124,-84.1967,30.4869,-84.3528
59,148,30.4869,-84.3528,30.5172,-84.2642
148,59,30.5172,-84.2642,30.4869,-84.3528
59,149,30.4869,-84.3528,30.3887,-84.3647
149,59,30.3887,-84.3647,30.4869,-84.3528
60,61,30.4727,-84.3554,30.428,-84.349
61,60,30.428,-84.349,30.4727,-84.3554
60,62,30.4727,-84.3554,30.4481,-84.242
62,60,30.4481,-84.242,30.4727,-84.3554
60,63,30.4727,-84.3554,30.4565,-84.2188
63,60,30.4565,-84.2188,30.4727,-84.3554
60,64,30.4727,-84.3554,30.4309,-84.2861
64,60,30.4309,-84.2861,30.4727,-84.3554
60,65,30.4727,-84.3554,30.4489,-84.2727
65,60,30.4489,-84.2727,30.4727,-84.3554
60,66,30.4727,-84.3554,30.4653,-84.2312
66,60,30.4653,-84.2312,30.4727,-84.3554
60,67,30.4727,-84.3554,30.3927,-84.2905
67,60,30.3927,-84.2905,30.4727,-84.3554
60,68,30.4727,-84.3554,30.4004,-84.2295
68,60,30.4004,-84.2295,30.4727,-84.3554
60,69,30.4727,-84.3554,30.3856,-84.2309
69,60,30.3856,-84.2309,30.4727,-84.3554
60,70,30.4727,-84.3554,30.3961,-84.2156
70,60,30.3961,-84.2156,30.4727,-84.3554
60,73,30.4727,-84.3554,30.4238,-84.2163
73,60,30.4238,-84.2163,30.4727,-84.3554
60,74,30.4727,-84.3554,30.429,-84.255
74,60,30.429,-84.255,30.4727,-84.3554
60,75,30.4727,-84.3554,30.3736,-84.2178
75,60,30.3736,-84.2178,30.4727,-84.3554
60,76,30.4727,-84.3554,30.5192,-84.3398
76,60,30.5192,-84.3398,30.4727,-84.3554
60,77,30.4727,-84.3554,30.4429,-84.2548
77,60,30.4429,-84.2548,30.4727,-84.3554
60,79,30.4727,-84.3554,30.384,-84.2103
79,60,30.384,-84.2103,30.4727,-84.3554
60,80,30.4727,-84.3554,30.3652,-84.2624
80,60,30.3652,-84.2624,30.4727,-84.3554
60,82,30.4727,-84.3554,30.4416,-84.2783
82,60,30.4416,-84.2783,30.4727,-84.3554
60,83,30.4727,-84.3554,30.5145,-84.371
83,60,30.5145,-84.371,30.4727,-84.3554
60,84,30.4727,-84.3554,30.4134,-84.3406
84,60,30.4134,-84.3406,30.4727,-84.3554
60,85,30.4727,-84.3554,30.4087,-84.3137
85,60,30.4087,-84.3137,30.4727,-84.3554
60,86,30.4727,-84.3554,30.513,-84.3247
86,60,30.513,-84.3247,30.4727,-84.3554
60,87,30.4727,-84.3554,30.5187,-84.2812
87,60,30.5187,-84.2812,30.4727,-84.3554
60,91,30.4727,-84.3554,30.4387,-84.364
91,60,30.4387,-84.364,30.4727,-84.3554
60,94,30.4727,-84.3554,30.5236,-84.2259
94,60,30.5236,-84.2259,30.4727,-84.3554
60,95,30.4727,-84.3554,30.4963,-84.2309
95,60,30.4963,-84.2309,30.4727,-84.3554
60,97,30.4727,-84.3554,30.3785,-84.2864
97,60,30.3785,-84.2864,30.4727,-84.3554
60,98,30.4727,-84.3554,30.527,-84.2767
98,60,30.527,-84.2767,30.4727,-84.3554
60,100,30.4727,-84.3554,30.4674,-84.2785
100,60,30.4674,-84.2785,30.4727,-84.3554
60,102,30.4727,-84.3554,30.3702,-84.2022
102,60,30.3702,-84.2022,30.4727,-84.3554
60,103,30.4727,-84.3554,30.3684,-84.2249
103,60,30.3684,-84.2249,30.4727,-84.3554
60,105,30.4727,-84.3554,30.4403,-84.2392
105,60,30.4403,-84.2392,30.4727,-84.3554
60,106,30.4727,-84.3554,30.3822,-84.3098
106,60,30.3822,-84.3098,30.4727,-84.3554
60,107,30.4727,-84.3554,30.5161,-84.2171
107,60,30.5161,-84.2171,30.4727,-84.3554
60,108,30.4727,-84.3554,30.4616,-84.1983
108,60,30.4616,-84.1983,30.4727,-84.3554
60,109,30.4727,-84.3554,30.4767,-84.2064
109,60,30.4767,-84.2064,30.4727,-84.3554
60,110,30.4727,-84.3554,30.3621,-84.2092
110,60,30.3621,-84.2092,30.4727,-84.3554
60,111,30.4727,-84.3554,30.5031,-84.2072
111,60,30.5031,-84.2072,30.4727,-84.3554
60,113,30.4727,-84.3554,30.354,-84.209
113,60,30.354,-84.209,30.4727,-84.3554
60,115,30.4727,-84.3554,30.4421,-84.3036
115,60,30.4421,-84.3036,30.4727,-84.3554
60,118,30.4727,-84.3554,30.4332,-84.2085
118,60,30.4332,-84.2085,30.4727,-84.3554
60,119,30.4727,-84.3554,30.4596,-84.1848
119,60,30.4596,-84.1848,30.4727,-84.3554
60,122,30.4727,-84.3554,30.46,-84.2377
122,60,30.46,-84.2377,30.4727,-84.3554
60,123,30.4727,-84.3554,30.3816,-84.3514
123,60,30.3816,-84.3514,30.4727,-84.3554
60,124,30.4727,-84.3554,30.5073,-84.3707
124,60,30.5073,-84.3707,30.4727,-84.3554
60,125,30.4727,-84.3554,30.4793,-84.2635
125,60,30.4793,-84.2635,30.4727,-84.3554
60,127,30.4727,-84.3554,30.3916,-84.2179
127,60,30.3916,-84.2179,30.4727,-84.3554
60,128,30.4727,-84.3554,30.3865,-84.3463
128,60,30.3865,-84.3463,30.4727,-84.3554
60,129,30.4727,-84.3554,30.4469,-84.3221
129,60,30.4469,-84.3221,30.4727,-84.3554
60,132,30.4727,-84.3554,30.4188,-84.3245
132,60,30.4188,-84.3245,30.4727,-84.3554
60,133,30.4727,-84.3554,30.493,-84.2922
133,60,30.493,-84.2922,30.4727,-84.3554
60,134,30.4727,-84.3554,30.445,-84.3428
134,60,30.445,-84.3428,30.4727,-84.3554
60,135,30.4727,-84.3554,30.3622,-84.2653
135,60,30.3622,-84.2653,30.4727,-84.3554
60,138,30.4727,-84.3554,30.4971,-84.1916
138,60,30.4971,-84.1916,30.4727,-84.3554
60,139,30.4727,-84.3554,30.3713,-84.3221
139,60,30.3713,-84.3221,30.4727,-84.3554
60,140,30.4727,-84.3554,30.4319,-84.2471
140,60,30.4319,-84.2471,30.4727,-84.3554
60,142,30.4727,-84.3554,30.5149,-84.3754
142,60,30.5149,-84.3754,30.4727,-84.3554
60,143,30.4727,-84.3554,30.4713,-84.3311
143,60,30.4713,-84.3311,30.4727,-84.3554
60,144,30.4727,-84.3554,30.4461,-84.3207
144,60,30.4461,-84.3207,30.4727,-84.3554
60,146,30.4727,-84.3554,30.4912,-84.1908
146,60,30.4912,-84.1908,30.4727,-84.3554
60,147,30.4727,-84.3554,30.5124,-84.1967
147,60,30.5124,-84.1967,30.4727,-84.3554
60,148,30.4727,-84.3554,30.5172,-84.2642
148,60,30.5172,-84.2642,30.4727,-84.3554
60,149,30.4727,-84.3554,30.3887,-84.3647
149,60,30.3887,-84.3647,30.4727,-84.3554
61,62,30.428,-84.349,30.4481,-84.242
62,61,30.4481,-84.242,30.428,-84.349
61,63,30.428,-84.349,30.4565,-84.2188
63,61,30.4565,-84.2188,30.428,-84.349
61,64,30.428,-84.349,30.4309,-84.2861
64,61,30.4309,-84.2861,30.428,-84.349
61,65,30.428,-84.349,30.4489,-84.2727
65,61,30.4489,-84.2727,30.428,-84.349
61,66,30.428,-84.349,30.4653,-84.2312
66,61,30.4653,-84.2312,30.428,-84.349
61,67,30.428,-84.349,30.3927,-84.2905
67,61,30.3927,-84.2905,30.428,-84.349
61,68,30.428,-84.349,30.4004,-84.2295
68,61,30.4004,-84.2295,30.428,-84.349
61,69,30.428,-84.349,30.3856,-84.2309
69,61,30.3856,-84.2309,30.428,-84.349
61,70,30.428,-84.349,30.3961,-84.2156
70,61,30.3961,-84.2156,30.428,-84.349
61,73,30.428,-84.349,30.4238,-84.2163
73,61,30.4238,-84.2163,30.428,-84.349
61,74,30.428,-84.349,30.429,-84.255
74,61,30.429,-84.255,30.428,-84.349
61,75,30.428,-84.349,30.3736,-84.2178
75,61,30.3736,-84.2178,30.428,-84.349
61,76,30.428,-84.349,30.5192,-84.3398
76,61,30.5192,-84.3398,30.428,-84.349
61,77,30.428,-84.349,30.4429,-84.2548
77,61,30.4429,-84.2548,30.428,-84.349
61,79,30.428,-84.349,30.384,-84.2103
79,61,30.384,-84.2103,30.428,-84.349
61,80,30.428,-84.349,30.3652,-84.2624
80,61,30.3652,-84.2624,30.428,-84.349
61,82,30.428,-84.349,30.4416,-84.2783
82,61,30.4416,-84.2783,30.428,-84.349
61,83,30.428,-84.349,30.5145,-84.371
83,61,30.5145,-84.371,30.428,-84.349
61,84,30.428,-84.349,30.4134,-84.3406
84,61,30.4134,-84.3406,30.428,-84.349
61,85,30.428,-84.349,30.4087,-84.3137
85,61,30.4087,-84.3137,30.428,-84.349
61,86,30.428,-84.349,30.513,-84.3247
86,61,30.513,-84.3247,30.428,-84.349
61,87,30.428,-84.349,30.5187,-84.2812
87,61,30.5187,-84.2812,30.428,-84.349
61,91,30.428,-84.349,30.4387,-84.364
91,61,30.4387,-84.364,30.428,-84.349
61,94,30.428,-84.349,30.5236,-84.2259
94,61,30.5236,-84.2259,30.428,-84.349
61,95,30.428,-84.349,30.4963,-84.2309
95,61,30.4963,-84.2309,30.428,-84.349
61,97,30.428,-84.349,30.3785,-84.2864
97,61,30.3785,-84.2864,30.428,-84.349
61,98,30.428,-84.349,30.527,-84.2767
98,61,30.527,-84.2767,30.428,-84.349
61,100,30.428,-84.349,30.4674,-84.2785
100,61,30.4674,-84.2785,30.428,-84.349
61,102,30.428,-84.349,30.3702,-84.2022
102,61,30.3702,-84.2022,30.428,-84.349
61,103,30.428,-84.349,30.3684,-84.2249
103,61,30.3684,-84.2249,30.428,-84.349
61,105,30.428,-84.349,30.4403,-84.2392
105,61,30.4403,-84.2392,30.428,-84.349
61,106,30.428,-84.349,30.3822,-84.3098
106,61,30.3822,-84.3098,30.428,-84.349
61,107,30.428,-84.349,30.5161,-84.2171
107,61,30.5161,-84.2171,30.428,-84.349
61,108,30.428,-84.349,30.4616,-84.1983
108,61,30.4616,-84.1983,30.428,-84.349
61,109,30.428,-84.349,30.4767,-84.2064
109,61,30.4767,-84.2064,30.428,-84.349
61,110,30.428,-84.349,30.3621,-84.2092
110,61,30.3621,-84.2092,30.428,-84.349
61,111,30.428,-84.349,30.5031,-84.2072
111,61,30.5031,-84.2072,30.428,-84.349
61,113,30.428,-84.349,30.354,-84.209
113,61,30.354,-84.209,30.428,-84.349
61,115,30.428,-84.349,30.4421,-84.3036
115,61,30.4421,-84.3036,30.428,-84.349
61,118,30.428,-84.349,30.4332,-84.2085
118,61,30.4332,-84.2085,30.428,-84.349
61,119,30.428,-84.349,30.4596,-84.1848
119,61,30.4596,-84.1848,30.428,-84.349
61,122,30.428,-84.349,30.46,-84.2377
122,61,30.46,-84.2377,30.428,-84.349
61,123,30.428,-84.349,30.3816,-84.3514
123,61,30.3816,-84.3514,30.428,-84.349
61,124,30.428,-84.349,30.5073,-84.3707
124,61,30.5073,-84.3707,30.428,-84.349
61,125,30.428,-84.349,30.4793,-84.2635
125,61,30.4793,-84.2635,30.428,-84.349
61,127,30.428,-84.349,30.3916,-84.2179
127,61,30.3916,-84.2179,30.428,-84.349
61,128,30.428,-84.349,30.3865,-84.3463
128,61,30.3865,-84.3463,30.428,-84.349
61,129,30.428,-84.349,30.4469,-84.3221
129,61,30.4469,-84.3221,30.428,-84.349
61,132,30.428,-84.349,30.4188,-84.3245
132,61,30.4188,-84.3245,30.428,-84.349
61,133,30.428,-84.349,30.493,-84.2922
133,61,30.493,-84.2922,30.428,-84.349
61,134,30.428,-84.349,30.445,-84.3428
134,61,30.445,-84.3428,30.428,-84.349
61,135,30.428,-84.349,30.3622,-84.2653
135,61,30.3622,-84.2653,30.428,-84.349
61,138,30.428,-84.349,30.4971,-84.1916
138,61,30.4971,-84.1916,30.428,-84.349
61,139,30.428,-84.349,30.3713,-84.3221
139,61,30.3713,-84.3221,30.428,-84.349
61,140,30.428,-84.349,30.4319,-84.2471
140,61,30.4319,-84.2471,30.428,-84.349
61,142,30.428,-84.349,30.5149,-84.3754
142,61,30.5149,-84.3754,30.428,-84.349
61,143,30.428,-84.349,30.4713,-84.3311
143,61,30.4713,-84.3311,30.428,-84.349
61,144,30.428,-84.349,30.4461,-84.3207
144,61,30.4461,-84.3207,30.428,-84.349
61,146,30.428,-84.349,30.4912,-84.1908
146,61,30.4912,-84.1908,30.428,-84.349
61,147,30.428,-84.349,30.5124,-84.1967
147,61,30.5124,-84.1967,30.428,-84.349
61,148,30.428,-84.349,30.5172,-84.2642
148,61,30.5172,-84.2642,30.428,-84.349
61,149,30.428,-84.349,30.3887,-84.3647
149,61,30.3887,-84.3647,30.428,-84.349
62,63,30.4481,-84.242,30.4565,-84.2188
63,62,30.4565,-84.2188,30.4481,-84.242
62,64,30.4481,-84.242,30.4309,-84.2861
64,62,30.4309,-84.2861,30.4481,-84.242
62,65,30.4481,-84.242,30.4489,-84.2727
65,62,30.4489,-84.2727,30.4481,-84.242
62,66,30.4481,-84.242,30.4653,-84.2312
66,62,30.4653,-84.2312,30.4481,-84.242
62,67,30.4481,-84.242,30.3927,-84.2905
67,62,30.3927,-84.2905,30.4481,-84.242
62,68,30.4481,-84.242,30.4004,-84.2295
68,62,30.4004,-84.2295,30.4481,-84.242
62,69,30.4481,-84.242,30.3856,-84.2309
69,62,30.3856,-84.2309,30.4481,-84.242
62,70,30.4481,-84.242,30.3961,-84.2156
70,62,30.3961,-84.2156,30.4481,-84.242
62,73,30.4481,-84.242,30.4238,-84.2163
73,62,30.4238,-84.2163,30.4481,-84.242
62,74,30.4481,-84.242,30.429,-84.255
74,62,30.429,-84.255,30.4481,-84.242
62,75,30.4481,-84.242,30.3736,-84.2178
75,62,30.3736,-84.2178,30.4481,-84.242
62,76,30.4481,-84.242,30.5192,-84.3398
76,62,30.5192,-84.3398,30.4481,-84.242
62,77,30.4481,-84.242,30.4429,-84.2548
77,62,30.4429,-84.2548,30.4481,-84.242
62,79,30.4481,-84.242,30.384,-84.2103
79,62,30.384,-84.2103,30.4481,-84.242
62,80,30.4481,-84.242,30.3652,-84.2624
80,62,30.3652,-84.2624,30.4481,-84.242
62,82,30.4481,-84.242,30.4416,-84.2783
82,62,30.4416,-84.2783,30.4481,-84.242
62,83,30.4481,-84.242,30.5145,-84.371
83,62,30.5145,-84.371,30.4481,-84.242
62,84,30.4481,-84.242,30.4134,-84.3406
84,62,30.4134,-84.3406,30.4481,-84.242
62,85,30.4481,-84.242,30.4087,-84.3137
85,62,30.4087,-84.3137,30.4481,-84.242
62,86,30.4481,-84.242,30.513,-84.3247
86,62,30.513,-84.3247,30.4481,-84.242
62,87,30.4481,-84.242,30.5187,-84.2812
87,62,30.5187,-84.2812,30.4481,-84.242
62,91,30.4481,-84.242,30.4387,-84.364
91,62,30.4387,-84.364,30.4481,-84.242
62,94,30.4481,-84.242,30.5236,-84.2259
94,62,30.5236,-84.2259,30.4481,-84.242
62,95,30.4481,-84.242,30.4963,-84.2309
95,62,30.4963,-84.2309,30.4481,-84.242
62,97,30.4481,-84.242,30.3785,-84.2864
97,62,30.3785,-84.2864,30.4481,-84.242
62,98,30.4481,-84.242,30.527,-84.2767
98,62,30.527,-84.2767,30.4481,-84.242
62,100,30.4481,-84.242,30.4674,-84.2785
100,62,30.4674,-84.2785,30.4481,-84.242
62,102,30.4481,-84.242,30.3702,-84.2022
102,62,30.3702,-84.2022,30.4481,-84.242
62,103,30.4481,-84.242,30.3684,-84.2249
103,62,30.3684,-84.2249,30.4481,-84.242
62,105,30.4481,-84.242,30.4403,-84.2392
105,62,30.4403,-84.2392,30.4481,-84.242
62,106,30.4481,-84.242,30.3822,-84.3098
106,62,30.3822,-84.3098,30.4481,-84.242
62,107,30.4481,-84.242,30.5161,-84.2171
107,62,30.5161,-84.2171,30.4481,-84.242
62,108,30.4481,-84.242,30.4616,-84.1983
108,62,30.4616,-84.1983,30.4481,-84.242
62,109,30.4481,-84.242,30.4767,-84.2064
109,62,30.4767,-84.2064,30.4481,-84.242
62,110,30.4481,-84.242,30.3621,-84.2092
110,62,30.3621,-84.2092,30.4481,-84.242
62,111,30.4481,-84.242,30.5031,-84.2072
111,62,30.5031,-84.2072,30.4481,-84.242
62,113,30.4481,-84.242,30.354,-84.209
113,62,30.354,-84.209,30.4481,-84.242
62,115,30.4481,-84.242,30.4421,-84.3036
115,62,30.4421,-84.3036,30.4481,-84.242
62,118,30.4481,-84.242,30.4332,-84.2085
118,62,30.4332,-84.2085,30.4481,-84.242
62,119,30.4481,-84.242,30.4596,-84.1848
119,62,30.4596,-84.1848,30.4481,-84.242
62,122,30.4481,-84.242,30.46,-84.2377
122,62,30.46,-84.2377,30.4481,-84.242
62,123,30.4481,-84.242,30.3816,-84.3514
123,62,30.3816,-84.3514,30.4481,-84.242
62,124,30.4481,-84.242,30.5073,-84.3707
124,62,30.5073,-84.3707,30.4481,-84.242
62,125,30.4481,-84.242,30.4793,-84.2635
125,62,30.4793,-84.2635,30.4481,-84.242
62,127,30.4481,-84.242,30.3916,-84.2179
127,62,30.3916,-84.2179,30.4481,-84.242
62,128,30.4481,-84.242,30.3865,-84.3463
128,62,30.3865,-84.3463,30.4481,-84.242
62,129,30.4481,-84.242,30.4469,-84.3221
129,62,30.4469,-84.3221,30.4481,-84.242
62,132,30.4481,-84.242,30.4188,-84.3245
132,62,30.4188,-84.3245,30.4481,-84.242
62,133,30.4481,-84.242,30.493,-84.2922
133,62,30.493,-84.2922,30.4481,-84.242
62,134,30.4481,-84.242,30.445,-84.3428
134,62,30.445,-84.3428,30.4481,-84.242
62,135,30.4481,-84.242,30.3622,-84.2653
135,62,30.3622,-84.2653,30.4481,-84.242
62,138,30.4481,-84.242,30.4971,-84.1916
138,62,30.4971,-84.1916,30.4481,-84.242
62,139,30.4481,-84.242,30.3713,-84.3221
139,62,30.3713,-84.3221,30.4481,-84.242
62,140,30.4481,-84.242,30.4319,-84.2471
140,62,30.4319,-84.2471,30.4481,-84.242
62,142,30.4481,-84.242,30.5149,-84.3754
142,62,30.5149,-84.3754,30.4481,-84.242
62,143,30.4481,-84.242,30.4713,-84.3311
143,62,30.4713,-84.3311,30.4481,-84.242
62,144,30.4481,-84.242,30.4461,-84.3207
144,62,30.4461,-84.3207,30.4481,-84.242
62,146,30.4481,-84.242,30.4912,-84.1908
146,62,30.4912,-84.1908,30.4481,-84.242
62,147,30.4481,-84.242,30.5124,-84.1967
147,62,30.5124,-84.1967,30.4481,-84.242
62,148,30.4481,-84.242,30.5172,-84.2642
148,62,30.5172,-84.2642,30.4481,-84.242
62,149,30.4481,-84.242,30.3887,-84.3647
149,62,30.3887,-84.3647,30.4481,-84.242
63,64,30.4565,-84.2188,30.4309,-84.2861
64,63,30.4309,-84.2861,30.4565,-84.2188
63,65,30.4565,-84.2188,30.4489,-84.2727
65,63,30.4489,-84.2727,30.4565,-84.2188
63,66,30.4565,-84.2188,30.4653,-84.2312
66,63,30.4653,-84.2312,30.4565,-84.2188
63,67,30.4565,-84.2188,30.3927,-84.2905
67,63,30.3927,-84.2905,30.4565,-84.2188
63,68,30.4565,-84.2188,30.4004,-84.2295
68,63,30.4004,-84.2295,30.4565,-84.2188
63,69,30.4565,-84.2188,30.3856,-84.2309
69,63,30.3856,-84.2309,30.4565,-84.2188
63,70,30.4565,-84.2188,30.3961,-84.2156
70,63,30.3961,-84.2156,30.4565,-84.2188
63,73,30.4565,-84.2188,30.4238,-84.2163
73,63,30.4238,-84.2163,30.4565,-84.2188
63,74,30.4565,-84.2188,30.429,-84.255
74,63,30.429,-84.255,30.4565,-84.2188
63,75,30.4565,-84.2188,30.3736,-84.2178
75,63,30.3736,-84.2178,30.4565,-84.2188
63,76,30.4565,-84.2188,30.5192,-84.3398
76,63,30.5192,-84.3398,30.4565,-84.2188
63,77,30.4565,-84.2188,30.4429,-84.2548
77,63,30.4429,-84.2548,30.4565,-84.2188
63,79,30.4565,-84.2188,30.384,-84.2103
79,63,30.384,-84.2103,30.4565,-84.2188
63,80,30.4565,-84.2188,30.3652,-84.2624
80,63,30.3652,-84.2624,30.4565,-84.2188
63,82,30.4565,-84.2188,30.4416,-84.2783
82,63,30.4416,-84.2783,30.4565,-84.2188
63,83,30.4565,-84.2188,30.5145,-84.371
83,63,30.5145,-84.371,30.4565,-84.2188
63,84,30.4565,-84.2188,30.4134,-84.3406
84,63,30.4134,-84.3406,30.4565,-84.2188
63,85,30.4565,-84.2188,30.4087,-84.3137
85,63,30.4087,-84.3137,30.4565,-84.2188
63,86,30.4565,-84.2188,30.513,-84.3247
86,63,30.513,-84.3247,30.4565,-84.2188
63,87,30.4565,-84.2188,30.5187,-84.2812
87,63,30.5187,-84.2812,30.4565,-84.2188
63,91,30.4565,-84.2188,30.4387,-84.364
91,63,30.4387,-84.364,30.4565,-84.2188
63,94,30.4565,-84.2188,30.5236,-84.2259
94,63,30.5236,-84.2259,30.4565,-84.2188
63,95,30.4565,-84.2188,30.4963,-84.2309
95,63,30.4963,-84.2309,30.4565,-84.2188
63,97,30.4565,-84.2188,30.3785,-84.2864
97,63,30.3785,-84.2864,30.4565,-84.2188
63,98,30.4565,-84.2188,30.527,-84.2767
98,63,30.527,-84.2767,30.4565,-84.2188
63,100,30.4565,-84.2188,30.4674,-84.2785
100,63,30.4674,-84.2785,30.4565,-84.2188
63,102,30.4565,-84.2188,30.3702,-84.2022
102,63,30.3702,-84.2022,30.4565,-84.2188
63,103,30.4565,-84.2188,30.3684,-84.2249
103,63,30.3684,-84.2249,30.4565,-84.2188
63,105,30.4565,-84.2188,30.4403,-84.2392
105,63,30.4403,-84.2392,30.4565,-84.2188
63,106,30.4565,-84.2188,30.3822,-84.3098
106,63,30.3822,-84.3098,30.4565,-84.2188
63,107,30.4565,-84.2188,30.5161,-84.2171
107,63,30.5161,-84.2171,30.4565,-84.2188
63,108,30.4565,-84.2188,30.4616,-84.1983
108,63,30.4616,-84.1983,30.4565,-84.2188
63,109,30.4565,-84.2188,30.4767,-84.2064
109,63,30.4767,-84.2064,30.4565,-84.2188
63,110,30.4565,-84.2188,30.3621,-84.2092
110,63,30.3621,-84.2092,30.4565,-84.2188
63,111,30.4565,-84.2188,30.5031,-84.2072
111,63,30.5031,-84.2072,30.4565,-84.2188
63,113,30.4565,-84.2188,30.354,-84.209
113,63,30.354,-84.209,30.4565,-84.2188
63,115,30.4565,-84.2188,30.4421,-84.3036
115,63,30.4421,-84.3036,30.4565,-84.2188
63,118,30.4565,-84.2188,30.4332,-84.2085
118,63,30.4332,-84.2085,30.4565,-84.2188
63,119,30.4565,-84.2188,30.4596,-84.1848
119,63,30.4596,-84.1848,30.4565,-84.2188
63,122,30.4565,-84.2188,30.46,-84.2377
122,63,30.46,-84.2377,30.4565,-84.2188
63,123,30.4565,-84.2188,30.3816,-84.3514
123,63,30.3816,-84.3514,30.4565,-84.2188
63,124,30.4565,-84.2188,30.5073,-84.3707
124,63,30.5073,-84.3707,30.4565,-84.2188
63,125,30.4565,-84.2188,30.4793,-84.2635
125,63,30.4793,-84.2635,30.4565,-84.2188
63,127,30.4565,-84.2188,30.3916,-84.2179
127,63,30.3916,-84.2179,30.4565,-84.2188
63,128,30.4565,-84.2188,30.3865,-84.3463
128,63,30.3865,-84.3463,30.4565,-84.2188
63,129,30.4565,-84.2188,30.4469,-84.3221
129,63,30.4469,-84.3221,30.4565,-84.2188
63,132,30.4565,-84.2188,30.4188,-84.3245
132,63,30.4188,-84.3245,30.4565,-84.2188
63,133,30.4565,-84.2188,30.493,-84.2922
133,63,30.493,-84.2922,30.4565,-84.2188
63,134,30.4565,-84.2188,30.445,-84.3428
134,63,30.445,-84.3428,30.4565,-84.2188
63,135,30.4565,-84.2188,30.3622,-84.2653
135,63,30.3622,-84.2653,30.4565,-84.2188
63,138,30.4565,-84.2188,30.4971,-84.1916
138,63,30.4971,-84.1916,30.4565,-84.2188
63,139,30.4565,-84.2188,30.3713,-84.3221
139,63,30.3713,-84.3221,30.4565,-84.2188
63,140,30.4565,-84.2188,30.4319,-84.2471
140,63,30.4319,-84.2471,30.4565,-84.2188
63,142,30.4565,-84.2188,30.5149,-84.3754
142,63,30.5149,-84.3754,30.4565,-84.2188
63,143,30.4565,-84.2188,30.4713,-84.3311
143,63,30.4713,-84.3311,30.4565,-84.2188
63,144,30.4565,-84.2188,30.4461,-84.3207
144,63,30.4461,-84.3207,30.4565,-84.2188
63,146,30.4565,-84.2188,30.4912,-84.1908
146,63,30.4912,-84.1908,30.4565,-84.2188
63,147,30.4565,-84.2188,30.5124,-84.1967
147,63,30.5124,-84.1967,30.4565,-84.2188
63,148,30.4565,-84.2188,30.5172,-84.2642
148,63,30.5172,-84.2642,30.4565,-84.2188
63,149,30.4565,-84.2188,30.3887,-84.3647
149,63,30.3887,-84.3647,30.4565,-84.2188
64,65,30.4309,-84.2861,30.4489,-84.2727
65,64,30.4489,-84.2727,30.4309,-84.2861
64,66,30.4309,-84.2861,30.4653,-84.2312
66,64,30.4653,-84.2312,30.4309,-84.2861
64,67,30.4309,-84.2861,30.3927,-84.2905
67,64,30.3927,-84.2905,30.4309,-84.2861
64,68,30.4309,-84.2861,30.4004,-84.2295
68,64,30.4004,-84.2295,30.4309,-84.2861
64,69,30.4309,-84.2861,30.3856,-84.2309
69,64,30.3856,-84.2309,30.4309,-84.2861
64,70,30.4309,-84.2861,30.3961,-84.2156
70,64,30.3961,-84.2156,30.4309,-84.2861
64,73,30.4309,-84.2861,30.4238,-84.2163
73,64,30.4238,-84.2163,30.4309,-84.2861
64,74,30.4309,-84.2861,30.429,-84.255
74,64,30.429,-84.255,30.4309,-84.2861
64,75,30.4309,-84.2861,30.3736,-84.2178
75,64,30.3736,-84.2178,30.4309,-84.2861
64,76,30.4309,-84.2861,30.5192,-84.3398
76,64,30.5192,-84.3398,30.4309,-84.2861
64,77,30.4309,-84.2861,30.4429,-84.2548
77,64,30.4429,-84.2548,30.4309,-84.2861
64,79,30.4309,-84.2861,30.384,-84.2103
79,64,30.384,-84.2103,30.4309,-84.2861
64,80,30.4309,-84.2861,30.3652,-84.2624
80,64,30.3652,-84.2624,30.4309,-84.2861
64,82,30.4309,-84.2861,30.4416,-84.2783
82,64,30.4416,-84.2783,30.4309,-84.2861
64,83,30.4309,-84.2861,30.5145,-84.371
83,64,30.5145,-84.371,30.4309,-84.2861
64,84,30.4309,-84.2861,30.4134,-84.3406
84,64,30.4134,-84.3406,30.4309,-84.2861
64,85,30.4309,-84.2861,30.4087,-84.3137
85,64,30.4087,-84.3137,30.4309,-84.2861
64,86,30.4309,-84.2861,30.513,-84.3247
86,64,30.513,-84.3247,30.4309,-84.2861
64,87,30.4309,-84.2861,30.5187,-84.2812
87,64,30.5187,-84.2812,30.4309,-84.2861
64,91,30.4309,-84.2861,30.4387,-84.364
91,64,30.4387,-84.364,30.4309,-84.2861
64,94,30.4309,-84.2861,30.5236,-84.2259
94,64,30.5236,-84.2259,30.4309,-84.2861
64,95,30.4309,-84.2861,30.4963,-84.2309
95,64,30.4963,-84.2309,30.4309,-84.2861
64,97,30.4309,-84.2861,30.3785,-84.2864
97,64,30.3785,-84.2864,30.4309,-84.2861
64,98,30.4309,-84.2861,30.527,-84.2767
98,64,30.527,-84.2767,30.4309,-84.2861
64,100,30.4309,-84.2861,30.4674,-84.2785
100,64,30.4674,-84.2785,30.4309,-84.2861
64,102,30.4309,-84.2861,30.3702,-84.2022
102,64,30.3702,-84.2022,30.4309,-84.2861
64,103,30.4309,-84.2861,30.3684,-84.2249
103,64,30.3684,-84.2249,30.4309,-84.2861
64,105,30.4309,-84.2861,30.4403,-84.2392
105,64,30.4403,-84.2392,30.4309,-84.2861
64,106,30.4309,-84.2861,30.3822,-84.3098
106,64,30.3822,-84.3098,30.4309,-84.2861
64,107,30.4309,-84.2861,30.5161,-84.2171
107,64,30.5161,-84.2171,30.4309,-84.2861
64,108,30.4309,-84.2861,30.4616,-84.1983
108,64,30.4616,-84.1983,30.4309,-84.2861
64,109,30.4309,-84.2861,30.4767,-84.2064
109,64,30.4767,-84.2064,30.4309,-84.2861
64,110,30.4309,-84.2861,30.3621,-84.2092
110,64,30.3621,-84.2092,30.4309,-84.2861
64,111,30.4309,-84.2861,30.5031,-84.2072
111,64,30.5031,-84.2072,30.4309,-84.2861
64,113,30.4309,-84.2861,30.354,-84.209
113,64,30.354,-84.209,30.4309,-84.2861
64,115,30.4309,-84.2861,30.4421,-84.3036
115,64,30.4421,-84.3036,30.4309,-84.2861
64,118,30.4309,-84.2861,30.4332,-84.2085
118,64,30.4332,-84.2085,30.4309,-84.2861
64,119,30.4309,-84.2861,30.4596,-84.1848
119,64,30.4596,-84.1848,30.4309,-84.2861
64,122,30.4309,-84.2861,30.46,-84.2377
122,64,30.46,-84.2377,30.4309,-84.2861
64,123,30.4309,-84.2861,30.3816,-84.3514
123,64,30.3816,-84.3514,30.4309,-84.2861
64,124,30.4309,-84.2861,30.5073,-84.3707
124,64,30.5073,-84.3707,30.4309,-84.2861
64,125,30.4309,-84.2861,30.4793,-84.2635
125,64,30.4793,-84.2635,30.4309,-84.2861
64,127,30.4309,-84.2861,30.3916,-84.2179
127,64,30.3916,-84.2179,30.4309,-84.2861
64,128,30.4309,-84.2861,30.3865,-84.3463
128,64,30.3865,-84.3463,30.4309,-84.2861
64,129,30.4309,-84.2861,30.4469,-84.3221
129,64,30.4469,-84.3221,30.4309,-84.2861
64,132,30.4309,-84.2861,30.4188,-84.3245
132,64,30.4188,-84.3245,30.4309,-84.2861
64,133,30.4309,-84.2861,30.493,-84.2922
133,64,30.493,-84.2922,30.4309,-84.2861
64,134,30.4309,-84.2861,30.445,-84.3428
134,64,30.445,-84.3428,30.4309,-84.2861
64,135,30.4309,-84.2861,30.3622,-84.2653
135,64,30.3622,-84.2653,30.4309,-84.2861
64,138,30.4309,-84.2861,30.4971,-84.1916
138,64,30.4971,-84.1916,30.4309,-84.2861
64,139,30.4309,-84.2861,30.3713,-84.3221
139,64,30.3713,-84.3221,30.4309,-84.2861
64,140,30.4309,-84.2861,30.4319,-84.2471
140,64,30.4319,-84.2471,30.4309,-84.2861
64,142,30.4309,-84.2861,30.5149,-84.3754
142,64,30.5149,-84.3754,30.4309,-84.2861
64,143,30.4309,-84.2861,30.4713,-84.3311
143,64,30.4713,-84.3311,30.4309,-84.2861
64,144,30.4309,-84.2861,30.4461,-84.3207
144,64,30.4461,-84.3207,30.4309,-84.2861
64,146,30.4309,-84.2861,30.4912,-84.1908
146,64,30.4912,-84.1908,30.4309,-84.2861
64,147,30.4309,-84.2861,30.5124,-84.1967
147,64,30.5124,-84.1967,30.4309,-84.2861
64,148,30.4309,-84.2861,30.5172,-84.2642
148,64,30.5172,-84.2642,30.4309,-84.2861
64,149,30.4309,-84.2861,30.3887,-84.3647
149,64,30.3887,-84.3647,30.4309,-84.2861
65,66,30.4489,-84.2727,30.4653,-84.2312
66,65,30.4653,-84.2312,30.4489,-84.2727
65,67,30.4489,-84.2727,30.3927,-84.2905
67,65,30.3927,-84.2905,30.4489,-84.2727
65,68,30.4489,-84.2727,30.4004,-84.2295
68,65,30.4004,-84.2295,30.4489,-84.2727
65,69,30.4489,-84.2727,30.3856,-84.2309
69,65,30.3856,-84.2309,30.4489,-84.2727
65,70,30.4489,-84.2727,30.3961,-84.2156
70,65,30.3961,-84.2156,30.4489,-84.2727
65,73,30.4489,-84.2727,30.4238,-84.2163
73,65,30.4238,-84.2163,30.4489,-84.2727
65,74,30.4489,-84.2727,30.429,-84.255
74,65,30.429,-84.255,30.4489,-84.2727
65,75,30.4489,-84.2727,30.3736,-84.2178
75,65,30.3736,-84.2178,30.4489,-84.2727
65,76,30.4489,-84.2727,30.5192,-84.3398
76,65,30.5192,-84.3398,30.4489,-84.2727
65,77,30.4489,-84.2727,30.4429,-84.2548
77,65,30.4429,-84.2548,30.4489,-84.2727
65,79,30.4489,-84.2727,30.384,-84.2103
79,65,30.384,-84.2103,30.4489,-84.2727
65,80,30.4489,-84.2727,30.3652,-84.2624
80,65,30.3652,-84.2624,30.4489,-84.2727
65,82,30.4489,-84.2727,30.4416,-84.2783
82,65,30.4416,-84.2783,30.4489,-84.2727
65,83,30.4489,-84.2727,30.5145,-84.371
83,65,30.5145,-84.371,30.4489,-84.2727
65,84,30.4489,-84.2727,30.4134,-84.3406
84,65,30.4134,-84.3406,30.4489,-84.2727
65,85,30.4489,-84.2727,30.4087,-84.3137
85,65,30.4087,-84.3137,30.4489,-84.2727
65,86,30.4489,-84.2727,30.513,-84.3247
86,65,30.513,-84.3247,30.4489,-84.2727
65,87,30.4489,-84.2727,30.5187,-84.2812
87,65,30.5187,-84.2812,30.4489,-84.2727
65,91,30.4489,-84.2727,30.4387,-84.364
91,65,30.4387,-84.364,30.4489,-84.2727
65,94,30.4489,-84.2727,30.5236,-84.2259
94,65,30.5236,-84.2259,30.4489,-84.2727
65,95,30.4489,-84.2727,30.4963,-84.2309
95,65,30.4963,-84.2309,30.4489,-84.2727
65,97,30.4489,-84.2727,30.3785,-84.2864
97,65,30.3785,-84.2864,30.4489,-84.2727
65,98,30.4489,-84.2727,30.527,-84.2767
98,65,30.527,-84.2767,30.4489,-84.2727
65,100,30.4489,-84.2727,30.4674,-84.2785
100,65,30.4674,-84.2785,30.4489,-84.2727
65,102,30.4489,-84.2727,30.3702,-84.2022
102,65,30.3702,-84.2022,30.4489,-84.2727
65,103,30.4489,-84.2727,30.3684,-84.2249
103,65,30.3684,-84.2249,30.4489,-84.2727
65,105,30.4489,-84.2727,30.4403,-84.2392
105,65,30.4403,-84.2392,30.4489,-84.2727
65,106,30.4489,-84.2727,30.3822,-84.3098
106,65,30.3822,-84.3098,30.4489,-84.2727
65,107,30.4489,-84.2727,30.5161,-84.2171
107,65,30.5161,-84.2171,30.4489,-84.2727
65,108,30.4489,-84.2727,30.4616,-84.1983
108,65,30.4616,-84.1983,30.4489,-84.2727
65,109,30.4489,-84.2727,30.4767,-84.2064
109,65,30.4767,-84.2064,30.4489,-84.2727
65,110,30.4489,-84.2727,30.3621,-84.2092
110,65,30.3621,-84.2092,30.4489,-84.2727
65,111,30.4489,-84.2727,30.5031,-84.2072
111,65,30.5031,-84.2072,30.4489,-84.2727
65,113,30.4489,-84.2727,30.354,-84.209
113,65,30.354,-84.209,30.4489,-84.2727
65,115,30.4489,-84.2727,30.4421,-84.3036
115,65,30.4421,-84.3036,30.4489,-84.2727
65,118,30.4489,-84.2727,30.4332,-84.2085
118,65,30.4332,-84.2085,30.4489,-84.2727
65,119,30.4489,-84.2727,30.4596,-84.1848
119,65,30.4596,-84.1848,30.4489,-84.2727
65,122,30.4489,-84.2727,30.46,-84.2377
122,65,30.46,-84.2377,30.4489,-84.2727
65,123,30.4489,-84.2727,30.3816,-84.3514
123,65,30.3816,-84.3514,30.4489,-84.2727
65,124,30.4489,-84.2727,30.5073,-84.3707
124,65,30.5073,-84.3707,30.4489,-84.2727
65,125,30.4489,-84.2727,30.4793,-84.2635
125,65,30.4793,-84.2635,30.4489,-84.2727
65,127,30.4489,-84.2727,30.3916,-84.2179
127,65,30.3916,-84.2179,30.4489,-84.2727
65,128,30.4489,-84.2727,30.3865,-84.3463
128,65,30.3865,-84.3463,30.4489,-84.2727
65,129,30.4489,-84.2727,30.4469,-84.3221
129,65,30.4469,-84.3221,30.4489,-84.2727
65,132,30.4489,-84.2727,30.4188,-84.3245
132,65,30.4188,-84.3245,30.4489,-84.2727
65,133,30.4489,-84.2727,30.493,-84.2922
133,65,30.493,-84.2922,30.4489,-84.2727
65,134,30.4489,-84.2727,30.445,-84.3428
134,65,30.445,-84.3428,30.4489,-84.2727
65,135,30.4489,-84.2727,30.3622,-84.2653
135,65,30.3622,-84.2653,30.4489,-84.2727
65,138,30.4489,-84.2727,30.4971,-84.1916
138,65,30.4971,-84.1916,30.4489,-84.2727
65,139,30.4489,-84.2727,30.3713,-84.3221
139,65,30.3713,-84.3221,30.4489,-84.2727
65,140,30.4489,-84.2727,30.4319,-84.2471
140,65,30.4319,-84.2471,30.4489,-84.2727
65,142,30.4489,-84.2727,30.5149,-84.3754
142,65,30.5149,-84.3754,30.4489,-84.2727
65,143,30.4489,-84.2727,30.4713,-84.3311
143,65,30.4713,-84.3311,30.4489,-84.2727
65,144,30.4489,-84.2727,30.4461,-84.3207
144,65,30.4461,-84.3207,30.4489,-84.2727
65,146,30.4489,-84.2727,30.4912,-84.1908
146,65,30.4912,-84.1908,30.4489,-84.2727
65,147,30.4489,-84.2727,30.5124,-84.1967
147,65,30.5124,-84.1967,30.4489,-84.2727
65,148,30.4489,-84.2727,30.5172,-84.2642
148,65,30.5172,-84.2642,30.4489,-84.2727
65,149,30.4489,-84.2727,30.3887,-84.3647
149,65,30.3887,-84.3647,30.4489,-84.2727
66,67,30.4653,-84.2312,30.3927,-84.2905
67,66,30.3927,-84.2905,30.4653,-84.2312
66,68,30.4653,-84.2312,30.4004,-84.2295
68,66,30.4004,-84.2295,30.4653,-84.2312
66,69,30.4653,-84.2312,30.3856,-84.2309
69,66,30.3856,-84.2309,30.4653,-84.2312
66,70,30.4653,-84.2312,30.3961,-84.2156
70,66,30.3961,-84.2156,30.4653,-84.2312
66,73,30.4653,-84.2312,30.4238,-84.2163
73,66,30.4238,-84.2163,30.4653,-84.2312
66,74,30.4653,-84.2312,30.429,-84.255
74,66,30.429,-84.255,30.4653,-84.2312
66,75,30.4653,-84.2312,30.3736,-84.2178
75,66,30.3736,-84.2178,30.4653,-84.2312
66,76,30.4653,-84.2312,30.5192,-84.3398
76,66,30.5192,-84.3398,30.4653,-84.2312
66,77,30.4653,-84.2312,30.4429,-84.2548
77,66,30.4429,-84.2548,30.4653,-84.2312
66,79,30.4653,-84.2312,30.384,-84.2103
79,66,30.384,-84.2103,30.4653,-84.2312
66,80,30.4653,-84.2312,30.3652,-84.2624
80,66,30.3652,-84.2624,30.4653,-84.2312
66,82,30.4653,-84.2312,30.4416,-84.2783
82,66,30.4416,-84.2783,30.4653,-84.2312
66,83,30.4653,-84.2312,30.5145,-84.371
83,66,30.5145,-84.371,30.4653,-84.2312
66,84,30.4653,-84.2312,30.4134,-84.3406
84,66,30.4134,-84.3406,30.4653,-84.2312
66,85,30.4653,-84.2312,30.4087,-84.3137
85,66,30.4087,-84.3137,30.4653,-84.2312
66,86,30.4653,-84.2312,30.513,-84.3247
86,66,30.513,-84.3247,30.4653,-84.2312
66,87,30.4653,-84.2312,30.5187,-84.2812
87,66,30.5187,-84.2812,30.4653,-84.2312
66,91,30.4653,-84.2312,30.4387,-84.364
91,66,30.4387,-84.364,30.4653,-84.2312
66,94,30.4653,-84.2312,30.5236,-84.2259
94,66,30.5236,-84.2259,30.4653,-84.2312
66,95,30.4653,-84.2312,30.4963,-84.2309
95,66,30.4963,-84.2309,30.4653,-84.2312
66,97,30.4653,-84.2312,30.3785,-84.2864
97,66,30.3785,-84.2864,30.4653,-84.2312
66,98,30.4653,-84.2312,30.527,-84.2767
98,66,30.527,-84.2767,30.4653,-84.2312
66,100,30.4653,-84.2312,30.4674,-84.2785
100,66,30.4674,-84.2785,30.4653,-84.2312
66,102,30.4653,-84.2312,30.3702,-84.2022
102,66,30.3702,-84.2022,30.4653,-84.2312
66,103,30.4653,-84.2312,30.3684,-84.2249
103,66,30.3684,-84.2249,30.4653,-84.2312
66,105,30.4653,-84.2312,30.4403,-84.2392
105,66,30.4403,-84.2392,30.4653,-84.2312
66,106,30.4653,-84.2312,30.3822,-84.3098
106,66,30.3822,-84.3098,30.4653,-84.2312
66,107,30.4653,-84.2312,30.5161,-84.2171
107,66,30.5161,-84.2171,30.4653,-84.2312
66,108,30.4653,-84.2312,30.4616,-84.1983
108,66,30.4616,-84.1983,30.4653,-84.2312
66,109,30.4653,-84.2312,30.4767,-84.2064
109,66,30.4767,-84.2064,30.4653,-84.2312
66,110,30.4653,-84.2312,30.3621,-84.2092
110,66,30.3621,-84.2092,30.4653,-84.2312
66,111,30.4653,-84.2312,30.5031,-84.2072
111,66,30.5031,-84.2072,30.4653,-84.2312
66,113,30.4653,-84.2312,30.354,-84.209
113,66,30.354,-84.209,30.4653,-84.2312
66,115,30.4653,-84.2312,30.4421,-84.3036
115,66,30.4421,-84.3036,30.4653,-84.2312
66,118,30.4653,-84.2312,30.4332,-84.2085
118,66,30.4332,-84.2085,30.4653,-84.2312
66,119,30.4653,-84.2312,30.4596,-84.1848
119,66,30.4596,-84.1848,30.4653,-84.2312
66,122,30.4653,-84.2312,30.46,-84.2377
122,66,30.46,-84.2377,30.4653,-84.2312
66,123,30.4653,-84.2312,30.3816,-84.3514
123,66,30.3816,-84.3514,30.4653,-84.2312
66,124,30.4653,-84.2312,30.5073,-84.3707
124,66,30.5073,-84.3707,30.4653,-84.2312
66,125,30.4653,-84.2312,30.4793,-84.2635
125,66,30.4793,-84.2635,30.4653,-84.2312
66,127,30.4653,-84.2312,30.3916,-84.2179
127,66,30.3916,-84.2179,30.4653,-84.2312
66,128,30.4653,-84.2312,30.3865,-84.3463
128,66,30.3865,-84.3463,30.4653,-84.2312
66,129,30.4653,-84.2312,30.4469,-84.3221
129,66,30.4469,-84.3221,30.4653,-84.2312
66,132,30.4653,-84.2312,30.4188,-84.3245
132,66,30.4188,-84.3245,30.4653,-84.2312
66,133,30.4653,-84.2312,30.493,-84.2922
133,66,30.493,-84.2922,30.4653,-84.2312
66,134,30.4653,-84.2312,30.445,-84.3428
134,66,30.445,-84.3428,30.4653,-84.2312
66,135,30.4653,-84.2312,30.3622,-84.2653
135,66,30.3622,-84.2653,30.4653,-84.2312
66,138,30.4653,-84.2312,30.4971,-84.1916
138,66,30.4971,-84.1916,30.4653,-84.2312
66,139,30.4653,-84.2312,30.3713,-84.3221
139,66,30.3713,-84.3221,30.4653,-84.2312
66,140,30.4653,-84.2312,30.4319,-84.2471
140,66,30.4319,-84.2471,30.4653,-84.2312
66,142,30.4653,-84.2312,30.5149,-84.3754
142,66,30.5149,-84.3754,30.4653,-84.2312
66,143,30.4653,-84.2312,30.4713,-84.3311
143,66,30.4713,-84.3311,30.4653,-84.2312
66,144,30.4653,-84.2312,30.4461,-84.3207
144,66,30.4461,-84.3207,30.4653,-84.2312
66,146,30.4653,-84.2312,30.4912,-84.1908
146,66,30.4912,-84.1908,30.4653,-84.2312
66,147,30.4653,-84.2312,30.5124,-84.1967
147,66,30.5124,-84.1967,30.4653,-84.2312
66,148,30.4653,-84.2312,30.5172,-84.2642
148,66,30.5172,-84.2642,30.4653,-84.2312
66,149,30.4653,-84.2312,30.3887,-84.3647
149,66,30.3887,-84.3647,30.4653,-84.2312
67,68,30.3927,-84.2905,30.4004,-84.2295
68,67,30.4004,-84.2295,30.3927,-84.2905
67,69,30.3927,-84.2905,30.3856,-84.2309
69,67,30.3856,-84.2309,30.3927,-84.2905
67,70,30.3927,-84.2905,30.3961,-84.2156
70,67,30.3961,-84.2156,30.3927,-84.2905
67,73,30.3927,-84.2905,30.4238,-84.2163
73,67,30.4238,-84.2163,30.3927,-84.2905
67,74,30.3927,-84.2905,30.429,-84.255
74,67,30.429,-84.255,30.3927,-84.2905
67,75,30.3927,-84.2905,30.3736,-84.2178
75,67,30.3736,-84.2178,30.3927,-84.2905
67,76,30.3927,-84.2905,30.5192,-84.3398
76,67,30.5192,-84.3398,30.3927,-84.2905
67,77,30.3927,-84.2905,30.4429,-84.2548
77,67,30.4429,-84.2548,30.3927,-84.2905
67,79,30.3927,-84.2905,30.384,-84.2103
79,67,30.384,-84.2103,30.3927,-84.2905
67,80,30.3927,-84.2905,30.3652,-84.2624
80,67,30.3652,-84.2624,30.3927,-84.2905
67,82,30.3927,-84.2905,30.4416,-84.2783
82,67,30.4416,-84.2783,30.3927,-84.2905
67,83,30.3927,-84.2905,30.5145,-84.371
83,67,30.5145,-84.371,30.3927,-84.2905
67,84,30.3927,-84.2905,30.4134,-84.3406
84,67,30.4134,-84.3406,30.3927,-84.2905
67,85,30.3927,-84.2905,30.4087,-84.3137
85,67,30.4087,-84.3137,30.3927,-84.2905
67,86,30.3927,-84.2905,30.513,-84.3247
86,67,30.513,-84.3247,30.3927,-84.2905
67,87,30.3927,-84.2905,30.5187,-84.2812
87,67,30.5187,-84.2812,30.3927,-84.2905
67,91,30.3927,-84.2905,30.4387,-84.364
91,67,30.4387,-84.364,30.3927,-84.2905
67,94,30.3927,-84.2905,30.5236,-84.2259
94,67,30.5236,-84.2259,30.3927,-84.2905
67,95,30.3927,-84.2905,30.4963,-84.2309
95,67,30.4963,-84.2309,30.3927,-84.2905
67,97,30.3927,-84.2905,30.3785,-84.2864
97,67,30.3785,-84.2864,30.3927,-84.2905
67,98,30.3927,-84.2905,30.527,-84.2767
98,67,30.527,-84.2767,30.3927,-84.2905
67,100,30.3927,-84.2905,30.4674,-84.2785
100,67,30.4674,-84.2785,30.3927,-84.2905
67,102,30.3927,-84.2905,30.3702,-84.2022
102,67,30.3702,-84.2022,30.3927,-84.2905
67,103,30.3927,-84.2905,30.3684,-84.2249
103,67,30.3684,-84.2249,30.3927,-84.2905
67,105,30.3927,-84.2905,30.4403,-84.2392
105,67,30.4403,-84.2392,30.3927,-84.2905
67,106,30.3927,-84.2905,30.3822,-84.3098
106,67,30.3822,-84.3098,30.3927,-84.2905
67,107,30.3927,-84.2905,30.5161,-84.2171
107,67,30.5161,-84.2171,30.3927,-84.2905
67,108,30.3927,-84.2905,30.4616,-84.1983
108,67,30.4616,-84.1983,30.3927,-84.2905
67,109,30.3927,-84.2905,30.4767,-84.2064
109,67,30.4767,-84.2064,30.3927,-84.2905
67,110,30.3927,-84.2905,30.3621,-84.2092
110,67,30.3621,-84.2092,30.3927,-84.2905
67,111,30.3927,-84.2905,30.5031,-84.2072
111,67,30.5031,-84.2072,30.3927,-84.2905
67,113,30.3927,-84.2905,30.354,-84.209
113,67,30.354,-84.209,30.3927,-84.2905
67,115,30.3927,-84.2905,30.4421,-84.3036
115,67,30.4421,-84.3036,30.3927,-84.2905
67,118,30.3927,-84.2905,30.4332,-84.2085
118,67,30.4332,-84.2085,30.3927,-84.2905
67,119,30.3927,-84.2905,30.4596,-84.1848
119,67,30.4596,-84.1848,30.3927,-84.2905
67,122,30.3927,-84.2905,30.46,-84.2377
122,67,30.46,-84.2377,30.3927,-84.2905
67,123,30.3927,-84.2905,30.3816,-84.3514
123,67,30.3816,-84.3514,30.3927,-84.2905
67,124,30.3927,-84.2905,30.5073,-84.3707
124,67,30.5073,-84.3707,30.3927,-84.2905
67,125,30.3927,-84.2905,30.4793,-84.2635
125,67,30.4793,-84.2635,30.3927,-84.2905
67,127,30.3927,-84.2905,30.3916,-84.2179
127,67,30.3916,-84.2179,30.3927,-84.2905
67,128,30.3927,-84.2905,30.3865,-84.3463
128,67,30.3865,-84.3463,30.3927,-84.2905
67,129,30.3927,-84.2905,30.4469,-84.3221
129,67,30.4469,-84.3221,30.3927,-84.2905
67,132,30.3927,-84.2905,30.4188,-84.3245
132,67,30.4188,-84.3245,30.3927,-84.2905
67,133,30.3927,-84.2905,30.493,-84.2922
133,67,30.493,-84.2922,30.3927,-84.2905
67,134,30.3927,-84.2905,30.445,-84.3428
134,67,30.445,-84.3428,30.3927,-84.2905
67,135,30.3927,-84.2905,30.3622,-84.2653
135,67,30.3622,-84.2653,30.3927,-84.2905
67,138,30.3927,-84.2905,30.4971,-84.1916
138,67,30.4971,-84.1916,30.3927,-84.2905
67,139,30.3927,-84.2905,30.3713,-84.3221
139,67,30.3713,-84.3221,30.3927,-84.2905
67,140,30.3927,-84.2905,30.4319,-84.2471
140,67,30.4319,-84.2471,30.3927,-84.2905
67,142,30.3927,-84.2905,30.5149,-84.3754
142,67,30.5149,-84.3754,30.3927,-84.2905
67,143,30.3927,-84.2905,30.4713,-84.3311
143,67,30.4713,-84.3311,30.3927,-84.2905
67,144,30.3927,-84.2905,30.4461,-84.3207
144,67,30.4461,-84.3207,30.3927,-84.2905
67,146,30.3927,-84.2905,30.4912,-84.1908
146,67,30.4912,-84.1908,30.3927,-84.2905
67,147,30.3927,-84.2905,30.5124,-84.1967
147,67,30.5124,-84.1967,30.3927,-84.2905
67,148,30.3927,-84.2905,30.5172,-84.2642
148,67,30.5172,-84.2642,30.3927,-84.2905
67,149,30.3927,-84.2905,30.3887,-84.3647
149,67,30.3887,-84.3647,30.3927,-84.2905
68,69,30.4004,-84.2295,30.3856,-84.2309
69,68,30.3856,-84.2309,30.4004,-84.2295
68,70,30.4004,-84.2295,30.3961,-84.2156
70,68,30.3961,-84.2156,30.4004,-84.2295
68,73,30.4004,-84.2295,30.4238,-84.2163
73,68,30.4238,-84.2163,30.4004,-84.2295
68,74,30.4004,-84.2295,30.429,-84.255
74,68,30.429,-84.255,30.4004,-84.2295
68,75,30.4004,-84.2295,30.3736,-84.2178
75,68,30.3736,-84.2178,30.4004,-84.2295
68,76,30.4004,-84.2295,30.5192,-84.3398
76,68,30.5192,-84.3398,30.4004,-84.2295
68,77,30.4004,-84.2295,30.4429,-84.2548
77,68,30.4429,-84.2548,30.4004,-84.2295
68,79,30.4004,-84.2295,30.384,-84.2103
79,68,30.384,-84.2103,30.4004,-84.2295
68,80,30.4004,-84.2295,30.3652,-84.2624
80,68,30.3652,-84.2624,30.4004,-84.2295
68,82,30.4004,-84.2295,30.4416,-84.2783
82,68,30.4416,-84.2783,30.4004,-84.2295
68,83,30.4004,-84.2295,30.5145,-84.371
83,68,30.5145,-84.371,30.4004,-84.2295
68,84,30.4004,-84.2295,30.4134,-84.3406
84,68,30.4134,-84.3406,30.4004,-84.2295
68,85,30.4004,-84.2295,30.4087,-84.3137
85,68,30.4087,-84.3137,30.4004,-84.2295
68,86,30.4004,-84.2295,30.513,-84.3247
86,68,30.513,-84.3247,30.4004,-84.2295
68,87,30.4004,-84.2295,30.5187,-84.2812
87,68,30.5187,-84.2812,30.4004,-84.2295
68,91,30.4004,-84.2295,30.4387,-84.364
91,68,30.4387,-84.364,30.4004,-84.2295
68,94,30.4004,-84.2295,30.5236,-84.2259
94,68,30.5236,-84.2259,30.4004,-84.2295
68,95,30.4004,-84.2295,30.4963,-84.2309
95,68,30.4963,-84.2309,30.4004,-84.2295
68,97,30.4004,-84.2295,30.3785,-84.2864
97,68,30.3785,-84.2864,30.4004,-84.2295
68,98,30.4004,-84.2295,30.527,-84.2767
98,68,30.527,-84.2767,30.4004,-84.2295
68,100,30.4004,-84.2295,30.4674,-84.2785
100,68,30.4674,-84.2785,30.4004,-84.2295
68,102,30.4004,-84.2295,30.3702,-84.2022
102,68,30.3702,-84.2022,30.4004,-84.2295
68,103,30.4004,-84.2295,30.3684,-84.2249
103,68,30.3684,-84.2249,30.4004,-84.2295
68,105,30.4004,-84.2295,30.4403,-84.2392
105,68,30.4403,-84.2392,30.4004,-84.2295
68,106,30.4004,-84.2295,30.3822,-84.3098
106,68,30.3822,-84.3098,30.4004,-84.2295
68,107,30.4004,-84.2295,30.5161,-84.2171
107,68,30.5161,-84.2171,30.4004,-84.2295
68,108,30.4004,-84.2295,30.4616,-84.1983
108,68,30.4616,-84.1983,30.4004,-84.2295
68,109,30.4004,-84.2295,30.4767,-84.2064
109,68,30.4767,-84.2064,30.4004,-84.2295
68,110,30.4004,-84.2295,30.3621,-84.2092
110,68,30.3621,-84.2092,30.4004,-84.2295
68,111,30.4004,-84.2295,30.5031,-84.2072
111,68,30.5031,-84.2072,30.4004,-84.2295
68,113,30.4004,-84.2295,30.354,-84.209
113,68,30.354,-84.209,30.4004,-84.2295
68,115,30.4004,-84.2295,30.4421,-84.3036
115,68,30.4421,-84.3036,30.4004,-84.2295
68,118,30.4004,-84.2295,30.4332,-84.2085
118,68,30.4332,-84.2085,30.4004,-84.2295
68,119,30.4004,-84.2295,30.4596,-84.1848
119,68,30.4596,-84.1848,30.4004,-84.2295
68,122,30.4004,-84.2295,30.46,-84.2377
122,68,30.46,-84.2377,30.4004,-84.2295
68,123,30.4004,-84.2295,30.3816,-84.3514
123,68,30.3816,-84.3514,30.4004,-84.2295
68,124,30.4004,-84.2295,30.5073,-84.3707
124,68,30.5073,-84.3707,30.4004,-84.2295
68,125,30.4004,-84.2295,30.4793,-84.2635
125,68,30.4793,-84.2635,30.4004,-84.2295
68,127,30.4004,-84.2295,30.3916,-84.2179
127,68,30.3916,-84.2179,30.4004,-84.2295
68,128,30.4004,-84.2295,30.3865,-84.3463
128,68,30.3865,-84.3463,30.4004,-84.2295
68,129,30.4004,-84.2295,30.4469,-84.3221
129,68,30.4469,-84.3221,30.4004,-84.2295
68,132,30.4004,-84.2295,30.4188,-84.3245
132,68,30.4188,-84.3245,30.4004,-84.2295
68,133,30.4004,-84.2295,30.493,-84.2922
133,68,30.493,-84.2922,30.4004,-84.2295
68,134,30.4004,-84.2295,30.445,-84.3428
134,68,30.445,-84.3428,30.4004,-84.2295
68,135,30.4004,-84.2295,30.3622,-84.2653
135,68,30.3622,-84.2653,30.4004,-84.2295
68,138,30.4004,-84.2295,30.4971,-84.1916
138,68,30.4971,-84.1916,30.4004,-84.2295
68,139,30.4004,-84.2295,30.3713,-84.3221
139,68,30.3713,-84.3221,30.4004,-84.2295
68,140,30.4004,-84.2295,30.4319,-84.2471
140,68,30.4319,-84.2471,30.4004,-84.2295
68,142,30.4004,-84.2295,30.5149,-84.3754
142,68,30.5149,-84.3754,30.4004,-84.2295
68,143,30.4004,-84.2295,30.4713,-84.3311
143,68,30.4713,-84.3311,30.4004,-84.2295
68,144,30.4004,-84.2295,30.4461,-84.3207
144,68,30.4461,-84.3207,30.4004,-84.2295
68,146,30.4004,-84.2295,30.4912,-84.1908
146,68,30.4912,-84.1908,30.4004,-84.2295
68,147,30.4004,-84.2295,30.5124,-84.1967
147,68,30.5124,-84.1967,30.4004,-84.2295
68,148,30.4004,-84.2295,30.5172,-84.2642
148,68,30.5172,-84.2642,30.4004,-84.2295
68,149,30.4004,-84.2295,30.3887,-84.3647
149,68,30.3887,-84.3647,30.4004,-84.2295
69,70,30.3856,-84.2309,30.3961,-84.2156
70,69,30.3961,-84.2156,30.3856,-84.2309
69,73,30.3856,-84.2309,30.4238,-84.2163
73,69,30.4238,-84.2163,30.3856,-84.2309
69,74,30.3856,-84.2309,30.429,-84.255
74,69,30.429,-84.255,30.3856,-84.2309
69,75,30.3856,-84.2309,30.3736,-84.2178
75,69,30.3736,-84.2178,30.3856,-84.2309
69,76,30.3856,-84.2309,30.5192,-84.3398
76,69,30.5192,-84.3398,30.3856,-84.2309
69,77,30.3856,-84.2309,30.4429,-84.2548
77,69,30.4429,-84.2548,30.3856,-84.2309
69,79,30.3856,-84.2309,30.384,-84.2103
79,69,30.384,-84.2103,30.3856,-84.2309
69,80,30.3856,-84.2309,30.3652,-84.2624
80,69,30.3652,-84.2624,30.3856,-84.2309
69,82,30.3856,-84.2309,30.4416,-84.2783
82,69,30.4416,-84.2783,30.3856,-84.2309
69,83,30.3856,-84.2309,30.5145,-84.371
83,69,30.5145,-84.371,30.3856,-84.2309
69,84,30.3856,-84.2309,30.4134,-84.3406
84,69,30.4134,-84.3406,30.3856,-84.2309
69,85,30.3856,-84.2309,30.4087,-84.3137
85,69,30.4087,-84.3137,30.3856,-84.2309
69,86,30.3856,-84.2309,30.513,-84.3247
86,69,30.513,-84.3247,30.3856,-84.2309
69,87,30.3856,-84.2309,30.5187,-84.2812
87,69,30.5187,-84.2812,30.3856,-84.2309
69,91,30.3856,-84.2309,30.4387,-84.364
91,69,30.4387,-84.364,30.3856,-84.2309
69,94,30.3856,-84.2309,30.5236,-84.2259
94,69,30.5236,-84.2259,30.3856,-84.2309
69,95,30.3856,-84.2309,30.4963,-84.2309
95,69,30.4963,-84.2309,30.3856,-84.2309
69,97,30.3856,-84.2309,30.3785,-84.2864
97,69,30.3785,-84.2864,30.3856,-84.2309
69,98,30.3856,-84.2309,30.527,-84.2767
98,69,30.527,-84.2767,30.3856,-84.2309
69,100,30.3856,-84.2309,30.4674,-84.2785
100,69,30.4674,-84.2785,30.3856,-84.2309
69,102,30.3856,-84.2309,30.3702,-84.2022
102,69,30.3702,-84.2022,30.3856,-84.2309
69,103,30.3856,-84.2309,30.3684,-84.2249
103,69,30.3684,-84.2249,30.3856,-84.2309
69,105,30.3856,-84.2309,30.4403,-84.2392
105,69,30.4403,-84.2392,30.3856,-84.2309
69,106,30.3856,-84.2309,30.3822,-84.3098
106,69,30.3822,-84.3098,30.3856,-84.2309
69,107,30.3856,-84.2309,30.5161,-84.2171
107,69,30.5161,-84.2171,30.3856,-84.2309
69,108,30.3856,-84.2309,30.4616,-84.1983
108,69,30.4616,-84.1983,30.3856,-84.2309
69,109,30.3856,-84.2309,30.4767,-84.2064
109,69,30.4767,-84.2064,30.3856,-84.2309
69,110,30.3856,-84.2309,30.3621,-84.2092
110,69,30.3621,-84.2092,30.3856,-84.2309
69,111,30.3856,-84.2309,30.5031,-84.2072
111,69,30.5031,-84.2072,30.3856,-84.2309
69,113,30.3856,-84.2309,30.354,-84.209
113,69,30.354,-84.209,30.3856,-84.2309
69,115,30.3856,-84.2309,30.4421,-84.3036
115,69,30.4421,-84.3036,30.3856,-84.2309
69,118,30.3856,-84.2309,30.4332,-84.2085
118,69,30.4332,-84.2085,30.3856,-84.2309
69,119,30.3856,-84.2309,30.4596,-84.1848
119,69,30.4596,-84.1848,30.3856,-84.2309
69,122,30.3856,-84.2309,30.46,-84.2377
122,69,30.46,-84.2377,30.3856,-84.2309
69,123,30.3856,-84.2309,30.3816,-84.3514
123,69,30.3816,-84.3514,30.3856,-84.2309
69,124,30.3856,-84.2309,30.5073,-84.3707
124,69,30.5073,-84.3707,30.3856,-84.2309
69,125,30.3856,-84.2309,30.4793,-84.2635
125,69,30.4793,-84.2635,30.3856,-84.2309
69,127,30.3856,-84.2309,30.3916,-84.2179
127,69,30.3916,-84.2179,30.3856,-84.2309
69,128,30.3856,-84.2309,30.3865,-84.3463
128,69,30.3865,-84.3463,30.3856,-84.2309
69,129,30.3856,-84.2309,30.4469,-84.3221
129,69,30.4469,-84.3221,30.3856,-84.2309
69,132,30.3856,-84.2309,30.4188,-84.3245
132,69,30.4188,-84.3245,30.3856,-84.2309
69,133,30.3856,-84.2309,30.493,-84.2922
133,69,30.493,-84.2922,30.3856,-84.2309
69,134,30.3856,-84.2309,30.445,-84.3428
134,69,30.445,-84.3428,30.3856,-84.2309
69,135,30.3856,-84.2309,30.3622,-84.2653
135,69,30.3622,-84.2653,30.3856,-84.2309
69,138,30.3856,-84.2309,30.4971,-84.1916
138,69,30.4971,-84.1916,30.3856,-84.2309
69,139,30.3856,-84.2309,30.3713,-84.3221
139,69,30.3713,-84.3221,30.3856,-84.2309
69,140,30.3856,-84.2309,30.4319,-84.2471
140,69,30.4319,-84.2471,30.3856,-84.2309
69,142,30.3856,-84.2309,30.5149,-84.3754
142,69,30.5149,-84.3754,30.3856,-84.2309
69,143,30.3856,-84.2309,30.4713,-84.3311
143,69,30.4713,-84.3311,30.3856,-84.2309
69,144,30.3856,-84.2309,30.4461,-84.3207
144,69,30.4461,-84.3207,30.3856,-84.2309
69,146,30.3856,-84.2309,30.4912,-84.1908
146,69,30.4912,-84.1908,30.3856,-84.2309
69,147,30.3856,-84.2309,30.5124,-84.1967
147,69,30.5124,-84.1967,30.3856,-84.2309
69,148,30.3856,-84.2309,30.5172,-84.2642
148,69,30.5172,-84.2642,30.3856,-84.2309
69,149,30.3856,-84.2309,30.3887,-84.3647
149,69,30.3887,-84.3647,30.3856,-84.2309
70,73,30.3961,-84.2156,30.4238,-84.2163
73,70,30.4238,-84.2163,30.3961,-84.2156
70,74,30.3961,-84.2156,30.429,-84.255
74,70,30.429,-84.255,30.3961,-84.2156
70,75,30.3961,-84.2156,30.3736,-84.2178
75,70,30.3736,-84.2178,30.3961,-84.2156
70,76,30.3961,-84.2156,30.5192,-84.3398
76,70,30.5192,-84.3398,30.3961,-84.2156
70,77,30.3961,-84.2156,30.4429,-84.2548
77,70,30.4429,-84.2548,30.3961,-84.2156
70,79,30.3961,-84.2156,30.384,-84.2103
79,70,30.384,-84.2103,30.3961,-84.2156
70,80,30.3961,-84.2156,30.3652,-84.2624
80,70,30.3652,-84.2624,30.3961,-84.2156
70,82,30.3961,-84.2156,30.4416,-84.2783
82,70,30.4416,-84.2783,30.3961,-84.2156
70,83,30.3961,-84.2156,30.5145,-84.371
83,70,30.5145,-84.371,30.3961,-84.2156
70,84,30.3961,-84.2156,30.4134,-84.3406
84,70,30.4134,-84.3406,30.3961,-84.2156
70,85,30.3961,-84.2156,30.4087,-84.3137
85,70,30.4087,-84.3137,30.3961,-84.2156
70,86,30.3961,-84.2156,30.513,-84.3247
86,70,30.513,-84.3247,30.3961,-84.2156
70,87,30.3961,-84.2156,30.5187,-84.2812
87,70,30.5187,-84.2812,30.3961,-84.2156
70,91,30.3961,-84.2156,30.4387,-84.364
91,70,30.4387,-84.364,30.3961,-84.2156
70,94,30.3961,-84.2156,30.5236,-84.2259
94,70,30.5236,-84.2259,30.3961,-84.2156
70,95,30.3961,-84.2156,30.4963,-84.2309
95,70,30.4963,-84.2309,30.3961,-84.2156
70,97,30.3961,-84.2156,30.3785,-84.2864
97,70,30.3785,-84.2864,30.3961,-84.2156
70,98,30.3961,-84.2156,30.527,-84.2767
98,70,30.527,-84.2767,30.3961,-84.2156
70,100,30.3961,-84.2156,30.4674,-84.2785
100,70,30.4674,-84.2785,30.3961,-84.2156
70,102,30.3961,-84.2156,30.3702,-84.2022
102,70,30.3702,-84.2022,30.3961,-84.2156
70,103,30.3961,-84.2156,30.3684,-84.2249
103,70,30.3684,-84.2249,30.3961,-84.2156
70,105,30.3961,-84.2156,30.4403,-84.2392
105,70,30.4403,-84.2392,30.3961,-84.2156
70,106,30.3961,-84.2156,30.3822,-84.3098
106,70,30.3822,-84.3098,30.3961,-84.2156
70,107,30.3961,-84.2156,30.5161,-84.2171
107,70,30.5161,-84.2171,30.3961,-84.2156
70,108,30.3961,-84.2156,30.4616,-84.1983
108,70,30.4616,-84.1983,30.3961,-84.2156
70,109,30.3961,-84.2156,30.4767,-84.2064
109,70,30.4767,-84.2064,30.3961,-84.2156
70,110,30.3961,-84.2156,30.3621,-84.2092
110,70,30.3621,-84.2092,30.3961,-84.2156
70,111,30.3961,-84.2156,30.5031,-84.2072
111,70,30.5031,-84.2072,30.3961,-84.2156
70,113,30.3961,-84.2156,30.354,-84.209
113,70,30.354,-84.209,30.3961,-84.2156
70,115,30.3961,-84.2156,30.4421,-84.3036
115,70,30.4421,-84.3036,30.3961,-84.2156
70,118,30.3961,-84.2156,30.4332,-84.2085
118,70,30.4332,-84.2085,30.3961,-84.2156
70,119,30.3961,-84.2156,30.4596,-84.1848
119,70,30.4596,-84.1848,30.3961,-84.2156
70,122,30.3961,-84.2156,30.46,-84.2377
122,70,30.46,-84.2377,30.3961,-84.2156
70,123,30.3961,-84.2156,30.3816,-84.3514
123,70,30.3816,-84.3514,30.3961,-84.2156
70,124,30.3961,-84.2156,30.5073,-84.3707
124,70,30.5073,-84.3707,30.3961,-84.2156
70,125,30.3961,-84.2156,30.4793,-84.2635
125,70,30.4793,-84.2635,30.3961,-84.2156
70,127,30.3961,-84.2156,30.3916,-84.2179
127,70,30.3916,-84.2179,30.3961,-84.2156
70,128,30.3961,-84.2156,30.3865,-84.3463
128,70,30.3865,-84.3463,30.3961,-84.2156
70,129,30.3961,-84.2156,30.4469,-84.3221
129,70,30.4469,-84.3221,30.3961,-84.2156
70,132,30.3961,-84.2156,30.4188,-84.3245
132,70,30.4188,-84.3245,30.3961,-84.2156
70,133,30.3961,-84.2156,30.493,-84.2922
133,70,30.493,-84.2922,30.3961,-84.2156
70,134,30.3961,-84.2156,30.445,-84.3428
134,70,30.445,-84.3428,30.3961,-84.2156
70,135,30.3961,-84.2156,30.3622,-84.2653
135,70,30.3622,-84.2653,30.3961,-84.2156
70,138,30.3961,-84.2156,30.4971,-84.1916
138,70,30.4971,-84.1916,30.3961,-84.2156
70,139,30.3961,-84.2156,30.3713,-84.3221
139,70,30.3713,-84.3221,30.3961,-84.2156
70,140,30.3961,-84.2156,30.4319,-84.2471
140,70,30.4319,-84.2471,30.3961,-84.2156
70,142,30.3961,-84.2156,30.5149,-84.3754
142,70,30.5149,-84.3754,30.3961,-84.2156
70,143,30.3961,-84.2156,30.4713,-84.3311
143,70,30.4713,-84.3311,30.3961,-84.2156
70,144,30.3961,-84.2156,30.4461,-84.3207
144,70,30.4461,-84.3207,30.3961,-84.2156
70,146,30.3961,-84.2156,30.4912,-84.1908
146,70,30.4912,-84.1908,30.3961,-84.2156
70,147,30.3961,-84.2156,30.5124,-84.1967
147,70,30.5124,-84.1967,30.3961,-84.2156
70,148,30.3961,-84.2156,30.5172,-84.2642
148,70,30.5172,-84.2642,30.3961,-84.2156
70,149,30.3961,-84.2156,30.3887,-84.3647
149,70,30.3887,-84.3647,30.3961,-84.2156
73,74,30.4238,-84.2163,30.429,-84.255
74,73,30.429,-84.255,30.4238,-84.2163
73,75,30.4238,-84.2163,30.3736,-84.2178
75,73,30.3736,-84.2178,30.4238,-84.2163
73,76,30.4238,-84.2163,30.5192,-84.3398
76,73,30.5192,-84.3398,30.4238,-84.2163
73,77,30.4238,-84.2163,30.4429,-84.2548
77,73,30.4429,-84.2548,30.4238,-84.2163
73,79,30.4238,-84.2163,30.384,-84.2103
79,73,30.384,-84.2103,30.4238,-84.2163
73,80,30.4238,-84.2163,30.3652,-84.2624
80,73,30.3652,-84.2624,30.4238,-84.2163
73,82,30.4238,-84.2163,30.4416,-84.2783
82,73,30.4416,-84.2783,30.4238,-84.2163
73,83,30.4238,-84.2163,30.5145,-84.371
83,73,30.5145,-84.371,30.4238,-84.2163
73,84,30.4238,-84.2163,30.4134,-84.3406
84,73,30.4134,-84.3406,30.4238,-84.2163
73,85,30.4238,-84.2163,30.4087,-84.3137
85,73,30.4087,-84.3137,30.4238,-84.2163
73,86,30.4238,-84.2163,30.513,-84.3247
86,73,30.513,-84.3247,30.4238,-84.2163
73,87,30.4238,-84.2163,30.5187,-84.2812
87,73,30.5187,-84.2812,30.4238,-84.2163
73,91,30.4238,-84.2163,30.4387,-84.364
91,73,30.4387,-84.364,30.4238,-84.2163
73,94,30.4238,-84.2163,30.5236,-84.2259
94,73,30.5236,-84.2259,30.4238,-84.2163
73,95,30.4238,-84.2163,30.4963,-84.2309
95,73,30.4963,-84.2309,30.4238,-84.2163
73,97,30.4238,-84.2163,30.3785,-84.2864
97,73,30.3785,-84.2864,30.4238,-84.2163
73,98,30.4238,-84.2163,30.527,-84.2767
98,73,30.527,-84.2767,30.4238,-84.2163
73,100,30.4238,-84.2163,30.4674,-84.2785
100,73,30.4674,-84.2785,30.4238,-84.2163
73,102,30.4238,-84.2163,30.3702,-84.2022
102,73,30.3702,-84.2022,30.4238,-84.2163
73,103,30.4238,-84.2163,30.3684,-84.2249
103,73,30.3684,-84.2249,30.4238,-84.2163
73,105,30.4238,-84.2163,30.4403,-84.2392
105,73,30.4403,-84.2392,30.4238,-84.2163
73,106,30.4238,-84.2163,30.3822,-84.3098
106,73,30.3822,-84.3098,30.4238,-84.2163
73,107,30.4238,-84.2163,30.5161,-84.2171
107,73,30.5161,-84.2171,30.4238,-84.2163
73,108,30.4238,-84.2163,30.4616,-84.1983
108,73,30.4616,-84.1983,30.4238,-84.2163
73,109,30.4238,-84.2163,30.4767,-84.2064
109,73,30.4767,-84.2064,30.4238,-84.2163
73,110,30.4238,-84.2163,30.3621,-84.2092
110,73,30.3621,-84.2092,30.4238,-84.2163
73,111,30.4238,-84.2163,30.5031,-84.2072
111,73,30.5031,-84.2072,30.4238,-84.2163
73,113,30.4238,-84.2163,30.354,-84.209
113,73,30.354,-84.209,30.4238,-84.2163
73,115,30.4238,-84.2163,30.4421,-84.3036
115,73,30.4421,-84.3036,30.4238,-84.2163
73,118,30.4238,-84.2163,30.4332,-84.2085
118,73,30.4332,-84.2085,30.4238,-84.2163
73,119,30.4238,-84.2163,30.4596,-84.1848
119,73,30.4596,-84.1848,30.4238,-84.2163
73,122,30.4238,-84.2163,30.46,-84.2377
122,73,30.46,-84.2377,30.4238,-84.2163
73,123,30.4238,-84.2163,30.3816,-84.3514
123,73,30.3816,-84.3514,30.4238,-84.2163
73,124,30.4238,-84.2163,30.5073,-84.3707
124,73,30.5073,-84.3707,30.4238,-84.2163
73,125,30.4238,-84.2163,30.4793,-84.2635
125,73,30.4793,-84.2635,30.4238,-84.2163
73,127,30.4238,-84.2163,30.3916,-84.2179
127,73,30.3916,-84.2179,30.4238,-84.2163
73,128,30.4238,-84.2163,30.3865,-84.3463
128,73,30.3865,-84.3463,30.4238,-84.2163
73,129,30.4238,-84.2163,30.4469,-84.3221
129,73,30.4469,-84.3221,30.4238,-84.2163
73,132,30.4238,-84.2163,30.4188,-84.3245
132,73,30.4188,-84.3245,30.4238,-84.2163
73,133,30.4238,-84.2163,30.493,-84.2922
133,73,30.493,-84.2922,30.4238,-84.2163
73,134,30.4238,-84.2163,30.445,-84.3428
134,73,30.445,-84.3428,30.4238,-84.2163
73,135,30.4238,-84.2163,30.3622,-84.2653
135,73,30.3622,-84.2653,30.4238,-84.2163
73,138,30.4238,-84.2163,30.4971,-84.1916
138,73,30.4971,-84.1916,30.4238,-84.2163
73,139,30.4238,-84.2163,30.3713,-84.3221
139,73,30.3713,-84.3221,30.4238,-84.2163
73,140,30.4238,-84.2163,30.4319,-84.2471
140,73,30.4319,-84.2471,30.4238,-84.2163
73,142,30.4238,-84.2163,30.5149,-84.3754
142,73,30.5149,-84.3754,30.4238,-84.2163
73,143,30.4238,-84.2163,30.4713,-84.3311
143,73,30.4713,-84.3311,30.4238,-84.2163
73,144,30.4238,-84.2163,30.4461,-84.3207
144,73,30.4461,-84.3207,30.4238,-84.2163
73,146,30.4238,-84.2163,30.4912,-84.1908
146,73,30.4912,-84.1908,30.4238,-84.2163
73,147,30.4238,-84.2163,30.5124,-84.1967
147,73,30.5124,-84.1967,30.4238,-84.2163
73,148,30.4238,-84.2163,30.5172,-84.2642
148,73,30.5172,-84.2642,30.4238,-84.2163
73,149,30.4238,-84.2163,30.3887,-84.3647
149,73,30.3887,-84.3647,30.4238,-84.2163
74,75,30.429,-84.255,30.3736,-84.2178
75,74,30.3736,-84.2178,30.429,-84.255
74,76,30.429,-84.255,30.5192,-84.3398
76,74,30.5192,-84.3398,30.429,-84.255
74,77,30.429,-84.255,30.4429,-84.2548
77,74,30.4429,-84.2548,30.429,-84.255
74,79,30.429,-84.255,30.384,-84.2103
79,74,30.384,-84.2103,30.429,-84.255
74,80,30.429,-84.255,30.3652,-84.2624
80,74,30.3652,-84.2624,30.429,-84.255
74,82,30.429,-84.255,30.4416,-84.2783
82,74,30.4416,-84.2783,30.429,-84.255
74,83,30.429,-84.255,30.5145,-84.371
83,74,30.5145,-84.371,30.429,-84.255
74,84,30.429,-84.255,30.4134,-84.3406
84,74,30.4134,-84.3406,30.429,-84.255
74,85,30.429,-84.255,30.4087,-84.3137
85,74,30.4087,-84.3137,30.429,-84.255
74,86,30.429,-84.255,30.513,-84.3247
86,74,30.513,-84.3247,30.429,-84.255
74,87,30.429,-84.255,30.5187,-84.2812
87,74,30.5187,-84.2812,30.429,-84.255
74,91,30.429,-84.255,30.4387,-84.364
91,74,30.4387,-84.364,30.429,-84.255
74,94,30.429,-84.255,30.5236,-84.2259
94,74,30.5236,-84.2259,30.429,-84.255
74,95,30.429,-84.255,30.4963,-84.2309
95,74,30.4963,-84.2309,30.429,-84.255
74,97,30.429,-84.255,30.3785,-84.2864
97,74,30.3785,-84.2864,30.429,-84.255
74,98,30.429,-84.255,30.527,-84.2767
98,74,30.527,-84.2767,30.429,-84.255
74,100,30.429,-84.255,30.4674,-84.2785
100,74,30.4674,-84.2785,30.429,-84.255
74,102,30.429,-84.255,30.3702,-84.2022
102,74,30.3702,-84.2022,30.429,-84.255
74,103,30.429,-84.255,30.3684,-84.2249
103,74,30.3684,-84.2249,30.429,-84.255
74,105,30.429,-84.255,30.4403,-84.2392
105,74,30.4403,-84.2392,30.429,-84.255
74,106,30.429,-84.255,30.3822,-84.3098
106,74,30.3822,-84.3098,30.429,-84.255
74,107,30.429,-84.255,30.5161,-84.2171
107,74,30.5161,-84.2171,30.429,-84.255
74,108,30.429,-84.255,30.4616,-84.1983
108,74,30.4616,-84.1983,30.429,-84.255
74,109,30.429,-84.255,30.4767,-84.2064
109,74,30.4767,-84.2064,30.429,-84.255
74,110,30.429,-84.255,30.3621,-84.2092
110,74,30.3621,-84.2092,30.429,-84.255
74,111,30.429,-84.255,30.5031,-84.2072
111,74,30.5031,-84.2072,30.429,-84.255
74,113,30.429,-84.255,30.354,-84.209
113,74,30.354,-84.209,30.429,-84.255
74,115,30.429,-84.255,30.4421,-84.3036
115,74,30.4421,-84.3036,30.429,-84.255
74,118,30.429,-84.255,30.4332,-84.2085
118,74,30.4332,-84.2085,30.429,-84.255
74,119,30.429,-84.255,30.4596,-84.1848
119,74,30.4596,-84.1848,30.429,-84.255
74,122,30.429,-84.255,30.46,-84.2377
122,74,30.46,-84.2377,30.429,-84.255
74,123,30.429,-84.255,30.3816,-84.3514
123,74,30.3816,-84.3514,30.429,-84.255
74,124,30.429,-84.255,30.5073,-84.3707
124,74,30.5073,-84.3707,30.429,-84.255
74,125,30.429,-84.255,30.4793,-84.2635
125,74,30.4793,-84.2635,30.429,-84.255
74,127,30.429,-84.255,30.3916,-84.2179
127,74,30.3916,-84.2179,30.429,-84.255
74,128,30.429,-84.255,30.3865,-84.3463
128,74,30.3865,-84.3463,30.429,-84.255
74,129,30.429,-84.255,30.4469,-84.3221
129,74,30.4469,-84.3221,30.429,-84.255
74,132,30.429,-84.255,30.4188,-84.3245
132,74,30.4188,-84.3245,30.429,-84.255
74,133,30.429,-84.255,30.493,-84.2922
133,74,30.493,-84.2922,30.429,-84.255
74,134,30.429,-84.255,30.445,-84.3428
134,74,30.445,-84.3428,30.429,-84.255
74,135,30.429,-84.255,30.3622,-84.2653
135,74,30.3622,-84.2653,30.429,-84.255
74,138,30.429,-84.255,30.4971,-84.1916
138,74,30.4971,-84.1916,30.429,-84.255
74,139,30.429,-84.255,30.3713,-84.3221
139,74,30.3713,-84.3221,30.429,-84.255
74,140,30.429,-84.255,30.4319,-84.2471
140,74,30.4319,-84.2471,30.429,-84.255
74,142,30.429,-84.255,30.5149,-84.3754
142,74,30.5149,-84.3754,30.429,-84.255
74,143,30.429,-84.255,30.4713,-84.3311
143,74,30.4713,-84.3311,30.429,-84.255
74,144,30.429,-84.255,30.4461,-84.3207
144,74,30.4461,-84.3207,30.429,-84.255
74,146,30.429,-84.255,30.4912,-84.1908
146,74,30.4912,-84.1908,30.429,-84.255
74,147,30.429,-84.255,30.5124,-84.1967
147,74,30.5124,-84.1967,30.429,-84.255
74,148,30.429,-84.255,30.5172,-84.2642
148,74,30.5172,-84.2642,30.429,-84.255
74,149,30.429,-84.255,30.3887,-84.3647
149,74,30.3887,-84.3647,30.429,-84.255
75,76,30.3736,-84.2178,30.5192,-84.3398
76,75,30.5192,-84.3398,30.3736,-84.2178
75,77,30.3736,-84.2178,30.4429,-84.2548
77,75,30.4429,-84.2548,30.3736,-84.2178
75,79,30.3736,-84.2178,30.384,-84.2103
79,75,30.384,-84.2103,30.3736,-84.2178
75,80,30.3736,-84.2178,30.3652,-84.2624
80,75,30.3652,-84.2624,30.3736,-84.2178
75,82,30.3736,-84.2178,30.4416,-84.2783
82,75,30.4416,-84.2783,30.3736,-84.2178
75,83,30.3736,-84.2178,30.5145,-84.371
83,75,30.5145,-84.371,30.3736,-84.2178
75,84,30.3736,-84.2178,30.4134,-84.3406
84,75,30.4134,-84.3406,30.3736,-84.2178
75,85,30.3736,-84.2178,30.4087,-84.3137
85,75,30.4087,-84.3137,30.3736,-84.2178
75,86,30.3736,-84.2178,30.513,-84.3247
86,75,30.513,-84.3247,30.3736,-84.2178
75,87,30.3736,-84.2178,30.5187,-84.2812
87,75,30.5187,-84.2812,30.3736,-84.2178
75,91,30.3736,-84.2178,30.4387,-84.364
91,75,30.4387,-84.364,30.3736,-84.2178
75,94,30.3736,-84.2178,30.5236,-84.2259
94,75,30.5236,-84.2259,30.3736,-84.2178
75,95,30.3736,-84.2178,30.4963,-84.2309
95,75,30.4963,-84.2309,30.3736,-84.2178
75,97,30.3736,-84.2178,30.3785,-84.2864
97,75,30.3785,-84.2864,30.3736,-84.2178
75,98,30.3736,-84.2178,30.527,-84.2767
98,75,30.527,-84.2767,30.3736,-84.2178
75,100,30.3736,-84.2178,30.4674,-84.2785
100,75,30.4674,-84.2785,30.3736,-84.2178
75,102,30.3736,-84.2178,30.3702,-84.2022
102,75,30.3702,-84.2022,30.3736,-84.2178
75,103,30.3736,-84.2178,30.3684,-84.2249
103,75,30.3684,-84.2249,30.3736,-84.2178
75,105,30.3736,-84.2178,30.4403,-84.2392
105,75,30.4403,-84.2392,30.3736,-84.2178
75,106,30.3736,-84.2178,30.3822,-84.3098
106,75,30.3822,-84.3098,30.3736,-84.2178
75,107,30.3736,-84.2178,30.5161,-84.2171
107,75,30.5161,-84.2171,30.3736,-84.2178
75,108,30.3736,-84.2178,30.4616,-84.1983
108,75,30.4616,-84.1983,30.3736,-84.2178
75,109,30.3736,-84.2178,30.4767,-84.2064
109,75,30.4767,-84.2064,30.3736,-84.2178
75,110,30.3736,-84.2178,30.3621,-84.2092
110,75,30.3621,-84.2092,30.3736,-84.2178
75,111,30.3736,-84.2178,30.5031,-84.2072
111,75,30.5031,-84.2072,30.3736,-84.2178
75,113,30.3736,-84.2178,30.354,-84.209
113,75,30.354,-84.209,30.3736,-84.2178
75,115,30.3736,-84.2178,30.4421,-84.3036
115,75,30.4421,-84.3036,30.3736,-84.2178
75,118,30.3736,-84.2178,30.4332,-84.2085
118,75,30.4332,-84.2085,30.3736,-84.2178
75,119,30.3736,-84.2178,30.4596,-84.1848
119,75,30.4596,-84.1848,30.3736,-84.2178
75,122,30.3736,-84.2178,30.46,-84.2377
122,75,30.46,-84.2377,30.3736,-84.2178
75,123,30.3736,-84.2178,30.3816,-84.3514
123,75,30.3816,-84.3514,30.3736,-84.2178
75,124,30.3736,-84.2178,30.5073,-84.3707
124,75,30.5073,-84.3707,30.3736,-84.2178
75,125,30.3736,-84.2178,30.4793,-84.2635
125,75,30.4793,-84.2635,30.3736,-84.2178
75,127,30.3736,-84.2178,30.3916,-84.2179
127,75,30.3916,-84.2179,30.3736,-84.2178
75,128,30.3736,-84.2178,30.3865,-84.3463
128,75,30.3865,-84.3463,30.3736,-84.2178
75,129,30.3736,-84.2178,30.4469,-84.3221
129,75,30.4469,-84.3221,30.3736,-84.2178
75,132,30.3736,-84.2178,30.4188,-84.3245
132,75,30.4188,-84.3245,30.3736,-84.2178
75,133,30.3736,-84.2178,30.493,-84.2922
133,75,30.493,-84.2922,30.3736,-84.2178
75,134,30.3736,-84.2178,30.445,-84.3428
134,75,30.445,-84.3428,30.3736,-84.2178
75,135,30.3736,-84.2178,30.3622,-84.2653
135,75,30.3622,-84.2653,30.3736,-84.2178
75,138,30.3736,-84.2178,30.4971,-84.1916
138,75,30.4971,-84.1916,30.3736,-84.2178
75,139,30.3736,-84.2178,30.3713,-84.3221
139,75,30.3713,-84.3221,30.3736,-84.2178
75,140,30.3736,-84.2178,30.4319,-84.2471
140,75,30.4319,-84.2471,30.3736,-84.2178
75,142,30.3736,-84.2178,30.5149,-84.3754
142,75,30.5149,-84.3754,30.3736,-84.2178
75,143,30.3736,-84.2178,30.4713,-84.3311
143,75,30.4713,-84.3311,30.3736,-84.2178
75,144,30.3736,-84.2178,30.4461,-84.3207
144,75,30.4461,-84.3207,30.3736,-84.2178
75,146,30.3736,-84.2178,30.4912,-84.1908
146,75,30.4912,-84.1908,30.3736,-84.2178
75,147,30.3736,-84.2178,30.5124,-84.1967
147,75,30.5124,-84.1967,30.3736,-84.2178
75,148,30.3736,-84.2178,30.5172,-84.2642
148,75,30.5172,-84.2642,30.3736,-84.2178
75,149,30.3736,-84.2178,30.3887,-84.3647
149,75,30.3887,-84.3647,30.3736,-84.2178
76,77,30.5192,-84.3398,30.4429,-84.2548
77,76,30.4429,-84.2548,30.5192,-84.3398
76,79,30.5192,-84.3398,30.384,-84.2103
79,76,30.384,-84.2103,30.5192,-84.3398
76,80,30.5192,-84.3398,30.3652,-84.2624
80,76,30.3652,-84.2624,30.5192,-84.3398
76,82,30.5192,-84.3398,30.4416,-84.2783
82,76,30.4416,-84.2783,30.5192,-84.3398
76,83,30.5192,-84.3398,30.5145,-84.371
83,76,30.5145,-84.371,30.5192,-84.3398
76,84,30.5192,-84.3398,30.4134,-84.3406
84,76,30.4134,-84.3406,30.5192,-84.3398
76,85,30.5192,-84.3398,30.4087,-84.3137
85,76,30.4087,-84.3137,30.5192,-84.3398
76,86,30.5192,-84.3398,30.513,-84.3247
86,76,30.513,-84.3247,30.5192,-84.3398
76,87,30.5192,-84.3398,30.5187,-84.2812
87,76,30.5187,-84.2812,30.5192,-84.3398
76,91,30.5192,-84.3398,30.4387,-84.364
91,76,30.4387,-84.364,30.5192,-84.3398
76,94,30.5192,-84.3398,30.5236,-84.2259
94,76,30.5236,-84.2259,30.5192,-84.3398
76,95,30.5192,-84.3398,30.4963,-84.2309
95,76,30.4963,-84.2309,30.5192,-84.3398
76,97,30.5192,-84.3398,30.3785,-84.2864
97,76,30.3785,-84.2864,30.5192,-84.3398
76,98,30.5192,-84.3398,30.527,-84.2767
98,76,30.527,-84.2767,30.5192,-84.3398
76,100,30.5192,-84.3398,30.4674,-84.2785
100,76,30.4674,-84.2785,30.5192,-84.3398
76,102,30.5192,-84.3398,30.3702,-84.2022
102,76,30.3702,-84.2022,30.5192,-84.3398
76,103,30.5192,-84.3398,30.3684,-84.2249
103,76,30.3684,-84.2249,30.5192,-84.3398
76,105,30.5192,-84.3398,30.4403,-84.2392
105,76,30.4403,-84.2392,30.5192,-84.3398
76,106,30.5192,-84.3398,30.3822,-84.3098
106,76,30.3822,-84.3098,30.5192,-84.3398
76,107,30.5192,-84.3398,30.5161,-84.2171
107,76,30.5161,-84.2171,30.5192,-84.3398
76,108,30.5192,-84.3398,30.4616,-84.1983
108,76,30.4616,-84.1983,30.5192,-84.3398
76,109,30.5192,-84.3398,30.4767,-84.2064
109,76,30.4767,-84.2064,30.5192,-84.3398
76,110,30.5192,-84.3398,30.3621,-84.2092
110,76,30.3621,-84.2092,30.5192,-84.3398
76,111,30.5192,-84.3398,30.5031,-84.2072
111,76,30.5031,-84.2072,30.5192,-84.3398
76,113,30.5192,-84.3398,30.354,-84.209
113,76,30.354,-84.209,30.5192,-84.3398
76,115,30.5192,-84.3398,30.4421,-84.3036
115,76,30.4421,-84.3036,30.5192,-84.3398
76,118,30.5192,-84.3398,30.4332,-84.2085
118,76,30.4332,-84.2085,30.5192,-84.3398
76,119,30.5192,-84.3398,30.4596,-84.1848
119,76,30.4596,-84.1848,30.5192,-84.3398
76,122,30.5192,-84.3398,30.46,-84.2377
122,76,30.46,-84.2377,30.5192,-84.3398
76,123,30.5192,-84.3398,30.3816,-84.3514
123,76,30.3816,-84.3514,30.5192,-84.3398
76,124,30.5192,-84.3398,30.5073,-84.3707
124,76,30.5073,-84.3707,30.5192,-84.3398
76,125,30.5192,-84.3398,30.4793,-84.2635
125,76,30.4793,-84.2635,30.5192,-84.3398
76,127,30.5192,-84.3398,30.3916,-84.2179
127,76,30.3916,-84.2179,30.5192,-84.3398
76,128,30.5192,-84.3398,30.3865,-84.3463
128,76,30.3865,-84.3463,30.5192,-84.3398
76,129,30.5192,-84.3398,30.4469,-84.3221
129,76,30.4469,-84.3221,30.5192,-84.3398
76,132,30.5192,-84.3398,30.4188,-84.3245
132,76,30.4188,-84.3245,30.5192,-84.3398
76,133,30.5192,-84.3398,30.493,-84.2922
133,76,30.493,-84.2922,30.5192,-84.3398
76,134,30.5192,-84.3398,30.445,-84.3428
134,76,30.445,-84.3428,30.5192,-84.3398
76,135,30.5192,-84.3398,30.3622,-84.2653
135,76,30.3622,-84.2653,30.5192,-84.3398
76,138,30.5192,-84.3398,30.4971,-84.1916
138,76,30.4971,-84.1916,30.5192,-84.3398
76,139,30.5192,-84.3398,30.3713,-84.3221
139,76,30.3713,-84.3221,30.5192,-84.3398
76,140,30.5192,-84.3398,30.4319,-84.2471
140,76,30.4319,-84.2471,30.5192,-84.3398
76,142,30.5192,-84.3398,30.5149,-84.3754
142,76,30.5149,-84.3754,30.5192,-84.3398
76,143,30.5192,-84.3398,30.4713,-84.3311
143,76,30.4713,-84.3311,30.5192,-84.3398
76,144,30.5192,-84.3398,30.4461,-84.3207
144,76,30.4461,-84.3207,30.5192,-84.3398
76,146,30.5192,-84.3398,30.4912,-84.1908
146,76,30.4912,-84.1908,30.5192,-84.3398
76,147,30.5192,-84.3398,30.5124,-84.1967
147,76,30.5124,-84.1967,30.5192,-84.3398
76,148,30.5192,-84.3398,30.5172,-84.2642
148,76,30.5172,-84.2642,30.5192,-84.3398
76,149,30.5192,-84.3398,30.3887,-84.3647
149,76,30.3887,-84.3647,30.5192,-84.3398
77,79,30.4429,-84.2548,30.384,-84.2103
79,77,30.384,-84.2103,30.4429,-84.2548
77,80,30.4429,-84.2548,30.3652,-84.2624
80,77,30.3652,-84.2624,30.4429,-84.2548
77,82,30.4429,-84.2548,30.4416,-84.2783
82,77,30.4416,-84.2783,30.4429,-84.2548
77,83,30.4429,-84.2548,30.5145,-84.371
83,77,30.5145,-84.371,30.4429,-84.2548
77,84,30.4429,-84.2548,30.4134,-84.3406
84,77,30.4134,-84.3406,30.4429,-84.2548
77,85,30.4429,-84.2548,30.4087,-84.3137
85,77,30.4087,-84.3137,30.4429,-84.2548
77,86,30.4429,-84.2548,30.513,-84.3247
86,77,30.513,-84.3247,30.4429,-84.2548
77,87,30.4429,-84.2548,30.5187,-84.2812
87,77,30.5187,-84.2812,30.4429,-84.2548
77,91,30.4429,-84.2548,30.4387,-84.364
91,77,30.4387,-84.364,30.4429,-84.2548
77,94,30.4429,-84.2548,30.5236,-84.2259
94,77,30.5236,-84.2259,30.4429,-84.2548
77,95,30.4429,-84.2548,30.4963,-84.2309
95,77,30.4963,-84.2309,30.4429,-84.2548
77,97,30.4429,-84.2548,30.3785,-84.2864
97,77,30.3785,-84.2864,30.4429,-84.2548
77,98,30.4429,-84.2548,30.527,-84.2767
98,77,30.527,-84.2767,30.4429,-84.2548
77,100,30.4429,-84.2548,30.4674,-84.2785
100,77,30.4674,-84.2785,30.4429,-84.2548
77,102,30.4429,-84.2548,30.3702,-84.2022
102,77,30.3702,-84.2022,30.4429,-84.2548
77,103,30.4429,-84.2548,30.3684,-84.2249
103,77,30.3684,-84.2249,30.4429,-84.2548
77,105,30.4429,-84.2548,30.4403,-84.2392
105,77,30.4403,-84.2392,30.4429,-84.2548
77,106,30.4429,-84.2548,30.3822,-84.3098
106,77,30.3822,-84.3098,30.4429,-84.2548
77,107,30.4429,-84.2548,30.5161,-84.2171
107,77,30.5161,-84.2171,30.4429,-84.2548
77,108,30.4429,-84.2548,30.4616,-84.1983
108,77,30.4616,-84.1983,30.4429,-84.2548
77,109,30.4429,-84.2548,30.4767,-84.2064
109,77,30.4767,-84.2064,30.4429,-84.2548
77,110,30.4429,-84.2548,30.3621,-84.2092
110,77,30.3621,-84.2092,30.4429,-84.2548
77,111,30.4429,-84.2548,30.5031,-84.2072
111,77,30.5031,-84.2072,30.4429,-84.2548
77,113,30.4429,-84.2548,30.354,-84.209
113,77,30.354,-84.209,30.4429,-84.2548
77,115,30.4429,-84.2548,30.4421,-84.3036
115,77,30.4421,-84.3036,30.4429,-84.2548
77,118,30.4429,-84.2548,30.4332,-84.2085
118,77,30.4332,-84.2085,30.4429,-84.2548
77,119,30.4429,-84.2548,30.4596,-84.1848
119,77,30.4596,-84.1848,30.4429,-84.2548
77,122,30.4429,-84.2548,30.46,-84.2377
122,77,30.46,-84.2377,30.4429,-84.2548
77,123,30.4429,-84.2548,30.3816,-84.3514
123,77,30.3816,-84.3514,30.4429,-84.2548
77,124,30.4429,-84.2548,30.5073,-84.3707
124,77,30.5073,-84.3707,30.4429,-84.2548
77,125,30.4429,-84.2548,30.4793,-84.2635
125,77,30.4793,-84.2635,30.4429,-84.2548
77,127,30.4429,-84.2548,30.3916,-84.2179
127,77,30.3916,-84.2179,30.4429,-84.2548
77,128,30.4429,-84.2548,30.3865,-84.3463
128,77,30.3865,-84.3463,30.4429,-84.2548
77,129,30.4429,-84.2548,30.4469,-84.3221
129,77,30.4469,-84.3221,30.4429,-84.2548
77,132,30.4429,-84.2548,30.4188,-84.3245
132,77,30.4188,-84.3245,30.4429,-84.2548
77,133,30.4429,-84.2548,30.493,-84.2922
133,77,30.493,-84.2922,30.4429,-84.2548
77,134,30.4429,-84.2548,30.445,-84.3428
134,77,30.445,-84.3428,30.4429,-84.2548
77,135,30.4429,-84.2548,30.3622,-84.2653
135,77,30.3622,-84.2653,30.4429,-84.2548
77,138,30.4429,-84.2548,30.4971,-84.1916
138,77,30.4971,-84.1916,30.4429,-84.2548
77,139,30.4429,-84.2548,30.3713,-84.3221
139,77,30.3713,-84.3221,30.4429,-84.2548
77,140,30.4429,-84.2548,30.4319,-84.2471
140,77,30.4319,-84.2471,30.4429,-84.2548
77,142,30.4429,-84.2548,30.5149,-84.3754
142,77,30.5149,-84.3754,30.4429,-84.2548
77,143,30.4429,-84.2548,30.4713,-84.3311
143,77,30.4713,-84.3311,30.4429,-84.2548
77,144,30.4429,-84.2548,30.4461,-84.3207
144,77,30.4461,-84.3207,30.4429,-84.2548
77,146,30.4429,-84.2548,30.4912,-84.1908
146,77,30.4912,-84.1908,30.4429,-84.2548
77,147,30.4429,-84.2548,30.5124,-84.1967
147,77,30.5124,-84.1967,30.4429,-84.2548
77,148,30.4429,-84.2548,30.5172,-84.2642
148,77,30.5172,-84.2642,30.4429,-84.2548
77,149,30.4429,-84.2548,30.3887,-84.3647
149,77,30.3887,-84.3647,30.4429,-84.2548
79,80,30.384,-84.2103,30.3652,-84.2624
80,79,30.3652,-84.2624,30.384,-84.2103
79,82,30.384,-84.2103,30.4416,-84.2783
82,79,30.4416,-84.2783,30.384,-84.2103
79,83,30.384,-84.2103,30.5145,-84.371
83,79,30.5145,-84.371,30.384,-84.2103
79,84,30.384,-84.2103,30.4134,-84.3406
84,79,30.4134,-84.3406,30.384,-84.2103
79,85,30.384,-84.2103,30.4087,-84.3137
85,79,30.4087,-84.3137,30.384,-84.2103
79,86,30.384,-84.2103,30.513,-84.3247
86,79,30.513,-84.3247,30.384,-84.2103
79,87,30.384,-84.2103,30.5187,-84.2812
87,79,30.5187,-84.2812,30.384,-84.2103
79,91,30.384,-84.2103,30.4387,-84.364
91,79,30.4387,-84.364,30.384,-84.2103
79,94,30.384,-84.2103,30.5236,-84.2259
94,79,30.5236,-84.2259,30.384,-84.2103
79,95,30.384,-84.2103,30.4963,-84.2309
95,79,30.4963,-84.2309,30.384,-84.2103
79,97,30.384,-84.2103,30.3785,-84.2864
97,79,30.3785,-84.2864,30.384,-84.2103
79,98,30.384,-84.2103,30.527,-84.2767
98,79,30.527,-84.2767,30.384,-84.2103
79,100,30.384,-84.2103,30.4674,-84.2785
100,79,30.4674,-84.2785,30.384,-84.2103
79,102,30.384,-84.2103,30.3702,-84.2022
102,79,30.3702,-84.2022,30.384,-84.2103
79,103,30.384,-84.2103,30.3684,-84.2249
103,79,30.3684,-84.2249,30.384,-84.2103
79,105,30.384,-84.2103,30.4403,-84.2392
105,79,30.4403,-84.2392,30.384,-84.2103
79,106,30.384,-84.2103,30.3822,-84.3098
106,79,30.3822,-84.3098,30.384,-84.2103
79,107,30.384,-84.2103,30.5161,-84.2171
107,79,30.5161,-84.2171,30.384,-84.2103
79,108,30.384,-84.2103,30.4616,-84.1983
108,79,30.4616,-84.1983,30.384,-84.2103
79,109,30.384,-84.2103,30.4767,-84.2064
109,79,30.4767,-84.2064,30.384,-84.2103
79,110,30.384,-84.2103,30.3621,-84.2092
110,79,30.3621,-84.2092,30.384,-84.2103
79,111,30.384,-84.2103,30.5031,-84.2072
111,79,30.5031,-84.2072,30.384,-84.2103
79,113,30.384,-84.2103,30.354,-84.209
113,79,30.354,-84.209,30.384,-84.2103
79,115,30.384,-84.2103,30.4421,-84.3036
115,79,30.4421,-84.3036,30.384,-84.2103
79,118,30.384,-84.2103,30.4332,-84.2085
118,79,30.4332,-84.2085,30.384,-84.2103
79,119,30.384,-84.2103,30.4596,-84.1848
119,79,30.4596,-84.1848,30.384,-84.2103
79,122,30.384,-84.2103,30.46,-84.2377
122,79,30.46,-84.2377,30.384,-84.2103
79,123,30.384,-84.2103,30.3816,-84.3514
123,79,30.3816,-84.3514,30.384,-84.2103
79,124,30.384,-84.2103,30.5073,-84.3707
124,79,30.5073,-84.3707,30.384,-84.2103
79,125,30.384,-84.2103,30.4793,-84.2635
125,79,30.4793,-84.2635,30.384,-84.2103
79,127,30.384,-84.2103,30.3916,-84.2179
127,79,30.3916,-84.2179,30.384,-84.2103
79,128,30.384,-84.2103,30.3865,-84.3463
128,79,30.3865,-84.3463,30.384,-84.2103
79,129,30.384,-84.2103,30.4469,-84.3221
129,79,30.4469,-84.3221,30.384,-84.2103
79,132,30.384,-84.2103,30.4188,-84.3245
132,79,30.4188,-84.3245,30.384,-84.2103
79,133,30.384,-84.2103,30.493,-84.2922
133,79,30.493,-84.2922,30.384,-84.2103
79,134,30.384,-84.2103,30.445,-84.3428
134,79,30.445,-84.3428,30.384,-84.2103
79,135,30.384,-84.2103,30.3622,-84.2653
135,79,30.3622,-84.2653,30.384,-84.2103
79,138,30.384,-84.2103,30.4971,-84.1916
138,79,30.4971,-84.1916,30.384,-84.2103
79,139,30.384,-84.2103,30.3713,-84.3221
139,79,30.3713,-84.3221,30.384,-84.2103
79,140,30.384,-84.2103,30.4319,-84.2471
140,79,30.4319,-84.2471,30.384,-84.2103
79,142,30.384,-84.2103,30.5149,-84.3754
142,79,30.5149,-84.3754,30.384,-84.2103
79,143,30.384,-84.2103,30.4713,-84.3311
143,79,30.4713,-84.3311,30.384,-84.2103
79,144,30.384,-84.2103,30.4461,-84.3207
144,79,30.4461,-84.3207,30.384,-84.2103
79,146,30.384,-84.2103,30.4912,-84.1908
146,79,30.4912,-84.1908,30.384,-84.2103
79,147,30.384,-84.2103,30.5124,-84.1967
147,79,30.5124,-84.1967,30.384,-84.2103
79,148,30.384,-84.2103,30.5172,-84.2642
148,79,30.5172,-84.2642,30.384,-84.2103
79,149,30.384,-84.2103,30.3887,-84.3647
149,79,30.3887,-84.3647,30.384,-84.2103
80,82,30.3652,-84.2624,30.4416,-84.2783
82,80,30.4416,-84.2783,30.3652,-84.2624
80,83,30.3652,-84.2624,30.5145,-84.371
83,80,30.5145,-84.371,30.3652,-84.2624
80,84,30.3652,-84.2624,30.4134,-84.3406
84,80,30.4134,-84.3406,30.3652,-84.2624
80,85,30.3652,-84.2624,30.4087,-84.3137
85,80,30.4087,-84.3137,30.3652,-84.2624
80,86,30.3652,-84.2624,30.513,-84.3247
86,80,30.513,-84.3247,30.3652,-84.2624
80,87,30.3652,-84.2624,30.5187,-84.2812
87,80,30.5187,-84.2812,30.3652,-84.2624
80,91,30.3652,-84.2624,30.4387,-84.364
91,80,30.4387,-84.364,30.3652,-84.2624
80,94,30.3652,-84.2624,30.5236,-84.2259
94,80,30.5236,-84.2259,30.3652,-84.2624
80,95,30.3652,-84.2624,30.4963,-84.2309
95,80,30.4963,-84.2309,30.3652,-84.2624
80,97,30.3652,-84.2624,30.3785,-84.2864
97,80,30.3785,-84.2864,30.3652,-84.2624
80,98,30.3652,-84.2624,30.527,-84.2767
98,80,30.527,-84.2767,30.3652,-84.2624
80,100,30.3652,-84.2624,30.4674,-84.2785
100,80,30.4674,-84.2785,30.3652,-84.2624
80,102,30.3652,-84.2624,30.3702,-84.2022
102,80,30.3702,-84.2022,30.3652,-84.2624
80,103,30.3652,-84.2624,30.3684,-84.2249
103,80,30.3684,-84.2249,30.3652,-84.2624
80,105,30.3652,-84.2624,30.4403,-84.2392
105,80,30.4403,-84.2392,30.3652,-84.2624
80,106,30.3652,-84.2624,30.3822,-84.3098
106,80,30.3822,-84.3098,30.3652,-84.2624
80,107,30.3652,-84.2624,30.5161,-84.2171
107,80,30.5161,-84.2171,30.3652,-84.2624
80,108,30.3652,-84.2624,30.4616,-84.1983
108,80,30.4616,-84.1983,30.3652,-84.2624
80,109,30.3652,-84.2624,30.4767,-84.2064
109,80,30.4767,-84.2064,30.3652,-84.2624
80,110,30.3652,-84.2624,30.3621,-84.2092
110,80,30.3621,-84.2092,30.3652,-84.2624
80,111,30.3652,-84.2624,30.5031,-84.2072
111,80,30.5031,-84.2072,30.3652,-84.2624
80,113,30.3652,-84.2624,30.354,-84.209
113,80,30.354,-84.209,30.3652,-84.2624
80,115,30.3652,-84.2624,30.4421,-84.3036
115,80,30.4421,-84.3036,30.3652,-84.2624
80,118,30.3652,-84.2624,30.4332,-84.2085
118,80,30.4332,-84.2085,30.3652,-84.2624
80,119,30.3652,-84.2624,30.4596,-84.1848
119,80,30.4596,-84.1848,30.3652,-84.2624
80,122,30.3652,-84.2624,30.46,-84.2377
122,80,30.46,-84.2377,30.3652,-84.2624
80,123,30.3652,-84.2624,30.3816,-84.3514
123,80,30.3816,-84.3514,30.3652,-84.2624
80,124,30.3652,-84.2624,30.5073,-84.3707
124,80,30.5073,-84.3707,30.3652,-84.2624
80,125,30.3652,-84.2624,30.4793,-84.2635
125,80,30.4793,-84.2635,30.3652,-84.2624
80,127,30.3652,-84.2624,30.3916,-84.2179
127,80,30.3916,-84.2179,30.3652,-84.2624
80,128,30.3652,-84.2624,30.3865,-84.3463
128,80,30.3865,-84.3463,30.3652,-84.2624
80,129,30.3652,-84.2624,30.4469,-84.3221
129,80,30.4469,-84.3221,30.3652,-84.2624
80,132,30.3652,-84.2624,30.4188,-84.3245
132,80,30.4188,-84.3245,30.3652,-84.2624
80,133,30.3652,-84.2624,30.493,-84.2922
133,80,30.493,-84.2922,30.3652,-84.2624
80,134,30.3652,-84.2624,30.445,-84.3428
134,80,30.445,-84.3428,30.3652,-84.2624
80,135,30.3652,-84.2624,30.3622,-84.2653
135,80,30.3622,-84.2653,30.3652,-84.2624
80,138,30.3652,-84.2624,30.4971,-84.1916
138,80,30.4971,-84.1916,30.3652,-84.2624
80,139,30.3652,-84.2624,30.3713,-84.3221
139,80,30.3713,-84.3221,30.3652,-84.2624
80,140,30.3652,-84.2624,30.4319,-84.2471
140,80,30.4319,-84.2471,30.3652,-84.2624
80,142,30.3652,-84.2624,30.5149,-84.3754
142,80,30.5149,-84.3754,30.3652,-84.2624
80,143,30.3652,-84.2624,30.4713,-84.3311
143,80,30.4713,-84.3311,30.3652,-84.2624
80,144,30.3652,-84.2624,30.4461,-84.3207
144,80,30.4461,-84.3207,30.3652,-84.2624
80,146,30.3652,-84.2624,30.4912,-84.1908
146,80,30.4912,-84.1908,30.3652,-84.2624
80,147,30.3652,-84.2624,30.5124,-84.1967
147,80,30.5124,-84.1967,30.3652,-84.2624
80,148,30.3652,-84.2624,30.5172,-84.2642
148,80,30.5172,-84.2642,30.3652,-84.2624
80,149,30.3652,-84.2624,30.3887,-84.3647
149,80,30.3887,-84.3647,30.3652,-84.2624
82,83,30.4416,-84.2783,30.5145,-84.371
83,82,30.5145,-84.371,30.4416,-84.2783
82,84,30.4416,-84.2783,30.4134,-84.3406
84,82,30.4134,-84.3406,30.4416,-84.2783
82,85,30.4416,-84.2783,30.4087,-84.3137
85,82,30.4087,-84.3137,30.4416,-84.2783
82,86,30.4416,-84.2783,30.513,-84.3247
86,82,30.513,-84.3247,30.4416,-84.2783
82,87,30.4416,-84.2783,30.5187,-84.2812
87,82,30.5187,-84.2812,30.4416,-84.2783
82,91,30.4416,-84.2783,30.4387,-84.364
91,82,30.4387,-84.364,30.4416,-84.2783
82,94,30.4416,-84.2783,30.5236,-84.2259
94,82,30.5236,-84.2259,30.4416,-84.2783
82,95,30.4416,-84.2783,30.4963,-84.2309
95,82,30.4963,-84.2309,30.4416,-84.2783
82,97,30.4416,-84.2783,30.3785,-84.2864
97,82,30.3785,-84.2864,30.4416,-84.2783
82,98,30.4416,-84.2783,30.527,-84.2767
98,82,30.527,-84.2767,30.4416,-84.2783
82,100,30.4416,-84.2783,30.4674,-84.2785
100,82,30.4674,-84.2785,30.4416,-84.2783
82,102,30.4416,-84.2783,30.3702,-84.2022
102,82,30.3702,-84.2022,30.4416,-84.2783
82,103,30.4416,-84.2783,30.3684,-84.2249
103,82,30.3684,-84.2249,30.4416,-84.2783
82,105,30.4416,-84.2783,30.4403,-84.2392
105,82,30.4403,-84.2392,30.4416,-84.2783
82,106,30.4416,-84.2783,30.3822,-84.3098
106,82,30.3822,-84.3098,30.4416,-84.2783
82,107,30.4416,-84.2783,30.5161,-84.2171
107,82,30.5161,-84.2171,30.4416,-84.2783
82,108,30.4416,-84.2783,30.4616,-84.1983
108,82,30.4616,-84.1983,30.4416,-84.2783
82,109,30.4416,-84.2783,30.4767,-84.2064
109,82,30.4767,-84.2064,30.4416,-84.2783
82,110,30.4416,-84.2783,30.3621,-84.2092
110,82,30.3621,-84.2092,30.4416,-84.2783
82,111,30.4416,-84.2783,30.5031,-84.2072
111,82,30.5031,-84.2072,30.4416,-84.2783
82,113,30.4416,-84.2783,30.354,-84.209
113,82,30.354,-84.209,30.4416,-84.2783
82,115,30.4416,-84.2783,30.4421,-84.3036
115,82,30.4421,-84.3036,30.4416,-84.2783
82,118,30.4416,-84.2783,30.4332,-84.2085
118,82,30.4332,-84.2085,30.4416,-84.2783
82,119,30.4416,-84.2783,30.4596,-84.1848
119,82,30.4596,-84.1848,30.4416,-84.2783
82,122,30.4416,-84.2783,30.46,-84.2377
122,82,30.46,-84.2377,30.4416,-84.2783
82,123,30.4416,-84.2783,30.3816,-84.3514
123,82,30.3816,-84.3514,30.4416,-84.2783
82,124,30.4416,-84.2783,30.5073,-84.3707
124,82,30.5073,-84.3707,30.4416,-84.2783
82,125,30.4416,-84.2783,30.4793,-84.2635
125,82,30.4793,-84.2635,30.4416,-84.2783
82,127,30.4416,-84.2783,30.3916,-84.2179
127,82,30.3916,-84.2179,30.4416,-84.2783
82,128,30.4416,-84.2783,30.3865,-84.3463
128,82,30.3865,-84.3463,30.4416,-84.2783
82,129,30.4416,-84.2783,30.4469,-84.3221
129,82,30.4469,-84.3221,30.4416,-84.2783
82,132,30.4416,-84.2783,30.4188,-84.3245
132,82,30.4188,-84.3245,30.4416,-84.2783
82,133,30.4416,-84.2783,30.493,-84.2922
133,82,30.493,-84.2922,30.4416,-84.2783
82,134,30.4416,-84.2783,30.445,-84.3428
134,82,30.445,-84.3428,30.4416,-84.2783
82,135,30.4416,-84.2783,30.3622,-84.2653
135,82,30.3622,-84.2653,30.4416,-84.2783
82,138,30.4416,-84.2783,30.4971,-84.1916
138,82,30.4971,-84.1916,30.4416,-84.2783
82,139,30.4416,-84.2783,30.3713,-84.3221
139,82,30.3713,-84.3221,30.4416,-84.2783
82,140,30.4416,-84.2783,30.4319,-84.2471
140,82,30.4319,-84.2471,30.4416,-84.2783
82,142,30.4416,-84.2783,30.5149,-84.3754
142,82,30.5149,-84.3754,30.4416,-84.2783
82,143,30.4416,-84.2783,30.4713,-84.3311
143,82,30.4713,-84.3311,30.4416,-84.2783
82,144,30.4416,-84.2783,30.4461,-84.3207
144,82,30.4461,-84.3207,30.4416,-84.2783
82,146,30.4416,-84.2783,30.4912,-84.1908
146,82,30.4912,-84.1908,30.4416,-84.2783
82,147,30.4416,-84.2783,30.5124,-84.1967
147,82,30.5124,-84.1967,30.4416,-84.2783
82,148,30.4416,-84.2783,30.5172,-84.2642
148,82,30.5172,-84.2642,30.4416,-84.2783
82,149,30.4416,-84.2783,30.3887,-84.3647
149,82,30.3887,-84.3647,30.4416,-84.2783
83,84,30.5145,-84.371,30.4134,-84.3406
84,83,30.4134,-84.3406,30.5145,-84.371
83,85,30.5145,-84.371,30.4087,-84.3137
85,83,30.4087,-84.3137,30.5145,-84.371
83,86,30.5145,-84.371,30.513,-84.3247
86,83,30.513,-84.3247,30.5145,-84.371
83,87,30.5145,-84.371,30.5187,-84.2812
87,83,30.5187,-84.2812,30.5145,-84.371
83,91,30.5145,-84.371,30.4387,-84.364
91,83,30.4387,-84.364,30.5145,-84.371
83,94,30.5145,-84.371,30.5236,-84.2259
94,83,30.5236,-84.2259,30.5145,-84.371
83,95,30.5145,-84.371,30.4963,-84.2309
95,83,30.4963,-84.2309,30.5145,-84.371
83,97,30.5145,-84.371,30.3785,-84.2864
97,83,30.3785,-84.2864,30.5145,-84.371
83,98,30.5145,-84.371,30.527,-84.2767
98,83,30.527,-84.2767,30.5145,-84.371
83,100,30.5145,-84.371,30.4674,-84.2785
100,83,30.4674,-84.2785,30.5145,-84.371
83,102,30.5145,-84.371,30.3702,-84.2022
102,83,30.3702,-84.2022,30.5145,-84.371
83,103,30.5145,-84.371,30.3684,-84.2249
103,83,30.3684,-84.2249,30.5145,-84.371
83,105,30.5145,-84.371,30.4403,-84.2392
105,83,30.4403,-84.2392,30.5145,-84.371
83,106,30.5145,-84.371,30.3822,-84.3098
106,83,30.3822,-84.3098,30.5145,-84.371
83,107,30.5145,-84.371,30.5161,-84.2171
107,83,30.5161,-84.2171,30.5145,-84.371
83,108,30.5145,-84.371,30.4616,-84.1983
108,83,30.4616,-84.1983,30.5145,-84.371
83,109,30.5145,-84.371,30.4767,-84.2064
109,83,30.4767,-84.2064,30.5145,-84.371
83,110,30.5145,-84.371,30.3621,-84.2092
110,83,30.3621,-84.2092,30.5145,-84.371
83,111,30.5145,-84.371,30.5031,-84.2072
111,83,30.5031,-84.2072,30.5145,-84.371
83,113,30.5145,-84.371,30.354,-84.209
113,83,30.354,-84.209,30.5145,-84.371
83,115,30.5145,-84.371,30.4421,-84.3036
115,83,30.4421,-84.3036,30.5145,-84.371
83,118,30.5145,-84.371,30.4332,-84.2085
118,83,30.4332,-84.2085,30.5145,-84.371
83,119,30.5145,-84.371,30.4596,-84.1848
119,83,30.4596,-84.1848,30.5145,-84.371
83,122,30.5145,-84.371,30.46,-84.2377
122,83,30.46,-84.2377,30.5145,-84.371
83,123,30.5145,-84.371,30.3816,-84.3514
123,83,30.3816,-84.3514,30.5145,-84.371
83,124,30.5145,-84.371,30.5073,-84.3707
124,83,30.5073,-84.3707,30.5145,-84.371
83,125,30.5145,-84.371,30.4793,-84.2635
125,83,30.4793,-84.2635,30.5145,-84.371
83,127,30.5145,-84.371,30.3916,-84.2179
127,83,30.3916,-84.2179,30.5145,-84.371
83,128,30.5145,-84.371,30.3865,-84.3463
128,83,30.3865,-84.3463,30.5145,-84.371
83,129,30.5145,-84.371,30.4469,-84.3221
129,83,30.4469,-84.3221,30.5145,-84.371
83,132,30.5145,-84.371,30.4188,-84.3245
132,83,30.4188,-84.3245,30.5145,-84.371
83,133,30.5145,-84.371,30.493,-84.2922
133,83,30.493,-84.2922,30.5145,-84.371
83,134,30.5145,-84.371,30.445,-84.3428
134,83,30.445,-84.3428,30.5145,-84.371
83,135,30.5145,-84.371,30.3622,-84.2653
135,83,30.3622,-84.2653,30.5145,-84.371
83,138,30.5145,-84.371,30.4971,-84.1916
138,83,30.4971,-84.1916,30.5145,-84.371
83,139,30.5145,-84.371,30.3713,-84.3221
139,83,30.3713,-84.3221,30.5145,-84.371
83,140,30.5145,-84.371,30.4319,-84.2471
140,83,30.4319,-84.2471,30.5145,-84.371
83,142,30.5145,-84.371,30.5149,-84.3754
142,83,30.5149,-84.3754,30.5145,-84.371
83,143,30.5145,-84.371,30.4713,-84.3311
143,83,30.4713,-84.3311,30.5145,-84.371
83,144,30.5145,-84.371,30.4461,-84.3207
144,83,30.4461,-84.3207,30.5145,-84.371
83,146,30.5145,-84.371,30.4912,-84.1908
146,83,30.4912,-84.1908,30.5145,-84.371
83,147,30.5145,-84.371,30.5124,-84.1967
147,83,30.5124,-84.1967,30.5145,-84.371
83,148,30.5145,-84.371,30.5172,-84.2642
148,83,30.5172,-84.2642,30.5145,-84.371
83,149,30.5145,-84.371,30.3887,-84.3647
149,83,30.3887,-84.3647,30.5145,-84.371
84,85,30.4134,-84.3406,30.4087,-84.3137
85,84,30.4087,-84.3137,30.4134,-84.3406
84,86,30.4134,-84.3406,30.513,-84.3247
86,84,30.513,-84.3247,30.4134,-84.3406
84,87,30.4134,-84.3406,30.5187,-84.2812
87,84,30.5187,-84.2812,30.4134,-84.3406
84,91,30.4134,-84.3406,30.4387,-84.364
91,84,30.4387,-84.364,30.4134,-84.3406
84,94,30.4134,-84.3406,30.5236,-84.2259
94,84,30.5236,-84.2259,30.4134,-84.3406
84,95,30.4134,-84.3406,30.4963,-84.2309
95,84,30.4963,-84.2309,30.4134,-84.3406
84,97,30.4134,-84.3406,30.3785,-84.2864
97,84,30.3785,-84.2864,30.4134,-84.3406
84,98,30.4134,-84.3406,30.527,-84.2767
98,84,30.527,-84.2767,30.4134,-84.3406
84,100,30.4134,-84.3406,30.4674,-84.2785
100,84,30.4674,-84.2785,30.4134,-84.3406
84,102,30.4134,-84.3406,30.3702,-84.2022
102,84,30.3702,-84.2022,30.4134,-84.3406
84,103,30.4134,-84.3406,30.3684,-84.2249
103,84,30.3684,-84.2249,30.4134,-84.3406
84,105,30.4134,-84.3406,30.4403,-84.2392
105,84,30.4403,-84.2392,30.4134,-84.3406
84,106,30.4134,-84.3406,30.3822,-84.3098
106,84,30.3822,-84.3098,30.4134,-84.3406
84,107,30.4134,-84.3406,30.5161,-84.2171
107,84,30.5161,-84.2171,30.4134,-84.3406
84,108,30.4134,-84.3406,30.4616,-84.1983
108,84,30.4616,-84.1983,30.4134,-84.3406
84,109,30.4134,-84.3406,30.4767,-84.2064
109,84,30.4767,-84.2064,30.4134,-84.3406
84,110,30.4134,-84.3406,30.3621,-84.2092
110,84,30.3621,-84.2092,30.4134,-84.3406
84,111,30.4134,-84.3406,30.5031,-84.2072
111,84,30.5031,-84.2072,30.4134,-84.3406
84,113,30.4134,-84.3406,30.354,-84.209
113,84,30.354,-84.209,30.4134,-84.3406
84,115,30.4134,-84.3406,30.4421,-84.3036
115,84,30.4421,-84.3036,30.4134,-84.3406
84,118,30.4134,-84.3406,30.4332,-84.2085
118,84,30.4332,-84.2085,30.4134,-84.3406
84,119,30.4134,-84.3406,30.4596,-84.1848
119,84,30.4596,-84.1848,30.4134,-84.3406
84,122,30.4134,-84.3406,30.46,-84.2377
122,84,30.46,-84.2377,30.4134,-84.3406
84,123,30.4134,-84.3406,30.3816,-84.3514
123,84,30.3816,-84.3514,30.4134,-84.3406
84,124,30.4134,-84.3406,30.5073,-84.3707
124,84,30.5073,-84.3707,30.4134,-84.3406
84,125,30.4134,-84.3406,30.4793,-84.2635
125,84,30.4793,-84.2635,30.4134,-84.3406
84,127,30.4134,-84.3406,30.3916,-84.2179
127,84,30.3916,-84.2179,30.4134,-84.3406
84,128,30.4134,-84.3406,30.3865,-84.3463
128,84,30.3865,-84.3463,30.4134,-84.3406
84,129,30.4134,-84.3406,30.4469,-84.3221
129,84,30.4469,-84.3221,30.4134,-84.3406
84,132,30.4134,-84.3406,30.4188,-84.3245
132,84,30.4188,-84.3245,30.4134,-84.3406
84,133,30.4134,-84.3406,30.493,-84.2922
133,84,30.493,-84.2922,30.4134,-84.3406
84,134,30.4134,-84.3406,30.445,-84.3428
134,84,30.445,-84.3428,30.4134,-84.3406
84,135,30.4134,-84.3406,30.3622,-84.2653
135,84,30.3622,-84.2653,30.4134,-84.3406
84,138,30.4134,-84.3406,30.4971,-84.1916
138,84,30.4971,-84.1916,30.4134,-84.3406
84,139,30.4134,-84.3406,30.3713,-84.3221
139,84,30.3713,-84.3221,30.4134,-84.3406
84,140,30.4134,-84.3406,30.4319,-84.2471
140,84,30.4319,-84.2471,30.4134,-84.3406
84,142,30.4134,-84.3406,30.5149,-84.3754
142,84,30.5149,-84.3754,30.4134,-84.3406
84,143,30.4134,-84.3406,30.4713,-84.3311
143,84,30.4713,-84.3311,30.4134,-84.3406
84,144,30.4134,-84.3406,30.4461,-84.3207
144,84,30.4461,-84.3207,30.4134,-84.3406
84,146,30.4134,-84.3406,30.4912,-84.1908
146,84,30.4912,-84.1908,30.4134,-84.3406
84,147,30.4134,-84.3406,30.5124,-84.1967
147,84,30.5124,-84.1967,30.4134,-84.3406
84,148,30.4134,-84.3406,30.5172,-84.2642
148,84,30.5172,-84.2642,30.4134,-84.3406
84,149,30.4134,-84.3406,30.3887,-84.3647
149,84,30.3887,-84.3647,30.4134,-84.3406
85,86,30.4087,-84.3137,30.513,-84.3247
86,85,30.513,-84.3247,30.4087,-84.3137
85,87,30.4087,-84.3137,30.5187,-84.2812
87,85,30.5187,-84.2812,30.4087,-84.3137
85,91,30.4087,-84.3137,30.4387,-84.364
91,85,30.4387,-84.364,30.4087,-84.3137
85,94,30.4087,-84.3137,30.5236,-84.2259
94,85,30.5236,-84.2259,30.4087,-84.3137
85,95,30.4087,-84.3137,30.4963,-84.2309
95,85,30.4963,-84.2309,30.4087,-84.3137
85,97,30.4087,-84.3137,30.3785,-84.2864
97,85,30.3785,-84.2864,30.4087,-84.3137
85,98,30.4087,-84.3137,30.527,-84.2767
98,85,30.527,-84.2767,30.4087,-84.3137
85,100,30.4087,-84.3137,30.4674,-84.2785
100,85,30.4674,-84.2785,30.4087,-84.3137
85,102,30.4087,-84.3137,30.3702,-84.2022
102,85,30.3702,-84.2022,30.4087,-84.3137
85,103,30.4087,-84.3137,30.3684,-84.2249
103,85,30.3684,-84.2249,30.4087,-84.3137
85,105,30.4087,-84.3137,30.4403,-84.2392
105,85,30.4403,-84.2392,30.4087,-84.3137
85,106,30.4087,-84.3137,30.3822,-84.3098
106,85,30.3822,-84.3098,30.4087,-84.3137
85,107,30.4087,-84.3137,30.5161,-84.2171
107,85,30.5161,-84.2171,30.4087,-84.3137
85,108,30.4087,-84.3137,30.4616,-84.1983
108,85,30.4616,-84.1983,30.4087,-84.3137
85,109,30.4087,-84.3137,30.4767,-84.2064
109,85,30.4767,-84.2064,30.4087,-84.3137
85,110,30.4087,-84.3137,30.3621,-84.2092
110,85,30.3621,-84.2092,30.4087,-84.3137
85,111,30.4087,-84.3137,30.5031,-84.2072
111,85,30.5031,-84.2072,30.4087,-84.3137
85,113,30.4087,-84.3137,30.354,-84.209
113,85,30.354,-84.209,30.4087,-84.3137
85,115,30.4087,-84.3137,30.4421,-84.3036
115,85,30.4421,-84.3036,30.4087,-84.3137
85,118,30.4087,-84.3137,30.4332,-84.2085
118,85,30.4332,-84.2085,30.4087,-84.3137
85,119,30.4087,-84.3137,30.4596,-84.1848
119,85,30.4596,-84.1848,30.4087,-84.3137
85,122,30.4087,-84.3137,30.46,-84.2377
122,85,30.46,-84.2377,30.4087,-84.3137
85,123,30.4087,-84.3137,30.3816,-84.3514
123,85,30.3816,-84.3514,30.4087,-84.3137
85,124,30.4087,-84.3137,30.5073,-84.3707
124,85,30.5073,-84.3707,30.4087,-84.3137
85,125,30.4087,-84.3137,30.4793,-84.2635
125,85,30.4793,-84.2635,30.4087,-84.3137
85,127,30.4087,-84.3137,30.3916,-84.2179
127,85,30.3916,-84.2179,30.4087,-84.3137
85,128,30.4087,-84.3137,30.3865,-84.3463
128,85,30.3865,-84.3463,30.4087,-84.3137
85,129,30.4087,-84.3137,30.4469,-84.3221
129,85,30.4469,-84.3221,30.4087,-84.3137
85,132,30.4087,-84.3137,30.4188,-84.3245
132,85,30.4188,-84.3245,30.4087,-84.3137
85,133,30.4087,-84.3137,30.493,-84.2922
133,85,30.493,-84.2922,30.4087,-84.3137
85,134,30.4087,-84.3137,30.445,-84.3428
134,85,30.445,-84.3428,30.4087,-84.3137
85,135,30.4087,-84.3137,30.3622,-84.2653
135,85,30.3622,-84.2653,30.4087,-84.3137
85,138,30.4087,-84.3137,30.4971,-84.1916
138,85,30.4971,-84.1916,30.4087,-84.3137
85,139,30.4087,-84.3137,30.3713,-84.3221
139,85,30.3713,-84.3221,30.4087,-84.3137
85,140,30.4087,-84.3137,30.4319,-84.2471
140,85,30.4319,-84.2471,30.4087,-84.3137
85,142,30.4087,-84.3137,30.5149,-84.3754
142,85,30.5149,-84.3754,30.4087,-84.3137
85,143,30.4087,-84.3137,30.4713,-84.3311
143,85,30.4713,-84.3311,30.4087,-84.3137
85,144,30.4087,-84.3137,30.4461,-84.3207
144,85,30.4461,-84.3207,30.4087,-84.3137
85,146,30.4087,-84.3137,30.4912,-84.1908
146,85,30.4912,-84.1908,30.4087,-84.3137
85,147,30.4087,-84.3137,30.5124,-84.1967
147,85,30.5124,-84.1967,30.4087,-84.3137
85,148,30.4087,-84.3137,30.5172,-84.2642
148,85,30.5172,-84.2642,30.4087,-84.3137
85,149,30.4087,-84.3137,30.3887,-84.3647
149,85,30.3887,-84.3647,30.4087,-84.3137
86,87,30.513,-84.3247,30.5187,-84.2812
87,86,30.5187,-84.2812,30.513,-84.3247
86,91,30.513,-84.3247,30.4387,-84.364
91,86,30.4387,-84.364,30.513,-84.3247
86,94,30.513,-84.3247,30.5236,-84.2259
94,86,30.5236,-84.2259,30.513,-84.3247
86,95,30.513,-84.3247,30.4963,-84.2309
95,86,30.4963,-84.2309,30.513,-84.3247
86,97,30.513,-84.3247,30.3785,-84.2864
97,86,30.3785,-84.2864,30.513,-84.3247
86,98,30.513,-84.3247,30.527,-84.2767
98,86,30.527,-84.2767,30.513,-84.3247
86,100,30.513,-84.3247,30.4674,-84.2785
100,86,30.4674,-84.2785,30.513,-84.3247
86,102,30.513,-84.3247,30.3702,-84.2022
102,86,30.3702,-84.2022,30.513,-84.3247
86,103,30.513,-84.3247,30.3684,-84.2249
103,86,30.3684,-84.2249,30.513,-84.3247
86,105,30.513,-84.3247,30.4403,-84.2392
105,86,30.4403,-84.2392,30.513,-84.3247
86,106,30.513,-84.3247,30.3822,-84.3098
106,86,30.3822,-84.3098,30.513,-84.3247
86,107,30.513,-84.3247,30.5161,-84.2171
107,86,30.5161,-84.2171,30.513,-84.3247
86,108,30.513,-84.3247,30.4616,-84.1983
108,86,30.4616,-84.1983,30.513,-84.3247
86,109,30.513,-84.3247,30.4767,-84.2064
109,86,30.4767,-84.2064,30.513,-84.3247
86,110,30.513,-84.3247,30.3621,-84.2092
110,86,30.3621,-84.2092,30.513,-84.3247
86,111,30.513,-84.3247,30.5031,-84.2072
111,86,30.5031,-84.2072,30.513,-84.3247
86,113,30.513,-84.3247,30.354,-84.209
113,86,30.354,-84.209,30.513,-84.3247
86,115,30.513,-84.3247,30.4421,-84.3036
115,86,30.4421,-84.3036,30.513,-84.3247
86,118,30.513,-84.3247,30.4332,-84.2085
118,86,30.4332,-84.2085,30.513,-84.3247
86,119,30.513,-84.3247,30.4596,-84.1848
119,86,30.4596,-84.1848,30.513,-84.3247
86,122,30.513,-84.3247,30.46,-84.2377
122,86,30.46,-84.2377,30.513,-84.3247
86,123,30.513,-84.3247,30.3816,-84.3514
123,86,30.3816,-84.3514,30.513,-84.3247
86,124,30.513,-84.3247,30.5073,-84.3707
124,86,30.5073,-84.3707,30.513,-84.3247
86,125,30.513,-84.3247,30.4793,-84.2635
125,86,30.4793,-84.2635,30.513,-84.3247
86,127,30.513,-84.3247,30.3916,-84.2179
127,86,30.3916,-84.2179,30.513,-84.3247
86,128,30.513,-84.3247,30.3865,-84.3463
128,86,30.3865,-84.3463,30.513,-84.3247
86,129,30.513,-84.3247,30.4469,-84.3221
129,86,30.4469,-84.3221,30.513,-84.3247
86,132,30.513,-84.3247,30.4188,-84.3245
132,86,30.4188,-84.3245,30.513,-84.3247
86,133,30.513,-84.3247,30.493,-84.2922
133,86,30.493,-84.2922,30.513,-84.3247
86,134,30.513,-84.3247,30.445,-84.3428
134,86,30.445,-84.3428,30.513,-84.3247
86,135,30.513,-84.3247,30.3622,-84.2653
135,86,30.3622,-84.2653,30.513,-84.3247
86,138,30.513,-84.3247,30.4971,-84.1916
138,86,30.4971,-84.1916,30.513,-84.3247
86,139,30.513,-84.3247,30.3713,-84.3221
139,86,30.3713,-84.3221,30.513,-84.3247
86,140,30.513,-84.3247,30.4319,-84.2471
140,86,30.4319,-84.2471,30.513,-84.3247
86,142,30.513,-84.3247,30.5149,-84.3754
142,86,30.5149,-84.3754,30.513,-84.3247
86,143,30.513,-84.3247,30.4713,-84.3311
143,86,30.4713,-84.3311,30.513,-84.3247
86,144,30.513,-84.3247,30.4461,-84.3207
144,86,30.4461,-84.3207,30.513,-84.3247
86,146,30.513,-84.3247,30.4912,-84.1908
146,86,30.4912,-84.1908,30.513,-84.3247
86,147,30.513,-84.3247,30.5124,-84.1967
147,86,30.5124,-84.1967,30.513,-84.3247
86,148,30.513,-84.3247,30.5172,-84.2642
148,86,30.5172,-84.2642,30.513,-84.3247
86,149,30.513,-84.3247,30.3887,-84.3647
149,86,30.3887,-84.3647,30.513,-84.3247
87,91,30.5187,-84.2812,30.4387,-84.364
91,87,30.4387,-84.364,30.5187,-84.2812
87,94,30.5187,-84.2812,30.5236,-84.2259
94,87,30.5236,-84.2259,30.5187,-84.2812
87,95,30.5187,-84.2812,30.4963,-84.2309
95,87,30.4963,-84.2309,30.5187,-84.2812
87,97,30.5187,-84.2812,30.3785,-84.2864
97,87,30.3785,-84.2864,30.5187,-84.2812
87,98,30.5187,-84.2812,30.527,-84.2767
98,87,30.527,-84.2767,30.5187,-84.2812
87,100,30.5187,-84.2812,30.4674,-84.2785
100,87,30.4674,-84.2785,30.5187,-84.2812
87,102,30.5187,-84.2812,30.3702,-84.2022
102,87,30.3702,-84.2022,30.5187,-84.2812
87,103,30.5187,-84.2812,30.3684,-84.2249
103,87,30.3684,-84.2249,30.5187,-84.2812
87,105,30.5187,-84.2812,30.4403,-84.2392
105,87,30.4403,-84.2392,30.5187,-84.2812
87,106,30.5187,-84.2812,30.3822,-84.3098
106,87,30.3822,-84.3098,30.5187,-84.2812
87,107,30.5187,-84.2812,30.5161,-84.2171
107,87,30.5161,-84.2171,30.5187,-84.2812
87,108,30.5187,-84.2812,30.4616,-84.1983
108,87,30.4616,-84.1983,30.5187,-84.2812
87,109,30.5187,-84.2812,30.4767,-84.2064
109,87,30.4767,-84.2064,30.5187,-84.2812
87,110,30.5187,-84.2812,30.3621,-84.2092
110,87,30.3621,-84.2092,30.5187,-84.2812
87,111,30.5187,-84.2812,30.5031,-84.2072
111,87,30.5031,-84.2072,30.5187,-84.2812
87,113,30.5187,-84.2812,30.354,-84.209
113,87,30.354,-84.209,30.5187,-84.2812
87,115,30.5187,-84.2812,30.4421,-84.3036
115,87,30.4421,-84.3036,30.5187,-84.2812
87,118,30.5187,-84.2812,30.4332,-84.2085
118,87,30.4332,-84.2085,30.5187,-84.2812
87,119,30.5187,-84.2812,30.4596,-84.1848
119,87,30.4596,-84.1848,30.5187,-84.2812
87,122,30.5187,-84.2812,30.46,-84.2377
122,87,30.46,-84.2377,30.5187,-84.2812
87,123,30.5187,-84.2812,30.3816,-84.3514
123,87,30.3816,-84.3514,30.5187,-84.2812
87,124,30.5187,-84.2812,30.5073,-84.3707
124,87,30.5073,-84.3707,30.5187,-84.2812
87,125,30.5187,-84.2812,30.4793,-84.2635
125,87,30.4793,-84.2635,30.5187,-84.2812
87,127,30.5187,-84.2812,30.3916,-84.2179
127,87,30.3916,-84.2179,30.5187,-84.2812
87,128,30.5187,-84.2812,30.3865,-84.3463
128,87,30.3865,-84.3463,30.5187,-84.2812
87,129,30.5187,-84.2812,30.4469,-84.3221
129,87,30.4469,-84.3221,30.5187,-84.2812
87,132,30.5187,-84.2812,30.4188,-84.3245
132,87,30.4188,-84.3245,30.5187,-84.2812
87,133,30.5187,-84.2812,30.493,-84.2922
133,87,30.493,-84.2922,30.5187,-84.2812
87,134,30.5187,-84.2812,30.445,-84.3428
134,87,30.445,-84.3428,30.5187,-84.2812
87,135,30.5187,-84.2812,30.3622,-84.2653
135,87,30.3622,-84.2653,30.5187,-84.2812
87,138,30.5187,-84.2812,30.4971,-84.1916
138,87,30.4971,-84.1916,30.5187,-84.2812
87,139,30.5187,-84.2812,30.3713,-84.3221
139,87,30.3713,-84.3221,30.5187,-84.2812
87,140,30.5187,-84.2812,30.4319,-84.2471
140,87,30.4319,-84.2471,30.5187,-84.2812
87,142,30.5187,-84.2812,30.5149,-84.3754
142,87,30.5149,-84.3754,30.5187,-84.2812
87,143,30.5187,-84.2812,30.4713,-84.3311
143,87,30.4713,-84.3311,30.5187,-84.2812
87,144,30.5187,-84.2812,30.4461,-84.3207
144,87,30.4461,-84.3207,30.5187,-84.2812
87,146,30.5187,-84.2812,30.4912,-84.1908
146,87,30.4912,-84.1908,30.5187,-84.2812
87,147,30.5187,-84.2812,30.5124,-84.1967
147,87,30.5124,-84.1967,30.5187,-84.2812
87,148,30.5187,-84.2812,30.5172,-84.2642
148,87,30.5172,-84.2642,30.5187,-84.2812
87,149,30.5187,-84.2812,30.3887,-84.3647
149,87,30.3887,-84.3647,30.5187,-84.2812
91,94,30.4387,-84.364,30.5236,-84.2259
94,91,30.5236,-84.2259,30.4387,-84.364
91,95,30.4387,-84.364,30.4963,-84.2309
95,91,30.4963,-84.2309,30.4387,-84.364
91,97,30.4387,-84.364,30.3785,-84.2864
97,91,30.3785,-84.2864,30.4387,-84.364
91,98,30.4387,-84.364,30.527,-84.2767
98,91,30.527,-84.2767,30.4387,-84.364
91,100,30.4387,-84.364,30.4674,-84.2785
100,91,30.4674,-84.2785,30.4387,-84.364
91,102,30.4387,-84.364,30.3702,-84.2022
102,91,30.3702,-84.2022,30.4387,-84.364
91,103,30.4387,-84.364,30.3684,-84.2249
103,91,30.3684,-84.2249,30.4387,-84.364
91,105,30.4387,-84.364,30.4403,-84.2392
105,91,30.4403,-84.2392,30.4387,-84.364
91,106,30.4387,-84.364,30.3822,-84.3098
106,91,30.3822,-84.3098,30.4387,-84.364
91,107,30.4387,-84.364,30.5161,-84.2171
107,91,30.5161,-84.2171,30.4387,-84.364
91,108,30.4387,-84.364,30.4616,-84.1983
108,91,30.4616,-84.1983,30.4387,-84.364
91,109,30.4387,-84.364,30.4767,-84.2064
109,91,30.4767,-84.2064,30.4387,-84.364
91,110,30.4387,-84.364,30.3621,-84.2092
110,91,30.3621,-84.2092,30.4387,-84.364
91,111,30.4387,-84.364,30.5031,-84.2072
111,91,30.5031,-84.2072,30.4387,-84.364
91,113,30.4387,-84.364,30.354,-84.209
113,91,30.354,-84.209,30.4387,-84.364
91,115,30.4387,-84.364,30.4421,-84.3036
115,91,30.4421,-84.3036,30.4387,-84.364
91,118,30.4387,-84.364,30.4332,-84.2085
118,91,30.4332,-84.2085,30.4387,-84.364
91,119,30.4387,-84.364,30.4596,-84.1848
119,91,30.4596,-84.1848,30.4387,-84.364
91,122,30.4387,-84.364,30.46,-84.2377
122,91,30.46,-84.2377,30.4387,-84.364
91,123,30.4387,-84.364,30.3816,-84.3514
123,91,30.3816,-84.3514,30.4387,-84.364
91,124,30.4387,-84.364,30.5073,-84.3707
124,91,30.5073,-84.3707,30.4387,-84.364
91,125,30.4387,-84.364,30.4793,-84.2635
125,91,30.4793,-84.2635,30.4387,-84.364
91,127,30.4387,-84.364,30.3916,-84.2179
127,91,30.3916,-84.2179,30.4387,-84.364
91,128,30.4387,-84.364,30.3865,-84.3463
128,91,30.3865,-84.3463,30.4387,-84.364
91,129,30.4387,-84.364,30.4469,-84.3221
129,91,30.4469,-84.3221,30.4387,-84.364
91,132,30.4387,-84.364,30.4188,-84.3245
132,91,30.4188,-84.3245,30.4387,-84.364
91,133,30.4387,-84.364,30.493,-84.2922
133,91,30.493,-84.2922,30.4387,-84.364
91,134,30.4387,-84.364,30.445,-84.3428
134,91,30.445,-84.3428,30.4387,-84.364
91,135,30.4387,-84.364,30.3622,-84.2653
135,91,30.3622,-84.2653,30.4387,-84.364
91,138,30.4387,-84.364,30.4971,-84.1916
138,91,30.4971,-84.1916,30.4387,-84.364
91,139,30.4387,-84.364,30.3713,-84.3221
139,91,30.3713,-84.3221,30.4387,-84.364
91,140,30.4387,-84.364,30.4319,-84.2471
140,91,30.4319,-84.2471,30.4387,-84.364
91,142,30.4387,-84.364,30.5149,-84.3754
142,91,30.5149,-84.3754,30.4387,-84.364
91,143,30.4387,-84.364,30.4713,-84.3311
143,91,30.4713,-84.3311,30.4387,-84.364
91,144,30.4387,-84.364,30.4461,-84.3207
144,91,30.4461,-84.3207,30.4387,-84.364
91,146,30.4387,-84.364,30.4912,-84.1908
146,91,30.4912,-84.1908,30.4387,-84.364
91,147,30.4387,-84.364,30.5124,-84.1967
147,91,30.5124,-84.1967,30.4387,-84.364
91,148,30.4387,-84.364,30.5172,-84.2642
148,91,30.5172,-84.2642,30.4387,-84.364
91,149,30.4387,-84.364,30.3887,-84.3647
149,91,30.3887,-84.3647,30.4387,-84.364
94,95,30.5236,-84.2259,30.4963,-84.2309
95,94,30.4963,-84.2309,30.5236,-84.2259
94,97,30.5236,-84.2259,30.3785,-84.2864
97,94,30.3785,-84.2864,30.5236,-84.2259
94,98,30.5236,-84.2259,30.527,-84.2767
98,94,30.527,-84.2767,30.5236,-84.2259
94,100,30.5236,-84.2259,30.4674,-84.2785
100,94,30.4674,-84.2785,30.5236,-84.2259
94,102,30.5236,-84.2259,30.3702,-84.2022
102,94,30.3702,-84.2022,30.5236,-84.2259
94,103,30.5236,-84.2259,30.3684,-84.2249
103,94,30.3684,-84.2249,30.5236,-84.2259
94,105,30.5236,-84.2259,30.4403,-84.2392
105,94,30.4403,-84.2392,30.5236,-84.2259
94,106,30.5236,-84.2259,30.3822,-84.3098
106,94,30.3822,-84.3098,30.5236,-84.2259
94,107,30.5236,-84.2259,30.5161,-84.2171
107,94,30.5161,-84.2171,30.5236,-84.2259
94,108,30.5236,-84.2259,30.4616,-84.1983
108,94,30.4616,-84.1983,30.5236,-84.2259
94,109,30.5236,-84.2259,30.4767,-84.2064
109,94,30.4767,-84.2064,30.5236,-84.2259
94,110,30.5236,-84.2259,30.3621,-84.2092
110,94,30.3621,-84.2092,30.5236,-84.2259
94,111,30.5236,-84.2259,30.5031,-84.2072
111,94,30.5031,-84.2072,30.5236,-84.2259
94,113,30.5236,-84.2259,30.354,-84.209
113,94,30.354,-84.209,30.5236,-84.2259
94,115,30.5236,-84.2259,30.4421,-84.3036
115,94,30.4421,-84.3036,30.5236,-84.2259
94,118,30.5236,-84.2259,30.4332,-84.2085
118,94,30.4332,-84.2085,30.5236,-84.2259
94,119,30.5236,-84.2259,30.4596,-84.1848
119,94,30.4596,-84.1848,30.5236,-84.2259
94,122,30.5236,-84.2259,30.46,-84.2377
122,94,30.46,-84.2377,30.5236,-84.2259
94,123,30.5236,-84.2259,30.3816,-84.3514
123,94,30.3816,-84.3514,30.5236,-84.2259
94,124,30.5236,-84.2259,30.5073,-84.3707
124,94,30.5073,-84.3707,30.5236,-84.2259
94,125,30.5236,-84.2259,30.4793,-84.2635
125,94,30.4793,-84.2635,30.5236,-84.2259
94,127,30.5236,-84.2259,30.3916,-84.2179
127,94,30.3916,-84.2179,30.5236,-84.2259
94,128,30.5236,-84.2259,30.3865,-84.3463
128,94,30.3865,-84.3463,30.5236,-84.2259
94,129,30.5236,-84.2259,30.4469,-84.3221
129,94,30.4469,-84.3221,30.5236,-84.2259
94,132,30.5236,-84.2259,30.4188,-84.3245
132,94,30.4188,-84.3245,30.5236,-84.2259
94,133,30.5236,-84.2259,30.493,-84.2922
133,94,30.493,-84.2922,30.5236,-84.2259
94,134,30.5236,-84.2259,30.445,-84.3428
134,94,30.445,-84.3428,30.5236,-84.2259
94,135,30.5236,-84.2259,30.3622,-84.2653
135,94,30.3622,-84.2653,30.5236,-84.2259
94,138,30.5236,-84.2259,30.4971,-84.1916
138,94,30.4971,-84.1916,30.5236,-84.2259
94,139,30.5236,-84.2259,30.3713,-84.3221
139,94,30.3713,-84.3221,30.5236,-84.2259
94,140,30.5236,-84.2259,30.4319,-84.2471
140,94,30.4319,-84.2471,30.5236,-84.2259
94,142,30.5236,-84.2259,30.5149,-84.3754
142,94,30.5149,-84.3754,30.5236,-84.2259
94,143,30.5236,-84.2259,30.4713,-84.3311
143,94,30.4713,-84.3311,30.5236,-84.2259
94,144,30.5236,-84.2259,30.4461,-84.3207
144,94,30.4461,-84.3207,30.5236,-84.2259
94,146,30.5236,-84.2259,30.4912,-84.1908
146,94,30.4912,-84.1908,30.5236,-84.2259
94,147,30.5236,-84.2259,30.5124,-84.1967
147,94,30.5124,-84.1967,30.5236,-84.2259
94,148,30.5236,-84.2259,30.5172,-84.2642
148,94,30.5172,-84.2642,30.5236,-84.2259
94,149,30.5236,-84.2259,30.3887,-84.3647
149,94,30.3887,-84.3647,30.5236,-84.2259
95,97,30.4963,-84.2309,30.3785,-84.2864
97,95,30.3785,-84.2864,30.4963,-84.2309
95,98,30.4963,-84.2309,30.527,-84.2767
98,95,30.527,-84.2767,30.4963,-84.2309
95,100,30.4963,-84.2309,30.4674,-84.2785
100,95,30.4674,-84.2785,30.4963,-84.2309
95,102,30.4963,-84.2309,30.3702,-84.2022
102,95,30.3702,-84.2022,30.4963,-84.2309
95,103,30.4963,-84.2309,30.3684,-84.2249
103,95,30.3684,-84.2249,30.4963,-84.2309
95,105,30.4963,-84.2309,30.4403,-84.2392
105,95,30.4403,-84.2392,30.4963,-84.2309
95,106,30.4963,-84.2309,30.3822,-84.3098
106,95,30.3822,-84.3098,30.4963,-84.2309
95,107,30.4963,-84.2309,30.5161,-84.2171
107,95,30.5161,-84.2171,30.4963,-84.2309
95,108,30.4963,-84.2309,30.4616,-84.1983
108,95,30.4616,-84.1983,30.4963,-84.2309
95,109,30.4963,-84.2309,30.4767,-84.2064
109,95,30.4767,-84.2064,30.4963,-84.2309
95,110,30.4963,-84.2309,30.3621,-84.2092
110,95,30.3621,-84.2092,30.4963,-84.2309
95,111,30.4963,-84.2309,30.5031,-84.2072
111,95,30.5031,-84.2072,30.4963,-84.2309
95,113,30.4963,-84.2309,30.354,-84.209
113,95,30.354,-84.209,30.4963,-84.2309
95,115,30.4963,-84.2309,30.4421,-84.3036
115,95,30.4421,-84.3036,30.4963,-84.2309
95,118,30.4963,-84.2309,30.4332,-84.2085
118,95,30.4332,-84.2085,30.4963,-84.2309
95,119,30.4963,-84.2309,30.4596,-84.1848
119,95,30.4596,-84.1848,30.4963,-84.2309
95,122,30.4963,-84.2309,30.46,-84.2377
122,95,30.46,-84.2377,30.4963,-84.2309
95,123,30.4963,-84.2309,30.3816,-84.3514
123,95,30.3816,-84.3514,30.4963,-84.2309
95,124,30.4963,-84.2309,30.5073,-84.3707
124,95,30.5073,-84.3707,30.4963,-84.2309
95,125,30.4963,-84.2309,30.4793,-84.2635
125,95,30.4793,-84.2635,30.4963,-84.2309
95,127,30.4963,-84.2309,30.3916,-84.2179
127,95,30.3916,-84.2179,30.4963,-84.2309
95,128,30.4963,-84.2309,30.3865,-84.3463
128,95,30.3865,-84.3463,30.4963,-84.2309
95,129,30.4963,-84.2309,30.4469,-84.3221
129,95,30.4469,-84.3221,30.4963,-84.2309
95,132,30.4963,-84.2309,30.4188,-84.3245
132,95,30.4188,-84.3245,30.4963,-84.2309
95,133,30.4963,-84.2309,30.493,-84.2922
133,95,30.493,-84.2922,30.4963,-84.2309
95,134,30.4963,-84.2309,30.445,-84.3428
134,95,30.445,-84.3428,30.4963,-84.2309
95,135,30.4963,-84.2309,30.3622,-84.2653
135,95,30.3622,-84.2653,30.4963,-84.2309
95,138,30.4963,-84.2309,30.4971,-84.1916
138,95,30.4971,-84.1916,30.4963,-84.2309
95,139,30.4963,-84.2309,30.3713,-84.3221
139,95,30.3713,-84.3221,30.4963,-84.2309
95,140,30.4963,-84.2309,30.4319,-84.2471
140,95,30.4319,-84.2471,30.4963,-84.2309
95,142,30.4963,-84.2309,30.5149,-84.3754
142,95,30.5149,-84.3754,30.4963,-84.2309
95,143,30.4963,-84.2309,30.4713,-84.3311
143,95,30.4713,-84.3311,30.4963,-84.2309
95,144,30.4963,-84.2309,30.4461,-84.3207
144,95,30.4461,-84.3207,30.4963,-84.2309
95,146,30.4963,-84.2309,30.4912,-84.1908
146,95,30.4912,-84.1908,30.4963,-84.2309
95,147,30.4963,-84.2309,30.5124,-84.1967
147,95,30.5124,-84.1967,30.4963,-84.2309
95,148,30.4963,-84.2309,30.5172,-84.2642
148,95,30.5172,-84.2642,30.4963,-84.2309
95,149,30.4963,-84.2309,30.3887,-84.3647
149,95,30.3887,-84.3647,30.4963,-84.2309
97,98,30.3785,-84.2864,30.527,-84.2767
98,97,30.527,-84.2767,30.3785,-84.2864
97,100,30.3785,-84.2864,30.4674,-84.2785
100,97,30.4674,-84.2785,30.3785,-84.2864
97,102,30.3785,-84.2864,30.3702,-84.2022
102,97,30.3702,-84.2022,30.3785,-84.2864
97,103,30.3785,-84.2864,30.3684,-84.2249
103,97,30.3684,-84.2249,30.3785,-84.2864
97,105,30.3785,-84.2864,30.4403,-84.2392
105,97,30.4403,-84.2392,30.3785,-84.2864
97,106,30.3785,-84.2864,30.3822,-84.3098
106,97,30.3822,-84.3098,30.3785,-84.2864
97,107,30.3785,-84.2864,30.5161,-84.2171
107,97,30.5161,-84.2171,30.3785,-84.2864
97,108,30.3785,-84.2864,30.4616,-84.1983
108,97,30.4616,-84.1983,30.3785,-84.2864
97,109,30.3785,-84.2864,30.4767,-84.2064
109,97,30.4767,-84.2064,30.3785,-84.2864
97,110,30.3785,-84.2864,30.3621,-84.2092
110,97,30.3621,-84.2092,30.3785,-84.2864
97,111,30.3785,-84.2864,30.5031,-84.2072
111,97,30.5031,-84.2072,30.3785,-84.2864
97,113,30.3785,-84.2864,30.354,-84.209
113,97,30.354,-84.209,30.3785,-84.2864
97,115,30.3785,-84.2864,30.4421,-84.3036
115,97,30.4421,-84.3036,30.3785,-84.2864
97,118,30.3785,-84.2864,30.4332,-84.2085
118,97,30.4332,-84.2085,30.3785,-84.2864
97,119,30.3785,-84.2864,30.4596,-84.1848
119,97,30.4596,-84.1848,30.3785,-84.2864
97,122,30.3785,-84.2864,30.46,-84.2377
122,97,30.46,-84.2377,30.3785,-84.2864
97,123,30.3785,-84.2864,30.3816,-84.3514
123,97,30.3816,-84.3514,30.3785,-84.2864
97,124,30.3785,-84.2864,30.5073,-84.3707
124,97,30.5073,-84.3707,30.3785,-84.2864
97,125,30.3785,-84.2864,30.4793,-84.2635
125,97,30.4793,-84.2635,30.3785,-84.2864
97,127,30.3785,-84.2864,30.3916,-84.2179
127,97,30.3916,-84.2179,30.3785,-84.2864
97,128,30.3785,-84.2864,30.3865,-84.3463
128,97,30.3865,-84.3463,30.3785,-84.2864
97,129,30.3785,-84.2864,30.4469,-84.3221
129,97,30.4469,-84.3221,30.3785,-84.2864
97,132,30.3785,-84.2864,30.4188,-84.3245
132,97,30.4188,-84.3245,30.3785,-84.2864
97,133,30.3785,-84.2864,30.493,-84.2922
133,97,30.493,-84.2922,30.3785,-84.2864
97,134,30.3785,-84.2864,30.445,-84.3428
134,97,30.445,-84.3428,30.3785,-84.2864
97,135,30.3785,-84.2864,30.3622,-84.2653
135,97,30.3622,-84.2653,30.3785,-84.2864
97,138,30.3785,-84.2864,30.4971,-84.1916
138,97,30.4971,-84.1916,30.3785,-84.2864
97,139,30.3785,-84.2864,30.3713,-84.3221
139,97,30.3713,-84.3221,30.3785,-84.2864
97,140,30.3785,-84.2864,30.4319,-84.2471
140,97,30.4319,-84.2471,30.3785,-84.2864
97,142,30.3785,-84.2864,30.5149,-84.3754
142,97,30.5149,-84.3754,30.3785,-84.2864
97,143,30.3785,-84.2864,30.4713,-84.3311
143,97,30.4713,-84.3311,30.3785,-84.2864
97,144,30.3785,-84.2864,30.4461,-84.3207
144,97,30.4461,-84.3207,30.3785,-84.2864
97,146,30.3785,-84.2864,30.4912,-84.1908
146,97,30.4912,-84.1908,30.3785,-84.2864
97,147,30.3785,-84.2864,30.5124,-84.1967
147,97,30.5124,-84.1967,30.3785,-84.2864
97,148,30.3785,-84.2864,30.5172,-84.2642
148,97,30.5172,-84.2642,30.3785,-84.2864
97,149,30.3785,-84.2864,30.3887,-84.3647
149,97,30.3887,-84.3647,30.3785,-84.2864
98,100,30.527,-84.2767,30.4674,-84.2785
100,98,30.4674,-84.2785,30.527,-84.2767
98,102,30.527,-84.2767,30.3702,-84.2022
102,98,30.3702,-84.2022,30.527,-84.2767
98,103,30.527,-84.2767,30.3684,-84.2249
103,98,30.3684,-84.2249,30.527,-84.2767
98,105,30.527,-84.2767,30.4403,-84.2392
105,98,30.4403,-84.2392,30.527,-84.2767
98,106,30.527,-84.2767,30.3822,-84.3098
106,98,30.3822,-84.3098,30.527,-84.2767
98,107,30.527,-84.2767,30.5161,-84.2171
107,98,30.5161,-84.2171,30.527,-84.2767
98,108,30.527,-84.2767,30.4616,-84.1983
108,98,30.4616,-84.1983,30.527,-84.2767
98,109,30.527,-84.2767,30.4767,-84.2064
109,98,30.4767,-84.2064,30.527,-84.2767
98,110,30.527,-84.2767,30.3621,-84.2092
110,98,30.3621,-84.2092,30.527,-84.2767
98,111,30.527,-84.2767,30.5031,-84.2072
111,98,30.5031,-84.2072,30.527,-84.2767
98,113,30.527,-84.2767,30.354,-84.209
113,98,30.354,-84.209,30.527,-84.2767
98,115,30.527,-84.2767,30.4421,-84.3036
115,98,30.4421,-84.3036,30.527,-84.2767
98,118,30.527,-84.2767,30.4332,-84.2085
118,98,30.4332,-84.2085,30.527,-84.2767
98,119,30.527,-84.2767,30.4596,-84.1848
119,98,30.4596,-84.1848,30.527,-84.2767
98,122,30.527,-84.2767,30.46,-84.2377
122,98,30.46,-84.2377,30.527,-84.2767
98,123,30.527,-84.2767,30.3816,-84.3514
123,98,30.3816,-84.3514,30.527,-84.2767
98,124,30.527,-84.2767,30.5073,-84.3707
124,98,30.5073,-84.3707,30.527,-84.2767
98,125,30.527,-84.2767,30.4793,-84.2635
125,98,30.4793,-84.2635,30.527,-84.2767
98,127,30.527,-84.2767,30.3916,-84.2179
127,98,30.3916,-84.2179,30.527,-84.2767
98,128,30.527,-84.2767,30.3865,-84.3463
128,98,30.3865,-84.3463,30.527,-84.2767
98,129,30.527,-84.2767,30.4469,-84.3221
129,98,30.4469,-84.3221,30.527,-84.2767
98,132,30.527,-84.2767,30.4188,-84.3245
132,98,30.4188,-84.3245,30.527,-84.2767
98,133,30.527,-84.2767,30.493,-84.2922
133,98,30.493,-84.2922,30.527,-84.2767
98,134,30.527,-84.2767,30.445,-84.3428
134,98,30.445,-84.3428,30.527,-84.2767
98,135,30.527,-84.2767,30.3622,-84.2653
135,98,30.3622,-84.2653,30.527,-84.2767
98,138,30.527,-84.2767,30.4971,-84.1916
138,98,30.4971,-84.1916,30.527,-84.2767
98,139,30.527,-84.2767,30.3713,-84.3221
139,98,30.3713,-84.3221,30.527,-84.2767
98,140,30.527,-84.2767,30.4319,-84.2471
140,98,30.4319,-84.2471,30.527,-84.2767
98,142,30.527,-84.2767,30.5149,-84.3754
142,98,30.5149,-84.3754,30.527,-84.2767
98,143,30.527,-84.2767,30.4713,-84.3311
143,98,30.4713,-84.3311,30.527,-84.2767
98,144,30.527,-84.2767,30.4461,-84.3207
144,98,30.4461,-84.3207,30.527,-84.2767
98,146,30.527,-84.2767,30.4912,-84.1908
146,98,30.4912,-84.1908,30.527,-84.2767
98,147,30.527,-84.2767,30.5124,-84.1967
147,98,30.5124,-84.1967,30.527,-84.2767
98,148,30.527,-84.2767,30.5172,-84.2642
148,98,30.5172,-84.2642,30.527,-84.2767
98,149,30.527,-84.2767,30.3887,-84.3647
149,98,30.3887,-84.3647,30.527,-84.2767
100,102,30.4674,-84.2785,30.3702,-84.2022
102,100,30.3702,-84.2022,30.4674,-84.2785
100,103,30.4674,-84.2785,30.3684,-84.2249
103,100,30.3684,-84.2249,30.4674,-84.2785
100,105,30.4674,-84.2785,30.4403,-84.2392
105,100,30.4403,-84.2392,30.4674,-84.2785
100,106,30.4674,-84.2785,30.3822,-84.3098
106,100,30.3822,-84.3098,30.4674,-84.2785
100,107,30.4674,-84.2785,30.5161,-84.2171
107,100,30.5161,-84.2171,30.4674,-84.2785
100,108,30.4674,-84.2785,30.4616,-84.1983
108,100,30.4616,-84.1983,30.4674,-84.2785
100,109,30.4674,-84.2785,30.4767,-84.2064
109,100,30.4767,-84.2064,30.4674,-84.2785
100,110,30.4674,-84.2785,30.3621,-84.2092
110,100,30.3621,-84.2092,30.4674,-84.2785
100,111,30.4674,-84.2785,30.5031,-84.2072
111,100,30.5031,-84.2072,30.4674,-84.2785
100,113,30.4674,-84.2785,30.354,-84.209
113,100,30.354,-84.209,30.4674,-84.2785
100,115,30.4674,-84.2785,30.4421,-84.3036
115,100,30.4421,-84.3036,30.4674,-84.2785
100,118,30.4674,-84.2785,30.4332,-84.2085
118,100,30.4332,-84.2085,30.4674,-84.2785
100,119,30.4674,-84.2785,30.4596,-84.1848
119,100,30.4596,-84.1848,30.4674,-84.2785
100,122,30.4674,-84.2785,30.46,-84.2377
122,100,30.46,-84.2377,30.4674,-84.2785
100,123,30.4674,-84.2785,30.3816,-84.3514
123,100,30.3816,-84.3514,30.4674,-84.2785
100,124,30.4674,-84.2785,30.5073,-84.3707
124,100,30.5073,-84.3707,30.4674,-84.2785
100,125,30.4674,-84.2785,30.4793,-84.2635
125,100,30.4793,-84.2635,30.4674,-84.2785
100,127,30.4674,-84.2785,30.3916,-84.2179
127,100,30.3916,-84.2179,30.4674,-84.2785
100,128,30.4674,-84.2785,30.3865,-84.3463
128,100,30.3865,-84.3463,30.4674,-84.2785
100,129,30.4674,-84.2785,30.4469,-84.3221
129,100,30.4469,-84.3221,30.4674,-84.2785
100,132,30.4674,-84.2785,30.4188,-84.3245
132,100,30.4188,-84.3245,30.4674,-84.2785
100,133,30.4674,-84.2785,30.493,-84.2922
133,100,30.493,-84.2922,30.4674,-84.2785
100,134,30.4674,-84.2785,30.445,-84.3428
134,100,30.445,-84.3428,30.4674,-84.2785
100,135,30.4674,-84.2785,30.3622,-84.2653
135,100,30.3622,-84.2653,30.4674,-84.2785
100,138,30.4674,-84.2785,30.4971,-84.1916
138,100,30.4971,-84.1916,30.4674,-84.2785
100,139,30.4674,-84.2785,30.3713,-84.3221
139,100,30.3713,-84.3221,30.4674,-84.2785
100,140,30.4674,-84.2785,30.4319,-84.2471
140,100,30.4319,-84.2471,30.4674,-84.2785
100,142,30.4674,-84.2785,30.5149,-84.3754
142,100,30.5149,-84.3754,30.4674,-84.2785
100,143,30.4674,-84.2785,30.4713,-84.3311
143,100,30.4713,-84.3311,30.4674,-84.2785
100,144,30.4674,-84.2785,30.4461,-84.3207
144,100,30.4461,-84.3207,30.4674,-84.2785
100,146,30.4674,-84.2785,30.4912,-84.1908
146,100,30.4912,-84.1908,30.4674,-84.2785
100,147,30.4674,-84.2785,30.5124,-84.1967
147,100,30.5124,-84.1967,30.4674,-84.2785
100,148,30.4674,-84.2785,30.5172,-84.2642
148,100,30.5172,-84.2642,30.4674,-84.2785
100,149,30.4674,-84.2785,30.3887,-84.3647
149,100,30.3887,-84.3647,30.4674,-84.2785
102,103,30.3702,-84.2022,30.3684,-84.2249
103,102,30.3684,-84.2249,30.3702,-84.2022
102,105,30.3702,-84.2022,30.4403,-84.2392
105,102,30.4403,-84.2392,30.3702,-84.2022
102,106,30.3702,-84.2022,30.3822,-84.3098
106,102,30.3822,-84.3098,30.3702,-84.2022
102,107,30.3702,-84.2022,30.5161,-84.2171
107,102,30.5161,-84.2171,30.3702,-84.2022
102,108,30.3702,-84.2022,30.4616,-84.1983
108,102,30.4616,-84.1983,30.3702,-84.2022
102,109,30.3702,-84.2022,30.4767,-84.2064
109,102,30.4767,-84.2064,30.3702,-84.2022
102,110,30.3702,-84.2022,30.3621,-84.2092
110,102,30.3621,-84.2092,30.3702,-84.2022
102,111,30.3702,-84.2022,30.5031,-84.2072
111,102,30.5031,-84.2072,30.3702,-84.2022
102,113,30.3702,-84.2022,30.354,-84.209
113,102,30.354,-84.209,30.3702,-84.2022
102,115,30.3702,-84.2022,30.4421,-84.3036
115,102,30.4421,-84.3036,30.3702,-84.2022
102,118,30.3702,-84.2022,30.4332,-84.2085
118,102,30.4332,-84.2085,30.3702,-84.2022
102,119,30.3702,-84.2022,30.4596,-84.1848
119,102,30.4596,-84.1848,30.3702,-84.2022
102,122,30.3702,-84.2022,30.46,-84.2377
122,102,30.46,-84.2377,30.3702,-84.2022
102,123,30.3702,-84.2022,30.3816,-84.3514
123,102,30.3816,-84.3514,30.3702,-84.2022
102,124,30.3702,-84.2022,30.5073,-84.3707
124,102,30.5073,-84.3707,30.3702,-84.2022
102,125,30.3702,-84.2022,30.4793,-84.2635
125,102,30.4793,-84.2635,30.3702,-84.2022
102,127,30.3702,-84.2022,30.3916,-84.2179
127,102,30.3916,-84.2179,30.3702,-84.2022
102,128,30.3702,-84.2022,30.3865,-84.3463
128,102,30.3865,-84.3463,30.3702,-84.2022
102,129,30.3702,-84.2022,30.4469,-84.3221
129,102,30.4469,-84.3221,30.3702,-84.2022
102,132,30.3702,-84.2022,30.4188,-84.3245
132,102,30.4188,-84.3245,30.3702,-84.2022
102,133,30.3702,-84.2022,30.493,-84.2922
133,102,30.493,-84.2922,30.3702,-84.2022
102,134,30.3702,-84.2022,30.445,-84.3428
134,102,30.445,-84.3428,30.3702,-84.2022
102,135,30.3702,-84.2022,30.3622,-84.2653
135,102,30.3622,-84.2653,30.3702,-84.2022
102,138,30.3702,-84.2022,30.4971,-84.1916
138,102,30.4971,-84.1916,30.3702,-84.2022
102,139,30.3702,-84.2022,30.3713,-84.3221
139,102,30.3713,-84.3221,30.3702,-84.2022
102,140,30.3702,-84.2022,30.4319,-84.2471
140,102,30.4319,-84.2471,30.3702,-84.2022
102,142,30.3702,-84.2022,30.5149,-84.3754
142,102,30.5149,-84.3754,30.3702,-84.2022
102,143,30.3702,-84.2022,30.4713,-84.3311
143,102,30.4713,-84.3311,30.3702,-84.2022
102,144,30.3702,-84.2022,30.4461,-84.3207
144,102,30.4461,-84.3207,30.3702,-84.2022
102,146,30.3702,-84.2022,30.4912,-84.1908
146,102,30.4912,-84.1908,30.3702,-84.2022
102,147,30.3702,-84.2022,30.5124,-84.1967
147,102,30.5124,-84.1967,30.3702,-84.2022
102,148,30.3702,-84.2022,30.5172,-84.2642
148,102,30.5172,-84.2642,30.3702,-84.2022
102,149,30.3702,-84.2022,30.3887,-84.3647
149,102,30.3887,-84.3647,30.3702,-84.2022
103,105,30.3684,-84.2249,30.4403,-84.2392
105,103,30.4403,-84.2392,30.3684,-84.2249
103,106,30.3684,-84.2249,30.3822,-84.3098
106,103,30.3822,-84.3098,30.3684,-84.2249
103,107,30.3684,-84.2249,30.5161,-84.2171
107,103,30.5161,-84.2171,30.3684,-84.2249
103,108,30.3684,-84.2249,30.4616,-84.1983
108,103,30.4616,-84.1983,30.3684,-84.2249
103,109,30.3684,-84.2249,30.4767,-84.2064
109,103,30.4767,-84.2064,30.3684,-84.2249
103,110,30.3684,-84.2249,30.3621,-84.2092
110,103,30.3621,-84.2092,30.3684,-84.2249
103,111,30.3684,-84.2249,30.5031,-84.2072
111,103,30.5031,-84.2072,30.3684,-84.2249
103,113,30.3684,-84.2249,30.354,-84.209
113,103,30.354,-84.209,30.3684,-84.2249
103,115,30.3684,-84.2249,30.4421,-84.3036
115,103,30.4421,-84.3036,30.3684,-84.2249
103,118,30.3684,-84.2249,30.4332,-84.2085
118,103,30.4332,-84.2085,30.3684,-84.2249
103,119,30.3684,-84.2249,30.4596,-84.1848
119,103,30.4596,-84.1848,30.3684,-84.2249
103,122,30.3684,-84.2249,30.46,-84.2377
122,103,30.46,-84.2377,30.3684,-84.2249
103,123,30.3684,-84.2249,30.3816,-84.3514
123,103,30.3816,-84.3514,30.3684,-84.2249
103,124,30.3684,-84.2249,30.5073,-84.3707
124,103,30.5073,-84.3707,30.3684,-84.2249
103,125,30.3684,-84.2249,30.4793,-84.2635
125,103,30.4793,-84.2635,30.3684,-84.2249
103,127,30.3684,-84.2249,30.3916,-84.2179
127,103,30.3916,-84.2179,30.3684,-84.2249
103,128,30.3684,-84.2249,30.3865,-84.3463
128,103,30.3865,-84.3463,30.3684,-84.2249
103,129,30.3684,-84.2249,30.4469,-84.3221
129,103,30.4469,-84.3221,30.3684,-84.2249
103,132,30.3684,-84.2249,30.4188,-84.3245
132,103,30.4188,-84.3245,30.3684,-84.2249
103,133,30.3684,-84.2249,30.493,-84.2922
133,103,30.493,-84.2922,30.3684,-84.2249
103,134,30.3684,-84.2249,30.445,-84.3428
134,103,30.445,-84.3428,30.3684,-84.2249
103,135,30.3684,-84.2249,30.3622,-84.2653
135,103,30.3622,-84.2653,30.3684,-84.2249
103,138,30.3684,-84.2249,30.4971,-84.1916
138,103,30.4971,-84.1916,30.3684,-84.2249
103,139,30.3684,-84.2249,30.3713,-84.3221
139,103,30.3713,-84.3221,30.3684,-84.2249
103,140,30.3684,-84.2249,30.4319,-84.2471
140,103,30.4319,-84.2471,30.3684,-84.2249
103,142,30.3684,-84.2249,30.5149,-84.3754
142,103,30.5149,-84.3754,30.3684,-84.2249
103,143,30.3684,-84.2249,30.4713,-84.3311
143,103,30.4713,-84.3311,30.3684,-84.2249
103,144,30.3684,-84.2249,30.4461,-84.3207
144,103,30.4461,-84.3207,30.3684,-84.2249
103,146,30.3684,-84.2249,30.4912,-84.1908
146,103,30.4912,-84.1908,30.3684,-84.2249
103,147,30.3684,-84.2249,30.5124,-84.1967
147,103,30.5124,-84.1967,30.3684,-84.2249
103,148,30.3684,-84.2249,30.5172,-84.2642
148,103,30.5172,-84.2642,30.3684,-84.2249
103,149,30.3684,-84.2249,30.3887,-84.3647
149,103,30.3887,-84.3647,30.3684,-84.2249
105,106,30.4403,-84.2392,30.3822,-84.3098
106,105,30.3822,-84.3098,30.4403,-84.2392
105,107,30.4403,-84.2392,30.5161,-84.2171
107,105,30.5161,-84.2171,30.4403,-84.2392
105,108,30.4403,-84.2392,30.4616,-84.1983
108,105,30.4616,-84.1983,30.4403,-84.2392
105,109,30.4403,-84.2392,30.4767,-84.2064
109,105,30.4767,-84.2064,30.4403,-84.2392
105,110,30.4403,-84.2392,30.3621,-84.2092
110,105,30.3621,-84.2092,30.4403,-84.2392
105,111,30.4403,-84.2392,30.5031,-84.2072
111,105,30.5031,-84.2072,30.4403,-84.2392
105,113,30.4403,-84.2392,30.354,-84.209
113,105,30.354,-84.209,30.4403,-84.2392
105,115,30.4403,-84.2392,30.4421,-84.3036
115,105,30.4421,-84.3036,30.4403,-84.2392
105,118,30.4403,-84.2392,30.4332,-84.2085
118,105,30.4332,-84.2085,30.4403,-84.2392
105,119,30.4403,-84.2392,30.4596,-84.1848
119,105,30.4596,-84.1848,30.4403,-84.2392
105,122,30.4403,-84.2392,30.46,-84.2377
122,105,30.46,-84.2377,30.4403,-84.2392
105,123,30.4403,-84.2392,30.3816,-84.3514
123,105,30.3816,-84.3514,30.4403,-84.2392
105,124,30.4403,-84.2392,30.5073,-84.3707
124,105,30.5073,-84.3707,30.4403,-84.2392
105,125,30.4403,-84.2392,30.4793,-84.2635
125,105,30.4793,-84.2635,30.4403,-84.2392
105,127,30.4403,-84.2392,30.3916,-84.2179
127,105,30.3916,-84.2179,30.4403,-84.2392
105,128,30.4403,-84.2392,30.3865,-84.3463
128,105,30.3865,-84.3463,30.4403,-84.2392
105,129,30.4403,-84.2392,30.4469,-84.3221
129,105,30.4469,-84.3221,30.4403,-84.2392
105,132,30.4403,-84.2392,30.4188,-84.3245
132,105,30.4188,-84.3245,30.4403,-84.2392
105,133,30.4403,-84.2392,30.493,-84.2922
133,105,30.493,-84.2922,30.4403,-84.2392
105,134,30.4403,-84.2392,30.445,-84.3428
134,105,30.445,-84.3428,30.4403,-84.2392
105,135,30.4403,-84.2392,30.3622,-84.2653
135,105,30.3622,-84.2653,30.4403,-84.2392
105,138,30.4403,-84.2392,30.4971,-84.1916
138,105,30.4971,-84.1916,30.4403,-84.2392
105,139,30.4403,-84.2392,30.3713,-84.3221
139,105,30.3713,-84.3221,30.4403,-84.2392
105,140,30.4403,-84.2392,30.4319,-84.2471
140,105,30.4319,-84.2471,30.4403,-84.2392
105,142,30.4403,-84.2392,30.5149,-84.3754
142,105,30.5149,-84.3754,30.4403,-84.2392
105,143,30.4403,-84.2392,30.4713,-84.3311
143,105,30.4713,-84.3311,30.4403,-84.2392
105,144,30.4403,-84.2392,30.4461,-84.3207
144,105,30.4461,-84.3207,30.4403,-84.2392
105,146,30.4403,-84.2392,30.4912,-84.1908
146,105,30.4912,-84.1908,30.4403,-84.2392
105,147,30.4403,-84.2392,30.5124,-84.1967
147,105,30.5124,-84.1967,30.4403,-84.2392
105,148,30.4403,-84.2392,30.5172,-84.2642
148,105,30.5172,-84.2642,30.4403,-84.2392
105,149,30.4403,-84.2392,30.3887,-84.3647
149,105,30.3887,-84.3647,30.4403,-84.2392
106,107,30.3822,-84.3098,30.5161,-84.2171
107,106,30.5161,-84.2171,30.3822,-84.3098
106,108,30.3822,-84.3098,30.4616,-84.1983
108,106,30.4616,-84.1983,30.3822,-84.3098
106,109,30.3822,-84.3098,30.4767,-84.2064
109,106,30.4767,-84.2064,30.3822,-84.3098
106,110,30.3822,-84.3098,30.3621,-84.2092
110,106,30.3621,-84.2092,30.3822,-84.3098
106,111,30.3822,-84.3098,30.5031,-84.2072
111,106,30.5031,-84.2072,30.3822,-84.3098
106,113,30.3822,-84.3098,30.354,-84.209
113,106,30.354,-84.209,30.3822,-84.3098
106,115,30.3822,-84.3098,30.4421,-84.3036
115,106,30.4421,-84.3036,30.3822,-84.3098
106,118,30.3822,-84.3098,30.4332,-84.2085
118,106,30.4332,-84.2085,30.3822,-84.3098
106,119,30.3822,-84.3098,30.4596,-84.1848
119,106,30.4596,-84.1848,30.3822,-84.3098
106,122,30.3822,-84.3098,30.46,-84.2377
122,106,30.46,-84.2377,30.3822,-84.3098
106,123,30.3822,-84.3098,30.3816,-84.3514
123,106,30.3816,-84.3514,30.3822,-84.3098
106,124,30.3822,-84.3098,30.5073,-84.3707
124,106,30.5073,-84.3707,30.3822,-84.3098
106,125,30.3822,-84.3098,30.4793,-84.2635
125,106,30.4793,-84.2635,30.3822,-84.3098
106,127,30.3822,-84.3098,30.3916,-84.2179
127,106,30.3916,-84.2179,30.3822,-84.3098
106,128,30.3822,-84.3098,30.3865,-84.3463
128,106,30.3865,-84.3463,30.3822,-84.3098
106,129,30.3822,-84.3098,30.4469,-84.3221
129,106,30.4469,-84.3221,30.3822,-84.3098
106,132,30.3822,-84.3098,30.4188,-84.3245
132,106,30.4188,-84.3245,30.3822,-84.3098
106,133,30.3822,-84.3098,30.493,-84.2922
133,106,30.493,-84.2922,30.3822,-84.3098
106,134,30.3822,-84.3098,30.445,-84.3428
134,106,30.445,-84.3428,30.3822,-84.3098
106,135,30.3822,-84.3098,30.3622,-84.2653
135,106,30.3622,-84.2653,30.3822,-84.3098
106,138,30.3822,-84.3098,30.4971,-84.1916
138,106,30.4971,-84.1916,30.3822,-84.3098
106,139,30.3822,-84.3098,30.3713,-84.3221
139,106,30.3713,-84.3221,30.3822,-84.3098
106,140,30.3822,-84.3098,30.4319,-84.2471
140,106,30.4319,-84.2471,30.3822,-84.3098
106,142,30.3822,-84.3098,30.5149,-84.3754
142,106,30.5149,-84.3754,30.3822,-84.3098
106,143,30.3822,-84.3098,30.4713,-84.3311
143,106,30.4713,-84.3311,30.3822,-84.3098
106,144,30.3822,-84.3098,30.4461,-84.3207
144,106,30.4461,-84.3207,30.3822,-84.3098
106,146,30.3822,-84.3098,30.4912,-84.1908
146,106,30.4912,-84.1908,30.3822,-84.3098
106,147,30.3822,-84.3098,30.5124,-84.1967
147,106,30.5124,-84.1967,30.3822,-84.3098
106,148,30.3822,-84.3098,30.5172,-84.2642
148,106,30.5172,-84.2642,30.3822,-84.3098
106,149,30.3822,-84.3098,30.3887,-84.3647
149,106,30.3887,-84.3647,30.3822,-84.3098
107,108,30.5161,-84.2171,30.4616,-84.1983
108,107,30.4616,-84.1983,30.5161,-84.2171
107,109,30.5161,-84.2171,30.4767,-84.2064
109,107,30.4767,-84.2064,30.5161,-84.2171
107,110,30.5161,-84.2171,30.3621,-84.2092
110,107,30.3621,-84.2092,30.5161,-84.2171
107,111,30.5161,-84.2171,30.5031,-84.2072
111,107,30.5031,-84.2072,30.5161,-84.2171
107,113,30.5161,-84.2171,30.354,-84.209
113,107,30.354,-84.209,30.5161,-84.2171
107,115,30.5161,-84.2171,30.4421,-84.3036
115,107,30.4421,-84.3036,30.5161,-84.2171
107,118,30.5161,-84.2171,30.4332,-84.2085
118,107,30.4332,-84.2085,30.5161,-84.2171
107,119,30.5161,-84.2171,30.4596,-84.1848
119,107,30.4596,-84.1848,30.5161,-84.2171
107,122,30.5161,-84.2171,30.46,-84.2377
122,107,30.46,-84.2377,30.5161,-84.2171
107,123,30.5161,-84.2171,30.3816,-84.3514
123,107,30.3816,-84.3514,30.5161,-84.2171
107,124,30.5161,-84.2171,30.5073,-84.3707
124,107,30.5073,-84.3707,30.5161,-84.2171
107,125,30.5161,-84.2171,30.4793,-84.2635
125,107,30.4793,-84.2635,30.5161,-84.2171
107,127,30.5161,-84.2171,30.3916,-84.2179
127,107,30.3916,-84.2179,30.5161,-84.2171
107,128,30.5161,-84.2171,30.3865,-84.3463
128,107,30.3865,-84.3463,30.5161,-84.2171
107,129,30.5161,-84.2171,30.4469,-84.3221
129,107,30.4469,-84.3221,30.5161,-84.2171
107,132,30.5161,-84.2171,30.4188,-84.3245
132,107,30.4188,-84.3245,30.5161,-84.2171
107,133,30.5161,-84.2171,30.493,-84.2922
133,107,30.493,-84.2922,30.5161,-84.2171
107,134,30.5161,-84.2171,30.445,-84.3428
134,107,30.445,-84.3428,30.5161,-84.2171
107,135,30.5161,-84.2171,30.3622,-84.2653
135,107,30.3622,-84.2653,30.5161,-84.2171
107,138,30.5161,-84.2171,30.4971,-84.1916
138,107,30.4971,-84.1916,30.5161,-84.2171
107,139,30.5161,-84.2171,30.3713,-84.3221
139,107,30.3713,-84.3221,30.5161,-84.2171
107,140,30.5161,-84.2171,30.4319,-84.2471
140,107,30.4319,-84.2471,30.5161,-84.2171
107,142,30.5161,-84.2171,30.5149,-84.3754
142,107,30.5149,-84.3754,30.5161,-84.2171
107,143,30.5161,-84.2171,30.4713,-84.3311
143,107,30.4713,-84.3311,30.5161,-84.2171
107,144,30.5161,-84.2171,30.4461,-84.3207
144,107,30.4461,-84.3207,30.5161,-84.2171
107,146,30.5161,-84.2171,30.4912,-84.1908
146,107,30.4912,-84.1908,30.5161,-84.2171
107,147,30.5161,-84.2171,30.5124,-84.1967
147,107,30.5124,-84.1967,30.5161,-84.2171
107,148,30.5161,-84.2171,30.5172,-84.2642
148,107,30.5172,-84.2642,30.5161,-84.2171
107,149,30.5161,-84.2171,30.3887,-84.3647
149,107,30.3887,-84.3647,30.5161,-84.2171
108,109,30.4616,-84.1983,30.4767,-84.2064
109,108,30.4767,-84.2064,30.4616,-84.1983
108,110,30.4616,-84.1983,30.3621,-84.2092
110,108,30.3621,-84.2092,30.4616,-84.1983
108,111,30.4616,-84.1983,30.5031,-84.2072
111,108,30.5031,-84.2072,30.4616,-84.1983
108,113,30.4616,-84.1983,30.354,-84.209
113,108,30.354,-84.209,30.4616,-84.1983
108,115,30.4616,-84.1983,30.4421,-84.3036
115,108,30.4421,-84.3036,30.4616,-84.1983
108,118,30.4616,-84.1983,30.4332,-84.2085
118,108,30.4332,-84.2085,30.4616,-84.1983
108,119,30.4616,-84.1983,30.4596,-84.1848
119,108,30.4596,-84.1848,30.4616,-84.1983
108,122,30.4616,-84.1983,30.46,-84.2377
122,108,30.46,-84.2377,30.4616,-84.1983
108,123,30.4616,-84.1983,30.3816,-84.3514
123,108,30.3816,-84.3514,30.4616,-84.1983
108,124,30.4616,-84.1983,30.5073,-84.3707
124,108,30.5073,-84.3707,30.4616,-84.1983
108,125,30.4616,-84.1983,30.4793,-84.2635
125,108,30.4793,-84.2635,30.4616,-84.1983
108,127,30.4616,-84.1983,30.3916,-84.2179
127,108,30.3916,-84.2179,30.4616,-84.1983
108,128,30.4616,-84.1983,30.3865,-84.3463
128,108,30.3865,-84.3463,30.4616,-84.1983
108,129,30.4616,-84.1983,30.4469,-84.3221
129,108,30.4469,-84.3221,30.4616,-84.1983
108,132,30.4616,-84.1983,30.4188,-84.3245
132,108,30.4188,-84.3245,30.4616,-84.1983
108,133,30.4616,-84.1983,30.493,-84.2922
133,108,30.493,-84.2922,30.4616,-84.1983
108,134,30.4616,-84.1983,30.445,-84.3428
134,108,30.445,-84.3428,30.4616,-84.1983
108,135,30.4616,-84.1983,30.3622,-84.2653
135,108,30.3622,-84.2653,30.4616,-84.1983
108,138,30.4616,-84.1983,30.4971,-84.1916
138,108,30.4971,-84.1916,30.4616,-84.1983
108,139,30.4616,-84.1983,30.3713,-84.3221
139,108,30.3713,-84.3221,30.4616,-84.1983
108,140,30.4616,-84.1983,30.4319,-84.2471
140,108,30.4319,-84.2471,30.4616,-84.1983
108,142,30.4616,-84.1983,30.5149,-84.3754
142,108,30.5149,-84.3754,30.4616,-84.1983
108,143,30.4616,-84.1983,30.4713,-84.3311
143,108,30.4713,-84.3311,30.4616,-84.1983
108,144,30.4616,-84.1983,30.4461,-84.3207
144,108,30.4461,-84.3207,30.4616,-84.1983
108,146,30.4616,-84.1983,30.4912,-84.1908
146,108,30.4912,-84.1908,30.4616,-84.1983
108,147,30.4616,-84.1983,30.5124,-84.1967
147,108,30.5124,-84.1967,30.4616,-84.1983
108,148,30.4616,-84.1983,30.5172,-84.2642
148,108,30.5172,-84.2642,30.4616,-84.1983
108,149,30.4616,-84.1983,30.3887,-84.3647
149,108,30.3887,-84.3647,30.4616,-84.1983
109,110,30.4767,-84.2064,30.3621,-84.2092
110,109,30.3621,-84.2092,30.4767,-84.2064
109,111,30.4767,-84.2064,30.5031,-84.2072
111,109,30.5031,-84.2072,30.4767,-84.2064
109,113,30.4767,-84.2064,30.354,-84.209
113,109,30.354,-84.209,30.4767,-84.2064
109,115,30.4767,-84.2064,30.4421,-84.3036
115,109,30.4421,-84.3036,30.4767,-84.2064
109,118,30.4767,-84.2064,30.4332,-84.2085
118,109,30.4332,-84.2085,30.4767,-84.2064
109,119,30.4767,-84.2064,30.4596,-84.1848
119,109,30.4596,-84.1848,30.4767,-84.2064
109,122,30.4767,-84.2064,30.46,-84.2377
122,109,30.46,-84.2377,30.4767,-84.2064
109,123,30.4767,-84.2064,30.3816,-84.3514
123,109,30.3816,-84.3514,30.4767,-84.2064
109,124,30.4767,-84.2064,30.5073,-84.3707
124,109,30.5073,-84.3707,30.4767,-84.2064
109,125,30.4767,-84.2064,30.4793,-84.2635
125,109,30.4793,-84.2635,30.4767,-84.2064
109,127,30.4767,-84.2064,30.3916,-84.2179
127,109,30.3916,-84.2179,30.4767,-84.2064
109,128,30.4767,-84.2064,30.3865,-84.3463
128,109,30.3865,-84.3463,30.4767,-84.2064
109,129,30.4767,-84.2064,30.4469,-84.3221
129,109,30.4469,-84.3221,30.4767,-84.2064
109,132,30.4767,-84.2064,30.4188,-84.3245
132,109,30.4188,-84.3245,30.4767,-84.2064
109,133,30.4767,-84.2064,30.493,-84.2922
133,109,30.493,-84.2922,30.4767,-84.2064
109,134,30.4767,-84.2064,30.445,-84.3428
134,109,30.445,-84.3428,30.4767,-84.2064
109,135,30.4767,-84.2064,30.3622,-84.2653
135,109,30.3622,-84.2653,30.4767,-84.2064
109,138,30.4767,-84.2064,30.4971,-84.1916
138,109,30.4971,-84.1916,30.4767,-84.2064
109,139,30.4767,-84.2064,30.3713,-84.3221
139,109,30.3713,-84.3221,30.4767,-84.2064
109,140,30.4767,-84.2064,30.4319,-84.2471
140,109,30.4319,-84.2471,30.4767,-84.2064
109,142,30.4767,-84.2064,30.5149,-84.3754
142,109,30.5149,-84.3754,30.4767,-84.2064
109,143,30.4767,-84.2064,30.4713,-84.3311
143,109,30.4713,-84.3311,30.4767,-84.2064
109,144,30.4767,-84.2064,30.4461,-84.3207
144,109,30.4461,-84.3207,30.4767,-84.2064
109,146,30.4767,-84.2064,30.4912,-84.1908
146,109,30.4912,-84.1908,30.4767,-84.2064
109,147,30.4767,-84.2064,30.5124,-84.1967
147,109,30.5124,-84.1967,30.4767,-84.2064
109,148,30.4767,-84.2064,30.5172,-84.2642
148,109,30.5172,-84.2642,30.4767,-84.2064
109,149,30.4767,-84.2064,30.3887,-84.3647
149,109,30.3887,-84.3647,30.4767,-84.2064
110,111,30.3621,-84.2092,30.5031,-84.2072
111,110,30.5031,-84.2072,30.3621,-84.2092
110,113,30.3621,-84.2092,30.354,-84.209
113,110,30.354,-84.209,30.3621,-84.2092
110,115,30.3621,-84.2092,30.4421,-84.3036
115,110,30.4421,-84.3036,30.3621,-84.2092
110,118,30.3621,-84.2092,30.4332,-84.2085
118,110,30.4332,-84.2085,30.3621,-84.2092
110,119,30.3621,-84.2092,30.4596,-84.1848
119,110,30.4596,-84.1848,30.3621,-84.2092
110,122,30.3621,-84.2092,30.46,-84.2377
122,110,30.46,-84.2377,30.3621,-84.2092
110,123,30.3621,-84.2092,30.3816,-84.3514
123,110,30.3816,-84.3514,30.3621,-84.2092
110,124,30.3621,-84.2092,30.5073,-84.3707
124,110,30.5073,-84.3707,30.3621,-84.2092
110,125,30.3621,-84.2092,30.4793,-84.2635
125,110,30.4793,-84.2635,30.3621,-84.2092
110,127,30.3621,-84.2092,30.3916,-84.2179
127,110,30.3916,-84.2179,30.3621,-84.2092
110,128,30.3621,-84.2092,30.3865,-84.3463
128,110,30.3865,-84.3463,30.3621,-84.2092
110,129,30.3621,-84.2092,30.4469,-84.3221
129,110,30.4469,-84.3221,30.3621,-84.2092
110,132,30.3621,-84.2092,30.4188,-84.3245
132,110,30.4188,-84.3245,30.3621,-84.2092
110,133,30.3621,-84.2092,30.493,-84.2922
133,110,30.493,-84.2922,30.3621,-84.2092
110,134,30.3621,-84.2092,30.445,-84.3428
134,110,30.445,-84.3428,30.3621,-84.2092
110,135,30.3621,-84.2092,30.3622,-84.2653
135,110,30.3622,-84.2653,30.3621,-84.2092
110,138,30.3621,-84.2092,30.4971,-84.1916
138,110,30.4971,-84.1916,30.3621,-84.2092
110,139,30.3621,-84.2092,30.3713,-84.3221
139,110,30.3713,-84.3221,30.3621,-84.2092
110,140,30.3621,-84.2092,30.4319,-84.2471
140,110,30.4319,-84.2471,30.3621,-84.2092
110,142,30.3621,-84.2092,30.5149,-84.3754
142,110,30.5149,-84.3754,30.3621,-84.2092
110,143,30.3621,-84.2092,30.4713,-84.3311
143,110,30.4713,-84.3311,30.3621,-84.2092
110,144,30.3621,-84.2092,30.4461,-84.3207
144,110,30.4461,-84.3207,30.3621,-84.2092
110,146,30.3621,-84.2092,30.4912,-84.1908
146,110,30.4912,-84.1908,30.3621,-84.2092
110,147,30.3621,-84.2092,30.5124,-84.1967
147,110,30.5124,-84.1967,30.3621,-84.2092
110,148,30.3621,-84.2092,30.5172,-84.2642
148,110,30.5172,-84.2642,30.3621,-84.2092
110,149,30.3621,-84.2092,30.3887,-84.3647
149,110,30.3887,-84.3647,30.3621,-84.2092
111,113,30.5031,-84.2072,30.354,-84.209
113,111,30.354,-84.209,30.5031,-84.2072
111,115,30.5031,-84.2072,30.4421,-84.3036
115,111,30.4421,-84.3036,30.5031,-84.2072
111,118,30.5031,-84.2072,30.4332,-84.2085
118,111,30.4332,-84.2085,30.5031,-84.2072
111,119,30.5031,-84.2072,30.4596,-84.1848
119,111,30.4596,-84.1848,30.5031,-84.2072
111,122,30.5031,-84.2072,30.46,-84.2377
122,111,30.46,-84.2377,30.5031,-84.2072
111,123,30.5031,-84.2072,30.3816,-84.3514
123,111,30.3816,-84.3514,30.5031,-84.2072
111,124,30.5031,-84.2072,30.5073,-84.3707
124,111,30.5073,-84.3707,30.5031,-84.2072
111,125,30.5031,-84.2072,30.4793,-84.2635
125,111,30.4793,-84.2635,30.5031,-84.2072
111,127,30.5031,-84.2072,30.3916,-84.2179
127,111,30.3916,-84.2179,30.5031,-84.2072
111,128,30.5031,-84.2072,30.3865,-84.3463
128,111,30.3865,-84.3463,30.5031,-84.2072
111,129,30.5031,-84.2072,30.4469,-84.3221
129,111,30.4469,-84.3221,30.5031,-84.2072
111,132,30.5031,-84.2072,30.4188,-84.3245
132,111,30.4188,-84.3245,30.5031,-84.2072
111,133,30.5031,-84.2072,30.493,-84.2922
133,111,30.493,-84.2922,30.5031,-84.2072
111,134,30.5031,-84.2072,30.445,-84.3428
134,111,30.445,-84.3428,30.5031,-84.2072
111,135,30.5031,-84.2072,30.3622,-84.2653
135,111,30.3622,-84.2653,30.5031,-84.2072
111,138,30.5031,-84.2072,30.4971,-84.1916
138,111,30.4971,-84.1916,30.5031,-84.2072
111,139,30.5031,-84.2072,30.3713,-84.3221
139,111,30.3713,-84.3221,30.5031,-84.2072
111,140,30.5031,-84.2072,30.4319,-84.2471
140,111,30.4319,-84.2471,30.5031,-84.2072
111,142,30.5031,-84.2072,30.5149,-84.3754
142,111,30.5149,-84.3754,30.5031,-84.2072
111,143,30.5031,-84.2072,30.4713,-84.3311
143,111,30.4713,-84.3311,30.5031,-84.2072
111,144,30.5031,-84.2072,30.4461,-84.3207
144,111,30.4461,-84.3207,30.5031,-84.2072
111,146,30.5031,-84.2072,30.4912,-84.1908
146,111,30.4912,-84.1908,30.5031,-84.2072
111,147,30.5031,-84.2072,30.5124,-84.1967
147,111,30.5124,-84.1967,30.5031,-84.2072
111,148,30.5031,-84.2072,30.5172,-84.2642
148,111,30.5172,-84.2642,30.5031,-84.2072
111,149,30.5031,-84.2072,30.3887,-84.3647
149,111,30.3887,-84.3647,30.5031,-84.2072
113,115,30.354,-84.209,30.4421,-84.3036
115,113,30.4421,-84.3036,30.354,-84.209
113,118,30.354,-84.209,30.4332,-84.2085
118,113,30.4332,-84.2085,30.354,-84.209
113,119,30.354,-84.209,30.4596,-84.1848
119,113,30.4596,-84.1848,30.354,-84.209
113,122,30.354,-84.209,30.46,-84.2377
122,113,30.46,-84.2377,30.354,-84.209
113,123,30.354,-84.209,30.3816,-84.3514
123,113,30.3816,-84.3514,30.354,-84.209
113,124,30.354,-84.209,30.5073,-84.3707
124,113,30.5073,-84.3707,30.354,-84.209
113,125,30.354,-84.209,30.4793,-84.2635
125,113,30.4793,-84.2635,30.354,-84.209
113,127,30.354,-84.209,30.3916,-84.2179
127,113,30.3916,-84.2179,30.354,-84.209
113,128,30.354,-84.209,30.3865,-84.3463
128,113,30.3865,-84.3463,30.354,-84.209
113,129,30.354,-84.209,30.4469,-84.3221
129,113,30.4469,-84.3221,30.354,-84.209
113,132,30.354,-84.209,30.4188,-84.3245
132,113,30.4188,-84.3245,30.354,-84.209
113,133,30.354,-84.209,30.493,-84.2922
133,113,30.493,-84.2922,30.354,-84.209
113,134,30.354,-84.209,30.445,-84.3428
134,113,30.445,-84.3428,30.354,-84.209
113,135,30.354,-84.209,30.3622,-84.2653
135,113,30.3622,-84.2653,30.354,-84.209
113,138,30.354,-84.209,30.4971,-84.1916
138,113,30.4971,-84.1916,30.354,-84.209
113,139,30.354,-84.209,30.3713,-84.3221
139,113,30.3713,-84.3221,30.354,-84.209
113,140,30.354,-84.209,30.4319,-84.2471
140,113,30.4319,-84.2471,30.354,-84.209
113,142,30.354,-84.209,30.5149,-84.3754
142,113,30.5149,-84.3754,30.354,-84.209
113,143,30.354,-84.209,30.4713,-84.3311
143,113,30.4713,-84.3311,30.354,-84.209
113,144,30.354,-84.209,30.4461,-84.3207
144,113,30.4461,-84.3207,30.354,-84.209
113,146,30.354,-84.209,30.4912,-84.1908
146,113,30.4912,-84.1908,30.354,-84.209
113,147,30.354,-84.209,30.5124,-84.1967
147,113,30.5124,-84.1967,30.354,-84.209
113,148,30.354,-84.209,30.5172,-84.2642
148,113,30.5172,-84.2642,30.354,-84.209
113,149,30.354,-84.209,30.3887,-84.3647
149,113,30.3887,-84.3647,30.354,-84.209
115,118,30.4421,-84.3036,30.4332,-84.2085
118,115,30.4332,-84.2085,30.4421,-84.3036
115,119,30.4421,-84.3036,30.4596,-84.1848
119,115,30.4596,-84.1848,30.4421,-84.3036
115,122,30.4421,-84.3036,30.46,-84.2377
122,115,30.46,-84.2377,30.4421,-84.3036
115,123,30.4421,-84.3036,30.3816,-84.3514
123,115,30.3816,-84.3514,30.4421,-84.3036
115,124,30.4421,-84.3036,30.5073,-84.3707
124,115,30.5073,-84.3707,30.4421,-84.3036
115,125,30.4421,-84.3036,30.4793,-84.2635
125,115,30.4793,-84.2635,30.4421,-84.3036
115,127,30.4421,-84.3036,30.3916,-84.2179
127,115,30.3916,-84.2179,30.4421,-84.3036
115,128,30.4421,-84.3036,30.3865,-84.3463
128,115,30.3865,-84.3463,30.4421,-84.3036
115,129,30.4421,-84.3036,30.4469,-84.3221
129,115,30.4469,-84.3221,30.4421,-84.3036
115,132,30.4421,-84.3036,30.4188,-84.3245
132,115,30.4188,-84.3245,30.4421,-84.3036
115,133,30.4421,-84.3036,30.493,-84.2922
133,115,30.493,-84.2922,30.4421,-84.3036
115,134,30.4421,-84.3036,30.445,-84.3428
134,115,30.445,-84.3428,30.4421,-84.3036
115,135,30.4421,-84.3036,30.3622,-84.2653
135,115,30.3622,-84.2653,30.4421,-84.3036
115,138,30.4421,-84.3036,30.4971,-84.1916
138,115,30.4971,-84.1916,30.4421,-84.3036
115,139,30.4421,-84.3036,30.3713,-84.3221
139,115,30.3713,-84.3221,30.4421,-84.3036
115,140,30.4421,-84.3036,30.4319,-84.2471
140,115,30.4319,-84.2471,30.4421,-84.3036
115,142,30.4421,-84.3036,30.5149,-84.3754
142,115,30.5149,-84.3754,30.4421,-84.3036
115,143,30.4421,-84.3036,30.4713,-84.3311
143,115,30.4713,-84.3311,30.4421,-84.3036
115,144,30.4421,-84.3036,30.4461,-84.3207
144,115,30.4461,-84.3207,30.4421,-84.3036
115,146,30.4421,-84.3036,30.4912,-84.1908
146,115,30.4912,-84.1908,30.4421,-84.3036
115,147,30.4421,-84.3036,30.5124,-84.1967
147,115,30.5124,-84.1967,30.4421,-84.3036
115,148,30.4421,-84.3036,30.5172,-84.2642
148,115,30.5172,-84.2642,30.4421,-84.3036
115,149,30.4421,-84.3036,30.3887,-84.3647
149,115,30.3887,-84.3647,30.4421,-84.3036
118,119,30.4332,-84.2085,30.4596,-84.1848
119,118,30.4596,-84.1848,30.4332,-84.2085
118,122,30.4332,-84.2085,30.46,-84.2377
122,118,30.46,-84.2377,30.4332,-84.2085
118,123,30.4332,-84.2085,30.3816,-84.3514
123,118,30.3816,-84.3514,30.4332,-84.2085
118,124,30.4332,-84.2085,30.5073,-84.3707
124,118,30.5073,-84.3707,30.4332,-84.2085
118,125,30.4332,-84.2085,30.4793,-84.2635
125,118,30.4793,-84.2635,30.4332,-84.2085
118,127,30.4332,-84.2085,30.3916,-84.2179
127,118,30.3916,-84.2179,30.4332,-84.2085
118,128,30.4332,-84.2085,30.3865,-84.3463
128,118,30.3865,-84.3463,30.4332,-84.2085
118,129,30.4332,-84.2085,30.4469,-84.3221
129,118,30.4469,-84.3221,30.4332,-84.2085
118,132,30.4332,-84.2085,30.4188,-84.3245
132,118,30.4188,-84.3245,30.4332,-84.2085
118,133,30.4332,-84.2085,30.493,-84.2922
133,118,30.493,-84.2922,30.4332,-84.2085
118,134,30.4332,-84.2085,30.445,-84.3428
134,118,30.445,-84.3428,30.4332,-84.2085
118,135,30.4332,-84.2085,30.3622,-84.2653
135,118,30.3622,-84.2653,30.4332,-84.2085
118,138,30.4332,-84.2085,30.4971,-84.1916
138,118,30.4971,-84.1916,30.4332,-84.2085
118,139,30.4332,-84.2085,30.3713,-84.3221
139,118,30.3713,-84.3221,30.4332,-84.2085
118,140,30.4332,-84.2085,30.4319,-84.2471
140,118,30.4319,-84.2471,30.4332,-84.2085
118,142,30.4332,-84.2085,30.5149,-84.3754
142,118,30.5149,-84.3754,30.4332,-84.2085
118,143,30.4332,-84.2085,30.4713,-84.3311
143,118,30.4713,-84.3311,30.4332,-84.2085
118,144,30.4332,-84.2085,30.4461,-84.3207
144,118,30.4461,-84.3207,30.4332,-84.2085
118,146,30.4332,-84.2085,30.4912,-84.1908
146,118,30.4912,-84.1908,30.4332,-84.2085
118,147,30.4332,-84.2085,30.5124,-84.1967
147,118,30.5124,-84.1967,30.4332,-84.2085
118,148,30.4332,-84.2085,30.5172,-84.2642
148,118,30.5172,-84.2642,30.4332,-84.2085
118,149,30.4332,-84.2085,30.3887,-84.3647
149,118,30.3887,-84.3647,30.4332,-84.2085
119,122,30.4596,-84.1848,30.46,-84.2377
122,119,30.46,-84.2377,30.4596,-84.1848
119,123,30.4596,-84.1848,30.3816,-84.3514
123,119,30.3816,-84.3514,30.4596,-84.1848
119,124,30.4596,-84.1848,30.5073,-84.3707
124,119,30.5073,-84.3707,30.4596,-84.1848
119,125,30.4596,-84.1848,30.4793,-84.2635
125,119,30.4793,-84.2635,30.4596,-84.1848
119,127,30.4596,-84.1848,30.3916,-84.2179
127,119,30.3916,-84.2179,30.4596,-84.1848
119,128,30.4596,-84.1848,30.3865,-84.3463
128,119,30.3865,-84.3463,30.4596,-84.1848
119,129,30.4596,-84.1848,30.4469,-84.3221
129,119,30.4469,-84.3221,30.4596,-84.1848
119,132,30.4596,-84.1848,30.4188,-84.3245
132,119,30.4188,-84.3245,30.4596,-84.1848
119,133,30.4596,-84.1848,30.493,-84.2922
133,119,30.493,-84.2922,30.4596,-84.1848
119,134,30.4596,-84.1848,30.445,-84.3428
134,119,30.445,-84.3428,30.4596,-84.1848
119,135,30.4596,-84.1848,30.3622,-84.2653
135,119,30.3622,-84.2653,30.4596,-84.1848
119,138,30.4596,-84.1848,30.4971,-84.1916
138,119,30.4971,-84.1916,30.4596,-84.1848
119,139,30.4596,-84.1848,30.3713,-84.3221
139,119,30.3713,-84.3221,30.4596,-84.1848
119,140,30.4596,-84.1848,30.4319,-84.2471
140,119,30.4319,-84.2471,30.4596,-84.1848
119,142,30.4596,-84.1848,30.5149,-84.3754
142,119,30.5149,-84.3754,30.4596,-84.1848
119,143,30.4596,-84.1848,30.4713,-84.3311
143,119,30.4713,-84.3311,30.4596,-84.1848
119,144,30.4596,-84.1848,30.4461,-84.3207
144,119,30.4461,-84.3207,30.4596,-84.1848
119,146,30.4596,-84.1848,30.4912,-84.1908
146,119,30.4912,-84.1908,30.4596,-84.1848
119,147,30.4596,-84.1848,30.5124,-84.1967
147,119,30.5124,-84.1967,30.4596,-84.1848
119,148,30.4596,-84.1848,30.5172,-84.2642
148,119,30.5172,-84.2642,30.4596,-84.1848
119,149,30.4596,-84.1848,30.3887,-84.3647
149,119,30.3887,-84.3647,30.4596,-84.1848
122,123,30.46,-84.2377,30.3816,-84.3514
123,122,30.3816,-84.3514,30.46,-84.2377
122,124,30.46,-84.2377,30.5073,-84.3707
124,122,30.5073,-84.3707,30.46,-84.2377
122,125,30.46,-84.2377,30.4793,-84.2635
125,122,30.4793,-84.2635,30.46,-84.2377
122,127,30.46,-84.2377,30.3916,-84.2179
127,122,30.3916,-84.2179,30.46,-84.2377
122,128,30.46,-84.2377,30.3865,-84.3463
128,122,30.3865,-84.3463,30.46,-84.2377
122,129,30.46,-84.2377,30.4469,-84.3221
129,122,30.4469,-84.3221,30.46,-84.2377
122,132,30.46,-84.2377,30.4188,-84.3245
132,122,30.4188,-84.3245,30.46,-84.2377
122,133,30.46,-84.2377,30.493,-84.2922
133,122,30.493,-84.2922,30.46,-84.2377
122,134,30.46,-84.2377,30.445,-84.3428
134,122,30.445,-84.3428,30.46,-84.2377
122,135,30.46,-84.2377,30.3622,-84.2653
135,122,30.3622,-84.2653,30.46,-84.2377
122,138,30.46,-84.2377,30.4971,-84.1916
138,122,30.4971,-84.1916,30.46,-84.2377
122,139,30.46,-84.2377,30.3713,-84.3221
139,122,30.3713,-84.3221,30.46,-84.2377
122,140,30.46,-84.2377,30.4319,-84.2471
140,122,30.4319,-84.2471,30.46,-84.2377
122,142,30.46,-84.2377,30.5149,-84.3754
142,122,30.5149,-84.3754,30.46,-84.2377
122,143,30.46,-84.2377,30.4713,-84.3311
143,122,30.4713,-84.3311,30.46,-84.2377
122,144,30.46,-84.2377,30.4461,-84.3207
144,122,30.4461,-84.3207,30.46,-84.2377
122,146,30.46,-84.2377,30.4912,-84.1908
146,122,30.4912,-84.1908,30.46,-84.2377
122,147,30.46,-84.2377,30.5124,-84.1967
147,122,30.5124,-84.1967,30.46,-84.2377
122,148,30.46,-84.2377,30.5172,-84.2642
148,122,30.5172,-84.2642,30.46,-84.2377
122,149,30.46,-84.2377,30.3887,-84.3647
149,122,30.3887,-84.3647,30.46,-84.2377
123,124,30.3816,-84.3514,30.5073,-84.3707
124,123,30.5073,-84.3707,30.3816,-84.3514
123,125,30.3816,-84.3514,30.4793,-84.2635
125,123,30.4793,-84.2635,30.3816,-84.3514
123,127,30.3816,-84.3514,30.3916,-84.2179
127,123,30.3916,-84.2179,30.3816,-84.3514
123,128,30.3816,-84.3514,30.3865,-84.3463
128,123,30.3865,-84.3463,30.3816,-84.3514
123,129,30.3816,-84.3514,30.4469,-84.3221
129,123,30.4469,-84.3221,30.3816,-84.3514
123,132,30.3816,-84.3514,30.4188,-84.3245
132,123,30.4188,-84.3245,30.3816,-84.3514
123,133,30.3816,-84.3514,30.493,-84.2922
133,123,30.493,-84.2922,30.3816,-84.3514
123,134,30.3816,-84.3514,30.445,-84.3428
134,123,30.445,-84.3428,30.3816,-84.3514
123,135,30.3816,-84.3514,30.3622,-84.2653
135,123,30.3622,-84.2653,30.3816,-84.3514
123,138,30.3816,-84.3514,30.4971,-84.1916
138,123,30.4971,-84.1916,30.3816,-84.3514
123,139,30.3816,-84.3514,30.3713,-84.3221
139,123,30.3713,-84.3221,30.3816,-84.3514
123,140,30.3816,-84.3514,30.4319,-84.2471
140,123,30.4319,-84.2471,30.3816,-84.3514
123,142,30.3816,-84.3514,30.5149,-84.3754
142,123,30.5149,-84.3754,30.3816,-84.3514
123,143,30.3816,-84.3514,30.4713,-84.3311
143,123,30.4713,-84.3311,30.3816,-84.3514
123,144,30.3816,-84.3514,30.4461,-84.3207
144,123,30.4461,-84.3207,30.3816,-84.3514
123,146,30.3816,-84.3514,30.4912,-84.1908
146,123,30.4912,-84.1908,30.3816,-84.3514
123,147,30.3816,-84.3514,30.5124,-84.1967
147,123,30.5124,-84.1967,30.3816,-84.3514
123,148,30.3816,-84.3514,30.5172,-84.2642
148,123,30.5172,-84.2642,30.3816,-84.3514
123,149,30.3816,-84.3514,30.3887,-84.3647
149,123,30.3887,-84.3647,30.3816,-84.3514
124,125,30.5073,-84.3707,30.4793,-84.2635
125,124,30.4793,-84.2635,30.5073,-84.3707
124,127,30.5073,-84.3707,30.3916,-84.2179
127,124,30.3916,-84.2179,30.5073,-84.3707
124,128,30.5073,-84.3707,30.3865,-84.3463
128,124,30.3865,-84.3463,30.5073,-84.3707
124,129,30.5073,-84.3707,30.4469,-84.3221
129,124,30.4469,-84.3221,30.5073,-84.3707
124,132,30.5073,-84.3707,30.4188,-84.3245
132,124,30.4188,-84.3245,30.5073,-84.3707
124,133,30.5073,-84.3707,30.493,-84.2922
133,124,30.493,-84.2922,30.5073,-84.3707
124,134,30.5073,-84.3707,30.445,-84.3428
134,124,30.445,-84.3428,30.5073,-84.3707
124,135,30.5073,-84.3707,30.3622,-84.2653
135,124,30.3622,-84.2653,30.5073,-84.3707
124,138,30.5073,-84.3707,30.4971,-84.1916
138,124,30.4971,-84.1916,30.5073,-84.3707
124,139,30.5073,-84.3707,30.3713,-84.3221
139,124,30.3713,-84.3221,30.5073,-84.3707
124,140,30.5073,-84.3707,30.4319,-84.2471
140,124,30.4319,-84.2471,30.5073,-84.3707
124,142,30.5073,-84.3707,30.5149,-84.3754
142,124,30.5149,-84.3754,30.5073,-84.3707
124,143,30.5073,-84.3707,30.4713,-84.3311
143,124,30.4713,-84.3311,30.5073,-84.3707
124,144,30.5073,-84.3707,30.4461,-84.3207
144,124,30.4461,-84.3207,30.5073,-84.3707
124,146,30.5073,-84.3707,30.4912,-84.1908
146,124,30.4912,-84.1908,30.5073,-84.3707
124,147,30.5073,-84.3707,30.5124,-84.1967
147,124,30.5124,-84.1967,30.5073,-84.3707
124,148,30.5073,-84.3707,30.5172,-84.2642
148,124,30.5172,-84.2642,30.5073,-84.3707
124,149,30.5073,-84.3707,30.3887,-84.3647
149,124,30.3887,-84.3647,30.5073,-84.3707
125,127,30.4793,-84.2635,30.3916,-84.2179
127,125,30.3916,-84.2179,30.4793,-84.2635
125,128,30.4793,-84.2635,30.3865,-84.3463
128,125,30.3865,-84.3463,30.4793,-84.2635
125,129,30.4793,-84.2635,30.4469,-84.3221
129,125,30.4469,-84.3221,30.4793,-84.2635
125,132,30.4793,-84.2635,30.4188,-84.3245
132,125,30.4188,-84.3245,30.4793,-84.2635
125,133,30.4793,-84.2635,30.493,-84.2922
133,125,30.493,-84.2922,30.4793,-84.2635
125,134,30.4793,-84.2635,30.445,-84.3428
134,125,30.445,-84.3428,30.4793,-84.2635
125,135,30.4793,-84.2635,30.3622,-84.2653
135,125,30.3622,-84.2653,30.4793,-84.2635
125,138,30.4793,-84.2635,30.4971,-84.1916
138,125,30.4971,-84.1916,30.4793,-84.2635
125,139,30.4793,-84.2635,30.3713,-84.3221
139,125,30.3713,-84.3221,30.4793,-84.2635
125,140,30.4793,-84.2635,30.4319,-84.2471
140,125,30.4319,-84.2471,30.4793,-84.2635
125,142,30.4793,-84.2635,30.5149,-84.3754
142,125,30.5149,-84.3754,30.4793,-84.2635
125,143,30.4793,-84.2635,30.4713,-84.3311
143,125,30.4713,-84.3311,30.4793,-84.2635
125,144,30.4793,-84.2635,30.4461,-84.3207
144,125,30.4461,-84.3207,30.4793,-84.2635
125,146,30.4793,-84.2635,30.4912,-84.1908
146,125,30.4912,-84.1908,30.4793,-84.2635
125,147,30.4793,-84.2635,30.5124,-84.1967
147,125,30.5124,-84.1967,30.4793,-84.2635
125,148,30.4793,-84.2635,30.5172,-84.2642
148,125,30.5172,-84.2642,30.4793,-84.2635
125,149,30.4793,-84.2635,30.3887,-84.3647
149,125,30.3887,-84.3647,30.4793,-84.2635
127,128,30.3916,-84.2179,30.3865,-84.3463
128,127,30.3865,-84.3463,30.3916,-84.2179
127,129,30.3916,-84.2179,30.4469,-84.3221
129,127,30.4469,-84.3221,30.3916,-84.2179
127,132,30.3916,-84.2179,30.4188,-84.3245
132,127,30.4188,-84.3245,30.3916,-84.2179
127,133,30.3916,-84.2179,30.493,-84.2922
133,127,30.493,-84.2922,30.3916,-84.2179
127,134,30.3916,-84.2179,30.445,-84.3428
134,127,30.445,-84.3428,30.3916,-84.2179
127,135,30.3916,-84.2179,30.3622,-84.2653
135,127,30.3622,-84.2653,30.3916,-84.2179
127,138,30.3916,-84.2179,30.4971,-84.1916
138,127,30.4971,-84.1916,30.3916,-84.2179
127,139,30.3916,-84.2179,30.3713,-84.3221
139,127,30.3713,-84.3221,30.3916,-84.2179
127,140,30.3916,-84.2179,30.4319,-84.2471
140,127,30.4319,-84.2471,30.3916,-84.2179
127,142,30.3916,-84.2179,30.5149,-84.3754
142,127,30.5149,-84.3754,30.3916,-84.2179
127,143,30.3916,-84.2179,30.4713,-84.3311
143,127,30.4713,-84.3311,30.3916,-84.2179
127,144,30.3916,-84.2179,30.4461,-84.3207
144,127,30.4461,-84.3207,30.3916,-84.2179
127,146,30.3916,-84.2179,30.4912,-84.1908
146,127,30.4912,-84.1908,30.3916,-84.2179
127,147,30.3916,-84.2179,30.5124,-84.1967
147,127,30.5124,-84.1967,30.3916,-84.2179
127,148,30.3916,-84.2179,30.5172,-84.2642
148,127,30.5172,-84.2642,30.3916,-84.2179
127,149,30.3916,-84.2179,30.3887,-84.3647
149,127,30.3887,-84.3647,30.3916,-84.2179
128,129,30.3865,-84.3463,30.4469,-84.3221
129,128,30.4469,-84.3221,30.3865,-84.3463
128,132,30.3865,-84.3463,30.4188,-84.3245
132,128,30.4188,-84.3245,30.3865,-84.3463
128,133,30.3865,-84.3463,30.493,-84.2922
133,128,30.493,-84.2922,30.3865,-84.3463
128,134,30.3865,-84.3463,30.445,-84.3428
134,128,30.445,-84.3428,30.3865,-84.3463
128,135,30.3865,-84.3463,30.3622,-84.2653
135,128,30.3622,-84.2653,30.3865,-84.3463
128,138,30.3865,-84.3463,30.4971,-84.1916
138,128,30.4971,-84.1916,30.3865,-84.3463
128,139,30.3865,-84.3463,30.3713,-84.3221
139,128,30.3713,-84.3221,30.3865,-84.3463
128,140,30.3865,-84.3463,30.4319,-84.2471
140,128,30.4319,-84.2471,30.3865,-84.3463
128,142,30.3865,-84.3463,30.5149,-84.3754
142,128,30.5149,-84.3754,30.3865,-84.3463
128,143,30.3865,-84.3463,30.4713,-84.3311
143,128,30.4713,-84.3311,30.3865,-84.3463
128,144,30.3865,-84.3463,30.4461,-84.3207
144,128,30.4461,-84.3207,30.3865,-84.3463
128,146,30.3865,-84.3463,30.4912,-84.1908
146,128,30.4912,-84.1908,30.3865,-84.3463
128,147,30.3865,-84.3463,30.5124,-84.1967
147,128,30.5124,-84.1967,30.3865,-84.3463
128,148,30.3865,-84.3463,30.5172,-84.2642
148,128,30.5172,-84.2642,30.3865,-84.3463
128,149,30.3865,-84.3463,30.3887,-84.3647
149,128,30.3887,-84.3647,30.3865,-84.3463
129,132,30.4469,-84.3221,30.4188,-84.3245
132,129,30.4188,-84.3245,30.4469,-84.3221
129,133,30.4469,-84.3221,30.493,-84.2922
133,129,30.493,-84.2922,30.4469,-84.3221
129,134,30.4469,-84.3221,30.445,-84.3428
134,129,30.445,-84.3428,30.4469,-84.3221
129,135,30.4469,-84.3221,30.3622,-84.2653
135,129,30.3622,-84.2653,30.4469,-84.3221
129,138,30.4469,-84.3221,30.4971,-84.1916
138,129,30.4971,-84.1916,30.4469,-84.3221
129,139,30.4469,-84.3221,30.3713,-84.3221
139,129,30.3713,-84.3221,30.4469,-84.3221
129,140,30.4469,-84.3221,30.4319,-84.2471
140,129,30.4319,-84.2471,30.4469,-84.3221
129,142,30.4469,-84.3221,30.5149,-84.3754
142,129,30.5149,-84.3754,30.4469,-84.3221
129,143,30.4469,-84.3221,30.4713,-84.3311
143,129,30.4713,-84.3311,30.4469,-84.3221
129,144,30.4469,-84.3221,30.4461,-84.3207
144,129,30.4461,-84.3207,30.4469,-84.3221
129,146,30.4469,-84.3221,30.4912,-84.1908
146,129,30.4912,-84.1908,30.4469,-84.3221
129,147,30.4469,-84.3221,30.5124,-84.1967
147,129,30.5124,-84.1967,30.4469,-84.3221
129,148,30.4469,-84.3221,30.5172,-84.2642
148,129,30.5172,-84.2642,30.4469,-84.3221
129,149,30.4469,-84.3221,30.3887,-84.3647
149,129,30.3887,-84.3647,30.4469,-84.3221
132,133,30.4188,-84.3245,30.493,-84.2922
133,132,30.493,-84.2922,30.4188,-84.3245
132,134,30.4188,-84.3245,30.445,-84.3428
134,132,30.445,-84.3428,30.4188,-84.3245
132,135,30.4188,-84.3245,30.3622,-84.2653
135,132,30.3622,-84.2653,30.4188,-84.3245
132,138,30.4188,-84.3245,30.4971,-84.1916
138,132,30.4971,-84.1916,30.4188,-84.3245
132,139,30.4188,-84.3245,30.3713,-84.3221
139,132,30.3713,-84.3221,30.4188,-84.3245
132,140,30.4188,-84.3245,30.4319,-84.2471
140,132,30.4319,-84.2471,30.4188,-84.3245
132,142,30.4188,-84.3245,30.5149,-84.3754
142,132,30.5149,-84.3754,30.4188,-84.3245
132,143,30.4188,-84.3245,30.4713,-84.3311
143,132,30.4713,-84.3311,30.4188,-84.3245
132,144,30.4188,-84.3245,30.4461,-84.3207
144,132,30.4461,-84.3207,30.4188,-84.3245
132,146,30.4188,-84.3245,30.4912,-84.1908
146,132,30.4912,-84.1908,30.4188,-84.3245
132,147,30.4188,-84.3245,30.5124,-84.1967
147,132,30.5124,-84.1967,30.4188,-84.3245
132,148,30.4188,-84.3245,30.5172,-84.2642
148,132,30.5172,-84.2642,30.4188,-84.3245
132,149,30.4188,-84.3245,30.3887,-84.3647
149,132,30.3887,-84.3647,30.4188,-84.3245
133,134,30.493,-84.2922,30.445,-84.3428
134,133,30.445,-84.3428,30.493,-84.2922
133,135,30.493,-84.2922,30.3622,-84.2653
135,133,30.3622,-84.2653,30.493,-84.2922
133,138,30.493,-84.2922,30.4971,-84.1916
138,133,30.4971,-84.1916,30.493,-84.2922
133,139,30.493,-84.2922,30.3713,-84.3221
139,133,30.3713,-84.3221,30.493,-84.2922
133,140,30.493,-84.2922,30.4319,-84.2471
140,133,30.4319,-84.2471,30.493,-84.2922
133,142,30.493,-84.2922,30.5149,-84.3754
142,133,30.5149,-84.3754,30.493,-84.2922
133,143,30.493,-84.2922,30.4713,-84.3311
143,133,30.4713,-84.3311,30.493,-84.2922
133,144,30.493,-84.2922,30.4461,-84.3207
144,133,30.4461,-84.3207,30.493,-84.2922
133,146,30.493,-84.2922,30.4912,-84.1908
146,133,30.4912,-84.1908,30.493,-84.2922
133,147,30.493,-84.2922,30.5124,-84.1967
147,133,30.5124,-84.1967,30.493,-84.2922
133,148,30.493,-84.2922,30.5172,-84.2642
148,133,30.5172,-84.2642,30.493,-84.2922
133,149,30.493,-84.2922,30.3887,-84.3647
149,133,30.3887,-84.3647,30.493,-84.2922
134,135,30.445,-84.3428,30.3622,-84.2653
135,134,30.3622,-84.2653,30.445,-84.3428
134,138,30.445,-84.3428,30.4971,-84.1916
138,134,30.4971,-84.1916,30.445,-84.3428
134,139,30.445,-84.3428,30.3713,-84.3221
139,134,30.3713,-84.3221,30.445,-84.3428
134,140,30.445,-84.3428,30.4319,-84.2471
140,134,30.4319,-84.2471,30.445,-84.3428
134,142,30.445,-84.3428,30.5149,-84.3754
142,134,30.5149,-84.3754,30.445,-84.3428
134,143,30.445,-84.3428,30.4713,-84.3311
143,134,30.4713,-84.3311,30.445,-84.3428
134,144,30.445,-84.3428,30.4461,-84.3207
144,134,30.4461,-84.3207,30.445,-84.3428
134,146,30.445,-84.3428,30.4912,-84.1908
146,134,30.4912,-84.1908,30.445,-84.3428
134,147,30.445,-84.3428,30.5124,-84.1967
147,134,30.5124,-84.1967,30.445,-84.3428
134,148,30.445,-84.3428,30.5172,-84.2642
148,134,30.5172,-84.2642,30.445,-84.3428
134,149,30.445,-84.3428,30.3887,-84.3647
149,134,30.3887,-84.3647,30.445,-84.3428
135,138,30.3622,-84.2653,30.4971,-84.1916
138,135,30.4971,-84.1916,30.3622,-84.2653
135,139,30.3622,-84.2653,30.3713,-84.3221
139,135,30.3713,-84.3221,30.3622,-84.2653
135,140,30.3622,-84.2653,30.4319,-84.2471
140,135,30.4319,-84.2471,30.3622,-84.2653
135,142,30.3622,-84.2653,30.5149,-84.3754
142,135,30.5149,-84.3754,30.3622,-84.2653
135,143,30.3622,-84.2653,30.4713,-84.3311
143,135,30.4713,-84.3311,30.3622,-84.2653
135,144,30.3622,-84.2653,30.4461,-84.3207
144,135,30.4461,-84.3207,30.3622,-84.2653
135,146,30.3622,-84.2653,30.4912,-84.1908
146,135,30.4912,-84.1908,30.3622,-84.2653
135,147,30.3622,-84.2653,30.5124,-84.1967
147,135,30.5124,-84.1967,30.3622,-84.2653
135,148,30.3622,-84.2653,30.5172,-84.2642
148,135,30.5172,-84.2642,30.3622,-84.2653
135,149,30.3622,-84.2653,30.3887,-84.3647
149,135,30.3887,-84.3647,30.3622,-84.2653
138,139,30.4971,-84.1916,30.3713,-84.3221
139,138,30.3713,-84.3221,30.4971,-84.1916
138,140,30.4971,-84.1916,30.4319,-84.2471
140,138,30.4319,-84.2471,30.4971,-84.1916
138,142,30.4971,-84.1916,30.5149,-84.3754
142,138,30.5149,-84.3754,30.4971,-84.1916
138,143,30.4971,-84.1916,30.4713,-84.3311
143,138,30.4713,-84.3311,30.4971,-84.1916
138,144,30.4971,-84.1916,30.4461,-84.3207
144,138,30.4461,-84.3207,30.4971,-84.1916
138,146,30.4971,-84.1916,30.4912,-84.1908
146,138,30.4912,-84.1908,30.4971,-84.1916
138,147,30.4971,-84.1916,30.5124,-84.1967
147,138,30.5124,-84.1967,30.4971,-84.1916
138,148,30.4971,-84.1916,30.5172,-84.2642
148,138,30.5172,-84.2642,30.4971,-84.1916
138,149,30.4971,-84.1916,30.3887,-84.3647
149,138,30.3887,-84.3647,30.4971,-84.1916
139,140,30.3713,-84.3221,30.4319,-84.2471
140,139,30.4319,-84.2471,30.3713,-84.3221
139,142,30.3713,-84.3221,30.5149,-84.3754
142,139,30.5149,-84.3754,30.3713,-84.3221
139,143,30.3713,-84.3221,30.4713,-84.3311
143,139,30.4713,-84.3311,30.3713,-84.3221
139,144,30.3713,-84.3221,30.4461,-84.3207
144,139,30.4461,-84.3207,30.3713,-84.3221
139,146,30.3713,-84.3221,30.4912,-84.1908
146,139,30.4912,-84.1908,30.3713,-84.3221
139,147,30.3713,-84.3221,30.5124,-84.1967
147,139,30.5124,-84.1967,30.3713,-84.3221
139,148,30.3713,-84.3221,30.5172,-84.2642
148,139,30.5172,-84.2642,30.3713,-84.3221
139,149,30.3713,-84.3221,30.3887,-84.3647
149,139,30.3887,-84.3647,30.3713,-84.3221
140,142,30.4319,-84.2471,30.5149,-84.3754
142,140,30.5149,-84.3754,30.4319,-84.2471
140,143,30.4319,-84.2471,30.4713,-84.3311
143,140,30.4713,-84.3311,30.4319,-84.2471
140,144,30.4319,-84.2471,30.4461,-84.3207
144,140,30.4461,-84.3207,30.4319,-84.2471
140,146,30.4319,-84.2471,30.4912,-84.1908
146,140,30.4912,-84.1908,30.4319,-84.2471
140,147,30.4319,-84.2471,30.5124,-84.1967
147,140,30.5124,-84.1967,30.4319,-84.2471
140,148,30.4319,-84.2471,30.5172,-84.2642
148,140,30.5172,-84.2642,30.4319,-84.2471
140,149,30.4319,-84.2471,30.3887,-84.3647
149,140,30.3887,-84.3647,30.4319,-84.2471
142,143,30.5149,-84.3754,30.4713,-84.3311
143,142,30.4713,-84.3311,30.5149,-84.3754
142,144,30.5149,-84.3754,30.4461,-84.3207
144,142,30.4461,-84.3207,30.5149,-84.3754
142,146,30.5149,-84.3754,30.4912,-84.1908
146,142,30.4912,-84.1908,30.5149,-84.3754
142,147,30.5149,-84.3754,30.5124,-84.1967
147,142,30.5124,-84.1967,30.5149,-84.3754
142,148,30.5149,-84.3754,30.5172,-84.2642
148,142,30.5172,-84.2642,30.5149,-84.3754
142,149,30.5149,-84.3754,30.3887,-84.3647
149,142,30.3887,-84.3647,30.5149,-84.3754
143,144,30.4713,-84.3311,30.4461,-84.3207
144,143,30.4461,-84.3207,30.4713,-84.3311
143,146,30.4713,-84.3311,30.4912,-84.1908
146,143,30.4912,-84.1908,30.4713,-84.3311
143,147,30.4713,-84.3311,30.5124,-84.1967
147,143,30.5124,-84.1967,30.4713,-84.3311
143,148,30.4713,-84.3311,30.5172,-84.2642
148,143,30.5172,-84.2642,30.4713,-84.3311
143,149,30.4713,-84.3311,30.3887,-84.3647
149,143,30.3887,-84.3647,30.4713,-84.3311
144,146,30.4461,-84.3207,30.4912,-84.1908
146,144,30.4912,-84.1908,30.4461,-84.3207
144,147,30.4461,-84.3207,30.5124,-84.1967
147,144,30.5124,-84.1967,30.4461,-84.3207
144,148,30.4461,-84.3207,30.5172,-84.2642
148,144,30.5172,-84.2642,30.4461,-84.3207
144,149,30.4461,-84.3207,30.3887,-84.3647
149,144,30.3887,-84.3647,30.4461,-84.3207
146,147,30.4912,-84.1908,30.5124,-84.1967
147,146,30.5124,-84.1967,30.4912,-84.1908
146,148,30.4912,-84.1908,30.5172,-84.2642
148,146,30.5172,-84.2642,30.4912,-84.1908
146,149,30.4912,-84.1908,30.3887,-84.3647
149,146,30.3887,-84.3647,30.4912,-84.1908
147,148,30.5124,-84.1967,30.5172,-84.2642
148,147,30.5172,-84.2642,30.5124,-84.1967
147,149,30.5124,-84.1967,30.3887,-84.3647
149,147,30.3887,-84.3647,30.5124,-84.1967
148,149,30.5172,-84.2642,30.3887,-84.3647
149,148,30.3887,-84.3647,30.5172,-84.2642
151,1,30.4531,-84.3531,30.4383,-84.199
1,151,30.4383,-84.199,30.4531,-84.3531
151,2,30.4531,-84.3531,30.4136,-84.2014
2,151,30.4136,-84.2014,30.4531,-84.3531
151,3,30.4531,-84.3531,30.4533,-84.3251
3,151,30.4533,-84.3251,30.4531,-84.3531
151,4,30.4531,-84.3531,30.4392,-84.3159
4,151,30.4392,-84.3159,30.4531,-84.3531
151,5,30.4531,-84.3531,30.4267,-84.3109
5,151,30.4267,-84.3109,30.4531,-84.3531
151,6,30.4531,-84.3531,30.4237,-84.3327
6,151,30.4237,-84.3327,30.4531,-84.3531
151,8,30.4531,-84.3531,30.4399,-84.2686
8,151,30.4399,-84.2686,30.4531,-84.3531
151,10,30.4531,-84.3531,30.4006,-84.2964
10,151,30.4006,-84.2964,30.4531,-84.3531
151,11,30.4531,-84.3531,30.4169,-84.2527
11,151,30.4169,-84.2527,30.4531,-84.3531
151,12,30.4531,-84.3531,30.4134,-84.2727
12,151,30.4134,-84.2727,30.4531,-84.3531
151,13,30.4531,-84.3531,30.3956,-84.2755
13,151,30.3956,-84.2755,30.4531,-84.3531
151,14,30.4531,-84.3531,30.4294,-84.2694
14,151,30.4294,-84.2694,30.4531,-84.3531
151,16,30.4531,-84.3531,30.4698,-84.2982
16,151,30.4698,-84.2982,30.4531,-84.3531
151,17,30.4531,-84.3531,30.4704,-84.3287
17,151,30.4704,-84.3287,30.4531,-84.3531
151,19,30.4531,-84.3531,30.4865,-84.2733
19,151,30.4865,-84.2733,30.4531,-84.3531
151,20,30.4531,-84.3531,30.4647,-84.2629
20,151,30.4647,-84.2629,30.4531,-84.3531
151,21,30.4531,-84.3531,30.4725,-84.2715
21,151,30.4725,-84.2715,30.4531,-84.3531
151,22,30.4531,-84.3531,30.514,-84.2341
22,151,30.514,-84.2341,30.4531,-84.3531
151,23,30.4531,-84.3531,30.467,-84.2442
23,151,30.467,-84.2442,30.4531,-84.3531
151,24,30.4531,-84.3531,30.4737,-84.224
24,151,30.4737,-84.224,30.4531,-84.3531
151,26,30.4531,-84.3531,30.4091,-84.2584
26,151,30.4091,-84.2584,30.4531,-84.3531
151,27,30.4531,-84.3531,30.4017,-84.2624
27,151,30.4017,-84.2624,30.4531,-84.3531
151,28,30.4531,-84.3531,30.4598,-84.304
28,151,30.4598,-84.304,30.4531,-84.3531
151,29,30.4531,-84.3531,30.4573,-84.3129
29,151,30.4573,-84.3129,30.4531,-84.3531
151,30,30.4531,-84.3531,30.4859,-84.2288
30,151,30.4859,-84.2288,30.4531,-84.3531
151,31,30.4531,-84.3531,30.4831,-84.2208
31,151,30.4831,-84.2208,30.4531,-84.3531
151,32,30.4531,-84.3531,30.4949,-84.3224
32,151,30.4949,-84.3224,30.4531,-84.3531
151,33,30.4531,-84.3531,30.4388,-84.3375
33,151,30.4388,-84.3375,30.4531,-84.3531
151,35,30.4531,-84.3531,30.3867,-84.2802
35,151,30.3867,-84.2802,30.4531,-84.3531
151,37,30.4531,-84.3531,30.5079,-84.2797
37,151,30.5079,-84.2797,30.4531,-84.3531
151,38,30.4531,-84.3531,30.5048,-84.293
38,151,30.5048,-84.293,30.4531,-84.3531
151,40,30.4531,-84.3531,30.4943,-84.2417
40,151,30.4943,-84.2417,30.4531,-84.3531
151,41,30.4531,-84.3531,30.4371,-84.2218
41,151,30.4371,-84.2218,30.4531,-84.3531
151,43,30.4531,-84.3531,30.4078,-84.215
43,151,30.4078,-84.215,30.4531,-84.3531
151,44,30.4531,-84.3531,30.4111,-84.2383
44,151,30.4111,-84.2383,30.4531,-84.3531
151,45,30.4531,-84.3531,30.4388,-84.2916
45,151,30.4388,-84.2916,30.4531,-84.3531
151,46,30.4531,-84.3531,30.4491,-84.2904
46,151,30.4491,-84.2904,30.4531,-84.3531
151,48,30.4531,-84.3531,30.5074,-84.333
48,151,30.5074,-84.333,30.4531,-84.3531
151,49,30.4531,-84.3531,30.4986,-84.3452
49,151,30.4986,-84.3452,30.4531,-84.3531
151,50,30.4531,-84.3531,30.4696,-84.3143
50,151,30.4696,-84.3143,30.4531,-84.3531
151,51,30.4531,-84.3531,30.3922,-84.3038
51,151,30.3922,-84.3038,30.4531,-84.3531
151,52,30.4531,-84.3531,30.3932,-84.2393
52,151,30.3932,-84.2393,30.4531,-84.3531
151,53,30.4531,-84.3531,30.3874,-84.2525
53,151,30.3874,-84.2525,30.4531,-84.3531
151,56,30.4531,-84.3531,30.5248,-84.2399
56,151,30.5248,-84.2399,30.4531,-84.3531
151,57,30.4531,-84.3531,30.5033,-84.2233
57,151,30.5033,-84.2233,30.4531,-84.3531
151,59,30.4531,-84.3531,30.4869,-84.3528
59,151,30.4869,-84.3528,30.4531,-84.3531
151,60,30.4531,-84.3531,30.4727,-84.3554
60,151,30.4727,-84.3554,30.4531,-84.3531
151,61,30.4531,-84.3531,30.428,-84.349
61,151,30.428,-84.349,30.4531,-84.3531
151,62,30.4531,-84.3531,30.4481,-84.242
62,151,30.4481,-84.242,30.4531,-84.3531
151,63,30.4531,-84.3531,30.4565,-84.2188
63,151,30.4565,-84.2188,30.4531,-84.3531
151,64,30.4531,-84.3531,30.4309,-84.2861
64,151,30.4309,-84.2861,30.4531,-84.3531
151,65,30.4531,-84.3531,30.4489,-84.2727
65,151,30.4489,-84.2727,30.4531,-84.3531
151,66,30.4531,-84.3531,30.4653,-84.2312
66,151,30.4653,-84.2312,30.4531,-84.3531
151,67,30.4531,-84.3531,30.3927,-84.2905
67,151,30.3927,-84.2905,30.4531,-84.3531
151,68,30.4531,-84.3531,30.4004,-84.2295
68,151,30.4004,-84.2295,30.4531,-84.3531
151,69,30.4531,-84.3531,30.3856,-84.2309
69,151,30.3856,-84.2309,30.4531,-84.3531
151,70,30.4531,-84.3531,30.3961,-84.2156
70,151,30.3961,-84.2156,30.4531,-84.3531
151,73,30.4531,-84.3531,30.4238,-84.2163
73,151,30.4238,-84.2163,30.4531,-84.3531
151,74,30.4531,-84.3531,30.429,-84.255
74,151,30.429,-84.255,30.4531,-84.3531
151,75,30.4531,-84.3531,30.3736,-84.2178
75,151,30.3736,-84.2178,30.4531,-84.3531
151,76,30.4531,-84.3531,30.5192,-84.3398
76,151,30.5192,-84.3398,30.4531,-84.3531
151,77,30.4531,-84.3531,30.4429,-84.2548
77,151,30.4429,-84.2548,30.4531,-84.3531
151,79,30.4531,-84.3531,30.384,-84.2103
79,151,30.384,-84.2103,30.4531,-84.3531
151,80,30.4531,-84.3531,30.3652,-84.2624
80,151,30.3652,-84.2624,30.4531,-84.3531
151,82,30.4531,-84.3531,30.4416,-84.2783
82,151,30.4416,-84.2783,30.4531,-84.3531
151,83,30.4531,-84.3531,30.5145,-84.371
83,151,30.5145,-84.371,30.4531,-84.3531
151,84,30.4531,-84.3531,30.4134,-84.3406
84,151,30.4134,-84.3406,30.4531,-84.3531
151,85,30.4531,-84.3531,30.4087,-84.3137
85,151,30.4087,-84.3137,30.4531,-84.3531
151,86,30.4531,-84.3531,30.513,-84.3247
86,151,30.513,-84.3247,30.4531,-84.3531
151,87,30.4531,-84.3531,30.5187,-84.2812
87,151,30.5187,-84.2812,30.4531,-84.3531
151,91,30.4531,-84.3531,30.4387,-84.364
91,151,30.4387,-84.364,30.4531,-84.3531
151,94,30.4531,-84.3531,30.5236,-84.2259
94,151,30.5236,-84.2259,30.4531,-84.3531
151,95,30.4531,-84.3531,30.4963,-84.2309
95,151,30.4963,-84.2309,30.4531,-84.3531
151,97,30.4531,-84.3531,30.3785,-84.2864
97,151,30.3785,-84.2864,30.4531,-84.3531
151,98,30.4531,-84.3531,30.527,-84.2767
98,151,30.527,-84.2767,30.4531,-84.3531
151,100,30.4531,-84.3531,30.4674,-84.2785
100,151,30.4674,-84.2785,30.4531,-84.3531
151,102,30.4531,-84.3531,30.3702,-84.2022
102,151,30.3702,-84.2022,30.4531,-84.3531
151,103,30.4531,-84.3531,30.3684,-84.2249
103,151,30.3684,-84.2249,30.4531,-84.3531
151,105,30.4531,-84.3531,30.4403,-84.2392
105,151,30.4403,-84.2392,30.4531,-84.3531
151,106,30.4531,-84.3531,30.3822,-84.3098
106,151,30.3822,-84.3098,30.4531,-84.3531
151,107,30.4531,-84.3531,30.5161,-84.2171
107,151,30.5161,-84.2171,30.4531,-84.3531
151,108,30.4531,-84.3531,30.4616,-84.1983
108,151,30.4616,-84.1983,30.4531,-84.3531
151,109,30.4531,-84.3531,30.4767,-84.2064
109,151,30.4767,-84.2064,30.4531,-84.3531
151,110,30.4531,-84.3531,30.3621,-84.2092
110,151,30.3621,-84.2092,30.4531,-84.3531
151,111,30.4531,-84.3531,30.5031,-84.2072
111,151,30.5031,-84.2072,30.4531,-84.3531
151,113,30.4531,-84.3531,30.354,-84.209
113,151,30.354,-84.209,30.4531,-84.3531
151,115,30.4531,-84.3531,30.4421,-84.3036
115,151,30.4421,-84.3036,30.4531,-84.3531
151,118,30.4531,-84.3531,30.4332,-84.2085
118,151,30.4332,-84.2085,30.4531,-84.3531
151,119,30.4531,-84.3531,30.4596,-84.1848
119,151,30.4596,-84.1848,30.4531,-84.3531
151,122,30.4531,-84.3531,30.46,-84.2377
122,151,30.46,-84.2377,30.4531,-84.3531
151,123,30.4531,-84.3531,30.3816,-84.3514
123,151,30.3816,-84.3514,30.4531,-84.3531
151,124,30.4531,-84.3531,30.5073,-84.3707
124,151,30.5073,-84.3707,30.4531,-84.3531
151,125,30.4531,-84.3531,30.4793,-84.2635
125,151,30.4793,-84.2635,30.4531,-84.3531
151,127,30.4531,-84.3531,30.3916,-84.2179
127,151,30.3916,-84.2179,30.4531,-84.3531
151,128,30.4531,-84.3531,30.3865,-84.3463
128,151,30.3865,-84.3463,30.4531,-84.3531
151,129,30.4531,-84.3531,30.4469,-84.3221
129,151,30.4469,-84.3221,30.4531,-84.3531
151,132,30.4531,-84.3531,30.4188,-84.3245
132,151,30.4188,-84.3245,30.4531,-84.3531
151,133,30.4531,-84.3531,30.493,-84.2922
133,151,30.493,-84.2922,30.4531,-84.3531
151,134,30.4531,-84.3531,30.445,-84.3428
134,151,30.445,-84.3428,30.4531,-84.3531
151,135,30.4531,-84.3531,30.3622,-84.2653
135,151,30.3622,-84.2653,30.4531,-84.3531
151,138,30.4531,-84.3531,30.4971,-84.1916
138,151,30.4971,-84.1916,30.4531,-84.3531
151,139,30.4531,-84.3531,30.3713,-84.3221
139,151,30.3713,-84.3221,30.4531,-84.3531
151,140,30.4531,-84.3531,30.4319,-84.2471
140,151,30.4319,-84.2471,30.4531,-84.3531
151,142,30.4531,-84.3531,30.5149,-84.3754
142,151,30.5149,-84.3754,30.4531,-84.3531
151,143,30.4531,-84.3531,30.4713,-84.3311
143,151,30.4713,-84.3311,30.4531,-84.3531
151,144,30.4531,-84.3531,30.4461,-84.3207
144,151,30.4461,-84.3207,30.4531,-84.3531
151,146,30.4531,-84.3531,30.4912,-84.1908
146,151,30.4912,-84.1908,30.4531,-84.3531
151,147,30.4531,-84.3531,30.5124,-84.1967
147,151,30.5124,-84.1967,30.4531,-84.3531
151,148,30.4531,-84.3531,30.5172,-84.2642
148,151,30.5172,-84.2642,30.4531,-84.3531
151,149,30.4531,-84.3531,30.3887,-84.3647
149,151,30.3887,-84.3647,30.4531,-84.3531
158,159,30.3783,-84.2238,30.3783,-84.2186
164,165,30.5262,-84.2991,30.526,-84.2937
162,163,30.384,-84.2976,30.3841,-84.2931
160,161,30.5145,-84.2249,30.5101,-84.2241
166,167,30.5051,-84.3447,30.5054,-84.339
152,153,30.4424,-84.2909,30.4409,-84.2866
170,171,30.4504,-84.2204,30.4481,-84.2158
1,152,30.4383,-84.199,30.4424,-84.2909
1,158,30.4383,-84.199,30.3783,-84.2238
1,160,30.4383,-84.199,30.5145,-84.2249
1,162,30.4383,-84.199,30.384,-84.2976
1,164,30.4383,-84.199,30.5262,-84.2991
1,166,30.4383,-84.199,30.5051,-84.3447
1,170,30.4383,-84.199,30.4504,-84.2204
2,152,30.4136,-84.2014,30.4424,-84.2909
2,158,30.4136,-84.2014,30.3783,-84.2238
2,160,30.4136,-84.2014,30.5145,-84.2249
2,162,30.4136,-84.2014,30.384,-84.2976
2,164,30.4136,-84.2014,30.5262,-84.2991
2,166,30.4136,-84.2014,30.5051,-84.3447
2,170,30.4136,-84.2014,30.4504,-84.2204
3,152,30.4533,-84.3251,30.4424,-84.2909
3,158,30.4533,-84.3251,30.3783,-84.2238
3,160,30.4533,-84.3251,30.5145,-84.2249
3,162,30.4533,-84.3251,30.384,-84.2976
3,164,30.4533,-84.3251,30.5262,-84.2991
3,166,30.4533,-84.3251,30.5051,-84.3447
3,170,30.4533,-84.3251,30.4504,-84.2204
4,152,30.4392,-84.3159,30.4424,-84.2909
4,158,30.4392,-84.3159,30.3783,-84.2238
4,160,30.4392,-84.3159,30.5145,-84.2249
4,162,30.4392,-84.3159,30.384,-84.2976
4,164,30.4392,-84.3159,30.5262,-84.2991
4,166,30.4392,-84.3159,30.5051,-84.3447
4,170,30.4392,-84.3159,30.4504,-84.2204
5,152,30.4267,-84.3109,30.4424,-84.2909
5,158,30.4267,-84.3109,30.3783,-84.2238
5,160,30.4267,-84.3109,30.5145,-84.2249
5,162,30.4267,-84.3109,30.384,-84.2976
5,164,30.4267,-84.3109,30.5262,-84.2991
5,166,30.4267,-84.3109,30.5051,-84.3447
5,170,30.4267,-84.3109,30.4504,-84.2204
6,152,30.4237,-84.3327,30.4424,-84.2909
6,158,30.4237,-84.3327,30.3783,-84.2238
6,160,30.4237,-84.3327,30.5145,-84.2249
6,162,30.4237,-84.3327,30.384,-84.2976
6,164,30.4237,-84.3327,30.5262,-84.2991
6,166,30.4237,-84.3327,30.5051,-84.3447
6,170,30.4237,-84.3327,30.4504,-84.2204
8,152,30.4399,-84.2686,30.4424,-84.2909
8,158,30.4399,-84.2686,30.3783,-84.2238
8,160,30.4399,-84.2686,30.5145,-84.2249
8,162,30.4399,-84.2686,30.384,-84.2976
8,164,30.4399,-84.2686,30.5262,-84.2991
8,166,30.4399,-84.2686,30.5051,-84.3447
8,170,30.4399,-84.2686,30.4504,-84.2204
10,152,30.4006,-84.2964,30.4424,-84.2909
10,158,30.4006,-84.2964,30.3783,-84.2238
10,160,30.4006,-84.2964,30.5145,-84.2249
10,162,30.4006,-84.2964,30.384,-84.2976
10,164,30.4006,-84.2964,30.5262,-84.2991
10,166,30.4006,-84.2964,30.5051,-84.3447
10,170,30.4006,-84.2964,30.4504,-84.2204
11,152,30.4169,-84.2527,30.4424,-84.2909
11,158,30.4169,-84.2527,30.3783,-84.2238
11,160,30.4169,-84.2527,30.5145,-84.2249
11,162,30.4169,-84.2527,30.384,-84.2976
11,164,30.4169,-84.2527,30.5262,-84.2991
11,166,30.4169,-84.2527,30.5051,-84.3447
11,170,30.4169,-84.2527,30.4504,-84.2204
12,152,30.4134,-84.2727,30.4424,-84.2909
12,158,30.4134,-84.2727,30.3783,-84.2238
12,160,30.4134,-84.2727,30.5145,-84.2249
12,162,30.4134,-84.2727,30.384,-84.2976
12,164,30.4134,-84.2727,30.5262,-84.2991
12,166,30.4134,-84.2727,30.5051,-84.3447
12,170,30.4134,-84.2727,30.4504,-84.2204
13,152,30.3956,-84.2755,30.4424,-84.2909
13,158,30.3956,-84.2755,30.3783,-84.2238
13,160,30.3956,-84.2755,30.5145,-84.2249
13,162,30.3956,-84.2755,30.384,-84.2976
13,164,30.3956,-84.2755,30.5262,-84.2991
13,166,30.3956,-84.2755,30.5051,-84.3447
13,170,30.3956,-84.2755,30.4504,-84.2204
14,152,30.4294,-84.2694,30.4424,-84.2909
14,158,30.4294,-84.2694,30.3783,-84.2238
14,160,30.4294,-84.2694,30.5145,-84.2249
14,162,30.4294,-84.2694,30.384,-84.2976
14,164,30.4294,-84.2694,30.5262,-84.2991
14,166,30.4294,-84.2694,30.5051,-84.3447
14,170,30.4294,-84.2694,30.4504,-84.2204
16,152,30.4698,-84.2982,30.4424,-84.2909
16,158,30.4698,-84.2982,30.3783,-84.2238
16,160,30.4698,-84.2982,30.5145,-84.2249
16,162,30.4698,-84.2982,30.384,-84.2976
16,164,30.4698,-84.2982,30.5262,-84.2991
16,166,30.4698,-84.2982,30.5051,-84.3447
16,170,30.4698,-84.2982,30.4504,-84.2204
17,152,30.4704,-84.3287,30.4424,-84.2909
17,158,30.4704,-84.3287,30.3783,-84.2238
17,160,30.4704,-84.3287,30.5145,-84.2249
17,162,30.4704,-84.3287,30.384,-84.2976
17,164,30.4704,-84.3287,30.5262,-84.2991
17,166,30.4704,-84.3287,30.5051,-84.3447
17,170,30.4704,-84.3287,30.4504,-84.2204
19,152,30.4865,-84.2733,30.4424,-84.2909
19,158,30.4865,-84.2733,30.3783,-84.2238
19,160,30.4865,-84.2733,30.5145,-84.2249
19,162,30.4865,-84.2733,30.384,-84.2976
19,164,30.4865,-84.2733,30.5262,-84.2991
19,166,30.4865,-84.2733,30.5051,-84.3447
19,170,30.4865,-84.2733,30.4504,-84.2204
20,152,30.4647,-84.2629,30.4424,-84.2909
20,158,30.4647,-84.2629,30.3783,-84.2238
20,160,30.4647,-84.2629,30.5145,-84.2249
20,162,30.4647,-84.2629,30.384,-84.2976
20,164,30.4647,-84.2629,30.5262,-84.2991
20,166,30.4647,-84.2629,30.5051,-84.3447
20,170,30.4647,-84.2629,30.4504,-84.2204
21,152,30.4725,-84.2715,30.4424,-84.2909
21,158,30.4725,-84.2715,30.3783,-84.2238
21,160,30.4725,-84.2715,30.5145,-84.2249
21,162,30.4725,-84.2715,30.384,-84.2976
21,164,30.4725,-84.2715,30.5262,-84.2991
21,166,30.4725,-84.2715,30.5051,-84.3447
21,170,30.4725,-84.2715,30.4504,-84.2204
22,152,30.514,-84.2341,30.4424,-84.2909
22,158,30.514,-84.2341,30.3783,-84.2238
22,160,30.514,-84.2341,30.5145,-84.2249
22,162,30.514,-84.2341,30.384,-84.2976
22,164,30.514,-84.2341,30.5262,-84.2991
22,166,30.514,-84.2341,30.5051,-84.3447
22,170,30.514,-84.2341,30.4504,-84.2204
23,152,30.467,-84.2442,30.4424,-84.2909
23,158,30.467,-84.2442,30.3783,-84.2238
23,160,30.467,-84.2442,30.5145,-84.2249
23,162,30.467,-84.2442,30.384,-84.2976
23,164,30.467,-84.2442,30.5262,-84.2991
23,166,30.467,-84.2442,30.5051,-84.3447
23,170,30.467,-84.2442,30.4504,-84.2204
24,152,30.4737,-84.224,30.4424,-84.2909
24,158,30.4737,-84.224,30.3783,-84.2238
24,160,30.4737,-84.224,30.5145,-84.2249
24,162,30.4737,-84.224,30.384,-84.2976
24,164,30.4737,-84.224,30.5262,-84.2991
24,166,30.4737,-84.224,30.5051,-84.3447
24,170,30.4737,-84.224,30.4504,-84.2204
26,152,30.4091,-84.2584,30.4424,-84.2909
26,158,30.4091,-84.2584,30.3783,-84.2238
26,160,30.4091,-84.2584,30.5145,-84.2249
26,162,30.4091,-84.2584,30.384,-84.2976
26,164,30.4091,-84.2584,30.5262,-84.2991
26,166,30.4091,-84.2584,30.5051,-84.3447
26,170,30.4091,-84.2584,30.4504,-84.2204
27,152,30.4017,-84.2624,30.4424,-84.2909
27,158,30.4017,-84.2624,30.3783,-84.2238
27,160,30.4017,-84.2624,30.5145,-84.2249
27,162,30.4017,-84.2624,30.384,-84.2976
27,164,30.4017,-84.2624,30.5262,-84.2991
27,166,30.4017,-84.2624,30.5051,-84.3447
27,170,30.4017,-84.2624,30.4504,-84.2204
28,152,30.4598,-84.304,30.4424,-84.2909
28,158,30.4598,-84.304,30.3783,-84.2238
28,160,30.4598,-84.304,30.5145,-84.2249
28,162,30.4598,-84.304,30.384,-84.2976
28,164,30.4598,-84.304,30.5262,-84.2991
28,166,30.4598,-84.304,30.5051,-84.3447
28,170,30.4598,-84.304,30.4504,-84.2204
29,152,30.4573,-84.3129,30.4424,-84.2909
29,158,30.4573,-84.3129,30.3783,-84.2238
29,160,30.4573,-84.3129,30.5145,-84.2249
29,162,30.4573,-84.3129,30.384,-84.2976
29,164,30.4573,-84.3129,30.5262,-84.2991
29,166,30.4573,-84.3129,30.5051,-84.3447
29,170,30.4573,-84.3129,30.4504,-84.2204
30,152,30.4859,-84.2288,30.4424,-84.2909
30,158,30.4859,-84.2288,30.3783,-84.2238
30,160,30.4859,-84.2288,30.5145,-84.2249
30,162,30.4859,-84.2288,30.384,-84.2976
30,164,30.4859,-84.2288,30.5262,-84.2991
30,166,30.4859,-84.2288,30.5051,-84.3447
30,170,30.4859,-84.2288,30.4504,-84.2204
31,152,30.4831,-84.2208,30.4424,-84.2909
31,158,30.4831,-84.2208,30.3783,-84.2238
31,160,30.4831,-84.2208,30.5145,-84.2249
31,162,30.4831,-84.2208,30.384,-84.2976
31,164,30.4831,-84.2208,30.5262,-84.2991
31,166,30.4831,-84.2208,30.5051,-84.3447
31,170,30.4831,-84.2208,30.4504,-84.2204
32,152,30.4949,-84.3224,30.4424,-84.2909
32,158,30.4949,-84.3224,30.3783,-84.2238
32,160,30.4949,-84.3224,30.5145,-84.2249
32,162,30.4949,-84.3224,30.384,-84.2976
32,164,30.4949,-84.3224,30.5262,-84.2991
32,166,30.4949,-84.3224,30.5051,-84.3447
32,170,30.4949,-84.3224,30.4504,-84.2204
33,152,30.4388,-84.3375,30.4424,-84.2909
33,158,30.4388,-84.3375,30.3783,-84.2238
33,160,30.4388,-84.3375,30.5145,-84.2249
33,162,30.4388,-84.3375,30.384,-84.2976
33,164,30.4388,-84.3375,30.5262,-84.2991
33,166,30.4388,-84.3375,30.5051,-84.3447
33,170,30.4388,-84.3375,30.4504,-84.2204
35,152,30.3867,-84.2802,30.4424,-84.2909
35,158,30.3867,-84.2802,30.3783,-84.2238
35,160,30.3867,-84.2802,30.5145,-84.2249
35,162,30.3867,-84.2802,30.384,-84.2976
35,164,30.3867,-84.2802,30.5262,-84.2991
35,166,30.3867,-84.2802,30.5051,-84.3447
35,170,30.3867,-84.2802,30.4504,-84.2204
37,152,30.5079,-84.2797,30.4424,-84.2909
37,158,30.5079,-84.2797,30.3783,-84.2238
37,160,30.5079,-84.2797,30.5145,-84.2249
37,162,30.5079,-84.2797,30.384,-84.2976
37,164,30.5079,-84.2797,30.5262,-84.2991
37,166,30.5079,-84.2797,30.5051,-84.3447
37,170,30.5079,-84.2797,30.4504,-84.2204
38,152,30.5048,-84.293,30.4424,-84.2909
38,158,30.5048,-84.293,30.3783,-84.2238
38,160,30.5048,-84.293,30.5145,-84.2249
38,162,30.5048,-84.293,30.384,-84.2976
38,164,30.5048,-84.293,30.5262,-84.2991
38,166,30.5048,-84.293,30.5051,-84.3447
38,170,30.5048,-84.293,30.4504,-84.2204
40,152,30.4943,-84.2417,30.4424,-84.2909
40,158,30.4943,-84.2417,30.3783,-84.2238
40,160,30.4943,-84.2417,30.5145,-84.2249
40,162,30.4943,-84.2417,30.384,-84.2976
40,164,30.4943,-84.2417,30.5262,-84.2991
40,166,30.4943,-84.2417,30.5051,-84.3447
40,170,30.4943,-84.2417,30.4504,-84.2204
41,152,30.4371,-84.2218,30.4424,-84.2909
41,158,30.4371,-84.2218,30.3783,-84.2238
41,160,30.4371,-84.2218,30.5145,-84.2249
41,162,30.4371,-84.2218,30.384,-84.2976
41,164,30.4371,-84.2218,30.5262,-84.2991
41,166,30.4371,-84.2218,30.5051,-84.3447
41,170,30.4371,-84.2218,30.4504,-84.2204
43,152,30.4078,-84.215,30.4424,-84.2909
43,158,30.4078,-84.215,30.3783,-84.2238
43,160,30.4078,-84.215,30.5145,-84.2249
43,162,30.4078,-84.215,30.384,-84.2976
43,164,30.4078,-84.215,30.5262,-84.2991
43,166,30.4078,-84.215,30.5051,-84.3447
43,170,30.4078,-84.215,30.4504,-84.2204
44,152,30.4111,-84.2383,30.4424,-84.2909
44,158,30.4111,-84.2383,30.3783,-84.2238
44,160,30.4111,-84.2383,30.5145,-84.2249
44,162,30.4111,-84.2383,30.384,-84.2976
44,164,30.4111,-84.2383,30.5262,-84.2991
44,166,30.4111,-84.2383,30.5051,-84.3447
44,170,30.4111,-84.2383,30.4504,-84.2204
45,152,30.4388,-84.2916,30.4424,-84.2909
45,158,30.4388,-84.2916,30.3783,-84.2238
45,160,30.4388,-84.2916,30.5145,-84.2249
45,162,30.4388,-84.2916,30.384,-84.2976
45,164,30.4388,-84.2916,30.5262,-84.2991
45,166,30.4388,-84.2916,30.5051,-84.3447
45,170,30.4388,-84.2916,30.4504,-84.2204
46,152,30.4491,-84.2904,30.4424,-84.2909
46,158,30.4491,-84.2904,30.3783,-84.2238
46,160,30.4491,-84.2904,30.5145,-84.2249
46,162,30.4491,-84.2904,30.384,-84.2976
46,164,30.4491,-84.2904,30.5262,-84.2991
46,166,30.4491,-84.2904,30.5051,-84.3447
46,170,30.4491,-84.2904,30.4504,-84.2204
48,152,30.5074,-84.333,30.4424,-84.2909
48,158,30.5074,-84.333,30.3783,-84.2238
48,160,30.5074,-84.333,30.5145,-84.2249
48,162,30.5074,-84.333,30.384,-84.2976
48,164,30.5074,-84.333,30.5262,-84.2991
48,166,30.5074,-84.333,30.5051,-84.3447
48,170,30.5074,-84.333,30.4504,-84.2204
49,152,30.4986,-84.3452,30.4424,-84.2909
49,158,30.4986,-84.3452,30.3783,-84.2238
49,160,30.4986,-84.3452,30.5145,-84.2249
49,162,30.4986,-84.3452,30.384,-84.2976
49,164,30.4986,-84.3452,30.5262,-84.2991
49,166,30.4986,-84.3452,30.5051,-84.3447
49,170,30.4986,-84.3452,30.4504,-84.2204
50,152,30.4696,-84.3143,30.4424,-84.2909
50,158,30.4696,-84.3143,30.3783,-84.2238
50,160,30.4696,-84.3143,30.5145,-84.2249
50,162,30.4696,-84.3143,30.384,-84.2976
50,164,30.4696,-84.3143,30.5262,-84.2991
50,166,30.4696,-84.3143,30.5051,-84.3447
50,170,30.4696,-84.3143,30.4504,-84.2204
51,152,30.3922,-84.3038,30.4424,-84.2909
51,158,30.3922,-84.3038,30.3783,-84.2238
51,160,30.3922,-84.3038,30.5145,-84.2249
51,162,30.3922,-84.3038,30.384,-84.2976
51,164,30.3922,-84.3038,30.5262,-84.2991
51,166,30.3922,-84.3038,30.5051,-84.3447
51,170,30.3922,-84.3038,30.4504,-84.2204
52,152,30.3932,-84.2393,30.4424,-84.2909
52,158,30.3932,-84.2393,30.3783,-84.2238
52,160,30.3932,-84.2393,30.5145,-84.2249
52,162,30.3932,-84.2393,30.384,-84.2976
52,164,30.3932,-84.2393,30.5262,-84.2991
52,166,30.3932,-84.2393,30.5051,-84.3447
52,170,30.3932,-84.2393,30.4504,-84.2204
53,152,30.3874,-84.2525,30.4424,-84.2909
53,158,30.3874,-84.2525,30.3783,-84.2238
53,160,30.3874,-84.2525,30.5145,-84.2249
53,162,30.3874,-84.2525,30.384,-84.2976
53,164,30.3874,-84.2525,30.5262,-84.2991
53,166,30.3874,-84.2525,30.5051,-84.3447
53,170,30.3874,-84.2525,30.4504,-84.2204
56,152,30.5248,-84.2399,30.4424,-84.2909
56,158,30.5248,-84.2399,30.3783,-84.2238
56,160,30.5248,-84.2399,30.5145,-84.2249
56,162,30.5248,-84.2399,30.384,-84.2976
56,164,30.5248,-84.2399,30.5262,-84.2991
56,166,30.5248,-84.2399,30.5051,-84.3447
56,170,30.5248,-84.2399,30.4504,-84.2204
57,152,30.5033,-84.2233,30.4424,-84.2909
57,158,30.5033,-84.2233,30.3783,-84.2238
57,160,30.5033,-84.2233,30.5145,-84.2249
57,162,30.5033,-84.2233,30.384,-84.2976
57,164,30.5033,-84.2233,30.5262,-84.2991
57,166,30.5033,-84.2233,30.5051,-84.3447
57,170,30.5033,-84.2233,30.4504,-84.2204
59,152,30.4869,-84.3528,30.4424,-84.2909
59,158,30.4869,-84.3528,30.3783,-84.2238
59,160,30.4869,-84.3528,30.5145,-84.2249
59,162,30.4869,-84.3528,30.384,-84.2976
59,164,30.4869,-84.3528,30.5262,-84.2991
59,166,30.4869,-84.3528,30.5051,-84.3447
59,170,30.4869,-84.3528,30.4504,-84.2204
60,152,30.4727,-84.3554,30.4424,-84.2909
60,158,30.4727,-84.3554,30.3783,-84.2238
60,160,30.4727,-84.3554,30.5145,-84.2249
60,162,30.4727,-84.3554,30.384,-84.2976
60,164,30.4727,-84.3554,30.5262,-84.2991
60,166,30.4727,-84.3554,30.5051,-84.3447
60,170,30.4727,-84.3554,30.4504,-84.2204
61,152,30.428,-84.349,30.4424,-84.2909
61,158,30.428,-84.349,30.3783,-84.2238
61,160,30.428,-84.349,30.5145,-84.2249
61,162,30.428,-84.349,30.384,-84.2976
61,164,30.428,-84.349,30.5262,-84.2991
61,166,30.428,-84.349,30.5051,-84.3447
61,170,30.428,-84.349,30.4504,-84.2204
62,152,30.4481,-84.242,30.4424,-84.2909
62,158,30.4481,-84.242,30.3783,-84.2238
62,160,30.4481,-84.242,30.5145,-84.2249
62,162,30.4481,-84.242,30.384,-84.2976
62,164,30.4481,-84.242,30.5262,-84.2991
62,166,30.4481,-84.242,30.5051,-84.3447
62,170,30.4481,-84.242,30.4504,-84.2204
63,152,30.4565,-84.2188,30.4424,-84.2909
63,158,30.4565,-84.2188,30.3783,-84.2238
63,160,30.4565,-84.2188,30.5145,-84.2249
63,162,30.4565,-84.2188,30.384,-84.2976
63,164,30.4565,-84.2188,30.5262,-84.2991
63,166,30.4565,-84.2188,30.5051,-84.3447
63,170,30.4565,-84.2188,30.4504,-84.2204
64,152,30.4309,-84.2861,30.4424,-84.2909
64,158,30.4309,-84.2861,30.3783,-84.2238
64,160,30.4309,-84.2861,30.5145,-84.2249
64,162,30.4309,-84.2861,30.384,-84.2976
64,164,30.4309,-84.2861,30.5262,-84.2991
64,166,30.4309,-84.2861,30.5051,-84.3447
64,170,30.4309,-84.2861,30.4504,-84.2204
65,152,30.4489,-84.2727,30.4424,-84.2909
65,158,30.4489,-84.2727,30.3783,-84.2238
65,160,30.4489,-84.2727,30.5145,-84.2249
65,162,30.4489,-84.2727,30.384,-84.2976
65,164,30.4489,-84.2727,30.5262,-84.2991
65,166,30.4489,-84.2727,30.5051,-84.3447
65,170,30.4489,-84.2727,30.4504,-84.2204
66,152,30.4653,-84.2312,30.4424,-84.2909
66,158,30.4653,-84.2312,30.3783,-84.2238
66,160,30.4653,-84.2312,30.5145,-84.2249
66,162,30.4653,-84.2312,30.384,-84.2976
66,164,30.4653,-84.2312,30.5262,-84.2991
66,166,30.4653,-84.2312,30.5051,-84.3447
66,170,30.4653,-84.2312,30.4504,-84.2204
67,152,30.3927,-84.2905,30.4424,-84.2909
67,158,30.3927,-84.2905,30.3783,-84.2238
67,160,30.3927,-84.2905,30.5145,-84.2249
67,162,30.3927,-84.2905,30.384,-84.2976
67,164,30.3927,-84.2905,30.5262,-84.2991
67,166,30.3927,-84.2905,30.5051,-84.3447
67,170,30.3927,-84.2905,30.4504,-84.2204
68,152,30.4004,-84.2295,30.4424,-84.2909
68,158,30.4004,-84.2295,30.3783,-84.2238
68,160,30.4004,-84.2295,30.5145,-84.2249
68,162,30.4004,-84.2295,30.384,-84.2976
68,164,30.4004,-84.2295,30.5262,-84.2991
68,166,30.4004,-84.2295,30.5051,-84.3447
68,170,30.4004,-84.2295,30.4504,-84.2204
69,152,30.3856,-84.2309,30.4424,-84.2909
69,158,30.3856,-84.2309,30.3783,-84.2238
69,160,30.3856,-84.2309,30.5145,-84.2249
69,162,30.3856,-84.2309,30.384,-84.2976
69,164,30.3856,-84.2309,30.5262,-84.2991
69,166,30.3856,-84.2309,30.5051,-84.3447
69,170,30.3856,-84.2309,30.4504,-84.2204
70,152,30.3961,-84.2156,30.4424,-84.2909
70,158,30.3961,-84.2156,30.3783,-84.2238
70,160,30.3961,-84.2156,30.5145,-84.2249
70,162,30.3961,-84.2156,30.384,-84.2976
70,164,30.3961,-84.2156,30.5262,-84.2991
70,166,30.3961,-84.2156,30.5051,-84.3447
70,170,30.3961,-84.2156,30.4504,-84.2204
73,152,30.4238,-84.2163,30.4424,-84.2909
73,158,30.4238,-84.2163,30.3783,-84.2238
73,160,30.4238,-84.2163,30.5145,-84.2249
73,162,30.4238,-84.2163,30.384,-84.2976
73,164,30.4238,-84.2163,30.5262,-84.2991
73,166,30.4238,-84.2163,30.5051,-84.3447
73,170,30.4238,-84.2163,30.4504,-84.2204
74,152,30.429,-84.255,30.4424,-84.2909
74,158,30.429,-84.255,30.3783,-84.2238
74,160,30.429,-84.255,30.5145,-84.2249
74,162,30.429,-84.255,30.384,-84.2976
74,164,30.429,-84.255,30.5262,-84.2991
74,166,30.429,-84.255,30.5051,-84.3447
74,170,30.429,-84.255,30.4504,-84.2204
75,152,30.3736,-84.2178,30.4424,-84.2909
75,158,30.3736,-84.2178,30.3783,-84.2238
75,160,30.3736,-84.2178,30.5145,-84.2249
75,162,30.3736,-84.2178,30.384,-84.2976
75,164,30.3736,-84.2178,30.5262,-84.2991
75,166,30.3736,-84.2178,30.5051,-84.3447
75,170,30.3736,-84.2178,30.4504,-84.2204
76,152,30.5192,-84.3398,30.4424,-84.2909
76,158,30.5192,-84.3398,30.3783,-84.2238
76,160,30.5192,-84.3398,30.5145,-84.2249
76,162,30.5192,-84.3398,30.384,-84.2976
76,164,30.5192,-84.3398,30.5262,-84.2991
76,166,30.5192,-84.3398,30.5051,-84.3447
76,170,30.5192,-84.3398,30.4504,-84.2204
77,152,30.4429,-84.2548,30.4424,-84.2909
77,158,30.4429,-84.2548,30.3783,-84.2238
77,160,30.4429,-84.2548,30.5145,-84.2249
77,162,30.4429,-84.2548,30.384,-84.2976
77,164,30.4429,-84.2548,30.5262,-84.2991
77,166,30.4429,-84.2548,30.5051,-84.3447
77,170,30.4429,-84.2548,30.4504,-84.2204
79,152,30.384,-84.2103,30.4424,-84.2909
79,158,30.384,-84.2103,30.3783,-84.2238
79,160,30.384,-84.2103,30.5145,-84.2249
79,162,30.384,-84.2103,30.384,-84.2976
79,164,30.384,-84.2103,30.5262,-84.2991
79,166,30.384,-84.2103,30.5051,-84.3447
79,170,30.384,-84.2103,30.4504,-84.2204
80,152,30.3652,-84.2624,30.4424,-84.2909
80,158,30.3652,-84.2624,30.3783,-84.2238
80,160,30.3652,-84.2624,30.5145,-84.2249
80,162,30.3652,-84.2624,30.384,-84.2976
80,164,30.3652,-84.2624,30.5262,-84.2991
80,166,30.3652,-84.2624,30.5051,-84.3447
80,170,30.3652,-84.2624,30.4504,-84.2204
82,152,30.4416,-84.2783,30.4424,-84.2909
82,158,30.4416,-84.2783,30.3783,-84.2238
82,160,30.4416,-84.2783,30.5145,-84.2249
82,162,30.4416,-84.2783,30.384,-84.2976
82,164,30.4416,-84.2783,30.5262,-84.2991
82,166,30.4416,-84.2783,30.5051,-84.3447
82,170,30.4416,-84.2783,30.4504,-84.2204
83,152,30.5145,-84.371,30.4424,-84.2909
83,158,30.5145,-84.371,30.3783,-84.2238
83,160,30.5145,-84.371,30.5145,-84.2249
83,162,30.5145,-84.371,30.384,-84.2976
83,164,30.5145,-84.371,30.5262,-84.2991
83,166,30.5145,-84.371,30.5051,-84.3447
83,170,30.5145,-84.371,30.4504,-84.2204
84,152,30.4134,-84.3406,30.4424,-84.2909
84,158,30.4134,-84.3406,30.3783,-84.2238
84,160,30.4134,-84.3406,30.5145,-84.2249
84,162,30.4134,-84.3406,30.384,-84.2976
84,164,30.4134,-84.3406,30.5262,-84.2991
84,166,30.4134,-84.3406,30.5051,-84.3447
84,170,30.4134,-84.3406,30.4504,-84.2204
85,152,30.4087,-84.3137,30.4424,-84.2909
85,158,30.4087,-84.3137,30.3783,-84.2238
85,160,30.4087,-84.3137,30.5145,-84.2249
85,162,30.4087,-84.3137,30.384,-84.2976
85,164,30.4087,-84.3137,30.5262,-84.2991
85,166,30.4087,-84.3137,30.5051,-84.3447
85,170,30.4087,-84.3137,30.4504,-84.2204
86,152,30.513,-84.3247,30.4424,-84.2909
86,158,30.513,-84.3247,30.3783,-84.2238
86,160,30.513,-84.3247,30.5145,-84.2249
86,162,30.513,-84.3247,30.384,-84.2976
86,164,30.513,-84.3247,30.5262,-84.2991
86,166,30.513,-84.3247,30.5051,-84.3447
86,170,30.513,-84.3247,30.4504,-84.2204
87,152,30.5187,-84.2812,30.4424,-84.2909
87,158,30.5187,-84.2812,30.3783,-84.2238
87,160,30.5187,-84.2812,30.5145,-84.2249
87,162,30.5187,-84.2812,30.384,-84.2976
87,164,30.5187,-84.2812,30.5262,-84.2991
87,166,30.5187,-84.2812,30.5051,-84.3447
87,170,30.5187,-84.2812,30.4504,-84.2204
91,152,30.4387,-84.364,30.4424,-84.2909
91,158,30.4387,-84.364,30.3783,-84.2238
91,160,30.4387,-84.364,30.5145,-84.2249
91,162,30.4387,-84.364,30.384,-84.2976
91,164,30.4387,-84.364,30.5262,-84.2991
91,166,30.4387,-84.364,30.5051,-84.3447
91,170,30.4387,-84.364,30.4504,-84.2204
94,152,30.5236,-84.2259,30.4424,-84.2909
94,158,30.5236,-84.2259,30.3783,-84.2238
94,160,30.5236,-84.2259,30.5145,-84.2249
94,162,30.5236,-84.2259,30.384,-84.2976
94,164,30.5236,-84.2259,30.5262,-84.2991
94,166,30.5236,-84.2259,30.5051,-84.3447
94,170,30.5236,-84.2259,30.4504,-84.2204
95,152,30.4963,-84.2309,30.4424,-84.2909
95,158,30.4963,-84.2309,30.3783,-84.2238
95,160,30.4963,-84.2309,30.5145,-84.2249
95,162,30.4963,-84.2309,30.384,-84.2976
95,164,30.4963,-84.2309,30.5262,-84.2991
95,166,30.4963,-84.2309,30.5051,-84.3447
95,170,30.4963,-84.2309,30.4504,-84.2204
97,152,30.3785,-84.2864,30.4424,-84.2909
97,158,30.3785,-84.2864,30.3783,-84.2238
97,160,30.3785,-84.2864,30.5145,-84.2249
97,162,30.3785,-84.2864,30.384,-84.2976
97,164,30.3785,-84.2864,30.5262,-84.2991
97,166,30.3785,-84.2864,30.5051,-84.3447
97,170,30.3785,-84.2864,30.4504,-84.2204
98,152,30.527,-84.2767,30.4424,-84.2909
98,158,30.527,-84.2767,30.3783,-84.2238
98,160,30.527,-84.2767,30.5145,-84.2249
98,162,30.527,-84.2767,30.384,-84.2976
98,164,30.527,-84.2767,30.5262,-84.2991
98,166,30.527,-84.2767,30.5051,-84.3447
98,170,30.527,-84.2767,30.4504,-84.2204
100,152,30.4674,-84.2785,30.4424,-84.2909
100,158,30.4674,-84.2785,30.3783,-84.2238
100,160,30.4674,-84.2785,30.5145,-84.2249
100,162,30.4674,-84.2785,30.384,-84.2976
100,164,30.4674,-84.2785,30.5262,-84.2991
100,166,30.4674,-84.2785,30.5051,-84.3447
100,170,30.4674,-84.2785,30.4504,-84.2204
102,152,30.3702,-84.2022,30.4424,-84.2909
102,158,30.3702,-84.2022,30.3783,-84.2238
102,160,30.3702,-84.2022,30.5145,-84.2249
102,162,30.3702,-84.2022,30.384,-84.2976
102,164,30.3702,-84.2022,30.5262,-84.2991
102,166,30.3702,-84.2022,30.5051,-84.3447
102,170,30.3702,-84.2022,30.4504,-84.2204
103,152,30.3684,-84.2249,30.4424,-84.2909
103,158,30.3684,-84.2249,30.3783,-84.2238
103,160,30.3684,-84.2249,30.5145,-84.2249
103,162,30.3684,-84.2249,30.384,-84.2976
103,164,30.3684,-84.2249,30.5262,-84.2991
103,166,30.3684,-84.2249,30.5051,-84.3447
103,170,30.3684,-84.2249,30.4504,-84.2204
105,152,30.4403,-84.2392,30.4424,-84.2909
105,158,30.4403,-84.2392,30.3783,-84.2238
105,160,30.4403,-84.2392,30.5145,-84.2249
105,162,30.4403,-84.2392,30.384,-84.2976
105,164,30.4403,-84.2392,30.5262,-84.2991
105,166,30.4403,-84.2392,30.5051,-84.3447
105,170,30.4403,-84.2392,30.4504,-84.2204
106,152,30.3822,-84.3098,30.4424,-84.2909
106,158,30.3822,-84.3098,30.3783,-84.2238
106,160,30.3822,-84.3098,30.5145,-84.2249
106,162,30.3822,-84.3098,30.384,-84.2976
106,164,30.3822,-84.3098,30.5262,-84.2991
106,166,30.3822,-84.3098,30.5051,-84.3447
106,170,30.3822,-84.3098,30.4504,-84.2204
107,152,30.5161,-84.2171,30.4424,-84.2909
107,158,30.5161,-84.2171,30.3783,-84.2238
107,160,30.5161,-84.2171,30.5145,-84.2249
107,162,30.5161,-84.2171,30.384,-84.2976
107,164,30.5161,-84.2171,30.5262,-84.2991
107,166,30.5161,-84.2171,30.5051,-84.3447
107,170,30.5161,-84.2171,30.4504,-84.2204
108,152,30.4616,-84.1983,30.4424,-84.2909
108,158,30.4616,-84.1983,30.3783,-84.2238
108,160,30.4616,-84.1983,30.5145,-84.2249
108,162,30.4616,-84.1983,30.384,-84.2976
108,164,30.4616,-84.1983,30.5262,-84.2991
108,166,30.4616,-84.1983,30.5051,-84.3447
108,170,30.4616,-84.1983,30.4504,-84.2204
109,152,30.4767,-84.2064,30.4424,-84.2909
109,158,30.4767,-84.2064,30.3783,-84.2238
109,160,30.4767,-84.2064,30.5145,-84.2249
109,162,30.4767,-84.2064,30.384,-84.2976
109,164,30.4767,-84.2064,30.5262,-84.2991
109,166,30.4767,-84.2064,30.5051,-84.3447
109,170,30.4767,-84.2064,30.4504,-84.2204
110,152,30.3621,-84.2092,30.4424,-84.2909
110,158,30.3621,-84.2092,30.3783,-84.2238
110,160,30.3621,-84.2092,30.5145,-84.2249
110,162,30.3621,-84.2092,30.384,-84.2976
110,164,30.3621,-84.2092,30.5262,-84.2991
110,166,30.3621,-84.2092,30.5051,-84.3447
110,170,30.3621,-84.2092,30.4504,-84.2204
111,152,30.5031,-84.2072,30.4424,-84.2909
111,158,30.5031,-84.2072,30.3783,-84.2238
111,160,30.5031,-84.2072,30.5145,-84.2249
111,162,30.5031,-84.2072,30.384,-84.2976
111,164,30.5031,-84.2072,30.5262,-84.2991
111,166,30.5031,-84.2072,30.5051,-84.3447
111,170,30.5031,-84.2072,30.4504,-84.2204
113,152,30.354,-84.209,30.4424,-84.2909
113,158,30.354,-84.209,30.3783,-84.2238
113,160,30.354,-84.209,30.5145,-84.2249
113,162,30.354,-84.209,30.384,-84.2976
113,164,30.354,-84.209,30.5262,-84.2991
113,166,30.354,-84.209,30.5051,-84.3447
113,170,30.354,-84.209,30.4504,-84.2204
115,152,30.4421,-84.3036,30.4424,-84.2909
115,158,30.4421,-84.3036,30.3783,-84.2238
115,160,30.4421,-84.3036,30.5145,-84.2249
115,162,30.4421,-84.3036,30.384,-84.2976
115,164,30.4421,-84.3036,30.5262,-84.2991
115,166,30.4421,-84.3036,30.5051,-84.3447
115,170,30.4421,-84.3036,30.4504,-84.2204
118,152,30.4332,-84.2085,30.4424,-84.2909
118,158,30.4332,-84.2085,30.3783,-84.2238
118,160,30.4332,-84.2085,30.5145,-84.2249
118,162,30.4332,-84.2085,30.384,-84.2976
118,164,30.4332,-84.2085,30.5262,-84.2991
118,166,30.4332,-84.2085,30.5051,-84.3447
118,170,30.4332,-84.2085,30.4504,-84.2204
119,152,30.4596,-84.1848,30.4424,-84.2909
119,158,30.4596,-84.1848,30.3783,-84.2238
119,160,30.4596,-84.1848,30.5145,-84.2249
119,162,30.4596,-84.1848,30.384,-84.2976
119,164,30.4596,-84.1848,30.5262,-84.2991
119,166,30.4596,-84.1848,30.5051,-84.3447
119,170,30.4596,-84.1848,30.4504,-84.2204
122,152,30.46,-84.2377,30.4424,-84.2909
122,158,30.46,-84.2377,30.3783,-84.2238
122,160,30.46,-84.2377,30.5145,-84.2249
122,162,30.46,-84.2377,30.384,-84.2976
122,164,30.46,-84.2377,30.5262,-84.2991
122,166,30.46,-84.2377,30.5051,-84.3447
122,170,30.46,-84.2377,30.4504,-84.2204
123,152,30.3816,-84.3514,30.4424,-84.2909
123,158,30.3816,-84.3514,30.3783,-84.2238
123,160,30.3816,-84.3514,30.5145,-84.2249
123,162,30.3816,-84.3514,30.384,-84.2976
123,164,30.3816,-84.3514,30.5262,-84.2991
123,166,30.3816,-84.3514,30.5051,-84.3447
123,170,30.3816,-84.3514,30.4504,-84.2204
124,152,30.5073,-84.3707,30.4424,-84.2909
124,158,30.5073,-84.3707,30.3783,-84.2238
124,160,30.5073,-84.3707,30.5145,-84.2249
124,162,30.5073,-84.3707,30.384,-84.2976
124,164,30.5073,-84.3707,30.5262,-84.2991
124,166,30.5073,-84.3707,30.5051,-84.3447
124,170,30.5073,-84.3707,30.4504,-84.2204
125,152,30.4793,-84.2635,30.4424,-84.2909
125,158,30.4793,-84.2635,30.3783,-84.2238
125,160,30.4793,-84.2635,30.5145,-84.2249
125,162,30.4793,-84.2635,30.384,-84.2976
125,164,30.4793,-84.2635,30.5262,-84.2991
125,166,30.4793,-84.2635,30.5051,-84.3447
125,170,30.4793,-84.2635,30.4504,-84.2204
127,152,30.3916,-84.2179,30.4424,-84.2909
127,158,30.3916,-84.2179,30.3783,-84.2238
127,160,30.3916,-84.2179,30.5145,-84.2249
127,162,30.3916,-84.2179,30.384,-84.2976
127,164,30.3916,-84.2179,30.5262,-84.2991
127,166,30.3916,-84.2179,30.5051,-84.3447
127,170,30.3916,-84.2179,30.4504,-84.2204
128,152,30.3865,-84.3463,30.4424,-84.2909
128,158,30.3865,-84.3463,30.3783,-84.2238
128,160,30.3865,-84.3463,30.5145,-84.2249
128,162,30.3865,-84.3463,30.384,-84.2976
128,164,30.3865,-84.3463,30.5262,-84.2991
128,166,30.3865,-84.3463,30.5051,-84.3447
128,170,30.3865,-84.3463,30.4504,-84.2204
129,152,30.4469,-84.3221,30.4424,-84.2909
129,158,30.4469,-84.3221,30.3783,-84.2238
129,160,30.4469,-84.3221,30.5145,-84.2249
129,162,30.4469,-84.3221,30.384,-84.2976
129,164,30.4469,-84.3221,30.5262,-84.2991
129,166,30.4469,-84.3221,30.5051,-84.3447
129,170,30.4469,-84.3221,30.4504,-84.2204
132,152,30.4188,-84.3245,30.4424,-84.2909
132,158,30.4188,-84.3245,30.3783,-84.2238
132,160,30.4188,-84.3245,30.5145,-84.2249
132,162,30.4188,-84.3245,30.384,-84.2976
132,164,30.4188,-84.3245,30.5262,-84.2991
132,166,30.4188,-84.3245,30.5051,-84.3447
132,170,30.4188,-84.3245,30.4504,-84.2204
133,152,30.493,-84.2922,30.4424,-84.2909
133,158,30.493,-84.2922,30.3783,-84.2238
133,160,30.493,-84.2922,30.5145,-84.2249
133,162,30.493,-84.2922,30.384,-84.2976
133,164,30.493,-84.2922,30.5262,-84.2991
133,166,30.493,-84.2922,30.5051,-84.3447
133,170,30.493,-84.2922,30.4504,-84.2204
134,152,30.445,-84.3428,30.4424,-84.2909
134,158,30.445,-84.3428,30.3783,-84.2238
134,160,30.445,-84.3428,30.5145,-84.2249
134,162,30.445,-84.3428,30.384,-84.2976
134,164,30.445,-84.3428,30.5262,-84.2991
134,166,30.445,-84.3428,30.5051,-84.3447
134,170,30.445,-84.3428,30.4504,-84.2204
135,152,30.3622,-84.2653,30.4424,-84.2909
135,158,30.3622,-84.2653,30.3783,-84.2238
135,160,30.3622,-84.2653,30.5145,-84.2249
135,162,30.3622,-84.2653,30.384,-84.2976
135,164,30.3622,-84.2653,30.5262,-84.2991
135,166,30.3622,-84.2653,30.5051,-84.3447
135,170,30.3622,-84.2653,30.4504,-84.2204
138,152,30.4971,-84.1916,30.4424,-84.2909
138,158,30.4971,-84.1916,30.3783,-84.2238
138,160,30.4971,-84.1916,30.5145,-84.2249
138,162,30.4971,-84.1916,30.384,-84.2976
138,164,30.4971,-84.1916,30.5262,-84.2991
138,166,30.4971,-84.1916,30.5051,-84.3447
138,170,30.4971,-84.1916,30.4504,-84.2204
139,152,30.3713,-84.3221,30.4424,-84.2909
139,158,30.3713,-84.3221,30.3783,-84.2238
139,160,30.3713,-84.3221,30.5145,-84.2249
139,162,30.3713,-84.3221,30.384,-84.2976
139,164,30.3713,-84.3221,30.5262,-84.2991
139,166,30.3713,-84.3221,30.5051,-84.3447
139,170,30.3713,-84.3221,30.4504,-84.2204
140,152,30.4319,-84.2471,30.4424,-84.2909
140,158,30.4319,-84.2471,30.3783,-84.2238
140,160,30.4319,-84.2471,30.5145,-84.2249
140,162,30.4319,-84.2471,30.384,-84.2976
140,164,30.4319,-84.2471,30.5262,-84.2991
140,166,30.4319,-84.2471,30.5051,-84.3447
140,170,30.4319,-84.2471,30.4504,-84.2204
142,152,30.5149,-84.3754,30.4424,-84.2909
142,158,30.5149,-84.3754,30.3783,-84.2238
142,160,30.5149,-84.3754,30.5145,-84.2249
142,162,30.5149,-84.3754,30.384,-84.2976
142,164,30.5149,-84.3754,30.5262,-84.2991
142,166,30.5149,-84.3754,30.5051,-84.3447
142,170,30.5149,-84.3754,30.4504,-84.2204
143,152,30.4713,-84.3311,30.4424,-84.2909
143,158,30.4713,-84.3311,30.3783,-84.2238
143,160,30.4713,-84.3311,30.5145,-84.2249
143,162,30.4713,-84.3311,30.384,-84.2976
143,164,30.4713,-84.3311,30.5262,-84.2991
143,166,30.4713,-84.3311,30.5051,-84.3447
143,170,30.4713,-84.3311,30.4504,-84.2204
144,152,30.4461,-84.3207,30.4424,-84.2909
144,158,30.4461,-84.3207,30.3783,-84.2238
144,160,30.4461,-84.3207,30.5145,-84.2249
144,162,30.4461,-84.3207,30.384,-84.2976
144,164,30.4461,-84.3207,30.5262,-84.2991
144,166,30.4461,-84.3207,30.5051,-84.3447
144,170,30.4461,-84.3207,30.4504,-84.2204
146,152,30.4912,-84.1908,30.4424,-84.2909
146,158,30.4912,-84.1908,30.3783,-84.2238
146,160,30.4912,-84.1908,30.5145,-84.2249
146,162,30.4912,-84.1908,30.384,-84.2976
146,164,30.4912,-84.1908,30.5262,-84.2991
146,166,30.4912,-84.1908,30.5051,-84.3447
146,170,30.4912,-84.1908,30.4504,-84.2204
147,152,30.5124,-84.1967,30.4424,-84.2909
147,158,30.5124,-84.1967,30.3783,-84.2238
147,160,30.5124,-84.1967,30.5145,-84.2249
147,162,30.5124,-84.1967,30.384,-84.2976
147,164,30.5124,-84.1967,30.5262,-84.2991
147,166,30.5124,-84.1967,30.5051,-84.3447
147,170,30.5124,-84.1967,30.4504,-84.2204
148,152,30.5172,-84.2642,30.4424,-84.2909
148,158,30.5172,-84.2642,30.3783,-84.2238
148,160,30.5172,-84.2642,30.5145,-84.2249
148,162,30.5172,-84.2642,30.384,-84.2976
148,164,30.5172,-84.2642,30.5262,-84.2991
148,166,30.5172,-84.2642,30.5051,-84.3447
148,170,30.5172,-84.2642,30.4504,-84.2204
149,152,30.3887,-84.3647,30.4424,-84.2909
149,158,30.3887,-84.3647,30.3783,-84.2238
149,160,30.3887,-84.3647,30.5145,-84.2249
149,162,30.3887,-84.3647,30.384,-84.2976
149,164,30.3887,-84.3647,30.5262,-84.2991
149,166,30.3887,-84.3647,30.5051,-84.3447
149,170,30.3887,-84.3647,30.4504,-84.2204
151,152,30.4531,-84.3531,30.4424,-84.2909
151,158,30.4531,-84.3531,30.3783,-84.2238
151,160,30.4531,-84.3531,30.5145,-84.2249
151,162,30.4531,-84.3531,30.384,-84.2976
151,164,30.4531,-84.3531,30.5262,-84.2991
151,166,30.4531,-84.3531,30.5051,-84.3447
151,170,30.4531,-84.3531,30.4504,-84.2204
153,1,30.4409,-84.2866,30.4383,-84.199
153,2,30.4409,-84.2866,30.4136,-84.2014
153,3,30.4409,-84.2866,30.4533,-84.3251
153,4,30.4409,-84.2866,30.4392,-84.3159
153,5,30.4409,-84.2866,30.4267,-84.3109
153,6,30.4409,-84.2866,30.4237,-84.3327
153,8,30.4409,-84.2866,30.4399,-84.2686
153,10,30.4409,-84.2866,30.4006,-84.2964
153,11,30.4409,-84.2866,30.4169,-84.2527
153,12,30.4409,-84.2866,30.4134,-84.2727
153,13,30.4409,-84.2866,30.3956,-84.2755
153,14,30.4409,-84.2866,30.4294,-84.2694
153,16,30.4409,-84.2866,30.4698,-84.2982
153,17,30.4409,-84.2866,30.4704,-84.3287
153,19,30.4409,-84.2866,30.4865,-84.2733
153,20,30.4409,-84.2866,30.4647,-84.2629
153,21,30.4409,-84.2866,30.4725,-84.2715
153,22,30.4409,-84.2866,30.514,-84.2341
153,23,30.4409,-84.2866,30.467,-84.2442
153,24,30.4409,-84.2866,30.4737,-84.224
153,26,30.4409,-84.2866,30.4091,-84.2584
153,27,30.4409,-84.2866,30.4017,-84.2624
153,28,30.4409,-84.2866,30.4598,-84.304
153,29,30.4409,-84.2866,30.4573,-84.3129
153,30,30.4409,-84.2866,30.4859,-84.2288
153,31,30.4409,-84.2866,30.4831,-84.2208
153,32,30.4409,-84.2866,30.4949,-84.3224
153,33,30.4409,-84.2866,30.4388,-84.3375
153,35,30.4409,-84.2866,30.3867,-84.2802
153,37,30.4409,-84.2866,30.5079,-84.2797
153,38,30.4409,-84.2866,30.5048,-84.293
153,40,30.4409,-84.2866,30.4943,-84.2417
153,41,30.4409,-84.2866,30.4371,-84.2218
153,43,30.4409,-84.2866,30.4078,-84.215
153,44,30.4409,-84.2866,30.4111,-84.2383
153,45,30.4409,-84.2866,30.4388,-84.2916
153,46,30.4409,-84.2866,30.4491,-84.2904
153,48,30.4409,-84.2866,30.5074,-84.333
153,49,30.4409,-84.2866,30.4986,-84.3452
153,50,30.4409,-84.2866,30.4696,-84.3143
153,51,30.4409,-84.2866,30.3922,-84.3038
153,52,30.4409,-84.2866,30.3932,-84.2393
153,53,30.4409,-84.2866,30.3874,-84.2525
153,56,30.4409,-84.2866,30.5248,-84.2399
153,57,30.4409,-84.2866,30.5033,-84.2233
153,59,30.4409,-84.2866,30.4869,-84.3528
153,60,30.4409,-84.2866,30.4727,-84.3554
153,61,30.4409,-84.2866,30.428,-84.349
153,62,30.4409,-84.2866,30.4481,-84.242
153,63,30.4409,-84.2866,30.4565,-84.2188
153,64,30.4409,-84.2866,30.4309,-84.2861
153,65,30.4409,-84.2866,30.4489,-84.2727
153,66,30.4409,-84.2866,30.4653,-84.2312
153,67,30.4409,-84.2866,30.3927,-84.2905
153,68,30.4409,-84.2866,30.4004,-84.2295
153,69,30.4409,-84.2866,30.3856,-84.2309
153,70,30.4409,-84.2866,30.3961,-84.2156
153,73,30.4409,-84.2866,30.4238,-84.2163
153,74,30.4409,-84.2866,30.429,-84.255
153,75,30.4409,-84.2866,30.3736,-84.2178
153,76,30.4409,-84.2866,30.5192,-84.3398
153,77,30.4409,-84.2866,30.4429,-84.2548
153,79,30.4409,-84.2866,30.384,-84.2103
153,80,30.4409,-84.2866,30.3652,-84.2624
153,82,30.4409,-84.2866,30.4416,-84.2783
153,83,30.4409,-84.2866,30.5145,-84.371
153,84,30.4409,-84.2866,30.4134,-84.3406
153,85,30.4409,-84.2866,30.4087,-84.3137
153,86,30.4409,-84.2866,30.513,-84.3247
153,87,30.4409,-84.2866,30.5187,-84.2812
153,91,30.4409,-84.2866,30.4387,-84.364
153,94,30.4409,-84.2866,30.5236,-84.2259
153,95,30.4409,-84.2866,30.4963,-84.2309
153,97,30.4409,-84.2866,30.3785,-84.2864
153,98,30.4409,-84.2866,30.527,-84.2767
153,100,30.4409,-84.2866,30.4674,-84.2785
153,102,30.4409,-84.2866,30.3702,-84.2022
153,103,30.4409,-84.2866,30.3684,-84.2249
153,105,30.4409,-84.2866,30.4403,-84.2392
153,106,30.4409,-84.2866,30.3822,-84.3098
153,107,30.4409,-84.2866,30.5161,-84.2171
153,108,30.4409,-84.2866,30.4616,-84.1983
153,109,30.4409,-84.2866,30.4767,-84.2064
153,110,30.4409,-84.2866,30.3621,-84.2092
153,111,30.4409,-84.2866,30.5031,-84.2072
153,113,30.4409,-84.2866,30.354,-84.209
153,115,30.4409,-84.2866,30.4421,-84.3036
153,118,30.4409,-84.2866,30.4332,-84.2085
153,119,30.4409,-84.2866,30.4596,-84.1848
153,122,30.4409,-84.2866,30.46,-84.2377
153,123,30.4409,-84.2866,30.3816,-84.3514
153,124,30.4409,-84.2866,30.5073,-84.3707
153,125,30.4409,-84.2866,30.4793,-84.2635
153,127,30.4409,-84.2866,30.3916,-84.2179
153,128,30.4409,-84.2866,30.3865,-84.3463
153,129,30.4409,-84.2866,30.4469,-84.3221
153,132,30.4409,-84.2866,30.4188,-84.3245
153,133,30.4409,-84.2866,30.493,-84.2922
153,134,30.4409,-84.2866,30.445,-84.3428
153,135,30.4409,-84.2866,30.3622,-84.2653
153,138,30.4409,-84.2866,30.4971,-84.1916
153,139,30.4409,-84.2866,30.3713,-84.3221
153,140,30.4409,-84.2866,30.4319,-84.2471
153,142,30.4409,-84.2866,30.5149,-84.3754
153,143,30.4409,-84.2866,30.4713,-84.3311
153,144,30.4409,-84.2866,30.4461,-84.3207
153,146,30.4409,-84.2866,30.4912,-84.1908
153,147,30.4409,-84.2866,30.5124,-84.1967
153,148,30.4409,-84.2866,30.5172,-84.2642
153,149,30.4409,-84.2866,30.3887,-84.3647
153,151,30.4409,-84.2866,30.4531,-84.3531
159,1,30.3783,-84.2186,30.4383,-84.199
159,2,30.3783,-84.2186,30.4136,-84.2014
159,3,30.3783,-84.2186,30.4533,-84.3251
159,4,30.3783,-84.2186,30.4392,-84.3159
159,5,30.3783,-84.2186,30.4267,-84.3109
159,6,30.3783,-84.2186,30.4237,-84.3327
159,8,30.3783,-84.2186,30.4399,-84.2686
159,10,30.3783,-84.2186,30.4006,-84.2964
159,11,30.3783,-84.2186,30.4169,-84.2527
159,12,30.3783,-84.2186,30.4134,-84.2727
159,13,30.3783,-84.2186,30.3956,-84.2755
159,14,30.3783,-84.2186,30.4294,-84.2694
159,16,30.3783,-84.2186,30.4698,-84.2982
159,17,30.3783,-84.2186,30.4704,-84.3287
159,19,30.3783,-84.2186,30.4865,-84.2733
159,20,30.3783,-84.2186,30.4647,-84.2629
159,21,30.3783,-84.2186,30.4725,-84.2715
159,22,30.3783,-84.2186,30.514,-84.2341
159,23,30.3783,-84.2186,30.467,-84.2442
159,24,30.3783,-84.2186,30.4737,-84.224
159,26,30.3783,-84.2186,30.4091,-84.2584
159,27,30.3783,-84.2186,30.4017,-84.2624
159,28,30.3783,-84.2186,30.4598,-84.304
159,29,30.3783,-84.2186,30.4573,-84.3129
159,30,30.3783,-84.2186,30.4859,-84.2288
159,31,30.3783,-84.2186,30.4831,-84.2208
159,32,30.3783,-84.2186,30.4949,-84.3224
159,33,30.3783,-84.2186,30.4388,-84.3375
159,35,30.3783,-84.2186,30.3867,-84.2802
159,37,30.3783,-84.2186,30.5079,-84.2797
159,38,30.3783,-84.2186,30.5048,-84.293
159,40,30.3783,-84.2186,30.4943,-84.2417
159,41,30.3783,-84.2186,30.4371,-84.2218
159,43,30.3783,-84.2186,30.4078,-84.215
159,44,30.3783,-84.2186,30.4111,-84.2383
159,45,30.3783,-84.2186,30.4388,-84.2916
159,46,30.3783,-84.2186,30.4491,-84.2904
159,48,30.3783,-84.2186,30.5074,-84.333
159,49,30.3783,-84.2186,30.4986,-84.3452
159,50,30.3783,-84.2186,30.4696,-84.3143
159,51,30.3783,-84.2186,30.3922,-84.3038
159,52,30.3783,-84.2186,30.3932,-84.2393
159,53,30.3783,-84.2186,30.3874,-84.2525
159,56,30.3783,-84.2186,30.5248,-84.2399
159,57,30.3783,-84.2186,30.5033,-84.2233
159,59,30.3783,-84.2186,30.4869,-84.3528
159,60,30.3783,-84.2186,30.4727,-84.3554
159,61,30.3783,-84.2186,30.428,-84.349
159,62,30.3783,-84.2186,30.4481,-84.242
159,63,30.3783,-84.2186,30.4565,-84.2188
159,64,30.3783,-84.2186,30.4309,-84.2861
159,65,30.3783,-84.2186,30.4489,-84.2727
159,66,30.3783,-84.2186,30.4653,-84.2312
159,67,30.3783,-84.2186,30.3927,-84.2905
159,68,30.3783,-84.2186,30.4004,-84.2295
159,69,30.3783,-84.2186,30.3856,-84.2309
159,70,30.3783,-84.2186,30.3961,-84.2156
159,73,30.3783,-84.2186,30.4238,-84.2163
159,74,30.3783,-84.2186,30.429,-84.255
159,75,30.3783,-84.2186,30.3736,-84.2178
159,76,30.3783,-84.2186,30.5192,-84.3398
159,77,30.3783,-84.2186,30.4429,-84.2548
159,79,30.3783,-84.2186,30.384,-84.2103
159,80,30.3783,-84.2186,30.3652,-84.2624
159,82,30.3783,-84.2186,30.4416,-84.2783
159,83,30.3783,-84.2186,30.5145,-84.371
159,84,30.3783,-84.2186,30.4134,-84.3406
159,85,30.3783,-84.2186,30.4087,-84.3137
159,86,30.3783,-84.2186,30.513,-84.3247
159,87,30.3783,-84.2186,30.5187,-84.2812
159,91,30.3783,-84.2186,30.4387,-84.364
159,94,30.3783,-84.2186,30.5236,-84.2259
159,95,30.3783,-84.2186,30.4963,-84.2309
159,97,30.3783,-84.2186,30.3785,-84.2864
159,98,30.3783,-84.2186,30.527,-84.2767
159,100,30.3783,-84.2186,30.4674,-84.2785
159,102,30.3783,-84.2186,30.3702,-84.2022
159,103,30.3783,-84.2186,30.3684,-84.2249
159,105,30.3783,-84.2186,30.4403,-84.2392
159,106,30.3783,-84.2186,30.3822,-84.3098
159,107,30.3783,-84.2186,30.5161,-84.2171
159,108,30.3783,-84.2186,30.4616,-84.1983
159,109,30.3783,-84.2186,30.4767,-84.2064
159,110,30.3783,-84.2186,30.3621,-84.2092
159,111,30.3783,-84.2186,30.5031,-84.2072
159,113,30.3783,-84.2186,30.354,-84.209
159,115,30.3783,-84.2186,30.4421,-84.3036
159,118,30.3783,-84.2186,30.4332,-84.2085
159,119,30.3783,-84.2186,30.4596,-84.1848
159,122,30.3783,-84.2186,30.46,-84.2377
159,123,30.3783,-84.2186,30.3816,-84.3514
159,124,30.3783,-84.2186,30.5073,-84.3707
159,125,30.3783,-84.2186,30.4793,-84.2635
159,127,30.3783,-84.2186,30.3916,-84.2179
159,128,30.3783,-84.2186,30.3865,-84.3463
159,129,30.3783,-84.2186,30.4469,-84.3221
159,132,30.3783,-84.2186,30.4188,-84.3245
159,133,30.3783,-84.2186,30.493,-84.2922
159,134,30.3783,-84.2186,30.445,-84.3428
159,135,30.3783,-84.2186,30.3622,-84.2653
159,138,30.3783,-84.2186,30.4971,-84.1916
159,139,30.3783,-84.2186,30.3713,-84.3221
159,140,30.3783,-84.2186,30.4319,-84.2471
159,142,30.3783,-84.2186,30.5149,-84.3754
159,143,30.3783,-84.2186,30.4713,-84.3311
159,144,30.3783,-84.2186,30.4461,-84.3207
159,146,30.3783,-84.2186,30.4912,-84.1908
159,147,30.3783,-84.2186,30.5124,-84.1967
159,148,30.3783,-84.2186,30.5172,-84.2642
159,149,30.3783,-84.2186,30.3887,-84.3647
159,151,30.3783,-84.2186,30.4531,-84.3531
161,1,30.5101,-84.2241,30.4383,-84.199
161,2,30.5101,-84.2241,30.4136,-84.2014
161,3,30.5101,-84.2241,30.4533,-84.3251
161,4,30.5101,-84.2241,30.4392,-84.3159
161,5,30.5101,-84.2241,30.4267,-84.3109
161,6,30.5101,-84.2241,30.4237,-84.3327
161,8,30.5101,-84.2241,30.4399,-84.2686
161,10,30.5101,-84.2241,30.4006,-84.2964
161,11,30.5101,-84.2241,30.4169,-84.2527
161,12,30.5101,-84.2241,30.4134,-84.2727
161,13,30.5101,-84.2241,30.3956,-84.2755
161,14,30.5101,-84.2241,30.4294,-84.2694
161,16,30.5101,-84.2241,30.4698,-84.2982
161,17,30.5101,-84.2241,30.4704,-84.3287
161,19,30.5101,-84.2241,30.4865,-84.2733
161,20,30.5101,-84.2241,30.4647,-84.2629
161,21,30.5101,-84.2241,30.4725,-84.2715
161,22,30.5101,-84.2241,30.514,-84.2341
161,23,30.5101,-84.2241,30.467,-84.2442
161,24,30.5101,-84.2241,30.4737,-84.224
161,26,30.5101,-84.2241,30.4091,-84.2584
161,27,30.5101,-84.2241,30.4017,-84.2624
161,28,30.5101,-84.2241,30.4598,-84.304
161,29,30.5101,-84.2241,30.4573,-84.3129
161,30,30.5101,-84.2241,30.4859,-84.2288
161,31,30.5101,-84.2241,30.4831,-84.2208
161,32,30.5101,-84.2241,30.4949,-84.3224
161,33,30.5101,-84.2241,30.4388,-84.3375
161,35,30.5101,-84.2241,30.3867,-84.2802
161,37,30.5101,-84.2241,30.5079,-84.2797
161,38,30.5101,-84.2241,30.5048,-84.293
161,40,30.5101,-84.2241,30.4943,-84.2417
161,41,30.5101,-84.2241,30.4371,-84.2218
161,43,30.5101,-84.2241,30.4078,-84.215
161,44,30.5101,-84.2241,30.4111,-84.2383
161,45,30.5101,-84.2241,30.4388,-84.2916
161,46,30.5101,-84.2241,30.4491,-84.2904
161,48,30.5101,-84.2241,30.5074,-84.333
161,49,30.5101,-84.2241,30.4986,-84.3452
161,50,30.5101,-84.2241,30.4696,-84.3143
161,51,30.5101,-84.2241,30.3922,-84.3038
161,52,30.5101,-84.2241,30.3932,-84.2393
161,53,30.5101,-84.2241,30.3874,-84.2525
161,56,30.5101,-84.2241,30.5248,-84.2399
161,57,30.5101,-84.2241,30.5033,-84.2233
161,59,30.5101,-84.2241,30.4869,-84.3528
161,60,30.5101,-84.2241,30.4727,-84.3554
161,61,30.5101,-84.2241,30.428,-84.349
161,62,30.5101,-84.2241,30.4481,-84.242
161,63,30.5101,-84.2241,30.4565,-84.2188
161,64,30.5101,-84.2241,30.4309,-84.2861
161,65,30.5101,-84.2241,30.4489,-84.2727
161,66,30.5101,-84.2241,30.4653,-84.2312
161,67,30.5101,-84.2241,30.3927,-84.2905
161,68,30.5101,-84.2241,30.4004,-84.2295
161,69,30.5101,-84.2241,30.3856,-84.2309
161,70,30.5101,-84.2241,30.3961,-84.2156
161,73,30.5101,-84.2241,30.4238,-84.2163
161,74,30.5101,-84.2241,30.429,-84.255
161,75,30.5101,-84.2241,30.3736,-84.2178
161,76,30.5101,-84.2241,30.5192,-84.3398
161,77,30.5101,-84.2241,30.4429,-84.2548
161,79,30.5101,-84.2241,30.384,-84.2103
161,80,30.5101,-84.2241,30.3652,-84.2624
161,82,30.5101,-84.2241,30.4416,-84.2783
161,83,30.5101,-84.2241,30.5145,-84.371
161,84,30.5101,-84.2241,30.4134,-84.3406
161,85,30.5101,-84.2241,30.4087,-84.3137
161,86,30.5101,-84.2241,30.513,-84.3247
161,87,30.5101,-84.2241,30.5187,-84.2812
161,91,30.5101,-84.2241,30.4387,-84.364
161,94,30.5101,-84.2241,30.5236,-84.2259
161,95,30.5101,-84.2241,30.4963,-84.2309
161,97,30.5101,-84.2241,30.3785,-84.2864
161,98,30.5101,-84.2241,30.527,-84.2767
161,100,30.5101,-84.2241,30.4674,-84.2785
161,102,30.5101,-84.2241,30.3702,-84.2022
161,103,30.5101,-84.2241,30.3684,-84.2249
161,105,30.5101,-84.2241,30.4403,-84.2392
161,106,30.5101,-84.2241,30.3822,-84.3098
161,107,30.5101,-84.2241,30.5161,-84.2171
161,108,30.5101,-84.2241,30.4616,-84.1983
161,109,30.5101,-84.2241,30.4767,-84.2064
161,110,30.5101,-84.2241,30.3621,-84.2092
161,111,30.5101,-84.2241,30.5031,-84.2072
161,113,30.5101,-84.2241,30.354,-84.209
161,115,30.5101,-84.2241,30.4421,-84.3036
161,118,30.5101,-84.2241,30.4332,-84.2085
161,119,30.5101,-84.2241,30.4596,-84.1848
161,122,30.5101,-84.2241,30.46,-84.2377
161,123,30.5101,-84.2241,30.3816,-84.3514
161,124,30.5101,-84.2241,30.5073,-84.3707
161,125,30.5101,-84.2241,30.4793,-84.2635
161,127,30.5101,-84.2241,30.3916,-84.2179
161,128,30.5101,-84.2241,30.3865,-84.3463
161,129,30.5101,-84.2241,30.4469,-84.3221
161,132,30.5101,-84.2241,30.4188,-84.3245
161,133,30.5101,-84.2241,30.493,-84.2922
161,134,30.5101,-84.2241,30.445,-84.3428
161,135,30.5101,-84.2241,30.3622,-84.2653
161,138,30.5101,-84.2241,30.4971,-84.1916
161,139,30.5101,-84.2241,30.3713,-84.3221
161,140,30.5101,-84.2241,30.4319,-84.2471
161,142,30.5101,-84.2241,30.5149,-84.3754
161,143,30.5101,-84.2241,30.4713,-84.3311
161,144,30.5101,-84.2241,30.4461,-84.3207
161,146,30.5101,-84.2241,30.4912,-84.1908
161,147,30.5101,-84.2241,30.5124,-84.1967
161,148,30.5101,-84.2241,30.5172,-84.2642
161,149,30.5101,-84.2241,30.3887,-84.3647
161,151,30.5101,-84.2241,30.4531,-84.3531
163,1,30.3841,-84.2931,30.4383,-84.199
163,2,30.3841,-84.2931,30.4136,-84.2014
163,3,30.3841,-84.2931,30.4533,-84.3251
163,4,30.3841,-84.2931,30.4392,-84.3159
163,5,30.3841,-84.2931,30.4267,-84.3109
163,6,30.3841,-84.2931,30.4237,-84.3327
163,8,30.3841,-84.2931,30.4399,-84.2686
163,10,30.3841,-84.2931,30.4006,-84.2964
163,11,30.3841,-84.2931,30.4169,-84.2527
163,12,30.3841,-84.2931,30.4134,-84.2727
163,13,30.3841,-84.2931,30.3956,-84.2755
163,14,30.3841,-84.2931,30.4294,-84.2694
163,16,30.3841,-84.2931,30.4698,-84.2982
163,17,30.3841,-84.2931,30.4704,-84.3287
163,19,30.3841,-84.2931,30.4865,-84.2733
163,20,30.3841,-84.2931,30.4647,-84.2629
163,21,30.3841,-84.2931,30.4725,-84.2715
163,22,30.3841,-84.2931,30.514,-84.2341
163,23,30.3841,-84.2931,30.467,-84.2442
163,24,30.3841,-84.2931,30.4737,-84.224
163,26,30.3841,-84.2931,30.4091,-84.2584
163,27,30.3841,-84.2931,30.4017,-84.2624
163,28,30.3841,-84.2931,30.4598,-84.304
163,29,30.3841,-84.2931,30.4573,-84.3129
163,30,30.3841,-84.2931,30.4859,-84.2288
163,31,30.3841,-84.2931,30.4831,-84.2208
163,32,30.3841,-84.2931,30.4949,-84.3224
163,33,30.3841,-84.2931,30.4388,-84.3375
163,35,30.3841,-84.2931,30.3867,-84.2802
163,37,30.3841,-84.2931,30.5079,-84.2797
163,38,30.3841,-84.2931,30.5048,-84.293
163,40,30.3841,-84.2931,30.4943,-84.2417
163,41,30.3841,-84.2931,30.4371,-84.2218
163,43,30.3841,-84.2931,30.4078,-84.215
163,44,30.3841,-84.2931,30.4111,-84.2383
163,45,30.3841,-84.2931,30.4388,-84.2916
163,46,30.3841,-84.2931,30.4491,-84.2904
163,48,30.3841,-84.2931,30.5074,-84.333
163,49,30.3841,-84.2931,30.4986,-84.3452
163,50,30.3841,-84.2931,30.4696,-84.3143
163,51,30.3841,-84.2931,30.3922,-84.3038
163,52,30.3841,-84.2931,30.3932,-84.2393
163,53,30.3841,-84.2931,30.3874,-84.2525
163,56,30.3841,-84.2931,30.5248,-84.2399
163,57,30.3841,-84.2931,30.5033,-84.2233
163,59,30.3841,-84.2931,30.4869,-84.3528
163,60,30.3841,-84.2931,30.4727,-84.3554
163,61,30.3841,-84.2931,30.428,-84.349
163,62,30.3841,-84.2931,30.4481,-84.242
163,63,30.3841,-84.2931,30.4565,-84.2188
163,64,30.3841,-84.2931,30.4309,-84.2861
163,65,30.3841,-84.2931,30.4489,-84.2727
163,66,30.3841,-84.2931,30.4653,-84.2312
163,67,30.3841,-84.2931,30.3927,-84.2905
163,68,30.3841,-84.2931,30.4004,-84.2295
163,69,30.3841,-84.2931,30.3856,-84.2309
163,70,30.3841,-84.2931,30.3961,-84.2156
163,73,30.3841,-84.2931,30.4238,-84.2163
163,74,30.3841,-84.2931,30.429,-84.255
163,75,30.3841,-84.2931,30.3736,-84.2178
163,76,30.3841,-84.2931,30.5192,-84.3398
163,77,30.3841,-84.2931,30.4429,-84.2548
163,79,30.3841,-84.2931,30.384,-84.2103
163,80,30.3841,-84.2931,30.3652,-84.2624
163,82,30.3841,-84.2931,30.4416,-84.2783
163,83,30.3841,-84.2931,30.5145,-84.371
163,84,30.3841,-84.2931,30.4134,-84.3406
163,85,30.3841,-84.2931,30.4087,-84.3137
163,86,30.3841,-84.2931,30.513,-84.3247
163,87,30.3841,-84.2931,30.5187,-84.2812
163,91,30.3841,-84.2931,30.4387,-84.364
163,94,30.3841,-84.2931,30.5236,-84.2259
163,95,30.3841,-84.2931,30.4963,-84.2309
163,97,30.3841,-84.2931,30.3785,-84.2864
163,98,30.3841,-84.2931,30.527,-84.2767
163,100,30.3841,-84.2931,30.4674,-84.2785
163,102,30.3841,-84.2931,30.3702,-84.2022
163,103,30.3841,-84.2931,30.3684,-84.2249
163,105,30.3841,-84.2931,30.4403,-84.2392
163,106,30.3841,-84.2931,30.3822,-84.3098
163,107,30.3841,-84.2931,30.5161,-84.2171
163,108,30.3841,-84.2931,30.4616,-84.1983
163,109,30.3841,-84.2931,30.4767,-84.2064
163,110,30.3841,-84.2931,30.3621,-84.2092
163,111,30.3841,-84.2931,30.5031,-84.2072
163,113,30.3841,-84.2931,30.354,-84.209
163,115,30.3841,-84.2931,30.4421,-84.3036
163,118,30.3841,-84.2931,30.4332,-84.2085
163,119,30.3841,-84.2931,30.4596,-84.1848
163,122,30.3841,-84.2931,30.46,-84.2377
163,123,30.3841,-84.2931,30.3816,-84.3514
163,124,30.3841,-84.2931,30.5073,-84.3707
163,125,30.3841,-84.2931,30.4793,-84.2635
163,127,30.3841,-84.2931,30.3916,-84.2179
163,128,30.3841,-84.2931,30.3865,-84.3463
163,129,30.3841,-84.2931,30.4469,-84.3221
163,132,30.3841,-84.2931,30.4188,-84.3245
163,133,30.3841,-84.2931,30.493,-84.2922
163,134,30.3841,-84.2931,30.445,-84.3428
163,135,30.3841,-84.2931,30.3622,-84.2653
163,138,30.3841,-84.2931,30.4971,-84.1916
163,139,30.3841,-84.2931,30.3713,-84.3221
163,140,30.3841,-84.2931,30.4319,-84.2471
163,142,30.3841,-84.2931,30.5149,-84.3754
163,143,30.3841,-84.2931,30.4713,-84.3311
163,144,30.3841,-84.2931,30.4461,-84.3207
163,146,30.3841,-84.2931,30.4912,-84.1908
163,147,30.3841,-84.2931,30.5124,-84.1967
163,148,30.3841,-84.2931,30.5172,-84.2642
163,149,30.3841,-84.2931,30.3887,-84.3647
163,151,30.3841,-84.2931,30.4531,-84.3531
165,1,30.526,-84.2937,30.4383,-84.199
165,2,30.526,-84.2937,30.4136,-84.2014
165,3,30.526,-84.2937,30.4533,-84.3251
165,4,30.526,-84.2937,30.4392,-84.3159
165,5,30.526,-84.2937,30.4267,-84.3109
165,6,30.526,-84.2937,30.4237,-84.3327
165,8,30.526,-84.2937,30.4399,-84.2686
165,10,30.526,-84.2937,30.4006,-84.2964
165,11,30.526,-84.2937,30.4169,-84.2527
165,12,30.526,-84.2937,30.4134,-84.2727
165,13,30.526,-84.2937,30.3956,-84.2755
165,14,30.526,-84.2937,30.4294,-84.2694
165,16,30.526,-84.2937,30.4698,-84.2982
165,17,30.526,-84.2937,30.4704,-84.3287
165,19,30.526,-84.2937,30.4865,-84.2733
165,20,30.526,-84.2937,30.4647,-84.2629
165,21,30.526,-84.2937,30.4725,-84.2715
165,22,30.526,-84.2937,30.514,-84.2341
165,23,30.526,-84.2937,30.467,-84.2442
165,24,30.526,-84.2937,30.4737,-84.224
165,26,30.526,-84.2937,30.4091,-84.2584
165,27,30.526,-84.2937,30.4017,-84.2624
165,28,30.526,-84.2937,30.4598,-84.304
165,29,30.526,-84.2937,30.4573,-84.3129
165,30,30.526,-84.2937,30.4859,-84.2288
165,31,30.526,-84.2937,30.4831,-84.2208
165,32,30.526,-84.2937,30.4949,-84.3224
165,33,30.526,-84.2937,30.4388,-84.3375
165,35,30.526,-84.2937,30.3867,-84.2802
165,37,30.526,-84.2937,30.5079,-84.2797
165,38,30.526,-84.2937,30.5048,-84.293
165,40,30.526,-84.2937,30.4943,-84.2417
165,41,30.526,-84.2937,30.4371,-84.2218
165,43,30.526,-84.2937,30.4078,-84.215
165,44,30.526,-84.2937,30.4111,-84.2383
165,45,30.526,-84.2937,30.4388,-84.2916
165,46,30.526,-84.2937,30.4491,-84.2904
165,48,30.526,-84.2937,30.5074,-84.333
165,49,30.526,-84.2937,30.4986,-84.3452
165,50,30.526,-84.2937,30.4696,-84.3143
165,51,30.526,-84.2937,30.3922,-84.3038
165,52,30.526,-84.2937,30.3932,-84.2393
165,53,30.526,-84.2937,30.3874,-84.2525
165,56,30.526,-84.2937,30.5248,-84.2399
165,57,30.526,-84.2937,30.5033,-84.2233
165,59,30.526,-84.2937,30.4869,-84.3528
165,60,30.526,-84.2937,30.4727,-84.3554
165,61,30.526,-84.2937,30.428,-84.349
165,62,30.526,-84.2937,30.4481,-84.242
165,63,30.526,-84.2937,30.4565,-84.2188
165,64,30.526,-84.2937,30.4309,-84.2861
165,65,30.526,-84.2937,30.4489,-84.2727
165,66,30.526,-84.2937,30.4653,-84.2312
165,67,30.526,-84.2937,30.3927,-84.2905
165,68,30.526,-84.2937,30.4004,-84.2295
165,69,30.526,-84.2937,30.3856,-84.2309
165,70,30.526,-84.2937,30.3961,-84.2156
165,73,30.526,-84.2937,30.4238,-84.2163
165,74,30.526,-84.2937,30.429,-84.255
165,75,30.526,-84.2937,30.3736,-84.2178
165,76,30.526,-84.2937,30.5192,-84.3398
165,77,30.526,-84.2937,30.4429,-84.2548
165,79,30.526,-84.2937,30.384,-84.2103
165,80,30.526,-84.2937,30.3652,-84.2624
165,82,30.526,-84.2937,30.4416,-84.2783
165,83,30.526,-84.2937,30.5145,-84.371
165,84,30.526,-84.2937,30.4134,-84.3406
165,85,30.526,-84.2937,30.4087,-84.3137
165,86,30.526,-84.2937,30.513,-84.3247
165,87,30.526,-84.2937,30.5187,-84.2812
165,91,30.526,-84.2937,30.4387,-84.364
165,94,30.526,-84.2937,30.5236,-84.2259
165,95,30.526,-84.2937,30.4963,-84.2309
165,97,30.526,-84.2937,30.3785,-84.2864
165,98,30.526,-84.2937,30.527,-84.2767
165,100,30.526,-84.2937,30.4674,-84.2785
165,102,30.526,-84.2937,30.3702,-84.2022
165,103,30.526,-84.2937,30.3684,-84.2249
165,105,30.526,-84.2937,30.4403,-84.2392
165,106,30.526,-84.2937,30.3822,-84.3098
165,107,30.526,-84.2937,30.5161,-84.2171
165,108,30.526,-84.2937,30.4616,-84.1983
165,109,30.526,-84.2937,30.4767,-84.2064
165,110,30.526,-84.2937,30.3621,-84.2092
165,111,30.526,-84.2937,30.5031,-84.2072
165,113,30.526,-84.2937,30.354,-84.209
165,115,30.526,-84.2937,30.4421,-84.3036
165,118,30.526,-84.2937,30.4332,-84.2085
165,119,30.526,-84.2937,30.4596,-84.1848
165,122,30.526,-84.2937,30.46,-84.2377
165,123,30.526,-84.2937,30.3816,-84.3514
165,124,30.526,-84.2937,30.5073,-84.3707
165,125,30.526,-84.2937,30.4793,-84.2635
165,127,30.526,-84.2937,30.3916,-84.2179
165,128,30.526,-84.2937,30.3865,-84.3463
165,129,30.526,-84.2937,30.4469,-84.3221
165,132,30.526,-84.2937,30.4188,-84.3245
165,133,30.526,-84.2937,30.493,-84.2922
165,134,30.526,-84.2937,30.445,-84.3428
165,135,30.526,-84.2937,30.3622,-84.2653
165,138,30.526,-84.2937,30.4971,-84.1916
165,139,30.526,-84.2937,30.3713,-84.3221
165,140,30.526,-84.2937,30.4319,-84.2471
165,142,30.526,-84.2937,30.5149,-84.3754
165,143,30.526,-84.2937,30.4713,-84.3311
165,144,30.526,-84.2937,30.4461,-84.3207
165,146,30.526,-84.2937,30.4912,-84.1908
165,147,30.526,-84.2937,30.5124,-84.1967
165,148,30.526,-84.2937,30.5172,-84.2642
165,149,30.526,-84.2937,30.3887,-84.3647
165,151,30.526,-84.2937,30.4531,-84.3531
167,1,30.5054,-84.339,30.4383,-84.199
167,2,30.5054,-84.339,30.4136,-84.2014
167,3,30.5054,-84.339,30.4533,-84.3251
167,4,30.5054,-84.339,30.4392,-84.3159
167,5,30.5054,-84.339,30.4267,-84.3109
167,6,30.5054,-84.339,30.4237,-84.3327
167,8,30.5054,-84.339,30.4399,-84.2686
167,10,30.5054,-84.339,30.4006,-84.2964
167,11,30.5054,-84.339,30.4169,-84.2527
167,12,30.5054,-84.339,30.4134,-84.2727
167,13,30.5054,-84.339,30.3956,-84.2755
167,14,30.5054,-84.339,30.4294,-84.2694
167,16,30.5054,-84.339,30.4698,-84.2982
167,17,30.5054,-84.339,30.4704,-84.3287
167,19,30.5054,-84.339,30.4865,-84.2733
167,20,30.5054,-84.339,30.4647,-84.2629
167,21,30.5054,-84.339,30.4725,-84.2715
167,22,30.5054,-84.339,30.514,-84.2341
167,23,30.5054,-84.339,30.467,-84.2442
167,24,30.5054,-84.339,30.4737,-84.224
167,26,30.5054,-84.339,30.4091,-84.2584
167,27,30.5054,-84.339,30.4017,-84.2624
167,28,30.5054,-84.339,30.4598,-84.304
167,29,30.5054,-84.339,30.4573,-84.3129
167,30,30.5054,-84.339,30.4859,-84.2288
167,31,30.5054,-84.339,30.4831,-84.2208
167,32,30.5054,-84.339,30.4949,-84.3224
167,33,30.5054,-84.339,30.4388,-84.3375
167,35,30.5054,-84.339,30.3867,-84.2802
167,37,30.5054,-84.339,30.5079,-84.2797
167,38,30.5054,-84.339,30.5048,-84.293
167,40,30.5054,-84.339,30.4943,-84.2417
167,41,30.5054,-84.339,30.4371,-84.2218
167,43,30.5054,-84.339,30.4078,-84.215
167,44,30.5054,-84.339,30.4111,-84.2383
167,45,30.5054,-84.339,30.4388,-84.2916
167,46,30.5054,-84.339,30.4491,-84.2904
167,48,30.5054,-84.339,30.5074,-84.333
167,49,30.5054,-84.339,30.4986,-84.3452
167,50,30.5054,-84.339,30.4696,-84.3143
167,51,30.5054,-84.339,30.3922,-84.3038
167,52,30.5054,-84.339,30.3932,-84.2393
167,53,30.5054,-84.339,30.3874,-84.2525
167,56,30.5054,-84.339,30.5248,-84.2399
167,57,30.5054,-84.339,30.5033,-84.2233
167,59,30.5054,-84.339,30.4869,-84.3528
167,60,30.5054,-84.339,30.4727,-84.3554
167,61,30.5054,-84.339,30.428,-84.349
167,62,30.5054,-84.339,30.4481,-84.242
167,63,30.5054,-84.339,30.4565,-84.2188
167,64,30.5054,-84.339,30.4309,-84.2861
167,65,30.5054,-84.339,30.4489,-84.2727
167,66,30.5054,-84.339,30.4653,-84.2312
167,67,30.5054,-84.339,30.3927,-84.2905
167,68,30.5054,-84.339,30.4004,-84.2295
167,69,30.5054,-84.339,30.3856,-84.2309
167,70,30.5054,-84.339,30.3961,-84.2156
167,73,30.5054,-84.339,30.4238,-84.2163
167,74,30.5054,-84.339,30.429,-84.255
167,75,30.5054,-84.339,30.3736,-84.2178
167,76,30.5054,-84.339,30.5192,-84.3398
167,77,30.5054,-84.339,30.4429,-84.2548
167,79,30.5054,-84.339,30.384,-84.2103
167,80,30.5054,-84.339,30.3652,-84.2624
167,82,30.5054,-84.339,30.4416,-84.2783
167,83,30.5054,-84.339,30.5145,-84.371
167,84,30.5054,-84.339,30.4134,-84.3406
167,85,30.5054,-84.339,30.4087,-84.3137
167,86,30.5054,-84.339,30.513,-84.3247
167,87,30.5054,-84.339,30.5187,-84.2812
167,91,30.5054,-84.339,30.4387,-84.364
167,94,30.5054,-84.339,30.5236,-84.2259
167,95,30.5054,-84.339,30.4963,-84.2309
167,97,30.5054,-84.339,30.3785,-84.2864
167,98,30.5054,-84.339,30.527,-84.2767
167,100,30.5054,-84.339,30.4674,-84.2785
167,102,30.5054,-84.339,30.3702,-84.2022
167,103,30.5054,-84.339,30.3684,-84.2249
167,105,30.5054,-84.339,30.4403,-84.2392
167,106,30.5054,-84.339,30.3822,-84.3098
167,107,30.5054,-84.339,30.5161,-84.2171
167,108,30.5054,-84.339,30.4616,-84.1983
167,109,30.5054,-84.339,30.4767,-84.2064
167,110,30.5054,-84.339,30.3621,-84.2092
167,111,30.5054,-84.339,30.5031,-84.2072
167,113,30.5054,-84.339,30.354,-84.209
167,115,30.5054,-84.339,30.4421,-84.3036
167,118,30.5054,-84.339,30.4332,-84.2085
167,119,30.5054,-84.339,30.4596,-84.1848
167,122,30.5054,-84.339,30.46,-84.2377
167,123,30.5054,-84.339,30.3816,-84.3514
167,124,30.5054,-84.339,30.5073,-84.3707
167,125,30.5054,-84.339,30.4793,-84.2635
167,127,30.5054,-84.339,30.3916,-84.2179
167,128,30.5054,-84.339,30.3865,-84.3463
167,129,30.5054,-84.339,30.4469,-84.3221
167,132,30.5054,-84.339,30.4188,-84.3245
167,133,30.5054,-84.339,30.493,-84.2922
167,134,30.5054,-84.339,30.445,-84.3428
167,135,30.5054,-84.339,30.3622,-84.2653
167,138,30.5054,-84.339,30.4971,-84.1916
167,139,30.5054,-84.339,30.3713,-84.3221
167,140,30.5054,-84.339,30.4319,-84.2471
167,142,30.5054,-84.339,30.5149,-84.3754
167,143,30.5054,-84.339,30.4713,-84.3311
167,144,30.5054,-84.339,30.4461,-84.3207
167,146,30.5054,-84.339,30.4912,-84.1908
167,147,30.5054,-84.339,30.5124,-84.1967
167,148,30.5054,-84.339,30.5172,-84.2642
167,149,30.5054,-84.339,30.3887,-84.3647
167,151,30.5054,-84.339,30.4531,-84.3531
171,1,30.4481,-84.2158,30.4383,-84.199
171,2,30.4481,-84.2158,30.4136,-84.2014
171,3,30.4481,-84.2158,30.4533,-84.3251
171,4,30.4481,-84.2158,30.4392,-84.3159
171,5,30.4481,-84.2158,30.4267,-84.3109
171,6,30.4481,-84.2158,30.4237,-84.3327
171,8,30.4481,-84.2158,30.4399,-84.2686
171,10,30.4481,-84.2158,30.4006,-84.2964
171,11,30.4481,-84.2158,30.4169,-84.2527
171,12,30.4481,-84.2158,30.4134,-84.2727
171,13,30.4481,-84.2158,30.3956,-84.2755
171,14,30.4481,-84.2158,30.4294,-84.2694
171,16,30.4481,-84.2158,30.4698,-84.2982
171,17,30.4481,-84.2158,30.4704,-84.3287
171,19,30.4481,-84.2158,30.4865,-84.2733
171,20,30.4481,-84.2158,30.4647,-84.2629
171,21,30.4481,-84.2158,30.4725,-84.2715
171,22,30.4481,-84.2158,30.514,-84.2341
171,23,30.4481,-84.2158,30.467,-84.2442
171,24,30.4481,-84.2158,30.4737,-84.224
171,26,30.4481,-84.2158,30.4091,-84.2584
171,27,30.4481,-84.2158,30.4017,-84.2624
171,28,30.4481,-84.2158,30.4598,-84.304
171,29,30.4481,-84.2158,30.4573,-84.3129
171,30,30.4481,-84.2158,30.4859,-84.2288
171,31,30.4481,-84.2158,30.4831,-84.2208
171,32,30.4481,-84.2158,30.4949,-84.3224
171,33,30.4481,-84.2158,30.4388,-84.3375
171,35,30.4481,-84.2158,30.3867,-84.2802
171,37,30.4481,-84.2158,30.5079,-84.2797
171,38,30.4481,-84.2158,30.5048,-84.293
171,40,30.4481,-84.2158,30.4943,-84.2417
171,41,30.4481,-84.2158,30.4371,-84.2218
171,43,30.4481,-84.2158,30.4078,-84.215
171,44,30.4481,-84.2158,30.4111,-84.2383
171,45,30.4481,-84.2158,30.4388,-84.2916
171,46,30.4481,-84.2158,30.4491,-84.2904
171,48,30.4481,-84.2158,30.5074,-84.333
171,49,30.4481,-84.2158,30.4986,-84.3452
171,50,30.4481,-84.2158,30.4696,-84.3143
171,51,30.4481,-84.2158,30.3922,-84.3038
171,52,30.4481,-84.2158,30.3932,-84.2393
171,53,30.4481,-84.2158,30.3874,-84.2525
171,56,30.4481,-84.2158,30.5248,-84.2399
171,57,30.4481,-84.2158,30.5033,-84.2233
171,59,30.4481,-84.2158,30.4869,-84.3528
171,60,30.4481,-84.2158,30.4727,-84.3554
171,61,30.4481,-84.2158,30.428,-84.349
171,62,30.4481,-84.2158,30.4481,-84.242
171,63,30.4481,-84.2158,30.4565,-84.2188
171,64,30.4481,-84.2158,30.4309,-84.2861
171,65,30.4481,-84.2158,30.4489,-84.2727
171,66,30.4481,-84.2158,30.4653,-84.2312
171,67,30.4481,-84.2158,30.3927,-84.2905
171,68,30.4481,-84.2158,30.4004,-84.2295
171,69,30.4481,-84.2158,30.3856,-84.2309
171,70,30.4481,-84.2158,30.3961,-84.2156
171,73,30.4481,-84.2158,30.4238,-84.2163
171,74,30.4481,-84.2158,30.429,-84.255
171,75,30.4481,-84.2158,30.3736,-84.2178
171,76,30.4481,-84.2158,30.5192,-84.3398
171,77,30.4481,-84.2158,30.4429,-84.2548
171,79,30.4481,-84.2158,30.384,-84.2103
171,80,30.4481,-84.2158,30.3652,-84.2624
171,82,30.4481,-84.2158,30.4416,-84.2783
171,83,30.4481,-84.2158,30.5145,-84.371
171,84,30.4481,-84.2158,30.4134,-84.3406
171,85,30.4481,-84.2158,30.4087,-84.3137
171,86,30.4481,-84.2158,30.513,-84.3247
171,87,30.4481,-84.2158,30.5187,-84.2812
171,91,30.4481,-84.2158,30.4387,-84.364
171,94,30.4481,-84.2158,30.5236,-84.2259
171,95,30.4481,-84.2158,30.4963,-84.2309
171,97,30.4481,-84.2158,30.3785,-84.2864
171,98,30.4481,-84.2158,30.527,-84.2767
171,100,30.4481,-84.2158,30.4674,-84.2785
171,102,30.4481,-84.2158,30.3702,-84.2022
171,103,30.4481,-84.2158,30.3684,-84.2249
171,105,30.4481,-84.2158,30.4403,-84.2392
171,106,30.4481,-84.2158,30.3822,-84.3098
171,107,30.4481,-84.2158,30.5161,-84.2171
171,108,30.4481,-84.2158,30.4616,-84.1983
171,109,30.4481,-84.2158,30.4767,-84.2064
171,110,30.4481,-84.2158,30.3621,-84.2092
171,111,30.4481,-84.2158,30.5031,-84.2072
171,113,30.4481,-84.2158,30.354,-84.209
171,115,30.4481,-84.2158,30.4421,-84.3036
171,118,30.4481,-84.2158,30.4332,-84.2085
171,119,30.4481,-84.2158,30.4596,-84.1848
171,122,30.4481,-84.2158,30.46,-84.2377
171,123,30.4481,-84.2158,30.3816,-84.3514
171,124,30.4481,-84.2158,30.5073,-84.3707
171,125,30.4481,-84.2158,30.4793,-84.2635
171,127,30.4481,-84.2158,30.3916,-84.2179
171,128,30.4481,-84.2158,30.3865,-84.3463
171,129,30.4481,-84.2158,30.4469,-84.3221
171,132,30.4481,-84.2158,30.4188,-84.3245
171,133,30.4481,-84.2158,30.493,-84.2922
171,134,30.4481,-84.2158,30.445,-84.3428
171,135,30.4481,-84.2158,30.3622,-84.2653
171,138,30.4481,-84.2158,30.4971,-84.1916
171,139,30.4481,-84.2158,30.3713,-84.3221
171,140,30.4481,-84.2158,30.4319,-84.2471
171,142,30.4481,-84.2158,30.5149,-84.3754
171,143,30.4481,-84.2158,30.4713,-84.3311
171,144,30.4481,-84.2158,30.4461,-84.3207
171,146,30.4481,-84.2158,30.4912,-84.1908
171,147,30.4481,-84.2158,30.5124,-84.1967
171,148,30.4481,-84.2158,30.5172,-84.2642
171,149,30.4481,-84.2158,30.3887,-84.3647
171,151,30.4481,-84.2158,30.4531,-84.3531
