from_node ID,to_node ID,start_lat,start_lon,end_lat,end_lon
1,5,30.4383,-84.199,30.4267,-84.3109
5,1,30.4267,-84.3109,30.4383,-84.199
1,10,30.4383,-84.199,30.4006,-84.2964
10,1,30.4006,-84.2964,30.4383,-84.199
1,11,30.4383,-84.199,30.4169,-84.2527
11,1,30.4169,-84.2527,30.4383,-84.199
1,12,30.4383,-84.199,30.4134,-84.2727
12,1,30.4134,-84.2727,30.4383,-84.199
1,13,30.4383,-84.199,30.3956,-84.2755
13,1,30.3956,-84.2755,30.4383,-84.199
1,16,30.4383,-84.199,30.4698,-84.2982
16,1,30.4698,-84.2982,30.4383,-84.199
1,17,30.4383,-84.199,30.4704,-84.3287
17,1,30.4704,-84.3287,30.4383,-84.199
1,18,30.4383,-84.199,30.4812,-84.2516
18,1,30.4812,-84.2516,30.4383,-84.199
1,19,30.4383,-84.199,30.4865,-84.2733
19,1,30.4865,-84.2733,30.4383,-84.199
1,20,30.4383,-84.199,30.4647,-84.2629
20,1,30.4647,-84.2629,30.4383,-84.199
1,23,30.4383,-84.199,30.467,-84.2442
23,1,30.467,-84.2442,30.4383,-84.199
1,27,30.4383,-84.199,30.4017,-84.2624
27,1,30.4017,-84.2624,30.4383,-84.199
1,28,30.4383,-84.199,30.4598,-84.304
28,1,30.4598,-84.304,30.4383,-84.199
1,30,30.4383,-84.199,30.4859,-84.2288
30,1,30.4859,-84.2288,30.4383,-84.199
1,31,30.4383,-84.199,30.4831,-84.2208
31,1,30.4831,-84.2208,30.4383,-84.199
1,32,30.4383,-84.199,30.4949,-84.3224
32,1,30.4949,-84.3224,30.4383,-84.199
1,33,30.4383,-84.199,30.4388,-84.3375
33,1,30.4388,-84.3375,30.4383,-84.199
1,37,30.4383,-84.199,30.5079,-84.2797
37,1,30.5079,-84.2797,30.4383,-84.199
1,40,30.4383,-84.199,30.4943,-84.2417
40,1,30.4943,-84.2417,30.4383,-84.199
1,43,30.4383,-84.199,30.4078,-84.215
43,1,30.4078,-84.215,30.4383,-84.199
1,46,30.4383,-84.199,30.4491,-84.2904
46,1,30.4491,-84.2904,30.4383,-84.199
1,52,30.4383,-84.199,30.3932,-84.2393
52,1,30.3932,-84.2393,30.4383,-84.199
1,56,30.4383,-84.199,30.5248,-84.2399
56,1,30.5248,-84.2399,30.4383,-84.199
1,57,30.4383,-84.199,30.5033,-84.2233
57,1,30.5033,-84.2233,30.4383,-84.199
1,62,30.4383,-84.199,30.4481,-84.242
62,1,30.4481,-84.242,30.4383,-84.199
1,65,30.4383,-84.199,30.4489,-84.2727
65,1,30.4489,-84.2727,30.4383,-84.199
1,66,30.4383,-84.199,30.4653,-84.2312
66,1,30.4653,-84.2312,30.4383,-84.199
1,69,30.4383,-84.199,30.3856,-84.2309
69,1,30.3856,-84.2309,30.4383,-84.199
1,70,30.4383,-84.199,30.3961,-84.2156
70,1,30.3961,-84.2156,30.4383,-84.199
1,71,30.4383,-84.199,30.4059,-84.3275
71,1,30.4059,-84.3275,30.4383,-84.199
1,72,30.4383,-84.199,30.4667,-84.3657
72,1,30.4667,-84.3657,30.4383,-84.199
1,74,30.4383,-84.199,30.429,-84.255
74,1,30.429,-84.255,30.4383,-84.199
1,76,30.4383,-84.199,30.5192,-84.3398
76,1,30.5192,-84.3398,30.4383,-84.199
1,77,30.4383,-84.199,30.4429,-84.2548
77,1,30.4429,-84.2548,30.4383,-84.199
1,79,30.4383,-84.199,30.384,-84.2103
79,1,30.384,-84.2103,30.4383,-84.199
1,82,30.4383,-84.199,30.4416,-84.2783
82,1,30.4416,-84.2783,30.4383,-84.199
1,83,30.4383,-84.199,30.5145,-84.371
83,1,30.5145,-84.371,30.4383,-84.199
1,86,30.4383,-84.199,30.513,-84.3247
86,1,30.513,-84.3247,30.4383,-84.199
1,87,30.4383,-84.199,30.5187,-84.2812
87,1,30.5187,-84.2812,30.4383,-84.199
1,88,30.4383,-84.199,30.4932,-84.2139
88,1,30.4932,-84.2139,30.4383,-84.199
1,105,30.4383,-84.199,30.4403,-84.2392
105,1,30.4403,-84.2392,30.4383,-84.199
1,106,30.4383,-84.199,30.3822,-84.3098
106,1,30.3822,-84.3098,30.4383,-84.199
1,109,30.4383,-84.199,30.4767,-84.2064
109,1,30.4767,-84.2064,30.4383,-84.199
1,110,30.4383,-84.199,30.3621,-84.2092
110,1,30.3621,-84.2092,30.4383,-84.199
1,111,30.4383,-84.199,30.5031,-84.2072
111,1,30.5031,-84.2072,30.4383,-84.199
1,119,30.4383,-84.199,30.4596,-84.1848
119,1,30.4596,-84.1848,30.4383,-84.199
1,120,30.4383,-84.199,30.4223,-84.2413
120,1,30.4223,-84.2413,30.4383,-84.199
1,123,30.4383,-84.199,30.3816,-84.3514
123,1,30.3816,-84.3514,30.4383,-84.199
1,128,30.4383,-84.199,30.3865,-84.3463
128,1,30.3865,-84.3463,30.4383,-84.199
1,129,30.4383,-84.199,30.4469,-84.3221
129,1,30.4469,-84.3221,30.4383,-84.199
1,132,30.4383,-84.199,30.4188,-84.3245
132,1,30.4188,-84.3245,30.4383,-84.199
1,133,30.4383,-84.199,30.493,-84.2922
133,1,30.493,-84.2922,30.4383,-84.199
1,134,30.4383,-84.199,30.445,-84.3428
134,1,30.445,-84.3428,30.4383,-84.199
1,138,30.4383,-84.199,30.4971,-84.1916
138,1,30.4971,-84.1916,30.4383,-84.199
1,142,30.4383,-84.199,30.5149,-84.3754
142,1,30.5149,-84.3754,30.4383,-84.199
1,143,30.4383,-84.199,30.4713,-84.3311
143,1,30.4713,-84.3311,30.4383,-84.199
1,144,30.4383,-84.199,30.4461,-84.3207
144,1,30.4461,-84.3207,30.4383,-84.199
1,146,30.4383,-84.199,30.4912,-84.1908
146,1,30.4912,-84.1908,30.4383,-84.199
1,147,30.4383,-84.199,30.5124,-84.1967
147,1,30.5124,-84.1967,30.4383,-84.199
5,10,30.4267,-84.3109,30.4006,-84.2964
10,5,30.4006,-84.2964,30.4267,-84.3109
5,11,30.4267,-84.3109,30.4169,-84.2527
11,5,30.4169,-84.2527,30.4267,-84.3109
5,12,30.4267,-84.3109,30.4134,-84.2727
12,5,30.4134,-84.2727,30.4267,-84.3109
5,13,30.4267,-84.3109,30.3956,-84.2755
13,5,30.3956,-84.2755,30.4267,-84.3109
5,16,30.4267,-84.3109,30.4698,-84.2982
16,5,30.4698,-84.2982,30.4267,-84.3109
5,17,30.4267,-84.3109,30.4704,-84.3287
17,5,30.4704,-84.3287,30.4267,-84.3109
5,18,30.4267,-84.3109,30.4812,-84.2516
18,5,30.4812,-84.2516,30.4267,-84.3109
5,19,30.4267,-84.3109,30.4865,-84.2733
19,5,30.4865,-84.2733,30.4267,-84.3109
5,20,30.4267,-84.3109,30.4647,-84.2629
20,5,30.4647,-84.2629,30.4267,-84.3109
5,23,30.4267,-84.3109,30.467,-84.2442
23,5,30.467,-84.2442,30.4267,-84.3109
5,27,30.4267,-84.3109,30.4017,-84.2624
27,5,30.4017,-84.2624,30.4267,-84.3109
5,28,30.4267,-84.3109,30.4598,-84.304
28,5,30.4598,-84.304,30.4267,-84.3109
5,30,30.4267,-84.3109,30.4859,-84.2288
30,5,30.4859,-84.2288,30.4267,-84.3109
5,31,30.4267,-84.3109,30.4831,-84.2208
31,5,30.4831,-84.2208,30.4267,-84.3109
5,32,30.4267,-84.3109,30.4949,-84.3224
32,5,30.4949,-84.3224,30.4267,-84.3109
5,33,30.4267,-84.3109,30.4388,-84.3375
33,5,30.4388,-84.3375,30.4267,-84.3109
5,37,30.4267,-84.3109,30.5079,-84.2797
37,5,30.5079,-84.2797,30.4267,-84.3109
5,40,30.4267,-84.3109,30.4943,-84.2417
40,5,30.4943,-84.2417,30.4267,-84.3109
5,43,30.4267,-84.3109,30.4078,-84.215
43,5,30.4078,-84.215,30.4267,-84.3109
5,46,30.4267,-84.3109,30.4491,-84.2904
46,5,30.4491,-84.2904,30.4267,-84.3109
5,52,30.4267,-84.3109,30.3932,-84.2393
52,5,30.3932,-84.2393,30.4267,-84.3109
5,56,30.4267,-84.3109,30.5248,-84.2399
56,5,30.5248,-84.2399,30.4267,-84.3109
5,57,30.4267,-84.3109,30.5033,-84.2233
57,5,30.5033,-84.2233,30.4267,-84.3109
5,62,30.4267,-84.3109,30.4481,-84.242
62,5,30.4481,-84.242,30.4267,-84.3109
5,65,30.4267,-84.3109,30.4489,-84.2727
65,5,30.4489,-84.2727,30.4267,-84.3109
5,66,30.4267,-84.3109,30.4653,-84.2312
66,5,30.4653,-84.2312,30.4267,-84.3109
5,69,30.4267,-84.3109,30.3856,-84.2309
69,5,30.3856,-84.2309,30.4267,-84.3109
5,70,30.4267,-84.3109,30.3961,-84.2156
70,5,30.3961,-84.2156,30.4267,-84.3109
5,71,30.4267,-84.3109,30.4059,-84.3275
71,5,30.4059,-84.3275,30.4267,-84.3109
5,72,30.4267,-84.3109,30.4667,-84.3657
72,5,30.4667,-84.3657,30.4267,-84.3109
5,74,30.4267,-84.3109,30.429,-84.255
74,5,30.429,-84.255,30.4267,-84.3109
5,76,30.4267,-84.3109,30.5192,-84.3398
76,5,30.5192,-84.3398,30.4267,-84.3109
5,77,30.4267,-84.3109,30.4429,-84.2548
77,5,30.4429,-84.2548,30.4267,-84.3109
5,79,30.4267,-84.3109,30.384,-84.2103
79,5,30.384,-84.2103,30.4267,-84.3109
5,82,30.4267,-84.3109,30.4416,-84.2783
82,5,30.4416,-84.2783,30.4267,-84.3109
5,83,30.4267,-84.3109,30.5145,-84.371
83,5,30.5145,-84.371,30.4267,-84.3109
5,86,30.4267,-84.3109,30.513,-84.3247
86,5,30.513,-84.3247,30.4267,-84.3109
5,87,30.4267,-84.3109,30.5187,-84.2812
87,5,30.5187,-84.2812,30.4267,-84.3109
5,88,30.4267,-84.3109,30.4932,-84.2139
88,5,30.4932,-84.2139,30.4267,-84.3109
5,105,30.4267,-84.3109,30.4403,-84.2392
105,5,30.4403,-84.2392,30.4267,-84.3109
5,106,30.4267,-84.3109,30.3822,-84.3098
106,5,30.3822,-84.3098,30.4267,-84.3109
5,109,30.4267,-84.3109,30.4767,-84.2064
109,5,30.4767,-84.2064,30.4267,-84.3109
5,110,30.4267,-84.3109,30.3621,-84.2092
110,5,30.3621,-84.2092,30.4267,-84.3109
5,111,30.4267,-84.3109,30.5031,-84.2072
111,5,30.5031,-84.2072,30.4267,-84.3109
5,119,30.4267,-84.3109,30.4596,-84.1848
119,5,30.4596,-84.1848,30.4267,-84.3109
5,120,30.4267,-84.3109,30.4223,-84.2413
120,5,30.4223,-84.2413,30.4267,-84.3109
5,123,30.4267,-84.3109,30.3816,-84.3514
123,5,30.3816,-84.3514,30.4267,-84.3109
5,128,30.4267,-84.3109,30.3865,-84.3463
128,5,30.3865,-84.3463,30.4267,-84.3109
5,129,30.4267,-84.3109,30.4469,-84.3221
129,5,30.4469,-84.3221,30.4267,-84.3109
5,132,30.4267,-84.3109,30.4188,-84.3245
132,5,30.4188,-84.3245,30.4267,-84.3109
5,133,30.4267,-84.3109,30.493,-84.2922
133,5,30.493,-84.2922,30.4267,-84.3109
5,134,30.4267,-84.3109,30.445,-84.3428
134,5,30.445,-84.3428,30.4267,-84.3109
5,138,30.4267,-84.3109,30.4971,-84.1916
138,5,30.4971,-84.1916,30.4267,-84.3109
5,142,30.4267,-84.3109,30.5149,-84.3754
142,5,30.5149,-84.3754,30.4267,-84.3109
5,143,30.4267,-84.3109,30.4713,-84.3311
143,5,30.4713,-84.3311,30.4267,-84.3109
5,144,30.4267,-84.3109,30.4461,-84.3207
144,5,30.4461,-84.3207,30.4267,-84.3109
5,146,30.4267,-84.3109,30.4912,-84.1908
146,5,30.4912,-84.1908,30.4267,-84.3109
5,147,30.4267,-84.3109,30.5124,-84.1967
147,5,30.5124,-84.1967,30.4267,-84.3109
10,11,30.4006,-84.2964,30.4169,-84.2527
11,10,30.4169,-84.2527,30.4006,-84.2964
10,12,30.4006,-84.2964,30.4134,-84.2727
12,10,30.4134,-84.2727,30.4006,-84.2964
10,13,30.4006,-84.2964,30.3956,-84.2755
13,10,30.3956,-84.2755,30.4006,-84.2964
10,16,30.4006,-84.2964,30.4698,-84.2982
16,10,30.4698,-84.2982,30.4006,-84.2964
10,17,30.4006,-84.2964,30.4704,-84.3287
17,10,30.4704,-84.3287,30.4006,-84.2964
10,18,30.4006,-84.2964,30.4812,-84.2516
18,10,30.4812,-84.2516,30.4006,-84.2964
10,19,30.4006,-84.2964,30.4865,-84.2733
19,10,30.4865,-84.2733,30.4006,-84.2964
10,20,30.4006,-84.2964,30.4647,-84.2629
20,10,30.4647,-84.2629,30.4006,-84.2964
10,23,30.4006,-84.2964,30.467,-84.2442
23,10,30.467,-84.2442,30.4006,-84.2964
10,27,30.4006,-84.2964,30.4017,-84.2624
27,10,30.4017,-84.2624,30.4006,-84.2964
10,28,30.4006,-84.2964,30.4598,-84.304
28,10,30.4598,-84.304,30.4006,-84.2964
10,30,30.4006,-84.2964,30.4859,-84.2288
30,10,30.4859,-84.2288,30.4006,-84.2964
10,31,30.4006,-84.2964,30.4831,-84.2208
31,10,30.4831,-84.2208,30.4006,-84.2964
10,32,30.4006,-84.2964,30.4949,-84.3224
32,10,30.4949,-84.3224,30.4006,-84.2964
10,33,30.4006,-84.2964,30.4388,-84.3375
33,10,30.4388,-84.3375,30.4006,-84.2964
10,37,30.4006,-84.2964,30.5079,-84.2797
37,10,30.5079,-84.2797,30.4006,-84.2964
10,40,30.4006,-84.2964,30.4943,-84.2417
40,10,30.4943,-84.2417,30.4006,-84.2964
10,43,30.4006,-84.2964,30.4078,-84.215
43,10,30.4078,-84.215,30.4006,-84.2964
10,46,30.4006,-84.2964,30.4491,-84.2904
46,10,30.4491,-84.2904,30.4006,-84.2964
10,52,30.4006,-84.2964,30.3932,-84.2393
52,10,30.3932,-84.2393,30.4006,-84.2964
10,56,30.4006,-84.2964,30.5248,-84.2399
56,10,30.5248,-84.2399,30.4006,-84.2964
10,57,30.4006,-84.2964,30.5033,-84.2233
57,10,30.5033,-84.2233,30.4006,-84.2964
10,62,30.4006,-84.2964,30.4481,-84.242
62,10,30.4481,-84.242,30.4006,-84.2964
10,65,30.4006,-84.2964,30.4489,-84.2727
65,10,30.4489,-84.2727,30.4006,-84.2964
10,66,30.4006,-84.2964,30.4653,-84.2312
66,10,30.4653,-84.2312,30.4006,-84.2964
10,69,30.4006,-84.2964,30.3856,-84.2309
69,10,30.3856,-84.2309,30.4006,-84.2964
10,70,30.4006,-84.2964,30.3961,-84.2156
70,10,30.3961,-84.2156,30.4006,-84.2964
10,71,30.4006,-84.2964,30.4059,-84.3275
71,10,30.4059,-84.3275,30.4006,-84.2964
10,72,30.4006,-84.2964,30.4667,-84.3657
72,10,30.4667,-84.3657,30.4006,-84.2964
10,74,30.4006,-84.2964,30.429,-84.255
74,10,30.429,-84.255,30.4006,-84.2964
10,76,30.4006,-84.2964,30.5192,-84.3398
76,10,30.5192,-84.3398,30.4006,-84.2964
10,77,30.4006,-84.2964,30.4429,-84.2548
77,10,30.4429,-84.2548,30.4006,-84.2964
10,79,30.4006,-84.2964,30.384,-84.2103
79,10,30.384,-84.2103,30.4006,-84.2964
10,82,30.4006,-84.2964,30.4416,-84.2783
82,10,30.4416,-84.2783,30.4006,-84.2964
10,83,30.4006,-84.2964,30.5145,-84.371
83,10,30.5145,-84.371,30.4006,-84.2964
10,86,30.4006,-84.2964,30.513,-84.3247
86,10,30.513,-84.3247,30.4006,-84.2964
10,87,30.4006,-84.2964,30.5187,-84.2812
87,10,30.5187,-84.2812,30.4006,-84.2964
10,88,30.4006,-84.2964,30.4932,-84.2139
88,10,30.4932,-84.2139,30.4006,-84.2964
10,105,30.4006,-84.2964,30.4403,-84.2392
105,10,30.4403,-84.2392,30.4006,-84.2964
10,106,30.4006,-84.2964,30.3822,-84.3098
106,10,30.3822,-84.3098,30.4006,-84.2964
10,109,30.4006,-84.2964,30.4767,-84.2064
109,10,30.4767,-84.2064,30.4006,-84.2964
10,110,30.4006,-84.2964,30.3621,-84.2092
110,10,30.3621,-84.2092,30.4006,-84.2964
10,111,30.4006,-84.2964,30.5031,-84.2072
111,10,30.5031,-84.2072,30.4006,-84.2964
10,119,30.4006,-84.2964,30.4596,-84.1848
119,10,30.4596,-84.1848,30.4006,-84.2964
10,120,30.4006,-84.2964,30.4223,-84.2413
120,10,30.4223,-84.2413,30.4006,-84.2964
10,123,30.4006,-84.2964,30.3816,-84.3514
123,10,30.3816,-84.3514,30.4006,-84.2964
10,128,30.4006,-84.2964,30.3865,-84.3463
128,10,30.3865,-84.3463,30.4006,-84.2964
10,129,30.4006,-84.2964,30.4469,-84.3221
129,10,30.4469,-84.3221,30.4006,-84.2964
10,132,30.4006,-84.2964,30.4188,-84.3245
132,10,30.4188,-84.3245,30.4006,-84.2964
10,133,30.4006,-84.2964,30.493,-84.2922
133,10,30.493,-84.2922,30.4006,-84.2964
10,134,30.4006,-84.2964,30.445,-84.3428
134,10,30.445,-84.3428,30.4006,-84.2964
10,138,30.4006,-84.2964,30.4971,-84.1916
138,10,30.4971,-84.1916,30.4006,-84.2964
10,142,30.4006,-84.2964,30.5149,-84.3754
142,10,30.5149,-84.3754,30.4006,-84.2964
10,143,30.4006,-84.2964,30.4713,-84.3311
143,10,30.4713,-84.3311,30.4006,-84.2964
10,144,30.4006,-84.2964,30.4461,-84.3207
144,10,30.4461,-84.3207,30.4006,-84.2964
10,146,30.4006,-84.2964,30.4912,-84.1908
146,10,30.4912,-84.1908,30.4006,-84.2964
10,147,30.4006,-84.2964,30.5124,-84.1967
147,10,30.5124,-84.1967,30.4006,-84.2964
11,12,30.4169,-84.2527,30.4134,-84.2727
12,11,30.4134,-84.2727,30.4169,-84.2527
11,13,30.4169,-84.2527,30.3956,-84.2755
13,11,30.3956,-84.2755,30.4169,-84.2527
11,16,30.4169,-84.2527,30.4698,-84.2982
16,11,30.4698,-84.2982,30.4169,-84.2527
11,17,30.4169,-84.2527,30.4704,-84.3287
17,11,30.4704,-84.3287,30.4169,-84.2527
11,18,30.4169,-84.2527,30.4812,-84.2516
18,11,30.4812,-84.2516,30.4169,-84.2527
11,19,30.4169,-84.2527,30.4865,-84.2733
19,11,30.4865,-84.2733,30.4169,-84.2527
11,20,30.4169,-84.2527,30.4647,-84.2629
20,11,30.4647,-84.2629,30.4169,-84.2527
11,23,30.4169,-84.2527,30.467,-84.2442
23,11,30.467,-84.2442,30.4169,-84.2527
11,27,30.4169,-84.2527,30.4017,-84.2624
27,11,30.4017,-84.2624,30.4169,-84.2527
11,28,30.4169,-84.2527,30.4598,-84.304
28,11,30.4598,-84.304,30.4169,-84.2527
11,30,30.4169,-84.2527,30.4859,-84.2288
30,11,30.4859,-84.2288,30.4169,-84.2527
11,31,30.4169,-84.2527,30.4831,-84.2208
31,11,30.4831,-84.2208,30.4169,-84.2527
11,32,30.4169,-84.2527,30.4949,-84.3224
32,11,30.4949,-84.3224,30.4169,-84.2527
11,33,30.4169,-84.2527,30.4388,-84.3375
33,11,30.4388,-84.3375,30.4169,-84.2527
11,37,30.4169,-84.2527,30.5079,-84.2797
37,11,30.5079,-84.2797,30.4169,-84.2527
11,40,30.4169,-84.2527,30.4943,-84.2417
40,11,30.4943,-84.2417,30.4169,-84.2527
11,43,30.4169,-84.2527,30.4078,-84.215
43,11,30.4078,-84.215,30.4169,-84.2527
11,46,30.4169,-84.2527,30.4491,-84.2904
46,11,30.4491,-84.2904,30.4169,-84.2527
11,52,30.4169,-84.2527,30.3932,-84.2393
52,11,30.3932,-84.2393,30.4169,-84.2527
11,56,30.4169,-84.2527,30.5248,-84.2399
56,11,30.5248,-84.2399,30.4169,-84.2527
11,57,30.4169,-84.2527,30.5033,-84.2233
57,11,30.5033,-84.2233,30.4169,-84.2527
11,62,30.4169,-84.2527,30.4481,-84.242
62,11,30.4481,-84.242,30.4169,-84.2527
11,65,30.4169,-84.2527,30.4489,-84.2727
65,11,30.4489,-84.2727,30.4169,-84.2527
11,66,30.4169,-84.2527,30.4653,-84.2312
66,11,30.4653,-84.2312,30.4169,-84.2527
11,69,30.4169,-84.2527,30.3856,-84.2309
69,11,30.3856,-84.2309,30.4169,-84.2527
11,70,30.4169,-84.2527,30.3961,-84.2156
70,11,30.3961,-84.2156,30.4169,-84.2527
11,71,30.4169,-84.2527,30.4059,-84.3275
71,11,30.4059,-84.3275,30.4169,-84.2527
11,72,30.4169,-84.2527,30.4667,-84.3657
72,11,30.4667,-84.3657,30.4169,-84.2527
11,74,30.4169,-84.2527,30.429,-84.255
74,11,30.429,-84.255,30.4169,-84.2527
11,76,30.4169,-84.2527,30.5192,-84.3398
76,11,30.5192,-84.3398,30.4169,-84.2527
11,77,30.4169,-84.2527,30.4429,-84.2548
77,11,30.4429,-84.2548,30.4169,-84.2527
11,79,30.4169,-84.2527,30.384,-84.2103
79,11,30.384,-84.2103,30.4169,-84.2527
11,82,30.4169,-84.2527,30.4416,-84.2783
82,11,30.4416,-84.2783,30.4169,-84.2527
11,83,30.4169,-84.2527,30.5145,-84.371
83,11,30.5145,-84.371,30.4169,-84.2527
11,86,30.4169,-84.2527,30.513,-84.3247
86,11,30.513,-84.3247,30.4169,-84.2527
11,87,30.4169,-84.2527,30.5187,-84.2812
87,11,30.5187,-84.2812,30.4169,-84.2527
11,88,30.4169,-84.2527,30.4932,-84.2139
88,11,30.4932,-84.2139,30.4169,-84.2527
11,105,30.4169,-84.2527,30.4403,-84.2392
105,11,30.4403,-84.2392,30.4169,-84.2527
11,106,30.4169,-84.2527,30.3822,-84.3098
106,11,30.3822,-84.3098,30.4169,-84.2527
11,109,30.4169,-84.2527,30.4767,-84.2064
109,11,30.4767,-84.2064,30.4169,-84.2527
11,110,30.4169,-84.2527,30.3621,-84.2092
110,11,30.3621,-84.2092,30.4169,-84.2527
11,111,30.4169,-84.2527,30.5031,-84.2072
111,11,30.5031,-84.2072,30.4169,-84.2527
11,119,30.4169,-84.2527,30.4596,-84.1848
119,11,30.4596,-84.1848,30.4169,-84.2527
11,120,30.4169,-84.2527,30.4223,-84.2413
120,11,30.4223,-84.2413,30.4169,-84.2527
11,123,30.4169,-84.2527,30.3816,-84.3514
123,11,30.3816,-84.3514,30.4169,-84.2527
11,128,30.4169,-84.2527,30.3865,-84.3463
128,11,30.3865,-84.3463,30.4169,-84.2527
11,129,30.4169,-84.2527,30.4469,-84.3221
129,11,30.4469,-84.3221,30.4169,-84.2527
11,132,30.4169,-84.2527,30.4188,-84.3245
132,11,30.4188,-84.3245,30.4169,-84.2527
11,133,30.4169,-84.2527,30.493,-84.2922
133,11,30.493,-84.2922,30.4169,-84.2527
11,134,30.4169,-84.2527,30.445,-84.3428
134,11,30.445,-84.3428,30.4169,-84.2527
11,138,30.4169,-84.2527,30.4971,-84.1916
138,11,30.4971,-84.1916,30.4169,-84.2527
11,142,30.4169,-84.2527,30.5149,-84.3754
142,11,30.5149,-84.3754,30.4169,-84.2527
11,143,30.4169,-84.2527,30.4713,-84.3311
143,11,30.4713,-84.3311,30.4169,-84.2527
11,144,30.4169,-84.2527,30.4461,-84.3207
144,11,30.4461,-84.3207,30.4169,-84.2527
11,146,30.4169,-84.2527,30.4912,-84.1908
146,11,30.4912,-84.1908,30.4169,-84.2527
11,147,30.4169,-84.2527,30.5124,-84.1967
147,11,30.5124,-84.1967,30.4169,-84.2527
12,13,30.4134,-84.2727,30.3956,-84.2755
13,12,30.3956,-84.2755,30.4134,-84.2727
12,16,30.4134,-84.2727,30.4698,-84.2982
16,12,30.4698,-84.2982,30.4134,-84.2727
12,17,30.4134,-84.2727,30.4704,-84.3287
17,12,30.4704,-84.3287,30.4134,-84.2727
12,18,30.4134,-84.2727,30.4812,-84.2516
18,12,30.4812,-84.2516,30.4134,-84.2727
12,19,30.4134,-84.2727,30.4865,-84.2733
19,12,30.4865,-84.2733,30.4134,-84.2727
12,20,30.4134,-84.2727,30.4647,-84.2629
20,12,30.4647,-84.2629,30.4134,-84.2727
12,23,30.4134,-84.2727,30.467,-84.2442
23,12,30.467,-84.2442,30.4134,-84.2727
12,27,30.4134,-84.2727,30.4017,-84.2624
27,12,30.4017,-84.2624,30.4134,-84.2727
12,28,30.4134,-84.2727,30.4598,-84.304
28,12,30.4598,-84.304,30.4134,-84.2727
12,30,30.4134,-84.2727,30.4859,-84.2288
30,12,30.4859,-84.2288,30.4134,-84.2727
12,31,30.4134,-84.2727,30.4831,-84.2208
31,12,30.4831,-84.2208,30.4134,-84.2727
12,32,30.4134,-84.2727,30.4949,-84.3224
32,12,30.4949,-84.3224,30.4134,-84.2727
12,33,30.4134,-84.2727,30.4388,-84.3375
33,12,30.4388,-84.3375,30.4134,-84.2727
12,37,30.4134,-84.2727,30.5079,-84.2797
37,12,30.5079,-84.2797,30.4134,-84.2727
12,40,30.4134,-84.2727,30.4943,-84.2417
40,12,30.4943,-84.2417,30.4134,-84.2727
12,43,30.4134,-84.2727,30.4078,-84.215
43,12,30.4078,-84.215,30.4134,-84.2727
12,46,30.4134,-84.2727,30.4491,-84.2904
46,12,30.4491,-84.2904,30.4134,-84.2727
12,52,30.4134,-84.2727,30.3932,-84.2393
52,12,30.3932,-84.2393,30.4134,-84.2727
12,56,30.4134,-84.2727,30.5248,-84.2399
56,12,30.5248,-84.2399,30.4134,-84.2727
12,57,30.4134,-84.2727,30.5033,-84.2233
57,12,30.5033,-84.2233,30.4134,-84.2727
12,62,30.4134,-84.2727,30.4481,-84.242
62,12,30.4481,-84.242,30.4134,-84.2727
12,65,30.4134,-84.2727,30.4489,-84.2727
65,12,30.4489,-84.2727,30.4134,-84.2727
12,66,30.4134,-84.2727,30.4653,-84.2312
66,12,30.4653,-84.2312,30.4134,-84.2727
12,69,30.4134,-84.2727,30.3856,-84.2309
69,12,30.3856,-84.2309,30.4134,-84.2727
12,70,30.4134,-84.2727,30.3961,-84.2156
70,12,30.3961,-84.2156,30.4134,-84.2727
12,71,30.4134,-84.2727,30.4059,-84.3275
71,12,30.4059,-84.3275,30.4134,-84.2727
12,72,30.4134,-84.2727,30.4667,-84.3657
72,12,30.4667,-84.3657,30.4134,-84.2727
12,74,30.4134,-84.2727,30.429,-84.255
74,12,30.429,-84.255,30.4134,-84.2727
12,76,30.4134,-84.2727,30.5192,-84.3398
76,12,30.5192,-84.3398,30.4134,-84.2727
12,77,30.4134,-84.2727,30.4429,-84.2548
77,12,30.4429,-84.2548,30.4134,-84.2727
12,79,30.4134,-84.2727,30.384,-84.2103
79,12,30.384,-84.2103,30.4134,-84.2727
12,82,30.4134,-84.2727,30.4416,-84.2783
82,12,30.4416,-84.2783,30.4134,-84.2727
12,83,30.4134,-84.2727,30.5145,-84.371
83,12,30.5145,-84.371,30.4134,-84.2727
12,86,30.4134,-84.2727,30.513,-84.3247
86,12,30.513,-84.3247,30.4134,-84.2727
12,87,30.4134,-84.2727,30.5187,-84.2812
87,12,30.5187,-84.2812,30.4134,-84.2727
12,88,30.4134,-84.2727,30.4932,-84.2139
88,12,30.4932,-84.2139,30.4134,-84.2727
12,105,30.4134,-84.2727,30.4403,-84.2392
105,12,30.4403,-84.2392,30.4134,-84.2727
12,106,30.4134,-84.2727,30.3822,-84.3098
106,12,30.3822,-84.3098,30.4134,-84.2727
12,109,30.4134,-84.2727,30.4767,-84.2064
109,12,30.4767,-84.2064,30.4134,-84.2727
12,110,30.4134,-84.2727,30.3621,-84.2092
110,12,30.3621,-84.2092,30.4134,-84.2727
12,111,30.4134,-84.2727,30.5031,-84.2072
111,12,30.5031,-84.2072,30.4134,-84.2727
12,119,30.4134,-84.2727,30.4596,-84.1848
119,12,30.4596,-84.1848,30.4134,-84.2727
12,120,30.4134,-84.2727,30.4223,-84.2413
120,12,30.4223,-84.2413,30.4134,-84.2727
12,123,30.4134,-84.2727,30.3816,-84.3514
123,12,30.3816,-84.3514,30.4134,-84.2727
12,128,30.4134,-84.2727,30.3865,-84.3463
128,12,30.3865,-84.3463,30.4134,-84.2727
12,129,30.4134,-84.2727,30.4469,-84.3221
129,12,30.4469,-84.3221,30.4134,-84.2727
12,132,30.4134,-84.2727,30.4188,-84.3245
132,12,30.4188,-84.3245,30.4134,-84.2727
12,133,30.4134,-84.2727,30.493,-84.2922
133,12,30.493,-84.2922,30.4134,-84.2727
12,134,30.4134,-84.2727,30.445,-84.3428
134,12,30.445,-84.3428,30.4134,-84.2727
12,138,30.4134,-84.2727,30.4971,-84.1916
138,12,30.4971,-84.1916,30.4134,-84.2727
12,142,30.4134,-84.2727,30.5149,-84.3754
142,12,30.5149,-84.3754,30.4134,-84.2727
12,143,30.4134,-84.2727,30.4713,-84.3311
143,12,30.4713,-84.3311,30.4134,-84.2727
12,144,30.4134,-84.2727,30.4461,-84.3207
144,12,30.4461,-84.3207,30.4134,-84.2727
12,146,30.4134,-84.2727,30.4912,-84.1908
146,12,30.4912,-84.1908,30.4134,-84.2727
12,147,30.4134,-84.2727,30.5124,-84.1967
147,12,30.5124,-84.1967,30.4134,-84.2727
13,16,30.3956,-84.2755,30.4698,-84.2982
16,13,30.4698,-84.2982,30.3956,-84.2755
13,17,30.3956,-84.2755,30.4704,-84.3287
17,13,30.4704,-84.3287,30.3956,-84.2755
13,18,30.3956,-84.2755,30.4812,-84.2516
18,13,30.4812,-84.2516,30.3956,-84.2755
13,19,30.3956,-84.2755,30.4865,-84.2733
19,13,30.4865,-84.2733,30.3956,-84.2755
13,20,30.3956,-84.2755,30.4647,-84.2629
20,13,30.4647,-84.2629,30.3956,-84.2755
13,23,30.3956,-84.2755,30.467,-84.2442
23,13,30.467,-84.2442,30.3956,-84.2755
13,27,30.3956,-84.2755,30.4017,-84.2624
27,13,30.4017,-84.2624,30.3956,-84.2755
13,28,30.3956,-84.2755,30.4598,-84.304
28,13,30.4598,-84.304,30.3956,-84.2755
13,30,30.3956,-84.2755,30.4859,-84.2288
30,13,30.4859,-84.2288,30.3956,-84.2755
13,31,30.3956,-84.2755,30.4831,-84.2208
31,13,30.4831,-84.2208,30.3956,-84.2755
13,32,30.3956,-84.2755,30.4949,-84.3224
32,13,30.4949,-84.3224,30.3956,-84.2755
13,33,30.3956,-84.2755,30.4388,-84.3375
33,13,30.4388,-84.3375,30.3956,-84.2755
13,37,30.3956,-84.2755,30.5079,-84.2797
37,13,30.5079,-84.2797,30.3956,-84.2755
13,40,30.3956,-84.2755,30.4943,-84.2417
40,13,30.4943,-84.2417,30.3956,-84.2755
13,43,30.3956,-84.2755,30.4078,-84.215
43,13,30.4078,-84.215,30.3956,-84.2755
13,46,30.3956,-84.2755,30.4491,-84.2904
46,13,30.4491,-84.2904,30.3956,-84.2755
13,52,30.3956,-84.2755,30.3932,-84.2393
52,13,30.3932,-84.2393,30.3956,-84.2755
13,56,30.3956,-84.2755,30.5248,-84.2399
56,13,30.5248,-84.2399,30.3956,-84.2755
13,57,30.3956,-84.2755,30.5033,-84.2233
57,13,30.5033,-84.2233,30.3956,-84.2755
13,62,30.3956,-84.2755,30.4481,-84.242
62,13,30.4481,-84.242,30.3956,-84.2755
13,65,30.3956,-84.2755,30.4489,-84.2727
65,13,30.4489,-84.2727,30.3956,-84.2755
13,66,30.3956,-84.2755,30.4653,-84.2312
66,13,30.4653,-84.2312,30.3956,-84.2755
13,69,30.3956,-84.2755,30.3856,-84.2309
69,13,30.3856,-84.2309,30.3956,-84.2755
13,70,30.3956,-84.2755,30.3961,-84.2156
70,13,30.3961,-84.2156,30.3956,-84.2755
13,71,30.3956,-84.2755,30.4059,-84.3275
71,13,30.4059,-84.3275,30.3956,-84.2755
13,72,30.3956,-84.2755,30.4667,-84.3657
72,13,30.4667,-84.3657,30.3956,-84.2755
13,74,30.3956,-84.2755,30.429,-84.255
74,13,30.429,-84.255,30.3956,-84.2755
13,76,30.3956,-84.2755,30.5192,-84.3398
76,13,30.5192,-84.3398,30.3956,-84.2755
13,77,30.3956,-84.2755,30.4429,-84.2548
77,13,30.4429,-84.2548,30.3956,-84.2755
13,79,30.3956,-84.2755,30.384,-84.2103
79,13,30.384,-84.2103,30.3956,-84.2755
13,82,30.3956,-84.2755,30.4416,-84.2783
82,13,30.4416,-84.2783,30.3956,-84.2755
13,83,30.3956,-84.2755,30.5145,-84.371
83,13,30.5145,-84.371,30.3956,-84.2755
13,86,30.3956,-84.2755,30.513,-84.3247
86,13,30.513,-84.3247,30.3956,-84.2755
13,87,30.3956,-84.2755,30.5187,-84.2812
87,13,30.5187,-84.2812,30.3956,-84.2755
13,88,30.3956,-84.2755,30.4932,-84.2139
88,13,30.4932,-84.2139,30.3956,-84.2755
13,105,30.3956,-84.2755,30.4403,-84.2392
105,13,30.4403,-84.2392,30.3956,-84.2755
13,106,30.3956,-84.2755,30.3822,-84.3098
106,13,30.3822,-84.3098,30.3956,-84.2755
13,109,30.3956,-84.2755,30.4767,-84.2064
109,13,30.4767,-84.2064,30.3956,-84.2755
13,110,30.3956,-84.2755,30.3621,-84.2092
110,13,30.3621,-84.2092,30.3956,-84.2755
13,111,30.3956,-84.2755,30.5031,-84.2072
111,13,30.5031,-84.2072,30.3956,-84.2755
13,119,30.3956,-84.2755,30.4596,-84.1848
119,13,30.4596,-84.1848,30.3956,-84.2755
13,120,30.3956,-84.2755,30.4223,-84.2413
120,13,30.4223,-84.2413,30.3956,-84.2755
13,123,30.3956,-84.2755,30.3816,-84.3514
123,13,30.3816,-84.3514,30.3956,-84.2755
13,128,30.3956,-84.2755,30.3865,-84.3463
128,13,30.3865,-84.3463,30.3956,-84.2755
13,129,30.3956,-84.2755,30.4469,-84.3221
129,13,30.4469,-84.3221,30.3956,-84.2755
13,132,30.3956,-84.2755,30.4188,-84.3245
132,13,30.4188,-84.3245,30.3956,-84.2755
13,133,30.3956,-84.2755,30.493,-84.2922
133,13,30.493,-84.2922,30.3956,-84.2755
13,134,30.3956,-84.2755,30.445,-84.3428
134,13,30.445,-84.3428,30.3956,-84.2755
13,138,30.3956,-84.2755,30.4971,-84.1916
138,13,30.4971,-84.1916,30.3956,-84.2755
13,142,30.3956,-84.2755,30.5149,-84.3754
142,13,30.5149,-84.3754,30.3956,-84.2755
13,143,30.3956,-84.2755,30.4713,-84.3311
143,13,30.4713,-84.3311,30.3956,-84.2755
13,144,30.3956,-84.2755,30.4461,-84.3207
144,13,30.4461,-84.3207,30.3956,-84.2755
13,146,30.3956,-84.2755,30.4912,-84.1908
146,13,30.4912,-84.1908,30.3956,-84.2755
13,147,30.3956,-84.2755,30.5124,-84.1967
147,13,30.5124,-84.1967,30.3956,-84.2755
16,17,30.4698,-84.2982,30.4704,-84.3287
17,16,30.4704,-84.3287,30.4698,-84.2982
16,18,30.4698,-84.2982,30.4812,-84.2516
18,16,30.4812,-84.2516,30.4698,-84.2982
16,19,30.4698,-84.2982,30.4865,-84.2733
19,16,30.4865,-84.2733,30.4698,-84.2982
16,20,30.4698,-84.2982,30.4647,-84.2629
20,16,30.4647,-84.2629,30.4698,-84.2982
16,23,30.4698,-84.2982,30.467,-84.2442
23,16,30.467,-84.2442,30.4698,-84.2982
16,27,30.4698,-84.2982,30.4017,-84.2624
27,16,30.4017,-84.2624,30.4698,-84.2982
16,28,30.4698,-84.2982,30.4598,-84.304
28,16,30.4598,-84.304,30.4698,-84.2982
16,30,30.4698,-84.2982,30.4859,-84.2288
30,16,30.4859,-84.2288,30.4698,-84.2982
16,31,30.4698,-84.2982,30.4831,-84.2208
31,16,30.4831,-84.2208,30.4698,-84.2982
16,32,30.4698,-84.2982,30.4949,-84.3224
32,16,30.4949,-84.3224,30.4698,-84.2982
16,33,30.4698,-84.2982,30.4388,-84.3375
33,16,30.4388,-84.3375,30.4698,-84.2982
16,37,30.4698,-84.2982,30.5079,-84.2797
37,16,30.5079,-84.2797,30.4698,-84.2982
16,40,30.4698,-84.2982,30.4943,-84.2417
40,16,30.4943,-84.2417,30.4698,-84.2982
16,43,30.4698,-84.2982,30.4078,-84.215
43,16,30.4078,-84.215,30.4698,-84.2982
16,46,30.4698,-84.2982,30.4491,-84.2904
46,16,30.4491,-84.2904,30.4698,-84.2982
16,52,30.4698,-84.2982,30.3932,-84.2393
52,16,30.3932,-84.2393,30.4698,-84.2982
16,56,30.4698,-84.2982,30.5248,-84.2399
56,16,30.5248,-84.2399,30.4698,-84.2982
16,57,30.4698,-84.2982,30.5033,-84.2233
57,16,30.5033,-84.2233,30.4698,-84.2982
16,62,30.4698,-84.2982,30.4481,-84.242
62,16,30.4481,-84.242,30.4698,-84.2982
16,65,30.4698,-84.2982,30.4489,-84.2727
65,16,30.4489,-84.2727,30.4698,-84.2982
16,66,30.4698,-84.2982,30.4653,-84.2312
66,16,30.4653,-84.2312,30.4698,-84.2982
16,69,30.4698,-84.2982,30.3856,-84.2309
69,16,30.3856,-84.2309,30.4698,-84.2982
16,70,30.4698,-84.2982,30.3961,-84.2156
70,16,30.3961,-84.2156,30.4698,-84.2982
16,71,30.4698,-84.2982,30.4059,-84.3275
71,16,30.4059,-84.3275,30.4698,-84.2982
16,72,30.4698,-84.2982,30.4667,-84.3657
72,16,30.4667,-84.3657,30.4698,-84.2982
16,74,30.4698,-84.2982,30.429,-84.255
74,16,30.429,-84.255,30.4698,-84.2982
16,76,30.4698,-84.2982,30.5192,-84.3398
76,16,30.5192,-84.3398,30.4698,-84.2982
16,77,30.4698,-84.2982,30.4429,-84.2548
77,16,30.4429,-84.2548,30.4698,-84.2982
16,79,30.4698,-84.2982,30.384,-84.2103
79,16,30.384,-84.2103,30.4698,-84.2982
16,82,30.4698,-84.2982,30.4416,-84.2783
82,16,30.4416,-84.2783,30.4698,-84.2982
16,83,30.4698,-84.2982,30.5145,-84.371
83,16,30.5145,-84.371,30.4698,-84.2982
16,86,30.4698,-84.2982,30.513,-84.3247
86,16,30.513,-84.3247,30.4698,-84.2982
16,87,30.4698,-84.2982,30.5187,-84.2812
87,16,30.5187,-84.2812,30.4698,-84.2982
16,88,30.4698,-84.2982,30.4932,-84.2139
88,16,30.4932,-84.2139,30.4698,-84.2982
16,105,30.4698,-84.2982,30.4403,-84.2392
105,16,30.4403,-84.2392,30.4698,-84.2982
16,106,30.4698,-84.2982,30.3822,-84.3098
106,16,30.3822,-84.3098,30.4698,-84.2982
16,109,30.4698,-84.2982,30.4767,-84.2064
109,16,30.4767,-84.2064,30.4698,-84.2982
16,110,30.4698,-84.2982,30.3621,-84.2092
110,16,30.3621,-84.2092,30.4698,-84.2982
16,111,30.4698,-84.2982,30.5031,-84.2072
111,16,30.5031,-84.2072,30.4698,-84.2982
16,119,30.4698,-84.2982,30.4596,-84.1848
119,16,30.4596,-84.1848,30.4698,-84.2982
16,120,30.4698,-84.2982,30.4223,-84.2413
120,16,30.4223,-84.2413,30.4698,-84.2982
16,123,30.4698,-84.2982,30.3816,-84.3514
123,16,30.3816,-84.3514,30.4698,-84.2982
16,128,30.4698,-84.2982,30.3865,-84.3463
128,16,30.3865,-84.3463,30.4698,-84.2982
16,129,30.4698,-84.2982,30.4469,-84.3221
129,16,30.4469,-84.3221,30.4698,-84.2982
16,132,30.4698,-84.2982,30.4188,-84.3245
132,16,30.4188,-84.3245,30.4698,-84.2982
16,133,30.4698,-84.2982,30.493,-84.2922
133,16,30.493,-84.2922,30.4698,-84.2982
16,134,30.4698,-84.2982,30.445,-84.3428
134,16,30.445,-84.3428,30.4698,-84.2982
16,138,30.4698,-84.2982,30.4971,-84.1916
138,16,30.4971,-84.1916,30.4698,-84.2982
16,142,30.4698,-84.2982,30.5149,-84.3754
142,16,30.5149,-84.3754,30.4698,-84.2982
16,143,30.4698,-84.2982,30.4713,-84.3311
143,16,30.4713,-84.3311,30.4698,-84.2982
16,144,30.4698,-84.2982,30.4461,-84.3207
144,16,30.4461,-84.3207,30.4698,-84.2982
16,146,30.4698,-84.2982,30.4912,-84.1908
146,16,30.4912,-84.1908,30.4698,-84.2982
16,147,30.4698,-84.2982,30.5124,-84.1967
147,16,30.5124,-84.1967,30.4698,-84.2982
17,18,30.4704,-84.3287,30.4812,-84.2516
18,17,30.4812,-84.2516,30.4704,-84.3287
17,19,30.4704,-84.3287,30.4865,-84.2733
19,17,30.4865,-84.2733,30.4704,-84.3287
17,20,30.4704,-84.3287,30.4647,-84.2629
20,17,30.4647,-84.2629,30.4704,-84.3287
17,23,30.4704,-84.3287,30.467,-84.2442
23,17,30.467,-84.2442,30.4704,-84.3287
17,27,30.4704,-84.3287,30.4017,-84.2624
27,17,30.4017,-84.2624,30.4704,-84.3287
17,28,30.4704,-84.3287,30.4598,-84.304
28,17,30.4598,-84.304,30.4704,-84.3287
17,30,30.4704,-84.3287,30.4859,-84.2288
30,17,30.4859,-84.2288,30.4704,-84.3287
17,31,30.4704,-84.3287,30.4831,-84.2208
31,17,30.4831,-84.2208,30.4704,-84.3287
17,32,30.4704,-84.3287,30.4949,-84.3224
32,17,30.4949,-84.3224,30.4704,-84.3287
17,33,30.4704,-84.3287,30.4388,-84.3375
33,17,30.4388,-84.3375,30.4704,-84.3287
17,37,30.4704,-84.3287,30.5079,-84.2797
37,17,30.5079,-84.2797,30.4704,-84.3287
17,40,30.4704,-84.3287,30.4943,-84.2417
40,17,30.4943,-84.2417,30.4704,-84.3287
17,43,30.4704,-84.3287,30.4078,-84.215
43,17,30.4078,-84.215,30.4704,-84.3287
17,46,30.4704,-84.3287,30.4491,-84.2904
46,17,30.4491,-84.2904,30.4704,-84.3287
17,52,30.4704,-84.3287,30.3932,-84.2393
52,17,30.3932,-84.2393,30.4704,-84.3287
17,56,30.4704,-84.3287,30.5248,-84.2399
56,17,30.5248,-84.2399,30.4704,-84.3287
17,57,30.4704,-84.3287,30.5033,-84.2233
57,17,30.5033,-84.2233,30.4704,-84.3287
17,62,30.4704,-84.3287,30.4481,-84.242
62,17,30.4481,-84.242,30.4704,-84.3287
17,65,30.4704,-84.3287,30.4489,-84.2727
65,17,30.4489,-84.2727,30.4704,-84.3287
17,66,30.4704,-84.3287,30.4653,-84.2312
66,17,30.4653,-84.2312,30.4704,-84.3287
17,69,30.4704,-84.3287,30.3856,-84.2309
69,17,30.3856,-84.2309,30.4704,-84.3287
17,70,30.4704,-84.3287,30.3961,-84.2156
70,17,30.3961,-84.2156,30.4704,-84.3287
17,71,30.4704,-84.3287,30.4059,-84.3275
71,17,30.4059,-84.3275,30.4704,-84.3287
17,72,30.4704,-84.3287,30.4667,-84.3657
72,17,30.4667,-84.3657,30.4704,-84.3287
17,74,30.4704,-84.3287,30.429,-84.255
74,17,30.429,-84.255,30.4704,-84.3287
17,76,30.4704,-84.3287,30.5192,-84.3398
76,17,30.5192,-84.3398,30.4704,-84.3287
17,77,30.4704,-84.3287,30.4429,-84.2548
77,17,30.4429,-84.2548,30.4704,-84.3287
17,79,30.4704,-84.3287,30.384,-84.2103
79,17,30.384,-84.2103,30.4704,-84.3287
17,82,30.4704,-84.3287,30.4416,-84.2783
82,17,30.4416,-84.2783,30.4704,-84.3287
17,83,30.4704,-84.3287,30.5145,-84.371
83,17,30.5145,-84.371,30.4704,-84.3287
17,86,30.4704,-84.3287,30.513,-84.3247
86,17,30.513,-84.3247,30.4704,-84.3287
17,87,30.4704,-84.3287,30.5187,-84.2812
87,17,30.5187,-84.2812,30.4704,-84.3287
17,88,30.4704,-84.3287,30.4932,-84.2139
88,17,30.4932,-84.2139,30.4704,-84.3287
17,105,30.4704,-84.3287,30.4403,-84.2392
105,17,30.4403,-84.2392,30.4704,-84.3287
17,106,30.4704,-84.3287,30.3822,-84.3098
106,17,30.3822,-84.3098,30.4704,-84.3287
17,109,30.4704,-84.3287,30.4767,-84.2064
109,17,30.4767,-84.2064,30.4704,-84.3287
17,110,30.4704,-84.3287,30.3621,-84.2092
110,17,30.3621,-84.2092,30.4704,-84.3287
17,111,30.4704,-84.3287,30.5031,-84.2072
111,17,30.5031,-84.2072,30.4704,-84.3287
17,119,30.4704,-84.3287,30.4596,-84.1848
119,17,30.4596,-84.1848,30.4704,-84.3287
17,120,30.4704,-84.3287,30.4223,-84.2413
120,17,30.4223,-84.2413,30.4704,-84.3287
17,123,30.4704,-84.3287,30.3816,-84.3514
123,17,30.3816,-84.3514,30.4704,-84.3287
17,128,30.4704,-84.3287,30.3865,-84.3463
128,17,30.3865,-84.3463,30.4704,-84.3287
17,129,30.4704,-84.3287,30.4469,-84.3221
129,17,30.4469,-84.3221,30.4704,-84.3287
17,132,30.4704,-84.3287,30.4188,-84.3245
132,17,30.4188,-84.3245,30.4704,-84.3287
17,133,30.4704,-84.3287,30.493,-84.2922
133,17,30.493,-84.2922,30.4704,-84.3287
17,134,30.4704,-84.3287,30.445,-84.3428
134,17,30.445,-84.3428,30.4704,-84.3287
17,138,30.4704,-84.3287,30.4971,-84.1916
138,17,30.4971,-84.1916,30.4704,-84.3287
17,142,30.4704,-84.3287,30.5149,-84.3754
142,17,30.5149,-84.3754,30.4704,-84.3287
17,143,30.4704,-84.3287,30.4713,-84.3311
143,17,30.4713,-84.3311,30.4704,-84.3287
17,144,30.4704,-84.3287,30.4461,-84.3207
144,17,30.4461,-84.3207,30.4704,-84.3287
17,146,30.4704,-84.3287,30.4912,-84.1908
146,17,30.4912,-84.1908,30.4704,-84.3287
17,147,30.4704,-84.3287,30.5124,-84.1967
147,17,30.5124,-84.1967,30.4704,-84.3287
18,19,30.4812,-84.2516,30.4865,-84.2733
19,18,30.4865,-84.2733,30.4812,-84.2516
18,20,30.4812,-84.2516,30.4647,-84.2629
20,18,30.4647,-84.2629,30.4812,-84.2516
18,23,30.4812,-84.2516,30.467,-84.2442
23,18,30.467,-84.2442,30.4812,-84.2516
18,27,30.4812,-84.2516,30.4017,-84.2624
27,18,30.4017,-84.2624,30.4812,-84.2516
18,28,30.4812,-84.2516,30.4598,-84.304
28,18,30.4598,-84.304,30.4812,-84.2516
18,30,30.4812,-84.2516,30.4859,-84.2288
30,18,30.4859,-84.2288,30.4812,-84.2516
18,31,30.4812,-84.2516,30.4831,-84.2208
31,18,30.4831,-84.2208,30.4812,-84.2516
18,32,30.4812,-84.2516,30.4949,-84.3224
32,18,30.4949,-84.3224,30.4812,-84.2516
18,33,30.4812,-84.2516,30.4388,-84.3375
33,18,30.4388,-84.3375,30.4812,-84.2516
18,37,30.4812,-84.2516,30.5079,-84.2797
37,18,30.5079,-84.2797,30.4812,-84.2516
18,40,30.4812,-84.2516,30.4943,-84.2417
40,18,30.4943,-84.2417,30.4812,-84.2516
18,43,30.4812,-84.2516,30.4078,-84.215
43,18,30.4078,-84.215,30.4812,-84.2516
18,46,30.4812,-84.2516,30.4491,-84.2904
46,18,30.4491,-84.2904,30.4812,-84.2516
18,52,30.4812,-84.2516,30.3932,-84.2393
52,18,30.3932,-84.2393,30.4812,-84.2516
18,56,30.4812,-84.2516,30.5248,-84.2399
56,18,30.5248,-84.2399,30.4812,-84.2516
18,57,30.4812,-84.2516,30.5033,-84.2233
57,18,30.5033,-84.2233,30.4812,-84.2516
18,62,30.4812,-84.2516,30.4481,-84.242
62,18,30.4481,-84.242,30.4812,-84.2516
18,65,30.4812,-84.2516,30.4489,-84.2727
65,18,30.4489,-84.2727,30.4812,-84.2516
18,66,30.4812,-84.2516,30.4653,-84.2312
66,18,30.4653,-84.2312,30.4812,-84.2516
18,69,30.4812,-84.2516,30.3856,-84.2309
69,18,30.3856,-84.2309,30.4812,-84.2516
18,70,30.4812,-84.2516,30.3961,-84.2156
70,18,30.3961,-84.2156,30.4812,-84.2516
18,71,30.4812,-84.2516,30.4059,-84.3275
71,18,30.4059,-84.3275,30.4812,-84.2516
18,72,30.4812,-84.2516,30.4667,-84.3657
72,18,30.4667,-84.3657,30.4812,-84.2516
18,74,30.4812,-84.2516,30.429,-84.255
74,18,30.429,-84.255,30.4812,-84.2516
18,76,30.4812,-84.2516,30.5192,-84.3398
76,18,30.5192,-84.3398,30.4812,-84.2516
18,77,30.4812,-84.2516,30.4429,-84.2548
77,18,30.4429,-84.2548,30.4812,-84.2516
18,79,30.4812,-84.2516,30.384,-84.2103
79,18,30.384,-84.2103,30.4812,-84.2516
18,82,30.4812,-84.2516,30.4416,-84.2783
82,18,30.4416,-84.2783,30.4812,-84.2516
18,83,30.4812,-84.2516,30.5145,-84.371
83,18,30.5145,-84.371,30.4812,-84.2516
18,86,30.4812,-84.2516,30.513,-84.3247
86,18,30.513,-84.3247,30.4812,-84.2516
18,87,30.4812,-84.2516,30.5187,-84.2812
87,18,30.5187,-84.2812,30.4812,-84.2516
18,88,30.4812,-84.2516,30.4932,-84.2139
88,18,30.4932,-84.2139,30.4812,-84.2516
18,105,30.4812,-84.2516,30.4403,-84.2392
105,18,30.4403,-84.2392,30.4812,-84.2516
18,106,30.4812,-84.2516,30.3822,-84.3098
106,18,30.3822,-84.3098,30.4812,-84.2516
18,109,30.4812,-84.2516,30.4767,-84.2064
109,18,30.4767,-84.2064,30.4812,-84.2516
18,110,30.4812,-84.2516,30.3621,-84.2092
110,18,30.3621,-84.2092,30.4812,-84.2516
18,111,30.4812,-84.2516,30.5031,-84.2072
111,18,30.5031,-84.2072,30.4812,-84.2516
18,119,30.4812,-84.2516,30.4596,-84.1848
119,18,30.4596,-84.1848,30.4812,-84.2516
18,120,30.4812,-84.2516,30.4223,-84.2413
120,18,30.4223,-84.2413,30.4812,-84.2516
18,123,30.4812,-84.2516,30.3816,-84.3514
123,18,30.3816,-84.3514,30.4812,-84.2516
18,128,30.4812,-84.2516,30.3865,-84.3463
128,18,30.3865,-84.3463,30.4812,-84.2516
18,129,30.4812,-84.2516,30.4469,-84.3221
129,18,30.4469,-84.3221,30.4812,-84.2516
18,132,30.4812,-84.2516,30.4188,-84.3245
132,18,30.4188,-84.3245,30.4812,-84.2516
18,133,30.4812,-84.2516,30.493,-84.2922
133,18,30.493,-84.2922,30.4812,-84.2516
18,134,30.4812,-84.2516,30.445,-84.3428
134,18,30.445,-84.3428,30.4812,-84.2516
18,138,30.4812,-84.2516,30.4971,-84.1916
138,18,30.4971,-84.1916,30.4812,-84.2516
18,142,30.4812,-84.2516,30.5149,-84.3754
142,18,30.5149,-84.3754,30.4812,-84.2516
18,143,30.4812,-84.2516,30.4713,-84.3311
143,18,30.4713,-84.3311,30.4812,-84.2516
18,144,30.4812,-84.2516,30.4461,-84.3207
144,18,30.4461,-84.3207,30.4812,-84.2516
18,146,30.4812,-84.2516,30.4912,-84.1908
146,18,30.4912,-84.1908,30.4812,-84.2516
18,147,30.4812,-84.2516,30.5124,-84.1967
147,18,30.5124,-84.1967,30.4812,-84.2516
19,20,30.4865,-84.2733,30.4647,-84.2629
20,19,30.4647,-84.2629,30.4865,-84.2733
19,23,30.4865,-84.2733,30.467,-84.2442
23,19,30.467,-84.2442,30.4865,-84.2733
19,27,30.4865,-84.2733,30.4017,-84.2624
27,19,30.4017,-84.2624,30.4865,-84.2733
19,28,30.4865,-84.2733,30.4598,-84.304
28,19,30.4598,-84.304,30.4865,-84.2733
19,30,30.4865,-84.2733,30.4859,-84.2288
30,19,30.4859,-84.2288,30.4865,-84.2733
19,31,30.4865,-84.2733,30.4831,-84.2208
31,19,30.4831,-84.2208,30.4865,-84.2733
19,32,30.4865,-84.2733,30.4949,-84.3224
32,19,30.4949,-84.3224,30.4865,-84.2733
19,33,30.4865,-84.2733,30.4388,-84.3375
33,19,30.4388,-84.3375,30.4865,-84.2733
19,37,30.4865,-84.2733,30.5079,-84.2797
37,19,30.5079,-84.2797,30.4865,-84.2733
19,40,30.4865,-84.2733,30.4943,-84.2417
40,19,30.4943,-84.2417,30.4865,-84.2733
19,43,30.4865,-84.2733,30.4078,-84.215
43,19,30.4078,-84.215,30.4865,-84.2733
19,46,30.4865,-84.2733,30.4491,-84.2904
46,19,30.4491,-84.2904,30.4865,-84.2733
19,52,30.4865,-84.2733,30.3932,-84.2393
52,19,30.3932,-84.2393,30.4865,-84.2733
19,56,30.4865,-84.2733,30.5248,-84.2399
56,19,30.5248,-84.2399,30.4865,-84.2733
19,57,30.4865,-84.2733,30.5033,-84.2233
57,19,30.5033,-84.2233,30.4865,-84.2733
19,62,30.4865,-84.2733,30.4481,-84.242
62,19,30.4481,-84.242,30.4865,-84.2733
19,65,30.4865,-84.2733,30.4489,-84.2727
65,19,30.4489,-84.2727,30.4865,-84.2733
19,66,30.4865,-84.2733,30.4653,-84.2312
66,19,30.4653,-84.2312,30.4865,-84.2733
19,69,30.4865,-84.2733,30.3856,-84.2309
69,19,30.3856,-84.2309,30.4865,-84.2733
19,70,30.4865,-84.2733,30.3961,-84.2156
70,19,30.3961,-84.2156,30.4865,-84.2733
19,71,30.4865,-84.2733,30.4059,-84.3275
71,19,30.4059,-84.3275,30.4865,-84.2733
19,72,30.4865,-84.2733,30.4667,-84.3657
72,19,30.4667,-84.3657,30.4865,-84.2733
19,74,30.4865,-84.2733,30.429,-84.255
74,19,30.429,-84.255,30.4865,-84.2733
19,76,30.4865,-84.2733,30.5192,-84.3398
76,19,30.5192,-84.3398,30.4865,-84.2733
19,77,30.4865,-84.2733,30.4429,-84.2548
77,19,30.4429,-84.2548,30.4865,-84.2733
19,79,30.4865,-84.2733,30.384,-84.2103
79,19,30.384,-84.2103,30.4865,-84.2733
19,82,30.4865,-84.2733,30.4416,-84.2783
82,19,30.4416,-84.2783,30.4865,-84.2733
19,83,30.4865,-84.2733,30.5145,-84.371
83,19,30.5145,-84.371,30.4865,-84.2733
19,86,30.4865,-84.2733,30.513,-84.3247
86,19,30.513,-84.3247,30.4865,-84.2733
19,87,30.4865,-84.2733,30.5187,-84.2812
87,19,30.5187,-84.2812,30.4865,-84.2733
19,88,30.4865,-84.2733,30.4932,-84.2139
88,19,30.4932,-84.2139,30.4865,-84.2733
19,105,30.4865,-84.2733,30.4403,-84.2392
105,19,30.4403,-84.2392,30.4865,-84.2733
19,106,30.4865,-84.2733,30.3822,-84.3098
106,19,30.3822,-84.3098,30.4865,-84.2733
19,109,30.4865,-84.2733,30.4767,-84.2064
109,19,30.4767,-84.2064,30.4865,-84.2733
19,110,30.4865,-84.2733,30.3621,-84.2092
110,19,30.3621,-84.2092,30.4865,-84.2733
19,111,30.4865,-84.2733,30.5031,-84.2072
111,19,30.5031,-84.2072,30.4865,-84.2733
19,119,30.4865,-84.2733,30.4596,-84.1848
119,19,30.4596,-84.1848,30.4865,-84.2733
19,120,30.4865,-84.2733,30.4223,-84.2413
120,19,30.4223,-84.2413,30.4865,-84.2733
19,123,30.4865,-84.2733,30.3816,-84.3514
123,19,30.3816,-84.3514,30.4865,-84.2733
19,128,30.4865,-84.2733,30.3865,-84.3463
128,19,30.3865,-84.3463,30.4865,-84.2733
19,129,30.4865,-84.2733,30.4469,-84.3221
129,19,30.4469,-84.3221,30.4865,-84.2733
19,132,30.4865,-84.2733,30.4188,-84.3245
132,19,30.4188,-84.3245,30.4865,-84.2733
19,133,30.4865,-84.2733,30.493,-84.2922
133,19,30.493,-84.2922,30.4865,-84.2733
19,134,30.4865,-84.2733,30.445,-84.3428
134,19,30.445,-84.3428,30.4865,-84.2733
19,138,30.4865,-84.2733,30.4971,-84.1916
138,19,30.4971,-84.1916,30.4865,-84.2733
19,142,30.4865,-84.2733,30.5149,-84.3754
142,19,30.5149,-84.3754,30.4865,-84.2733
19,143,30.4865,-84.2733,30.4713,-84.3311
143,19,30.4713,-84.3311,30.4865,-84.2733
19,144,30.4865,-84.2733,30.4461,-84.3207
144,19,30.4461,-84.3207,30.4865,-84.2733
19,146,30.4865,-84.2733,30.4912,-84.1908
146,19,30.4912,-84.1908,30.4865,-84.2733
19,147,30.4865,-84.2733,30.5124,-84.1967
147,19,30.5124,-84.1967,30.4865,-84.2733
20,23,30.4647,-84.2629,30.467,-84.2442
23,20,30.467,-84.2442,30.4647,-84.2629
20,27,30.4647,-84.2629,30.4017,-84.2624
27,20,30.4017,-84.2624,30.4647,-84.2629
20,28,30.4647,-84.2629,30.4598,-84.304
28,20,30.4598,-84.304,30.4647,-84.2629
20,30,30.4647,-84.2629,30.4859,-84.2288
30,20,30.4859,-84.2288,30.4647,-84.2629
20,31,30.4647,-84.2629,30.4831,-84.2208
31,20,30.4831,-84.2208,30.4647,-84.2629
20,32,30.4647,-84.2629,30.4949,-84.3224
32,20,30.4949,-84.3224,30.4647,-84.2629
20,33,30.4647,-84.2629,30.4388,-84.3375
33,20,30.4388,-84.3375,30.4647,-84.2629
20,37,30.4647,-84.2629,30.5079,-84.2797
37,20,30.5079,-84.2797,30.4647,-84.2629
20,40,30.4647,-84.2629,30.4943,-84.2417
40,20,30.4943,-84.2417,30.4647,-84.2629
20,43,30.4647,-84.2629,30.4078,-84.215
43,20,30.4078,-84.215,30.4647,-84.2629
20,46,30.4647,-84.2629,30.4491,-84.2904
46,20,30.4491,-84.2904,30.4647,-84.2629
20,52,30.4647,-84.2629,30.3932,-84.2393
52,20,30.3932,-84.2393,30.4647,-84.2629
20,56,30.4647,-84.2629,30.5248,-84.2399
56,20,30.5248,-84.2399,30.4647,-84.2629
20,57,30.4647,-84.2629,30.5033,-84.2233
57,20,30.5033,-84.2233,30.4647,-84.2629
20,62,30.4647,-84.2629,30.4481,-84.242
62,20,30.4481,-84.242,30.4647,-84.2629
20,65,30.4647,-84.2629,30.4489,-84.2727
65,20,30.4489,-84.2727,30.4647,-84.2629
20,66,30.4647,-84.2629,30.4653,-84.2312
66,20,30.4653,-84.2312,30.4647,-84.2629
20,69,30.4647,-84.2629,30.3856,-84.2309
69,20,30.3856,-84.2309,30.4647,-84.2629
20,70,30.4647,-84.2629,30.3961,-84.2156
70,20,30.3961,-84.2156,30.4647,-84.2629
20,71,30.4647,-84.2629,30.4059,-84.3275
71,20,30.4059,-84.3275,30.4647,-84.2629
20,72,30.4647,-84.2629,30.4667,-84.3657
72,20,30.4667,-84.3657,30.4647,-84.2629
20,74,30.4647,-84.2629,30.429,-84.255
74,20,30.429,-84.255,30.4647,-84.2629
20,76,30.4647,-84.2629,30.5192,-84.3398
76,20,30.5192,-84.3398,30.4647,-84.2629
20,77,30.4647,-84.2629,30.4429,-84.2548
77,20,30.4429,-84.2548,30.4647,-84.2629
20,79,30.4647,-84.2629,30.384,-84.2103
79,20,30.384,-84.2103,30.4647,-84.2629
20,82,30.4647,-84.2629,30.4416,-84.2783
82,20,30.4416,-84.2783,30.4647,-84.2629
20,83,30.4647,-84.2629,30.5145,-84.371
83,20,30.5145,-84.371,30.4647,-84.2629
20,86,30.4647,-84.2629,30.513,-84.3247
86,20,30.513,-84.3247,30.4647,-84.2629
20,87,30.4647,-84.2629,30.5187,-84.2812
87,20,30.5187,-84.2812,30.4647,-84.2629
20,88,30.4647,-84.2629,30.4932,-84.2139
88,20,30.4932,-84.2139,30.4647,-84.2629
20,105,30.4647,-84.2629,30.4403,-84.2392
105,20,30.4403,-84.2392,30.4647,-84.2629
20,106,30.4647,-84.2629,30.3822,-84.3098
106,20,30.3822,-84.3098,30.4647,-84.2629
20,109,30.4647,-84.2629,30.4767,-84.2064
109,20,30.4767,-84.2064,30.4647,-84.2629
20,110,30.4647,-84.2629,30.3621,-84.2092
110,20,30.3621,-84.2092,30.4647,-84.2629
20,111,30.4647,-84.2629,30.5031,-84.2072
111,20,30.5031,-84.2072,30.4647,-84.2629
20,119,30.4647,-84.2629,30.4596,-84.1848
119,20,30.4596,-84.1848,30.4647,-84.2629
20,120,30.4647,-84.2629,30.4223,-84.2413
120,20,30.4223,-84.2413,30.4647,-84.2629
20,123,30.4647,-84.2629,30.3816,-84.3514
123,20,30.3816,-84.3514,30.4647,-84.2629
20,128,30.4647,-84.2629,30.3865,-84.3463
128,20,30.3865,-84.3463,30.4647,-84.2629
20,129,30.4647,-84.2629,30.4469,-84.3221
129,20,30.4469,-84.3221,30.4647,-84.2629
20,132,30.4647,-84.2629,30.4188,-84.3245
132,20,30.4188,-84.3245,30.4647,-84.2629
20,133,30.4647,-84.2629,30.493,-84.2922
133,20,30.493,-84.2922,30.4647,-84.2629
20,134,30.4647,-84.2629,30.445,-84.3428
134,20,30.445,-84.3428,30.4647,-84.2629
20,138,30.4647,-84.2629,30.4971,-84.1916
138,20,30.4971,-84.1916,30.4647,-84.2629
20,142,30.4647,-84.2629,30.5149,-84.3754
142,20,30.5149,-84.3754,30.4647,-84.2629
20,143,30.4647,-84.2629,30.4713,-84.3311
143,20,30.4713,-84.3311,30.4647,-84.2629
20,144,30.4647,-84.2629,30.4461,-84.3207
144,20,30.4461,-84.3207,30.4647,-84.2629
20,146,30.4647,-84.2629,30.4912,-84.1908
146,20,30.4912,-84.1908,30.4647,-84.2629
20,147,30.4647,-84.2629,30.5124,-84.1967
147,20,30.5124,-84.1967,30.4647,-84.2629
23,27,30.467,-84.2442,30.4017,-84.2624
27,23,30.4017,-84.2624,30.467,-84.2442
23,28,30.467,-84.2442,30.4598,-84.304
28,23,30.4598,-84.304,30.467,-84.2442
23,30,30.467,-84.2442,30.4859,-84.2288
30,23,30.4859,-84.2288,30.467,-84.2442
23,31,30.467,-84.2442,30.4831,-84.2208
31,23,30.4831,-84.2208,30.467,-84.2442
23,32,30.467,-84.2442,30.4949,-84.3224
32,23,30.4949,-84.3224,30.467,-84.2442
23,33,30.467,-84.2442,30.4388,-84.3375
33,23,30.4388,-84.3375,30.467,-84.2442
23,37,30.467,-84.2442,30.5079,-84.2797
37,23,30.5079,-84.2797,30.467,-84.2442
23,40,30.467,-84.2442,30.4943,-84.2417
40,23,30.4943,-84.2417,30.467,-84.2442
23,43,30.467,-84.2442,30.4078,-84.215
43,23,30.4078,-84.215,30.467,-84.2442
23,46,30.467,-84.2442,30.4491,-84.2904
46,23,30.4491,-84.2904,30.467,-84.2442
23,52,30.467,-84.2442,30.3932,-84.2393
52,23,30.3932,-84.2393,30.467,-84.2442
23,56,30.467,-84.2442,30.5248,-84.2399
56,23,30.5248,-84.2399,30.467,-84.2442
23,57,30.467,-84.2442,30.5033,-84.2233
57,23,30.5033,-84.2233,30.467,-84.2442
23,62,30.467,-84.2442,30.4481,-84.242
62,23,30.4481,-84.242,30.467,-84.2442
23,65,30.467,-84.2442,30.4489,-84.2727
65,23,30.4489,-84.2727,30.467,-84.2442
23,66,30.467,-84.2442,30.4653,-84.2312
66,23,30.4653,-84.2312,30.467,-84.2442
23,69,30.467,-84.2442,30.3856,-84.2309
69,23,30.3856,-84.2309,30.467,-84.2442
23,70,30.467,-84.2442,30.3961,-84.2156
70,23,30.3961,-84.2156,30.467,-84.2442
23,71,30.467,-84.2442,30.4059,-84.3275
71,23,30.4059,-84.3275,30.467,-84.2442
23,72,30.467,-84.2442,30.4667,-84.3657
72,23,30.4667,-84.3657,30.467,-84.2442
23,74,30.467,-84.2442,30.429,-84.255
74,23,30.429,-84.255,30.467,-84.2442
23,76,30.467,-84.2442,30.5192,-84.3398
76,23,30.5192,-84.3398,30.467,-84.2442
23,77,30.467,-84.2442,30.4429,-84.2548
77,23,30.4429,-84.2548,30.467,-84.2442
23,79,30.467,-84.2442,30.384,-84.2103
79,23,30.384,-84.2103,30.467,-84.2442
23,82,30.467,-84.2442,30.4416,-84.2783
82,23,30.4416,-84.2783,30.467,-84.2442
23,83,30.467,-84.2442,30.5145,-84.371
83,23,30.5145,-84.371,30.467,-84.2442
23,86,30.467,-84.2442,30.513,-84.3247
86,23,30.513,-84.3247,30.467,-84.2442
23,87,30.467,-84.2442,30.5187,-84.2812
87,23,30.5187,-84.2812,30.467,-84.2442
23,88,30.467,-84.2442,30.4932,-84.2139
88,23,30.4932,-84.2139,30.467,-84.2442
23,105,30.467,-84.2442,30.4403,-84.2392
105,23,30.4403,-84.2392,30.467,-84.2442
23,106,30.467,-84.2442,30.3822,-84.3098
106,23,30.3822,-84.3098,30.467,-84.2442
23,109,30.467,-84.2442,30.4767,-84.2064
109,23,30.4767,-84.2064,30.467,-84.2442
23,110,30.467,-84.2442,30.3621,-84.2092
110,23,30.3621,-84.2092,30.467,-84.2442
23,111,30.467,-84.2442,30.5031,-84.2072
111,23,30.5031,-84.2072,30.467,-84.2442
23,119,30.467,-84.2442,30.4596,-84.1848
119,23,30.4596,-84.1848,30.467,-84.2442
23,120,30.467,-84.2442,30.4223,-84.2413
120,23,30.4223,-84.2413,30.467,-84.2442
23,123,30.467,-84.2442,30.3816,-84.3514
123,23,30.3816,-84.3514,30.467,-84.2442
23,128,30.467,-84.2442,30.3865,-84.3463
128,23,30.3865,-84.3463,30.467,-84.2442
23,129,30.467,-84.2442,30.4469,-84.3221
129,23,30.4469,-84.3221,30.467,-84.2442
23,132,30.467,-84.2442,30.4188,-84.3245
132,23,30.4188,-84.3245,30.467,-84.2442
23,133,30.467,-84.2442,30.493,-84.2922
133,23,30.493,-84.2922,30.467,-84.2442
23,134,30.467,-84.2442,30.445,-84.3428
134,23,30.445,-84.3428,30.467,-84.2442
23,138,30.467,-84.2442,30.4971,-84.1916
138,23,30.4971,-84.1916,30.467,-84.2442
23,142,30.467,-84.2442,30.5149,-84.3754
142,23,30.5149,-84.3754,30.467,-84.2442
23,143,30.467,-84.2442,30.4713,-84.3311
143,23,30.4713,-84.3311,30.467,-84.2442
23,144,30.467,-84.2442,30.4461,-84.3207
144,23,30.4461,-84.3207,30.467,-84.2442
23,146,30.467,-84.2442,30.4912,-84.1908
146,23,30.4912,-84.1908,30.467,-84.2442
23,147,30.467,-84.2442,30.5124,-84.1967
147,23,30.5124,-84.1967,30.467,-84.2442
27,28,30.4017,-84.2624,30.4598,-84.304
28,27,30.4598,-84.304,30.4017,-84.2624
27,30,30.4017,-84.2624,30.4859,-84.2288
30,27,30.4859,-84.2288,30.4017,-84.2624
27,31,30.4017,-84.2624,30.4831,-84.2208
31,27,30.4831,-84.2208,30.4017,-84.2624
27,32,30.4017,-84.2624,30.4949,-84.3224
32,27,30.4949,-84.3224,30.4017,-84.2624
27,33,30.4017,-84.2624,30.4388,-84.3375
33,27,30.4388,-84.3375,30.4017,-84.2624
27,37,30.4017,-84.2624,30.5079,-84.2797
37,27,30.5079,-84.2797,30.4017,-84.2624
27,40,30.4017,-84.2624,30.4943,-84.2417
40,27,30.4943,-84.2417,30.4017,-84.2624
27,43,30.4017,-84.2624,30.4078,-84.215
43,27,30.4078,-84.215,30.4017,-84.2624
27,46,30.4017,-84.2624,30.4491,-84.2904
46,27,30.4491,-84.2904,30.4017,-84.2624
27,52,30.4017,-84.2624,30.3932,-84.2393
52,27,30.3932,-84.2393,30.4017,-84.2624
27,56,30.4017,-84.2624,30.5248,-84.2399
56,27,30.5248,-84.2399,30.4017,-84.2624
27,57,30.4017,-84.2624,30.5033,-84.2233
57,27,30.5033,-84.2233,30.4017,-84.2624
27,62,30.4017,-84.2624,30.4481,-84.242
62,27,30.4481,-84.242,30.4017,-84.2624
27,65,30.4017,-84.2624,30.4489,-84.2727
65,27,30.4489,-84.2727,30.4017,-84.2624
27,66,30.4017,-84.2624,30.4653,-84.2312
66,27,30.4653,-84.2312,30.4017,-84.2624
27,69,30.4017,-84.2624,30.3856,-84.2309
69,27,30.3856,-84.2309,30.4017,-84.2624
27,70,30.4017,-84.2624,30.3961,-84.2156
70,27,30.3961,-84.2156,30.4017,-84.2624
27,71,30.4017,-84.2624,30.4059,-84.3275
71,27,30.4059,-84.3275,30.4017,-84.2624
27,72,30.4017,-84.2624,30.4667,-84.3657
72,27,30.4667,-84.3657,30.4017,-84.2624
27,74,30.4017,-84.2624,30.429,-84.255
74,27,30.429,-84.255,30.4017,-84.2624
27,76,30.4017,-84.2624,30.5192,-84.3398
76,27,30.5192,-84.3398,30.4017,-84.2624
27,77,30.4017,-84.2624,30.4429,-84.2548
77,27,30.4429,-84.2548,30.4017,-84.2624
27,79,30.4017,-84.2624,30.384,-84.2103
79,27,30.384,-84.2103,30.4017,-84.2624
27,82,30.4017,-84.2624,30.4416,-84.2783
82,27,30.4416,-84.2783,30.4017,-84.2624
27,83,30.4017,-84.2624,30.5145,-84.371
83,27,30.5145,-84.371,30.4017,-84.2624
27,86,30.4017,-84.2624,30.513,-84.3247
86,27,30.513,-84.3247,30.4017,-84.2624
27,87,30.4017,-84.2624,30.5187,-84.2812
87,27,30.5187,-84.2812,30.4017,-84.2624
27,88,30.4017,-84.2624,30.4932,-84.2139
88,27,30.4932,-84.2139,30.4017,-84.2624
27,105,30.4017,-84.2624,30.4403,-84.2392
105,27,30.4403,-84.2392,30.4017,-84.2624
27,106,30.4017,-84.2624,30.3822,-84.3098
106,27,30.3822,-84.3098,30.4017,-84.2624
27,109,30.4017,-84.2624,30.4767,-84.2064
109,27,30.4767,-84.2064,30.4017,-84.2624
27,110,30.4017,-84.2624,30.3621,-84.2092
110,27,30.3621,-84.2092,30.4017,-84.2624
27,111,30.4017,-84.2624,30.5031,-84.2072
111,27,30.5031,-84.2072,30.4017,-84.2624
27,119,30.4017,-84.2624,30.4596,-84.1848
119,27,30.4596,-84.1848,30.4017,-84.2624
27,120,30.4017,-84.2624,30.4223,-84.2413
120,27,30.4223,-84.2413,30.4017,-84.2624
27,123,30.4017,-84.2624,30.3816,-84.3514
123,27,30.3816,-84.3514,30.4017,-84.2624
27,128,30.4017,-84.2624,30.3865,-84.3463
128,27,30.3865,-84.3463,30.4017,-84.2624
27,129,30.4017,-84.2624,30.4469,-84.3221
129,27,30.4469,-84.3221,30.4017,-84.2624
27,132,30.4017,-84.2624,30.4188,-84.3245
132,27,30.4188,-84.3245,30.4017,-84.2624
27,133,30.4017,-84.2624,30.493,-84.2922
133,27,30.493,-84.2922,30.4017,-84.2624
27,134,30.4017,-84.2624,30.445,-84.3428
134,27,30.445,-84.3428,30.4017,-84.2624
27,138,30.4017,-84.2624,30.4971,-84.1916
138,27,30.4971,-84.1916,30.4017,-84.2624
27,142,30.4017,-84.2624,30.5149,-84.3754
142,27,30.5149,-84.3754,30.4017,-84.2624
27,143,30.4017,-84.2624,30.4713,-84.3311
143,27,30.4713,-84.3311,30.4017,-84.2624
27,144,30.4017,-84.2624,30.4461,-84.3207
144,27,30.4461,-84.3207,30.4017,-84.2624
27,146,30.4017,-84.2624,30.4912,-84.1908
146,27,30.4912,-84.1908,30.4017,-84.2624
27,147,30.4017,-84.2624,30.5124,-84.1967
147,27,30.5124,-84.1967,30.4017,-84.2624
28,30,30.4598,-84.304,30.4859,-84.2288
30,28,30.4859,-84.2288,30.4598,-84.304
28,31,30.4598,-84.304,30.4831,-84.2208
31,28,30.4831,-84.2208,30.4598,-84.304
28,32,30.4598,-84.304,30.4949,-84.3224
32,28,30.4949,-84.3224,30.4598,-84.304
28,33,30.4598,-84.304,30.4388,-84.3375
33,28,30.4388,-84.3375,30.4598,-84.304
28,37,30.4598,-84.304,30.5079,-84.2797
37,28,30.5079,-84.2797,30.4598,-84.304
28,40,30.4598,-84.304,30.4943,-84.2417
40,28,30.4943,-84.2417,30.4598,-84.304
28,43,30.4598,-84.304,30.4078,-84.215
43,28,30.4078,-84.215,30.4598,-84.304
28,46,30.4598,-84.304,30.4491,-84.2904
46,28,30.4491,-84.2904,30.4598,-84.304
28,52,30.4598,-84.304,30.3932,-84.2393
52,28,30.3932,-84.2393,30.4598,-84.304
28,56,30.4598,-84.304,30.5248,-84.2399
56,28,30.5248,-84.2399,30.4598,-84.304
28,57,30.4598,-84.304,30.5033,-84.2233
57,28,30.5033,-84.2233,30.4598,-84.304
28,62,30.4598,-84.304,30.4481,-84.242
62,28,30.4481,-84.242,30.4598,-84.304
28,65,30.4598,-84.304,30.4489,-84.2727
65,28,30.4489,-84.2727,30.4598,-84.304
28,66,30.4598,-84.304,30.4653,-84.2312
66,28,30.4653,-84.2312,30.4598,-84.304
28,69,30.4598,-84.304,30.3856,-84.2309
69,28,30.3856,-84.2309,30.4598,-84.304
28,70,30.4598,-84.304,30.3961,-84.2156
70,28,30.3961,-84.2156,30.4598,-84.304
28,71,30.4598,-84.304,30.4059,-84.3275
71,28,30.4059,-84.3275,30.4598,-84.304
28,72,30.4598,-84.304,30.4667,-84.3657
72,28,30.4667,-84.3657,30.4598,-84.304
28,74,30.4598,-84.304,30.429,-84.255
74,28,30.429,-84.255,30.4598,-84.304
28,76,30.4598,-84.304,30.5192,-84.3398
76,28,30.5192,-84.3398,30.4598,-84.304
28,77,30.4598,-84.304,30.4429,-84.2548
77,28,30.4429,-84.2548,30.4598,-84.304
28,79,30.4598,-84.304,30.384,-84.2103
79,28,30.384,-84.2103,30.4598,-84.304
28,82,30.4598,-84.304,30.4416,-84.2783
82,28,30.4416,-84.2783,30.4598,-84.304
28,83,30.4598,-84.304,30.5145,-84.371
83,28,30.5145,-84.371,30.4598,-84.304
28,86,30.4598,-84.304,30.513,-84.3247
86,28,30.513,-84.3247,30.4598,-84.304
28,87,30.4598,-84.304,30.5187,-84.2812
87,28,30.5187,-84.2812,30.4598,-84.304
28,88,30.4598,-84.304,30.4932,-84.2139
88,28,30.4932,-84.2139,30.4598,-84.304
28,105,30.4598,-84.304,30.4403,-84.2392
105,28,30.4403,-84.2392,30.4598,-84.304
28,106,30.4598,-84.304,30.3822,-84.3098
106,28,30.3822,-84.3098,30.4598,-84.304
28,109,30.4598,-84.304,30.4767,-84.2064
109,28,30.4767,-84.2064,30.4598,-84.304
28,110,30.4598,-84.304,30.3621,-84.2092
110,28,30.3621,-84.2092,30.4598,-84.304
28,111,30.4598,-84.304,30.5031,-84.2072
111,28,30.5031,-84.2072,30.4598,-84.304
28,119,30.4598,-84.304,30.4596,-84.1848
119,28,30.4596,-84.1848,30.4598,-84.304
28,120,30.4598,-84.304,30.4223,-84.2413
120,28,30.4223,-84.2413,30.4598,-84.304
28,123,30.4598,-84.304,30.3816,-84.3514
123,28,30.3816,-84.3514,30.4598,-84.304
28,128,30.4598,-84.304,30.3865,-84.3463
128,28,30.3865,-84.3463,30.4598,-84.304
28,129,30.4598,-84.304,30.4469,-84.3221
129,28,30.4469,-84.3221,30.4598,-84.304
28,132,30.4598,-84.304,30.4188,-84.3245
132,28,30.4188,-84.3245,30.4598,-84.304
28,133,30.4598,-84.304,30.493,-84.2922
133,28,30.493,-84.2922,30.4598,-84.304
28,134,30.4598,-84.304,30.445,-84.3428
134,28,30.445,-84.3428,30.4598,-84.304
28,138,30.4598,-84.304,30.4971,-84.1916
138,28,30.4971,-84.1916,30.4598,-84.304
28,142,30.4598,-84.304,30.5149,-84.3754
142,28,30.5149,-84.3754,30.4598,-84.304
28,143,30.4598,-84.304,30.4713,-84.3311
143,28,30.4713,-84.3311,30.4598,-84.304
28,144,30.4598,-84.304,30.4461,-84.3207
144,28,30.4461,-84.3207,30.4598,-84.304
28,146,30.4598,-84.304,30.4912,-84.1908
146,28,30.4912,-84.1908,30.4598,-84.304
28,147,30.4598,-84.304,30.5124,-84.1967
147,28,30.5124,-84.1967,30.4598,-84.304
30,31,30.4859,-84.2288,30.4831,-84.2208
31,30,30.4831,-84.2208,30.4859,-84.2288
30,32,30.4859,-84.2288,30.4949,-84.3224
32,30,30.4949,-84.3224,30.4859,-84.2288
30,33,30.4859,-84.2288,30.4388,-84.3375
33,30,30.4388,-84.3375,30.4859,-84.2288
30,37,30.4859,-84.2288,30.5079,-84.2797
37,30,30.5079,-84.2797,30.4859,-84.2288
30,40,30.4859,-84.2288,30.4943,-84.2417
40,30,30.4943,-84.2417,30.4859,-84.2288
30,43,30.4859,-84.2288,30.4078,-84.215
43,30,30.4078,-84.215,30.4859,-84.2288
30,46,30.4859,-84.2288,30.4491,-84.2904
46,30,30.4491,-84.2904,30.4859,-84.2288
30,52,30.4859,-84.2288,30.3932,-84.2393
52,30,30.3932,-84.2393,30.4859,-84.2288
30,56,30.4859,-84.2288,30.5248,-84.2399
56,30,30.5248,-84.2399,30.4859,-84.2288
30,57,30.4859,-84.2288,30.5033,-84.2233
57,30,30.5033,-84.2233,30.4859,-84.2288
30,62,30.4859,-84.2288,30.4481,-84.242
62,30,30.4481,-84.242,30.4859,-84.2288
30,65,30.4859,-84.2288,30.4489,-84.2727
65,30,30.4489,-84.2727,30.4859,-84.2288
30,66,30.4859,-84.2288,30.4653,-84.2312
66,30,30.4653,-84.2312,30.4859,-84.2288
30,69,30.4859,-84.2288,30.3856,-84.2309
69,30,30.3856,-84.2309,30.4859,-84.2288
30,70,30.4859,-84.2288,30.3961,-84.2156
70,30,30.3961,-84.2156,30.4859,-84.2288
30,71,30.4859,-84.2288,30.4059,-84.3275
71,30,30.4059,-84.3275,30.4859,-84.2288
30,72,30.4859,-84.2288,30.4667,-84.3657
72,30,30.4667,-84.3657,30.4859,-84.2288
30,74,30.4859,-84.2288,30.429,-84.255
74,30,30.429,-84.255,30.4859,-84.2288
30,76,30.4859,-84.2288,30.5192,-84.3398
76,30,30.5192,-84.3398,30.4859,-84.2288
30,77,30.4859,-84.2288,30.4429,-84.2548
77,30,30.4429,-84.2548,30.4859,-84.2288
30,79,30.4859,-84.2288,30.384,-84.2103
79,30,30.384,-84.2103,30.4859,-84.2288
30,82,30.4859,-84.2288,30.4416,-84.2783
82,30,30.4416,-84.2783,30.4859,-84.2288
30,83,30.4859,-84.2288,30.5145,-84.371
83,30,30.5145,-84.371,30.4859,-84.2288
30,86,30.4859,-84.2288,30.513,-84.3247
86,30,30.513,-84.3247,30.4859,-84.2288
30,87,30.4859,-84.2288,30.5187,-84.2812
87,30,30.5187,-84.2812,30.4859,-84.2288
30,88,30.4859,-84.2288,30.4932,-84.2139
88,30,30.4932,-84.2139,30.4859,-84.2288
30,105,30.4859,-84.2288,30.4403,-84.2392
105,30,30.4403,-84.2392,30.4859,-84.2288
30,106,30.4859,-84.2288,30.3822,-84.3098
106,30,30.3822,-84.3098,30.4859,-84.2288
30,109,30.4859,-84.2288,30.4767,-84.2064
109,30,30.4767,-84.2064,30.4859,-84.2288
30,110,30.4859,-84.2288,30.3621,-84.2092
110,30,30.3621,-84.2092,30.4859,-84.2288
30,111,30.4859,-84.2288,30.5031,-84.2072
111,30,30.5031,-84.2072,30.4859,-84.2288
30,119,30.4859,-84.2288,30.4596,-84.1848
119,30,30.4596,-84.1848,30.4859,-84.2288
30,120,30.4859,-84.2288,30.4223,-84.2413
120,30,30.4223,-84.2413,30.4859,-84.2288
30,123,30.4859,-84.2288,30.3816,-84.3514
123,30,30.3816,-84.3514,30.4859,-84.2288
30,128,30.4859,-84.2288,30.3865,-84.3463
128,30,30.3865,-84.3463,30.4859,-84.2288
30,129,30.4859,-84.2288,30.4469,-84.3221
129,30,30.4469,-84.3221,30.4859,-84.2288
30,132,30.4859,-84.2288,30.4188,-84.3245
132,30,30.4188,-84.3245,30.4859,-84.2288
30,133,30.4859,-84.2288,30.493,-84.2922
133,30,30.493,-84.2922,30.4859,-84.2288
30,134,30.4859,-84.2288,30.445,-84.3428
134,30,30.445,-84.3428,30.4859,-84.2288
30,138,30.4859,-84.2288,30.4971,-84.1916
138,30,30.4971,-84.1916,30.4859,-84.2288
30,142,30.4859,-84.2288,30.5149,-84.3754
142,30,30.5149,-84.3754,30.4859,-84.2288
30,143,30.4859,-84.2288,30.4713,-84.3311
143,30,30.4713,-84.3311,30.4859,-84.2288
30,144,30.4859,-84.2288,30.4461,-84.3207
144,30,30.4461,-84.3207,30.4859,-84.2288
30,146,30.4859,-84.2288,30.4912,-84.1908
146,30,30.4912,-84.1908,30.4859,-84.2288
30,147,30.4859,-84.2288,30.5124,-84.1967
147,30,30.5124,-84.1967,30.4859,-84.2288
31,32,30.4831,-84.2208,30.4949,-84.3224
32,31,30.4949,-84.3224,30.4831,-84.2208
31,33,30.4831,-84.2208,30.4388,-84.3375
33,31,30.4388,-84.3375,30.4831,-84.2208
31,37,30.4831,-84.2208,30.5079,-84.2797
37,31,30.5079,-84.2797,30.4831,-84.2208
31,40,30.4831,-84.2208,30.4943,-84.2417
40,31,30.4943,-84.2417,30.4831,-84.2208
31,43,30.4831,-84.2208,30.4078,-84.215
43,31,30.4078,-84.215,30.4831,-84.2208
31,46,30.4831,-84.2208,30.4491,-84.2904
46,31,30.4491,-84.2904,30.4831,-84.2208
31,52,30.4831,-84.2208,30.3932,-84.2393
52,31,30.3932,-84.2393,30.4831,-84.2208
31,56,30.4831,-84.2208,30.5248,-84.2399
56,31,30.5248,-84.2399,30.4831,-84.2208
31,57,30.4831,-84.2208,30.5033,-84.2233
57,31,30.5033,-84.2233,30.4831,-84.2208
31,62,30.4831,-84.2208,30.4481,-84.242
62,31,30.4481,-84.242,30.4831,-84.2208
31,65,30.4831,-84.2208,30.4489,-84.2727
65,31,30.4489,-84.2727,30.4831,-84.2208
31,66,30.4831,-84.2208,30.4653,-84.2312
66,31,30.4653,-84.2312,30.4831,-84.2208
31,69,30.4831,-84.2208,30.3856,-84.2309
69,31,30.3856,-84.2309,30.4831,-84.2208
31,70,30.4831,-84.2208,30.3961,-84.2156
70,31,30.3961,-84.2156,30.4831,-84.2208
31,71,30.4831,-84.2208,30.4059,-84.3275
71,31,30.4059,-84.3275,30.4831,-84.2208
31,72,30.4831,-84.2208,30.4667,-84.3657
72,31,30.4667,-84.3657,30.4831,-84.2208
31,74,30.4831,-84.2208,30.429,-84.255
74,31,30.429,-84.255,30.4831,-84.2208
31,76,30.4831,-84.2208,30.5192,-84.3398
76,31,30.5192,-84.3398,30.4831,-84.2208
31,77,30.4831,-84.2208,30.4429,-84.2548
77,31,30.4429,-84.2548,30.4831,-84.2208
31,79,30.4831,-84.2208,30.384,-84.2103
79,31,30.384,-84.2103,30.4831,-84.2208
31,82,30.4831,-84.2208,30.4416,-84.2783
82,31,30.4416,-84.2783,30.4831,-84.2208
31,83,30.4831,-84.2208,30.5145,-84.371
83,31,30.5145,-84.371,30.4831,-84.2208
31,86,30.4831,-84.2208,30.513,-84.3247
86,31,30.513,-84.3247,30.4831,-84.2208
31,87,30.4831,-84.2208,30.5187,-84.2812
87,31,30.5187,-84.2812,30.4831,-84.2208
31,88,30.4831,-84.2208,30.4932,-84.2139
88,31,30.4932,-84.2139,30.4831,-84.2208
31,105,30.4831,-84.2208,30.4403,-84.2392
105,31,30.4403,-84.2392,30.4831,-84.2208
31,106,30.4831,-84.2208,30.3822,-84.3098
106,31,30.3822,-84.3098,30.4831,-84.2208
31,109,30.4831,-84.2208,30.4767,-84.2064
109,31,30.4767,-84.2064,30.4831,-84.2208
31,110,30.4831,-84.2208,30.3621,-84.2092
110,31,30.3621,-84.2092,30.4831,-84.2208
31,111,30.4831,-84.2208,30.5031,-84.2072
111,31,30.5031,-84.2072,30.4831,-84.2208
31,119,30.4831,-84.2208,30.4596,-84.1848
119,31,30.4596,-84.1848,30.4831,-84.2208
31,120,30.4831,-84.2208,30.4223,-84.2413
120,31,30.4223,-84.2413,30.4831,-84.2208
31,123,30.4831,-84.2208,30.3816,-84.3514
123,31,30.3816,-84.3514,30.4831,-84.2208
31,128,30.4831,-84.2208,30.3865,-84.3463
128,31,30.3865,-84.3463,30.4831,-84.2208
31,129,30.4831,-84.2208,30.4469,-84.3221
129,31,30.4469,-84.3221,30.4831,-84.2208
31,132,30.4831,-84.2208,30.4188,-84.3245
132,31,30.4188,-84.3245,30.4831,-84.2208
31,133,30.4831,-84.2208,30.493,-84.2922
133,31,30.493,-84.2922,30.4831,-84.2208
31,134,30.4831,-84.2208,30.445,-84.3428
134,31,30.445,-84.3428,30.4831,-84.2208
31,138,30.4831,-84.2208,30.4971,-84.1916
138,31,30.4971,-84.1916,30.4831,-84.2208
31,142,30.4831,-84.2208,30.5149,-84.3754
142,31,30.5149,-84.3754,30.4831,-84.2208
31,143,30.4831,-84.2208,30.4713,-84.3311
143,31,30.4713,-84.3311,30.4831,-84.2208
31,144,30.4831,-84.2208,30.4461,-84.3207
144,31,30.4461,-84.3207,30.4831,-84.2208
31,146,30.4831,-84.2208,30.4912,-84.1908
146,31,30.4912,-84.1908,30.4831,-84.2208
31,147,30.4831,-84.2208,30.5124,-84.1967
147,31,30.5124,-84.1967,30.4831,-84.2208
32,33,30.4949,-84.3224,30.4388,-84.3375
33,32,30.4388,-84.3375,30.4949,-84.3224
32,37,30.4949,-84.3224,30.5079,-84.2797
37,32,30.5079,-84.2797,30.4949,-84.3224
32,40,30.4949,-84.3224,30.4943,-84.2417
40,32,30.4943,-84.2417,30.4949,-84.3224
32,43,30.4949,-84.3224,30.4078,-84.215
43,32,30.4078,-84.215,30.4949,-84.3224
32,46,30.4949,-84.3224,30.4491,-84.2904
46,32,30.4491,-84.2904,30.4949,-84.3224
32,52,30.4949,-84.3224,30.3932,-84.2393
52,32,30.3932,-84.2393,30.4949,-84.3224
32,56,30.4949,-84.3224,30.5248,-84.2399
56,32,30.5248,-84.2399,30.4949,-84.3224
32,57,30.4949,-84.3224,30.5033,-84.2233
57,32,30.5033,-84.2233,30.4949,-84.3224
32,62,30.4949,-84.3224,30.4481,-84.242
62,32,30.4481,-84.242,30.4949,-84.3224
32,65,30.4949,-84.3224,30.4489,-84.2727
65,32,30.4489,-84.2727,30.4949,-84.3224
32,66,30.4949,-84.3224,30.4653,-84.2312
66,32,30.4653,-84.2312,30.4949,-84.3224
32,69,30.4949,-84.3224,30.3856,-84.2309
69,32,30.3856,-84.2309,30.4949,-84.3224
32,70,30.4949,-84.3224,30.3961,-84.2156
70,32,30.3961,-84.2156,30.4949,-84.3224
32,71,30.4949,-84.3224,30.4059,-84.3275
71,32,30.4059,-84.3275,30.4949,-84.3224
32,72,30.4949,-84.3224,30.4667,-84.3657
72,32,30.4667,-84.3657,30.4949,-84.3224
32,74,30.4949,-84.3224,30.429,-84.255
74,32,30.429,-84.255,30.4949,-84.3224
32,76,30.4949,-84.3224,30.5192,-84.3398
76,32,30.5192,-84.3398,30.4949,-84.3224
32,77,30.4949,-84.3224,30.4429,-84.2548
77,32,30.4429,-84.2548,30.4949,-84.3224
32,79,30.4949,-84.3224,30.384,-84.2103
79,32,30.384,-84.2103,30.4949,-84.3224
32,82,30.4949,-84.3224,30.4416,-84.2783
82,32,30.4416,-84.2783,30.4949,-84.3224
32,83,30.4949,-84.3224,30.5145,-84.371
83,32,30.5145,-84.371,30.4949,-84.3224
32,86,30.4949,-84.3224,30.513,-84.3247
86,32,30.513,-84.3247,30.4949,-84.3224
32,87,30.4949,-84.3224,30.5187,-84.2812
87,32,30.5187,-84.2812,30.4949,-84.3224
32,88,30.4949,-84.3224,30.4932,-84.2139
88,32,30.4932,-84.2139,30.4949,-84.3224
32,105,30.4949,-84.3224,30.4403,-84.2392
105,32,30.4403,-84.2392,30.4949,-84.3224
32,106,30.4949,-84.3224,30.3822,-84.3098
106,32,30.3822,-84.3098,30.4949,-84.3224
32,109,30.4949,-84.3224,30.4767,-84.2064
109,32,30.4767,-84.2064,30.4949,-84.3224
32,110,30.4949,-84.3224,30.3621,-84.2092
110,32,30.3621,-84.2092,30.4949,-84.3224
32,111,30.4949,-84.3224,30.5031,-84.2072
111,32,30.5031,-84.2072,30.4949,-84.3224
32,119,30.4949,-84.3224,30.4596,-84.1848
119,32,30.4596,-84.1848,30.4949,-84.3224
32,120,30.4949,-84.3224,30.4223,-84.2413
120,32,30.4223,-84.2413,30.4949,-84.3224
32,123,30.4949,-84.3224,30.3816,-84.3514
123,32,30.3816,-84.3514,30.4949,-84.3224
32,128,30.4949,-84.3224,30.3865,-84.3463
128,32,30.3865,-84.3463,30.4949,-84.3224
32,129,30.4949,-84.3224,30.4469,-84.3221
129,32,30.4469,-84.3221,30.4949,-84.3224
32,132,30.4949,-84.3224,30.4188,-84.3245
132,32,30.4188,-84.3245,30.4949,-84.3224
32,133,30.4949,-84.3224,30.493,-84.2922
133,32,30.493,-84.2922,30.4949,-84.3224
32,134,30.4949,-84.3224,30.445,-84.3428
134,32,30.445,-84.3428,30.4949,-84.3224
32,138,30.4949,-84.3224,30.4971,-84.1916
138,32,30.4971,-84.1916,30.4949,-84.3224
32,142,30.4949,-84.3224,30.5149,-84.3754
142,32,30.5149,-84.3754,30.4949,-84.3224
32,143,30.4949,-84.3224,30.4713,-84.3311
143,32,30.4713,-84.3311,30.4949,-84.3224
32,144,30.4949,-84.3224,30.4461,-84.3207
144,32,30.4461,-84.3207,30.4949,-84.3224
32,146,30.4949,-84.3224,30.4912,-84.1908
146,32,30.4912,-84.1908,30.4949,-84.3224
32,147,30.4949,-84.3224,30.5124,-84.1967
147,32,30.5124,-84.1967,30.4949,-84.3224
33,37,30.4388,-84.3375,30.5079,-84.2797
37,33,30.5079,-84.2797,30.4388,-84.3375
33,40,30.4388,-84.3375,30.4943,-84.2417
40,33,30.4943,-84.2417,30.4388,-84.3375
33,43,30.4388,-84.3375,30.4078,-84.215
43,33,30.4078,-84.215,30.4388,-84.3375
33,46,30.4388,-84.3375,30.4491,-84.2904
46,33,30.4491,-84.2904,30.4388,-84.3375
33,52,30.4388,-84.3375,30.3932,-84.2393
52,33,30.3932,-84.2393,30.4388,-84.3375
33,56,30.4388,-84.3375,30.5248,-84.2399
56,33,30.5248,-84.2399,30.4388,-84.3375
33,57,30.4388,-84.3375,30.5033,-84.2233
57,33,30.5033,-84.2233,30.4388,-84.3375
33,62,30.4388,-84.3375,30.4481,-84.242
62,33,30.4481,-84.242,30.4388,-84.3375
33,65,30.4388,-84.3375,30.4489,-84.2727
65,33,30.4489,-84.2727,30.4388,-84.3375
33,66,30.4388,-84.3375,30.4653,-84.2312
66,33,30.4653,-84.2312,30.4388,-84.3375
33,69,30.4388,-84.3375,30.3856,-84.2309
69,33,30.3856,-84.2309,30.4388,-84.3375
33,70,30.4388,-84.3375,30.3961,-84.2156
70,33,30.3961,-84.2156,30.4388,-84.3375
33,71,30.4388,-84.3375,30.4059,-84.3275
71,33,30.4059,-84.3275,30.4388,-84.3375
33,72,30.4388,-84.3375,30.4667,-84.3657
72,33,30.4667,-84.3657,30.4388,-84.3375
33,74,30.4388,-84.3375,30.429,-84.255
74,33,30.429,-84.255,30.4388,-84.3375
33,76,30.4388,-84.3375,30.5192,-84.3398
76,33,30.5192,-84.3398,30.4388,-84.3375
33,77,30.4388,-84.3375,30.4429,-84.2548
77,33,30.4429,-84.2548,30.4388,-84.3375
33,79,30.4388,-84.3375,30.384,-84.2103
79,33,30.384,-84.2103,30.4388,-84.3375
33,82,30.4388,-84.3375,30.4416,-84.2783
82,33,30.4416,-84.2783,30.4388,-84.3375
33,83,30.4388,-84.3375,30.5145,-84.371
83,33,30.5145,-84.371,30.4388,-84.3375
33,86,30.4388,-84.3375,30.513,-84.3247
86,33,30.513,-84.3247,30.4388,-84.3375
33,87,30.4388,-84.3375,30.5187,-84.2812
87,33,30.5187,-84.2812,30.4388,-84.3375
33,88,30.4388,-84.3375,30.4932,-84.2139
88,33,30.4932,-84.2139,30.4388,-84.3375
33,105,30.4388,-84.3375,30.4403,-84.2392
105,33,30.4403,-84.2392,30.4388,-84.3375
33,106,30.4388,-84.3375,30.3822,-84.3098
106,33,30.3822,-84.3098,30.4388,-84.3375
33,109,30.4388,-84.3375,30.4767,-84.2064
109,33,30.4767,-84.2064,30.4388,-84.3375
33,110,30.4388,-84.3375,30.3621,-84.2092
110,33,30.3621,-84.2092,30.4388,-84.3375
33,111,30.4388,-84.3375,30.5031,-84.2072
111,33,30.5031,-84.2072,30.4388,-84.3375
33,119,30.4388,-84.3375,30.4596,-84.1848
119,33,30.4596,-84.1848,30.4388,-84.3375
33,120,30.4388,-84.3375,30.4223,-84.2413
120,33,30.4223,-84.2413,30.4388,-84.3375
33,123,30.4388,-84.3375,30.3816,-84.3514
123,33,30.3816,-84.3514,30.4388,-84.3375
33,128,30.4388,-84.3375,30.3865,-84.3463
128,33,30.3865,-84.3463,30.4388,-84.3375
33,129,30.4388,-84.3375,30.4469,-84.3221
129,33,30.4469,-84.3221,30.4388,-84.3375
33,132,30.4388,-84.3375,30.4188,-84.3245
132,33,30.4188,-84.3245,30.4388,-84.3375
33,133,30.4388,-84.3375,30.493,-84.2922
133,33,30.493,-84.2922,30.4388,-84.3375
33,134,30.4388,-84.3375,30.445,-84.3428
134,33,30.445,-84.3428,30.4388,-84.3375
33,138,30.4388,-84.3375,30.4971,-84.1916
138,33,30.4971,-84.1916,30.4388,-84.3375
33,142,30.4388,-84.3375,30.5149,-84.3754
142,33,30.5149,-84.3754,30.4388,-84.3375
33,143,30.4388,-84.3375,30.4713,-84.3311
143,33,30.4713,-84.3311,30.4388,-84.3375
33,144,30.4388,-84.3375,30.4461,-84.3207
144,33,30.4461,-84.3207,30.4388,-84.3375
33,146,30.4388,-84.3375,30.4912,-84.1908
146,33,30.4912,-84.1908,30.4388,-84.3375
33,147,30.4388,-84.3375,30.5124,-84.1967
147,33,30.5124,-84.1967,30.4388,-84.3375
37,40,30.5079,-84.2797,30.4943,-84.2417
40,37,30.4943,-84.2417,30.5079,-84.2797
37,43,30.5079,-84.2797,30.4078,-84.215
43,37,30.4078,-84.215,30.5079,-84.2797
37,46,30.5079,-84.2797,30.4491,-84.2904
46,37,30.4491,-84.2904,30.5079,-84.2797
37,52,30.5079,-84.2797,30.3932,-84.2393
52,37,30.3932,-84.2393,30.5079,-84.2797
37,56,30.5079,-84.2797,30.5248,-84.2399
56,37,30.5248,-84.2399,30.5079,-84.2797
37,57,30.5079,-84.2797,30.5033,-84.2233
57,37,30.5033,-84.2233,30.5079,-84.2797
37,62,30.5079,-84.2797,30.4481,-84.242
62,37,30.4481,-84.242,30.5079,-84.2797
37,65,30.5079,-84.2797,30.4489,-84.2727
65,37,30.4489,-84.2727,30.5079,-84.2797
37,66,30.5079,-84.2797,30.4653,-84.2312
66,37,30.4653,-84.2312,30.5079,-84.2797
37,69,30.5079,-84.2797,30.3856,-84.2309
69,37,30.3856,-84.2309,30.5079,-84.2797
37,70,30.5079,-84.2797,30.3961,-84.2156
70,37,30.3961,-84.2156,30.5079,-84.2797
37,71,30.5079,-84.2797,30.4059,-84.3275
71,37,30.4059,-84.3275,30.5079,-84.2797
37,72,30.5079,-84.2797,30.4667,-84.3657
72,37,30.4667,-84.3657,30.5079,-84.2797
37,74,30.5079,-84.2797,30.429,-84.255
74,37,30.429,-84.255,30.5079,-84.2797
37,76,30.5079,-84.2797,30.5192,-84.3398
76,37,30.5192,-84.3398,30.5079,-84.2797
37,77,30.5079,-84.2797,30.4429,-84.2548
77,37,30.4429,-84.2548,30.5079,-84.2797
37,79,30.5079,-84.2797,30.384,-84.2103
79,37,30.384,-84.2103,30.5079,-84.2797
37,82,30.5079,-84.2797,30.4416,-84.2783
82,37,30.4416,-84.2783,30.5079,-84.2797
37,83,30.5079,-84.2797,30.5145,-84.371
83,37,30.5145,-84.371,30.5079,-84.2797
37,86,30.5079,-84.2797,30.513,-84.3247
86,37,30.513,-84.3247,30.5079,-84.2797
37,87,30.5079,-84.2797,30.5187,-84.2812
87,37,30.5187,-84.2812,30.5079,-84.2797
37,88,30.5079,-84.2797,30.4932,-84.2139
88,37,30.4932,-84.2139,30.5079,-84.2797
37,105,30.5079,-84.2797,30.4403,-84.2392
105,37,30.4403,-84.2392,30.5079,-84.2797
37,106,30.5079,-84.2797,30.3822,-84.3098
106,37,30.3822,-84.3098,30.5079,-84.2797
37,109,30.5079,-84.2797,30.4767,-84.2064
109,37,30.4767,-84.2064,30.5079,-84.2797
37,110,30.5079,-84.2797,30.3621,-84.2092
110,37,30.3621,-84.2092,30.5079,-84.2797
37,111,30.5079,-84.2797,30.5031,-84.2072
111,37,30.5031,-84.2072,30.5079,-84.2797
37,119,30.5079,-84.2797,30.4596,-84.1848
119,37,30.4596,-84.1848,30.5079,-84.2797
37,120,30.5079,-84.2797,30.4223,-84.2413
120,37,30.4223,-84.2413,30.5079,-84.2797
37,123,30.5079,-84.2797,30.3816,-84.3514
123,37,30.3816,-84.3514,30.5079,-84.2797
37,128,30.5079,-84.2797,30.3865,-84.3463
128,37,30.3865,-84.3463,30.5079,-84.2797
37,129,30.5079,-84.2797,30.4469,-84.3221
129,37,30.4469,-84.3221,30.5079,-84.2797
37,132,30.5079,-84.2797,30.4188,-84.3245
132,37,30.4188,-84.3245,30.5079,-84.2797
37,133,30.5079,-84.2797,30.493,-84.2922
133,37,30.493,-84.2922,30.5079,-84.2797
37,134,30.5079,-84.2797,30.445,-84.3428
134,37,30.445,-84.3428,30.5079,-84.2797
37,138,30.5079,-84.2797,30.4971,-84.1916
138,37,30.4971,-84.1916,30.5079,-84.2797
37,142,30.5079,-84.2797,30.5149,-84.3754
142,37,30.5149,-84.3754,30.5079,-84.2797
37,143,30.5079,-84.2797,30.4713,-84.3311
143,37,30.4713,-84.3311,30.5079,-84.2797
37,144,30.5079,-84.2797,30.4461,-84.3207
144,37,30.4461,-84.3207,30.5079,-84.2797
37,146,30.5079,-84.2797,30.4912,-84.1908
146,37,30.4912,-84.1908,30.5079,-84.2797
37,147,30.5079,-84.2797,30.5124,-84.1967
147,37,30.5124,-84.1967,30.5079,-84.2797
40,43,30.4943,-84.2417,30.4078,-84.215
43,40,30.4078,-84.215,30.4943,-84.2417
40,46,30.4943,-84.2417,30.4491,-84.2904
46,40,30.4491,-84.2904,30.4943,-84.2417
40,52,30.4943,-84.2417,30.3932,-84.2393
52,40,30.3932,-84.2393,30.4943,-84.2417
40,56,30.4943,-84.2417,30.5248,-84.2399
56,40,30.5248,-84.2399,30.4943,-84.2417
40,57,30.4943,-84.2417,30.5033,-84.2233
57,40,30.5033,-84.2233,30.4943,-84.2417
40,62,30.4943,-84.2417,30.4481,-84.242
62,40,30.4481,-84.242,30.4943,-84.2417
40,65,30.4943,-84.2417,30.4489,-84.2727
65,40,30.4489,-84.2727,30.4943,-84.2417
40,66,30.4943,-84.2417,30.4653,-84.2312
66,40,30.4653,-84.2312,30.4943,-84.2417
40,69,30.4943,-84.2417,30.3856,-84.2309
69,40,30.3856,-84.2309,30.4943,-84.2417
40,70,30.4943,-84.2417,30.3961,-84.2156
70,40,30.3961,-84.2156,30.4943,-84.2417
40,71,30.4943,-84.2417,30.4059,-84.3275
71,40,30.4059,-84.3275,30.4943,-84.2417
40,72,30.4943,-84.2417,30.4667,-84.3657
72,40,30.4667,-84.3657,30.4943,-84.2417
40,74,30.4943,-84.2417,30.429,-84.255
74,40,30.429,-84.255,30.4943,-84.2417
40,76,30.4943,-84.2417,30.5192,-84.3398
76,40,30.5192,-84.3398,30.4943,-84.2417
40,77,30.4943,-84.2417,30.4429,-84.2548
77,40,30.4429,-84.2548,30.4943,-84.2417
40,79,30.4943,-84.2417,30.384,-84.2103
79,40,30.384,-84.2103,30.4943,-84.2417
40,82,30.4943,-84.2417,30.4416,-84.2783
82,40,30.4416,-84.2783,30.4943,-84.2417
40,83,30.4943,-84.2417,30.5145,-84.371
83,40,30.5145,-84.371,30.4943,-84.2417
40,86,30.4943,-84.2417,30.513,-84.3247
86,40,30.513,-84.3247,30.4943,-84.2417
40,87,30.4943,-84.2417,30.5187,-84.2812
87,40,30.5187,-84.2812,30.4943,-84.2417
40,88,30.4943,-84.2417,30.4932,-84.2139
88,40,30.4932,-84.2139,30.4943,-84.2417
40,105,30.4943,-84.2417,30.4403,-84.2392
105,40,30.4403,-84.2392,30.4943,-84.2417
40,106,30.4943,-84.2417,30.3822,-84.3098
106,40,30.3822,-84.3098,30.4943,-84.2417
40,109,30.4943,-84.2417,30.4767,-84.2064
109,40,30.4767,-84.2064,30.4943,-84.2417
40,110,30.4943,-84.2417,30.3621,-84.2092
110,40,30.3621,-84.2092,30.4943,-84.2417
40,111,30.4943,-84.2417,30.5031,-84.2072
111,40,30.5031,-84.2072,30.4943,-84.2417
40,119,30.4943,-84.2417,30.4596,-84.1848
119,40,30.4596,-84.1848,30.4943,-84.2417
40,120,30.4943,-84.2417,30.4223,-84.2413
120,40,30.4223,-84.2413,30.4943,-84.2417
40,123,30.4943,-84.2417,30.3816,-84.3514
123,40,30.3816,-84.3514,30.4943,-84.2417
40,128,30.4943,-84.2417,30.3865,-84.3463
128,40,30.3865,-84.3463,30.4943,-84.2417
40,129,30.4943,-84.2417,30.4469,-84.3221
129,40,30.4469,-84.3221,30.4943,-84.2417
40,132,30.4943,-84.2417,30.4188,-84.3245
132,40,30.4188,-84.3245,30.4943,-84.2417
40,133,30.4943,-84.2417,30.493,-84.2922
133,40,30.493,-84.2922,30.4943,-84.2417
40,134,30.4943,-84.2417,30.445,-84.3428
134,40,30.445,-84.3428,30.4943,-84.2417
40,138,30.4943,-84.2417,30.4971,-84.1916
138,40,30.4971,-84.1916,30.4943,-84.2417
40,142,30.4943,-84.2417,30.5149,-84.3754
142,40,30.5149,-84.3754,30.4943,-84.2417
40,143,30.4943,-84.2417,30.4713,-84.3311
143,40,30.4713,-84.3311,30.4943,-84.2417
40,144,30.4943,-84.2417,30.4461,-84.3207
144,40,30.4461,-84.3207,30.4943,-84.2417
40,146,30.4943,-84.2417,30.4912,-84.1908
146,40,30.4912,-84.1908,30.4943,-84.2417
40,147,30.4943,-84.2417,30.5124,-84.1967
147,40,30.5124,-84.1967,30.4943,-84.2417
43,46,30.4078,-84.215,30.4491,-84.2904
46,43,30.4491,-84.2904,30.4078,-84.215
43,52,30.4078,-84.215,30.3932,-84.2393
52,43,30.3932,-84.2393,30.4078,-84.215
43,56,30.4078,-84.215,30.5248,-84.2399
56,43,30.5248,-84.2399,30.4078,-84.215
43,57,30.4078,-84.215,30.5033,-84.2233
57,43,30.5033,-84.2233,30.4078,-84.215
43,62,30.4078,-84.215,30.4481,-84.242
62,43,30.4481,-84.242,30.4078,-84.215
43,65,30.4078,-84.215,30.4489,-84.2727
65,43,30.4489,-84.2727,30.4078,-84.215
43,66,30.4078,-84.215,30.4653,-84.2312
66,43,30.4653,-84.2312,30.4078,-84.215
43,69,30.4078,-84.215,30.3856,-84.2309
69,43,30.3856,-84.2309,30.4078,-84.215
43,70,30.4078,-84.215,30.3961,-84.2156
70,43,30.3961,-84.2156,30.4078,-84.215
43,71,30.4078,-84.215,30.4059,-84.3275
71,43,30.4059,-84.3275,30.4078,-84.215
43,72,30.4078,-84.215,30.4667,-84.3657
72,43,30.4667,-84.3657,30.4078,-84.215
43,74,30.4078,-84.215,30.429,-84.255
74,43,30.429,-84.255,30.4078,-84.215
43,76,30.4078,-84.215,30.5192,-84.3398
76,43,30.5192,-84.3398,30.4078,-84.215
43,77,30.4078,-84.215,30.4429,-84.2548
77,43,30.4429,-84.2548,30.4078,-84.215
43,79,30.4078,-84.215,30.384,-84.2103
79,43,30.384,-84.2103,30.4078,-84.215
43,82,30.4078,-84.215,30.4416,-84.2783
82,43,30.4416,-84.2783,30.4078,-84.215
43,83,30.4078,-84.215,30.5145,-84.371
83,43,30.5145,-84.371,30.4078,-84.215
43,86,30.4078,-84.215,30.513,-84.3247
86,43,30.513,-84.3247,30.4078,-84.215
43,87,30.4078,-84.215,30.5187,-84.2812
87,43,30.5187,-84.2812,30.4078,-84.215
43,88,30.4078,-84.215,30.4932,-84.2139
88,43,30.4932,-84.2139,30.4078,-84.215
43,105,30.4078,-84.215,30.4403,-84.2392
105,43,30.4403,-84.2392,30.4078,-84.215
43,106,30.4078,-84.215,30.3822,-84.3098
106,43,30.3822,-84.3098,30.4078,-84.215
43,109,30.4078,-84.215,30.4767,-84.2064
109,43,30.4767,-84.2064,30.4078,-84.215
43,110,30.4078,-84.215,30.3621,-84.2092
110,43,30.3621,-84.2092,30.4078,-84.215
43,111,30.4078,-84.215,30.5031,-84.2072
111,43,30.5031,-84.2072,30.4078,-84.215
43,119,30.4078,-84.215,30.4596,-84.1848
119,43,30.4596,-84.1848,30.4078,-84.215
43,120,30.4078,-84.215,30.4223,-84.2413
120,43,30.4223,-84.2413,30.4078,-84.215
43,123,30.4078,-84.215,30.3816,-84.3514
123,43,30.3816,-84.3514,30.4078,-84.215
43,128,30.4078,-84.215,30.3865,-84.3463
128,43,30.3865,-84.3463,30.4078,-84.215
43,129,30.4078,-84.215,30.4469,-84.3221
129,43,30.4469,-84.3221,30.4078,-84.215
43,132,30.4078,-84.215,30.4188,-84.3245
132,43,30.4188,-84.3245,30.4078,-84.215
43,133,30.4078,-84.215,30.493,-84.2922
133,43,30.493,-84.2922,30.4078,-84.215
43,134,30.4078,-84.215,30.445,-84.3428
134,43,30.445,-84.3428,30.4078,-84.215
43,138,30.4078,-84.215,30.4971,-84.1916
138,43,30.4971,-84.1916,30.4078,-84.215
43,142,30.4078,-84.215,30.5149,-84.3754
142,43,30.5149,-84.3754,30.4078,-84.215
43,143,30.4078,-84.215,30.4713,-84.3311
143,43,30.4713,-84.3311,30.4078,-84.215
43,144,30.4078,-84.215,30.4461,-84.3207
144,43,30.4461,-84.3207,30.4078,-84.215
43,146,30.4078,-84.215,30.4912,-84.1908
146,43,30.4912,-84.1908,30.4078,-84.215
43,147,30.4078,-84.215,30.5124,-84.1967
147,43,30.5124,-84.1967,30.4078,-84.215
46,52,30.4491,-84.2904,30.3932,-84.2393
52,46,30.3932,-84.2393,30.4491,-84.2904
46,56,30.4491,-84.2904,30.5248,-84.2399
56,46,30.5248,-84.2399,30.4491,-84.2904
46,57,30.4491,-84.2904,30.5033,-84.2233
57,46,30.5033,-84.2233,30.4491,-84.2904
46,62,30.4491,-84.2904,30.4481,-84.242
62,46,30.4481,-84.242,30.4491,-84.2904
46,65,30.4491,-84.2904,30.4489,-84.2727
65,46,30.4489,-84.2727,30.4491,-84.2904
46,66,30.4491,-84.2904,30.4653,-84.2312
66,46,30.4653,-84.2312,30.4491,-84.2904
46,69,30.4491,-84.2904,30.3856,-84.2309
69,46,30.3856,-84.2309,30.4491,-84.2904
46,70,30.4491,-84.2904,30.3961,-84.2156
70,46,30.3961,-84.2156,30.4491,-84.2904
46,71,30.4491,-84.2904,30.4059,-84.3275
71,46,30.4059,-84.3275,30.4491,-84.2904
46,72,30.4491,-84.2904,30.4667,-84.3657
72,46,30.4667,-84.3657,30.4491,-84.2904
46,74,30.4491,-84.2904,30.429,-84.255
74,46,30.429,-84.255,30.4491,-84.2904
46,76,30.4491,-84.2904,30.5192,-84.3398
76,46,30.5192,-84.3398,30.4491,-84.2904
46,77,30.4491,-84.2904,30.4429,-84.2548
77,46,30.4429,-84.2548,30.4491,-84.2904
46,79,30.4491,-84.2904,30.384,-84.2103
79,46,30.384,-84.2103,30.4491,-84.2904
46,82,30.4491,-84.2904,30.4416,-84.2783
82,46,30.4416,-84.2783,30.4491,-84.2904
46,83,30.4491,-84.2904,30.5145,-84.371
83,46,30.5145,-84.371,30.4491,-84.2904
46,86,30.4491,-84.2904,30.513,-84.3247
86,46,30.513,-84.3247,30.4491,-84.2904
46,87,30.4491,-84.2904,30.5187,-84.2812
87,46,30.5187,-84.2812,30.4491,-84.2904
46,88,30.4491,-84.2904,30.4932,-84.2139
88,46,30.4932,-84.2139,30.4491,-84.2904
46,105,30.4491,-84.2904,30.4403,-84.2392
105,46,30.4403,-84.2392,30.4491,-84.2904
46,106,30.4491,-84.2904,30.3822,-84.3098
106,46,30.3822,-84.3098,30.4491,-84.2904
46,109,30.4491,-84.2904,30.4767,-84.2064
109,46,30.4767,-84.2064,30.4491,-84.2904
46,110,30.4491,-84.2904,30.3621,-84.2092
110,46,30.3621,-84.2092,30.4491,-84.2904
46,111,30.4491,-84.2904,30.5031,-84.2072
111,46,30.5031,-84.2072,30.4491,-84.2904
46,119,30.4491,-84.2904,30.4596,-84.1848
119,46,30.4596,-84.1848,30.4491,-84.2904
46,120,30.4491,-84.2904,30.4223,-84.2413
120,46,30.4223,-84.2413,30.4491,-84.2904
46,123,30.4491,-84.2904,30.3816,-84.3514
123,46,30.3816,-84.3514,30.4491,-84.2904
46,128,30.4491,-84.2904,30.3865,-84.3463
128,46,30.3865,-84.3463,30.4491,-84.2904
46,129,30.4491,-84.2904,30.4469,-84.3221
129,46,30.4469,-84.3221,30.4491,-84.2904
46,132,30.4491,-84.2904,30.4188,-84.3245
132,46,30.4188,-84.3245,30.4491,-84.2904
46,133,30.4491,-84.2904,30.493,-84.2922
133,46,30.493,-84.2922,30.4491,-84.2904
46,134,30.4491,-84.2904,30.445,-84.3428
134,46,30.445,-84.3428,30.4491,-84.2904
46,138,30.4491,-84.2904,30.4971,-84.1916
138,46,30.4971,-84.1916,30.4491,-84.2904
46,142,30.4491,-84.2904,30.5149,-84.3754
142,46,30.5149,-84.3754,30.4491,-84.2904
46,143,30.4491,-84.2904,30.4713,-84.3311
143,46,30.4713,-84.3311,30.4491,-84.2904
46,144,30.4491,-84.2904,30.4461,-84.3207
144,46,30.4461,-84.3207,30.4491,-84.2904
46,146,30.4491,-84.2904,30.4912,-84.1908
146,46,30.4912,-84.1908,30.4491,-84.2904
46,147,30.4491,-84.2904,30.5124,-84.1967
147,46,30.5124,-84.1967,30.4491,-84.2904
52,56,30.3932,-84.2393,30.5248,-84.2399
56,52,30.5248,-84.2399,30.3932,-84.2393
52,57,30.3932,-84.2393,30.5033,-84.2233
57,52,30.5033,-84.2233,30.3932,-84.2393
52,62,30.3932,-84.2393,30.4481,-84.242
62,52,30.4481,-84.242,30.3932,-84.2393
52,65,30.3932,-84.2393,30.4489,-84.2727
65,52,30.4489,-84.2727,30.3932,-84.2393
52,66,30.3932,-84.2393,30.4653,-84.2312
66,52,30.4653,-84.2312,30.3932,-84.2393
52,69,30.3932,-84.2393,30.3856,-84.2309
69,52,30.3856,-84.2309,30.3932,-84.2393
52,70,30.3932,-84.2393,30.3961,-84.2156
70,52,30.3961,-84.2156,30.3932,-84.2393
52,71,30.3932,-84.2393,30.4059,-84.3275
71,52,30.4059,-84.3275,30.3932,-84.2393
52,72,30.3932,-84.2393,30.4667,-84.3657
72,52,30.4667,-84.3657,30.3932,-84.2393
52,74,30.3932,-84.2393,30.429,-84.255
74,52,30.429,-84.255,30.3932,-84.2393
52,76,30.3932,-84.2393,30.5192,-84.3398
76,52,30.5192,-84.3398,30.3932,-84.2393
52,77,30.3932,-84.2393,30.4429,-84.2548
77,52,30.4429,-84.2548,30.3932,-84.2393
52,79,30.3932,-84.2393,30.384,-84.2103
79,52,30.384,-84.2103,30.3932,-84.2393
52,82,30.3932,-84.2393,30.4416,-84.2783
82,52,30.4416,-84.2783,30.3932,-84.2393
52,83,30.3932,-84.2393,30.5145,-84.371
83,52,30.5145,-84.371,30.3932,-84.2393
52,86,30.3932,-84.2393,30.513,-84.3247
86,52,30.513,-84.3247,30.3932,-84.2393
52,87,30.3932,-84.2393,30.5187,-84.2812
87,52,30.5187,-84.2812,30.3932,-84.2393
52,88,30.3932,-84.2393,30.4932,-84.2139
88,52,30.4932,-84.2139,30.3932,-84.2393
52,105,30.3932,-84.2393,30.4403,-84.2392
105,52,30.4403,-84.2392,30.3932,-84.2393
52,106,30.3932,-84.2393,30.3822,-84.3098
106,52,30.3822,-84.3098,30.3932,-84.2393
52,109,30.3932,-84.2393,30.4767,-84.2064
109,52,30.4767,-84.2064,30.3932,-84.2393
52,110,30.3932,-84.2393,30.3621,-84.2092
110,52,30.3621,-84.2092,30.3932,-84.2393
52,111,30.3932,-84.2393,30.5031,-84.2072
111,52,30.5031,-84.2072,30.3932,-84.2393
52,119,30.3932,-84.2393,30.4596,-84.1848
119,52,30.4596,-84.1848,30.3932,-84.2393
52,120,30.3932,-84.2393,30.4223,-84.2413
120,52,30.4223,-84.2413,30.3932,-84.2393
52,123,30.3932,-84.2393,30.3816,-84.3514
123,52,30.3816,-84.3514,30.3932,-84.2393
52,128,30.3932,-84.2393,30.3865,-84.3463
128,52,30.3865,-84.3463,30.3932,-84.2393
52,129,30.3932,-84.2393,30.4469,-84.3221
129,52,30.4469,-84.3221,30.3932,-84.2393
52,132,30.3932,-84.2393,30.4188,-84.3245
132,52,30.4188,-84.3245,30.3932,-84.2393
52,133,30.3932,-84.2393,30.493,-84.2922
133,52,30.493,-84.2922,30.3932,-84.2393
52,134,30.3932,-84.2393,30.445,-84.3428
134,52,30.445,-84.3428,30.3932,-84.2393
52,138,30.3932,-84.2393,30.4971,-84.1916
138,52,30.4971,-84.1916,30.3932,-84.2393
52,142,30.3932,-84.2393,30.5149,-84.3754
142,52,30.5149,-84.3754,30.3932,-84.2393
52,143,30.3932,-84.2393,30.4713,-84.3311
143,52,30.4713,-84.3311,30.3932,-84.2393
52,144,30.3932,-84.2393,30.4461,-84.3207
144,52,30.4461,-84.3207,30.3932,-84.2393
52,146,30.3932,-84.2393,30.4912,-84.1908
146,52,30.4912,-84.1908,30.3932,-84.2393
52,147,30.3932,-84.2393,30.5124,-84.1967
147,52,30.5124,-84.1967,30.3932,-84.2393
56,57,30.5248,-84.2399,30.5033,-84.2233
57,56,30.5033,-84.2233,30.5248,-84.2399
56,62,30.5248,-84.2399,30.4481,-84.242
62,56,30.4481,-84.242,30.5248,-84.2399
56,65,30.5248,-84.2399,30.4489,-84.2727
65,56,30.4489,-84.2727,30.5248,-84.2399
56,66,30.5248,-84.2399,30.4653,-84.2312
66,56,30.4653,-84.2312,30.5248,-84.2399
56,69,30.5248,-84.2399,30.3856,-84.2309
69,56,30.3856,-84.2309,30.5248,-84.2399
56,70,30.5248,-84.2399,30.3961,-84.2156
70,56,30.3961,-84.2156,30.5248,-84.2399
56,71,30.5248,-84.2399,30.4059,-84.3275
71,56,30.4059,-84.3275,30.5248,-84.2399
56,72,30.5248,-84.2399,30.4667,-84.3657
72,56,30.4667,-84.3657,30.5248,-84.2399
56,74,30.5248,-84.2399,30.429,-84.255
74,56,30.429,-84.255,30.5248,-84.2399
56,76,30.5248,-84.2399,30.5192,-84.3398
76,56,30.5192,-84.3398,30.5248,-84.2399
56,77,30.5248,-84.2399,30.4429,-84.2548
77,56,30.4429,-84.2548,30.5248,-84.2399
56,79,30.5248,-84.2399,30.384,-84.2103
79,56,30.384,-84.2103,30.5248,-84.2399
56,82,30.5248,-84.2399,30.4416,-84.2783
82,56,30.4416,-84.2783,30.5248,-84.2399
56,83,30.5248,-84.2399,30.5145,-84.371
83,56,30.5145,-84.371,30.5248,-84.2399
56,86,30.5248,-84.2399,30.513,-84.3247
86,56,30.513,-84.3247,30.5248,-84.2399
56,87,30.5248,-84.2399,30.5187,-84.2812
87,56,30.5187,-84.2812,30.5248,-84.2399
56,88,30.5248,-84.2399,30.4932,-84.2139
88,56,30.4932,-84.2139,30.5248,-84.2399
56,105,30.5248,-84.2399,30.4403,-84.2392
105,56,30.4403,-84.2392,30.5248,-84.2399
56,106,30.5248,-84.2399,30.3822,-84.3098
106,56,30.3822,-84.3098,30.5248,-84.2399
56,109,30.5248,-84.2399,30.4767,-84.2064
109,56,30.4767,-84.2064,30.5248,-84.2399
56,110,30.5248,-84.2399,30.3621,-84.2092
110,56,30.3621,-84.2092,30.5248,-84.2399
56,111,30.5248,-84.2399,30.5031,-84.2072
111,56,30.5031,-84.2072,30.5248,-84.2399
56,119,30.5248,-84.2399,30.4596,-84.1848
119,56,30.4596,-84.1848,30.5248,-84.2399
56,120,30.5248,-84.2399,30.4223,-84.2413
120,56,30.4223,-84.2413,30.5248,-84.2399
56,123,30.5248,-84.2399,30.3816,-84.3514
123,56,30.3816,-84.3514,30.5248,-84.2399
56,128,30.5248,-84.2399,30.3865,-84.3463
128,56,30.3865,-84.3463,30.5248,-84.2399
56,129,30.5248,-84.2399,30.4469,-84.3221
129,56,30.4469,-84.3221,30.5248,-84.2399
56,132,30.5248,-84.2399,30.4188,-84.3245
132,56,30.4188,-84.3245,30.5248,-84.2399
56,133,30.5248,-84.2399,30.493,-84.2922
133,56,30.493,-84.2922,30.5248,-84.2399
56,134,30.5248,-84.2399,30.445,-84.3428
134,56,30.445,-84.3428,30.5248,-84.2399
56,138,30.5248,-84.2399,30.4971,-84.1916
138,56,30.4971,-84.1916,30.5248,-84.2399
56,142,30.5248,-84.2399,30.5149,-84.3754
142,56,30.5149,-84.3754,30.5248,-84.2399
56,143,30.5248,-84.2399,30.4713,-84.3311
143,56,30.4713,-84.3311,30.5248,-84.2399
56,144,30.5248,-84.2399,30.4461,-84.3207
144,56,30.4461,-84.3207,30.5248,-84.2399
56,146,30.5248,-84.2399,30.4912,-84.1908
146,56,30.4912,-84.1908,30.5248,-84.2399
56,147,30.5248,-84.2399,30.5124,-84.1967
147,56,30.5124,-84.1967,30.5248,-84.2399
57,62,30.5033,-84.2233,30.4481,-84.242
62,57,30.4481,-84.242,30.5033,-84.2233
57,65,30.5033,-84.2233,30.4489,-84.2727
65,57,30.4489,-84.2727,30.5033,-84.2233
57,66,30.5033,-84.2233,30.4653,-84.2312
66,57,30.4653,-84.2312,30.5033,-84.2233
57,69,30.5033,-84.2233,30.3856,-84.2309
69,57,30.3856,-84.2309,30.5033,-84.2233
57,70,30.5033,-84.2233,30.3961,-84.2156
70,57,30.3961,-84.2156,30.5033,-84.2233
57,71,30.5033,-84.2233,30.4059,-84.3275
71,57,30.4059,-84.3275,30.5033,-84.2233
57,72,30.5033,-84.2233,30.4667,-84.3657
72,57,30.4667,-84.3657,30.5033,-84.2233
57,74,30.5033,-84.2233,30.429,-84.255
74,57,30.429,-84.255,30.5033,-84.2233
57,76,30.5033,-84.2233,30.5192,-84.3398
76,57,30.5192,-84.3398,30.5033,-84.2233
57,77,30.5033,-84.2233,30.4429,-84.2548
77,57,30.4429,-84.2548,30.5033,-84.2233
57,79,30.5033,-84.2233,30.384,-84.2103
79,57,30.384,-84.2103,30.5033,-84.2233
57,82,30.5033,-84.2233,30.4416,-84.2783
82,57,30.4416,-84.2783,30.5033,-84.2233
57,83,30.5033,-84.2233,30.5145,-84.371
83,57,30.5145,-84.371,30.5033,-84.2233
57,86,30.5033,-84.2233,30.513,-84.3247
86,57,30.513,-84.3247,30.5033,-84.2233
57,87,30.5033,-84.2233,30.5187,-84.2812
87,57,30.5187,-84.2812,30.5033,-84.2233
57,88,30.5033,-84.2233,30.4932,-84.2139
88,57,30.4932,-84.2139,30.5033,-84.2233
57,105,30.5033,-84.2233,30.4403,-84.2392
105,57,30.4403,-84.2392,30.5033,-84.2233
57,106,30.5033,-84.2233,30.3822,-84.3098
106,57,30.3822,-84.3098,30.5033,-84.2233
57,109,30.5033,-84.2233,30.4767,-84.2064
109,57,30.4767,-84.2064,30.5033,-84.2233
57,110,30.5033,-84.2233,30.3621,-84.2092
110,57,30.3621,-84.2092,30.5033,-84.2233
57,111,30.5033,-84.2233,30.5031,-84.2072
111,57,30.5031,-84.2072,30.5033,-84.2233
57,119,30.5033,-84.2233,30.4596,-84.1848
119,57,30.4596,-84.1848,30.5033,-84.2233
57,120,30.5033,-84.2233,30.4223,-84.2413
120,57,30.4223,-84.2413,30.5033,-84.2233
57,123,30.5033,-84.2233,30.3816,-84.3514
123,57,30.3816,-84.3514,30.5033,-84.2233
57,128,30.5033,-84.2233,30.3865,-84.3463
128,57,30.3865,-84.3463,30.5033,-84.2233
57,129,30.5033,-84.2233,30.4469,-84.3221
129,57,30.4469,-84.3221,30.5033,-84.2233
57,132,30.5033,-84.2233,30.4188,-84.3245
132,57,30.4188,-84.3245,30.5033,-84.2233
57,133,30.5033,-84.2233,30.493,-84.2922
133,57,30.493,-84.2922,30.5033,-84.2233
57,134,30.5033,-84.2233,30.445,-84.3428
134,57,30.445,-84.3428,30.5033,-84.2233
57,138,30.5033,-84.2233,30.4971,-84.1916
138,57,30.4971,-84.1916,30.5033,-84.2233
57,142,30.5033,-84.2233,30.5149,-84.3754
142,57,30.5149,-84.3754,30.5033,-84.2233
57,143,30.5033,-84.2233,30.4713,-84.3311
143,57,30.4713,-84.3311,30.5033,-84.2233
57,144,30.5033,-84.2233,30.4461,-84.3207
144,57,30.4461,-84.3207,30.5033,-84.2233
57,146,30.5033,-84.2233,30.4912,-84.1908
146,57,30.4912,-84.1908,30.5033,-84.2233
57,147,30.5033,-84.2233,30.5124,-84.1967
147,57,30.5124,-84.1967,30.5033,-84.2233
62,65,30.4481,-84.242,30.4489,-84.2727
65,62,30.4489,-84.2727,30.4481,-84.242
62,66,30.4481,-84.242,30.4653,-84.2312
66,62,30.4653,-84.2312,30.4481,-84.242
62,69,30.4481,-84.242,30.3856,-84.2309
69,62,30.3856,-84.2309,30.4481,-84.242
62,70,30.4481,-84.242,30.3961,-84.2156
70,62,30.3961,-84.2156,30.4481,-84.242
62,71,30.4481,-84.242,30.4059,-84.3275
71,62,30.4059,-84.3275,30.4481,-84.242
62,72,30.4481,-84.242,30.4667,-84.3657
72,62,30.4667,-84.3657,30.4481,-84.242
62,74,30.4481,-84.242,30.429,-84.255
74,62,30.429,-84.255,30.4481,-84.242
62,76,30.4481,-84.242,30.5192,-84.3398
76,62,30.5192,-84.3398,30.4481,-84.242
62,77,30.4481,-84.242,30.4429,-84.2548
77,62,30.4429,-84.2548,30.4481,-84.242
62,79,30.4481,-84.242,30.384,-84.2103
79,62,30.384,-84.2103,30.4481,-84.242
62,82,30.4481,-84.242,30.4416,-84.2783
82,62,30.4416,-84.2783,30.4481,-84.242
62,83,30.4481,-84.242,30.5145,-84.371
83,62,30.5145,-84.371,30.4481,-84.242
62,86,30.4481,-84.242,30.513,-84.3247
86,62,30.513,-84.3247,30.4481,-84.242
62,87,30.4481,-84.242,30.5187,-84.2812
87,62,30.5187,-84.2812,30.4481,-84.242
62,88,30.4481,-84.242,30.4932,-84.2139
88,62,30.4932,-84.2139,30.4481,-84.242
62,105,30.4481,-84.242,30.4403,-84.2392
105,62,30.4403,-84.2392,30.4481,-84.242
62,106,30.4481,-84.242,30.3822,-84.3098
106,62,30.3822,-84.3098,30.4481,-84.242
62,109,30.4481,-84.242,30.4767,-84.2064
109,62,30.4767,-84.2064,30.4481,-84.242
62,110,30.4481,-84.242,30.3621,-84.2092
110,62,30.3621,-84.2092,30.4481,-84.242
62,111,30.4481,-84.242,30.5031,-84.2072
111,62,30.5031,-84.2072,30.4481,-84.242
62,119,30.4481,-84.242,30.4596,-84.1848
119,62,30.4596,-84.1848,30.4481,-84.242
62,120,30.4481,-84.242,30.4223,-84.2413
120,62,30.4223,-84.2413,30.4481,-84.242
62,123,30.4481,-84.242,30.3816,-84.3514
123,62,30.3816,-84.3514,30.4481,-84.242
62,128,30.4481,-84.242,30.3865,-84.3463
128,62,30.3865,-84.3463,30.4481,-84.242
62,129,30.4481,-84.242,30.4469,-84.3221
129,62,30.4469,-84.3221,30.4481,-84.242
62,132,30.4481,-84.242,30.4188,-84.3245
132,62,30.4188,-84.3245,30.4481,-84.242
62,133,30.4481,-84.242,30.493,-84.2922
133,62,30.493,-84.2922,30.4481,-84.242
62,134,30.4481,-84.242,30.445,-84.3428
134,62,30.445,-84.3428,30.4481,-84.242
62,138,30.4481,-84.242,30.4971,-84.1916
138,62,30.4971,-84.1916,30.4481,-84.242
62,142,30.4481,-84.242,30.5149,-84.3754
142,62,30.5149,-84.3754,30.4481,-84.242
62,143,30.4481,-84.242,30.4713,-84.3311
143,62,30.4713,-84.3311,30.4481,-84.242
62,144,30.4481,-84.242,30.4461,-84.3207
144,62,30.4461,-84.3207,30.4481,-84.242
62,146,30.4481,-84.242,30.4912,-84.1908
146,62,30.4912,-84.1908,30.4481,-84.242
62,147,30.4481,-84.242,30.5124,-84.1967
147,62,30.5124,-84.1967,30.4481,-84.242
65,66,30.4489,-84.2727,30.4653,-84.2312
66,65,30.4653,-84.2312,30.4489,-84.2727
65,69,30.4489,-84.2727,30.3856,-84.2309
69,65,30.3856,-84.2309,30.4489,-84.2727
65,70,30.4489,-84.2727,30.3961,-84.2156
70,65,30.3961,-84.2156,30.4489,-84.2727
65,71,30.4489,-84.2727,30.4059,-84.3275
71,65,30.4059,-84.3275,30.4489,-84.2727
65,72,30.4489,-84.2727,30.4667,-84.3657
72,65,30.4667,-84.3657,30.4489,-84.2727
65,74,30.4489,-84.2727,30.429,-84.255
74,65,30.429,-84.255,30.4489,-84.2727
65,76,30.4489,-84.2727,30.5192,-84.3398
76,65,30.5192,-84.3398,30.4489,-84.2727
65,77,30.4489,-84.2727,30.4429,-84.2548
77,65,30.4429,-84.2548,30.4489,-84.2727
65,79,30.4489,-84.2727,30.384,-84.2103
79,65,30.384,-84.2103,30.4489,-84.2727
65,82,30.4489,-84.2727,30.4416,-84.2783
82,65,30.4416,-84.2783,30.4489,-84.2727
65,83,30.4489,-84.2727,30.5145,-84.371
83,65,30.5145,-84.371,30.4489,-84.2727
65,86,30.4489,-84.2727,30.513,-84.3247
86,65,30.513,-84.3247,30.4489,-84.2727
65,87,30.4489,-84.2727,30.5187,-84.2812
87,65,30.5187,-84.2812,30.4489,-84.2727
65,88,30.4489,-84.2727,30.4932,-84.2139
88,65,30.4932,-84.2139,30.4489,-84.2727
65,105,30.4489,-84.2727,30.4403,-84.2392
105,65,30.4403,-84.2392,30.4489,-84.2727
65,106,30.4489,-84.2727,30.3822,-84.3098
106,65,30.3822,-84.3098,30.4489,-84.2727
65,109,30.4489,-84.2727,30.4767,-84.2064
109,65,30.4767,-84.2064,30.4489,-84.2727
65,110,30.4489,-84.2727,30.3621,-84.2092
110,65,30.3621,-84.2092,30.4489,-84.2727
65,111,30.4489,-84.2727,30.5031,-84.2072
111,65,30.5031,-84.2072,30.4489,-84.2727
65,119,30.4489,-84.2727,30.4596,-84.1848
119,65,30.4596,-84.1848,30.4489,-84.2727
65,120,30.4489,-84.2727,30.4223,-84.2413
120,65,30.4223,-84.2413,30.4489,-84.2727
65,123,30.4489,-84.2727,30.3816,-84.3514
123,65,30.3816,-84.3514,30.4489,-84.2727
65,128,30.4489,-84.2727,30.3865,-84.3463
128,65,30.3865,-84.3463,30.4489,-84.2727
65,129,30.4489,-84.2727,30.4469,-84.3221
129,65,30.4469,-84.3221,30.4489,-84.2727
65,132,30.4489,-84.2727,30.4188,-84.3245
132,65,30.4188,-84.3245,30.4489,-84.2727
65,133,30.4489,-84.2727,30.493,-84.2922
133,65,30.493,-84.2922,30.4489,-84.2727
65,134,30.4489,-84.2727,30.445,-84.3428
134,65,30.445,-84.3428,30.4489,-84.2727
65,138,30.4489,-84.2727,30.4971,-84.1916
138,65,30.4971,-84.1916,30.4489,-84.2727
65,142,30.4489,-84.2727,30.5149,-84.3754
142,65,30.5149,-84.3754,30.4489,-84.2727
65,143,30.4489,-84.2727,30.4713,-84.3311
143,65,30.4713,-84.3311,30.4489,-84.2727
65,144,30.4489,-84.2727,30.4461,-84.3207
144,65,30.4461,-84.3207,30.4489,-84.2727
65,146,30.4489,-84.2727,30.4912,-84.1908
146,65,30.4912,-84.1908,30.4489,-84.2727
65,147,30.4489,-84.2727,30.5124,-84.1967
147,65,30.5124,-84.1967,30.4489,-84.2727
66,69,30.4653,-84.2312,30.3856,-84.2309
69,66,30.3856,-84.2309,30.4653,-84.2312
66,70,30.4653,-84.2312,30.3961,-84.2156
70,66,30.3961,-84.2156,30.4653,-84.2312
66,71,30.4653,-84.2312,30.4059,-84.3275
71,66,30.4059,-84.3275,30.4653,-84.2312
66,72,30.4653,-84.2312,30.4667,-84.3657
72,66,30.4667,-84.3657,30.4653,-84.2312
66,74,30.4653,-84.2312,30.429,-84.255
74,66,30.429,-84.255,30.4653,-84.2312
66,76,30.4653,-84.2312,30.5192,-84.3398
76,66,30.5192,-84.3398,30.4653,-84.2312
66,77,30.4653,-84.2312,30.4429,-84.2548
77,66,30.4429,-84.2548,30.4653,-84.2312
66,79,30.4653,-84.2312,30.384,-84.2103
79,66,30.384,-84.2103,30.4653,-84.2312
66,82,30.4653,-84.2312,30.4416,-84.2783
82,66,30.4416,-84.2783,30.4653,-84.2312
66,83,30.4653,-84.2312,30.5145,-84.371
83,66,30.5145,-84.371,30.4653,-84.2312
66,86,30.4653,-84.2312,30.513,-84.3247
86,66,30.513,-84.3247,30.4653,-84.2312
66,87,30.4653,-84.2312,30.5187,-84.2812
87,66,30.5187,-84.2812,30.4653,-84.2312
66,88,30.4653,-84.2312,30.4932,-84.2139
88,66,30.4932,-84.2139,30.4653,-84.2312
66,105,30.4653,-84.2312,30.4403,-84.2392
105,66,30.4403,-84.2392,30.4653,-84.2312
66,106,30.4653,-84.2312,30.3822,-84.3098
106,66,30.3822,-84.3098,30.4653,-84.2312
66,109,30.4653,-84.2312,30.4767,-84.2064
109,66,30.4767,-84.2064,30.4653,-84.2312
66,110,30.4653,-84.2312,30.3621,-84.2092
110,66,30.3621,-84.2092,30.4653,-84.2312
66,111,30.4653,-84.2312,30.5031,-84.2072
111,66,30.5031,-84.2072,30.4653,-84.2312
66,119,30.4653,-84.2312,30.4596,-84.1848
119,66,30.4596,-84.1848,30.4653,-84.2312
66,120,30.4653,-84.2312,30.4223,-84.2413
120,66,30.4223,-84.2413,30.4653,-84.2312
66,123,30.4653,-84.2312,30.3816,-84.3514
123,66,30.3816,-84.3514,30.4653,-84.2312
66,128,30.4653,-84.2312,30.3865,-84.3463
128,66,30.3865,-84.3463,30.4653,-84.2312
66,129,30.4653,-84.2312,30.4469,-84.3221
129,66,30.4469,-84.3221,30.4653,-84.2312
66,132,30.4653,-84.2312,30.4188,-84.3245
132,66,30.4188,-84.3245,30.4653,-84.2312
66,133,30.4653,-84.2312,30.493,-84.2922
133,66,30.493,-84.2922,30.4653,-84.2312
66,134,30.4653,-84.2312,30.445,-84.3428
134,66,30.445,-84.3428,30.4653,-84.2312
66,138,30.4653,-84.2312,30.4971,-84.1916
138,66,30.4971,-84.1916,30.4653,-84.2312
66,142,30.4653,-84.2312,30.5149,-84.3754
142,66,30.5149,-84.3754,30.4653,-84.2312
66,143,30.4653,-84.2312,30.4713,-84.3311
143,66,30.4713,-84.3311,30.4653,-84.2312
66,144,30.4653,-84.2312,30.4461,-84.3207
144,66,30.4461,-84.3207,30.4653,-84.2312
66,146,30.4653,-84.2312,30.4912,-84.1908
146,66,30.4912,-84.1908,30.4653,-84.2312
66,147,30.4653,-84.2312,30.5124,-84.1967
147,66,30.5124,-84.1967,30.4653,-84.2312
69,70,30.3856,-84.2309,30.3961,-84.2156
70,69,30.3961,-84.2156,30.3856,-84.2309
69,71,30.3856,-84.2309,30.4059,-84.3275
71,69,30.4059,-84.3275,30.3856,-84.2309
69,72,30.3856,-84.2309,30.4667,-84.3657
72,69,30.4667,-84.3657,30.3856,-84.2309
69,74,30.3856,-84.2309,30.429,-84.255
74,69,30.429,-84.255,30.3856,-84.2309
69,76,30.3856,-84.2309,30.5192,-84.3398
76,69,30.5192,-84.3398,30.3856,-84.2309
69,77,30.3856,-84.2309,30.4429,-84.2548
77,69,30.4429,-84.2548,30.3856,-84.2309
69,79,30.3856,-84.2309,30.384,-84.2103
79,69,30.384,-84.2103,30.3856,-84.2309
69,82,30.3856,-84.2309,30.4416,-84.2783
82,69,30.4416,-84.2783,30.3856,-84.2309
69,83,30.3856,-84.2309,30.5145,-84.371
83,69,30.5145,-84.371,30.3856,-84.2309
69,86,30.3856,-84.2309,30.513,-84.3247
86,69,30.513,-84.3247,30.3856,-84.2309
69,87,30.3856,-84.2309,30.5187,-84.2812
87,69,30.5187,-84.2812,30.3856,-84.2309
69,88,30.3856,-84.2309,30.4932,-84.2139
88,69,30.4932,-84.2139,30.3856,-84.2309
69,105,30.3856,-84.2309,30.4403,-84.2392
105,69,30.4403,-84.2392,30.3856,-84.2309
69,106,30.3856,-84.2309,30.3822,-84.3098
106,69,30.3822,-84.3098,30.3856,-84.2309
69,109,30.3856,-84.2309,30.4767,-84.2064
109,69,30.4767,-84.2064,30.3856,-84.2309
69,110,30.3856,-84.2309,30.3621,-84.2092
110,69,30.3621,-84.2092,30.3856,-84.2309
69,111,30.3856,-84.2309,30.5031,-84.2072
111,69,30.5031,-84.2072,30.3856,-84.2309
69,119,30.3856,-84.2309,30.4596,-84.1848
119,69,30.4596,-84.1848,30.3856,-84.2309
69,120,30.3856,-84.2309,30.4223,-84.2413
120,69,30.4223,-84.2413,30.3856,-84.2309
69,123,30.3856,-84.2309,30.3816,-84.3514
123,69,30.3816,-84.3514,30.3856,-84.2309
69,128,30.3856,-84.2309,30.3865,-84.3463
128,69,30.3865,-84.3463,30.3856,-84.2309
69,129,30.3856,-84.2309,30.4469,-84.3221
129,69,30.4469,-84.3221,30.3856,-84.2309
69,132,30.3856,-84.2309,30.4188,-84.3245
132,69,30.4188,-84.3245,30.3856,-84.2309
69,133,30.3856,-84.2309,30.493,-84.2922
133,69,30.493,-84.2922,30.3856,-84.2309
69,134,30.3856,-84.2309,30.445,-84.3428
134,69,30.445,-84.3428,30.3856,-84.2309
69,138,30.3856,-84.2309,30.4971,-84.1916
138,69,30.4971,-84.1916,30.3856,-84.2309
69,142,30.3856,-84.2309,30.5149,-84.3754
142,69,30.5149,-84.3754,30.3856,-84.2309
69,143,30.3856,-84.2309,30.4713,-84.3311
143,69,30.4713,-84.3311,30.3856,-84.2309
69,144,30.3856,-84.2309,30.4461,-84.3207
144,69,30.4461,-84.3207,30.3856,-84.2309
69,146,30.3856,-84.2309,30.4912,-84.1908
146,69,30.4912,-84.1908,30.3856,-84.2309
69,147,30.3856,-84.2309,30.5124,-84.1967
147,69,30.5124,-84.1967,30.3856,-84.2309
70,71,30.3961,-84.2156,30.4059,-84.3275
71,70,30.4059,-84.3275,30.3961,-84.2156
70,72,30.3961,-84.2156,30.4667,-84.3657
72,70,30.4667,-84.3657,30.3961,-84.2156
70,74,30.3961,-84.2156,30.429,-84.255
74,70,30.429,-84.255,30.3961,-84.2156
70,76,30.3961,-84.2156,30.5192,-84.3398
76,70,30.5192,-84.3398,30.3961,-84.2156
70,77,30.3961,-84.2156,30.4429,-84.2548
77,70,30.4429,-84.2548,30.3961,-84.2156
70,79,30.3961,-84.2156,30.384,-84.2103
79,70,30.384,-84.2103,30.3961,-84.2156
70,82,30.3961,-84.2156,30.4416,-84.2783
82,70,30.4416,-84.2783,30.3961,-84.2156
70,83,30.3961,-84.2156,30.5145,-84.371
83,70,30.5145,-84.371,30.3961,-84.2156
70,86,30.3961,-84.2156,30.513,-84.3247
86,70,30.513,-84.3247,30.3961,-84.2156
70,87,30.3961,-84.2156,30.5187,-84.2812
87,70,30.5187,-84.2812,30.3961,-84.2156
70,88,30.3961,-84.2156,30.4932,-84.2139
88,70,30.4932,-84.2139,30.3961,-84.2156
70,105,30.3961,-84.2156,30.4403,-84.2392
105,70,30.4403,-84.2392,30.3961,-84.2156
70,106,30.3961,-84.2156,30.3822,-84.3098
106,70,30.3822,-84.3098,30.3961,-84.2156
70,109,30.3961,-84.2156,30.4767,-84.2064
109,70,30.4767,-84.2064,30.3961,-84.2156
70,110,30.3961,-84.2156,30.3621,-84.2092
110,70,30.3621,-84.2092,30.3961,-84.2156
70,111,30.3961,-84.2156,30.5031,-84.2072
111,70,30.5031,-84.2072,30.3961,-84.2156
70,119,30.3961,-84.2156,30.4596,-84.1848
119,70,30.4596,-84.1848,30.3961,-84.2156
70,120,30.3961,-84.2156,30.4223,-84.2413
120,70,30.4223,-84.2413,30.3961,-84.2156
70,123,30.3961,-84.2156,30.3816,-84.3514
123,70,30.3816,-84.3514,30.3961,-84.2156
70,128,30.3961,-84.2156,30.3865,-84.3463
128,70,30.3865,-84.3463,30.3961,-84.2156
70,129,30.3961,-84.2156,30.4469,-84.3221
129,70,30.4469,-84.3221,30.3961,-84.2156
70,132,30.3961,-84.2156,30.4188,-84.3245
132,70,30.4188,-84.3245,30.3961,-84.2156
70,133,30.3961,-84.2156,30.493,-84.2922
133,70,30.493,-84.2922,30.3961,-84.2156
70,134,30.3961,-84.2156,30.445,-84.3428
134,70,30.445,-84.3428,30.3961,-84.2156
70,138,30.3961,-84.2156,30.4971,-84.1916
138,70,30.4971,-84.1916,30.3961,-84.2156
70,142,30.3961,-84.2156,30.5149,-84.3754
142,70,30.5149,-84.3754,30.3961,-84.2156
70,143,30.3961,-84.2156,30.4713,-84.3311
143,70,30.4713,-84.3311,30.3961,-84.2156
70,144,30.3961,-84.2156,30.4461,-84.3207
144,70,30.4461,-84.3207,30.3961,-84.2156
70,146,30.3961,-84.2156,30.4912,-84.1908
146,70,30.4912,-84.1908,30.3961,-84.2156
70,147,30.3961,-84.2156,30.5124,-84.1967
147,70,30.5124,-84.1967,30.3961,-84.2156
71,72,30.4059,-84.3275,30.4667,-84.3657
72,71,30.4667,-84.3657,30.4059,-84.3275
71,74,30.4059,-84.3275,30.429,-84.255
74,71,30.429,-84.255,30.4059,-84.3275
71,76,30.4059,-84.3275,30.5192,-84.3398
76,71,30.5192,-84.3398,30.4059,-84.3275
71,77,30.4059,-84.3275,30.4429,-84.2548
77,71,30.4429,-84.2548,30.4059,-84.3275
71,79,30.4059,-84.3275,30.384,-84.2103
79,71,30.384,-84.2103,30.4059,-84.3275
71,82,30.4059,-84.3275,30.4416,-84.2783
82,71,30.4416,-84.2783,30.4059,-84.3275
71,83,30.4059,-84.3275,30.5145,-84.371
83,71,30.5145,-84.371,30.4059,-84.3275
71,86,30.4059,-84.3275,30.513,-84.3247
86,71,30.513,-84.3247,30.4059,-84.3275
71,87,30.4059,-84.3275,30.5187,-84.2812
87,71,30.5187,-84.2812,30.4059,-84.3275
71,88,30.4059,-84.3275,30.4932,-84.2139
88,71,30.4932,-84.2139,30.4059,-84.3275
71,105,30.4059,-84.3275,30.4403,-84.2392
105,71,30.4403,-84.2392,30.4059,-84.3275
71,106,30.4059,-84.3275,30.3822,-84.3098
106,71,30.3822,-84.3098,30.4059,-84.3275
71,109,30.4059,-84.3275,30.4767,-84.2064
109,71,30.4767,-84.2064,30.4059,-84.3275
71,110,30.4059,-84.3275,30.3621,-84.2092
110,71,30.3621,-84.2092,30.4059,-84.3275
71,111,30.4059,-84.3275,30.5031,-84.2072
111,71,30.5031,-84.2072,30.4059,-84.3275
71,119,30.4059,-84.3275,30.4596,-84.1848
119,71,30.4596,-84.1848,30.4059,-84.3275
71,120,30.4059,-84.3275,30.4223,-84.2413
120,71,30.4223,-84.2413,30.4059,-84.3275
71,123,30.4059,-84.3275,30.3816,-84.3514
123,71,30.3816,-84.3514,30.4059,-84.3275
71,128,30.4059,-84.3275,30.3865,-84.3463
128,71,30.3865,-84.3463,30.4059,-84.3275
71,129,30.4059,-84.3275,30.4469,-84.3221
129,71,30.4469,-84.3221,30.4059,-84.3275
71,132,30.4059,-84.3275,30.4188,-84.3245
132,71,30.4188,-84.3245,30.4059,-84.3275
71,133,30.4059,-84.3275,30.493,-84.2922
133,71,30.493,-84.2922,30.4059,-84.3275
71,134,30.4059,-84.3275,30.445,-84.3428
134,71,30.445,-84.3428,30.4059,-84.3275
71,138,30.4059,-84.3275,30.4971,-84.1916
138,71,30.4971,-84.1916,30.4059,-84.3275
71,142,30.4059,-84.3275,30.5149,-84.3754
142,71,30.5149,-84.3754,30.4059,-84.3275
71,143,30.4059,-84.3275,30.4713,-84.3311
143,71,30.4713,-84.3311,30.4059,-84.3275
71,144,30.4059,-84.3275,30.4461,-84.3207
144,71,30.4461,-84.3207,30.4059,-84.3275
71,146,30.4059,-84.3275,30.4912,-84.1908
146,71,30.4912,-84.1908,30.4059,-84.3275
71,147,30.4059,-84.3275,30.5124,-84.1967
147,71,30.5124,-84.1967,30.4059,-84.3275
72,74,30.4667,-84.3657,30.429,-84.255
74,72,30.429,-84.255,30.4667,-84.3657
72,76,30.4667,-84.3657,30.5192,-84.3398
76,72,30.5192,-84.3398,30.4667,-84.3657
72,77,30.4667,-84.3657,30.4429,-84.2548
77,72,30.4429,-84.2548,30.4667,-84.3657
72,79,30.4667,-84.3657,30.384,-84.2103
79,72,30.384,-84.2103,30.4667,-84.3657
72,82,30.4667,-84.3657,30.4416,-84.2783
82,72,30.4416,-84.2783,30.4667,-84.3657
72,83,30.4667,-84.3657,30.5145,-84.371
83,72,30.5145,-84.371,30.4667,-84.3657
72,86,30.4667,-84.3657,30.513,-84.3247
86,72,30.513,-84.3247,30.4667,-84.3657
72,87,30.4667,-84.3657,30.5187,-84.2812
87,72,30.5187,-84.2812,30.4667,-84.3657
72,88,30.4667,-84.3657,30.4932,-84.2139
88,72,30.4932,-84.2139,30.4667,-84.3657
72,105,30.4667,-84.3657,30.4403,-84.2392
105,72,30.4403,-84.2392,30.4667,-84.3657
72,106,30.4667,-84.3657,30.3822,-84.3098
106,72,30.3822,-84.3098,30.4667,-84.3657
72,109,30.4667,-84.3657,30.4767,-84.2064
109,72,30.4767,-84.2064,30.4667,-84.3657
72,110,30.4667,-84.3657,30.3621,-84.2092
110,72,30.3621,-84.2092,30.4667,-84.3657
72,111,30.4667,-84.3657,30.5031,-84.2072
111,72,30.5031,-84.2072,30.4667,-84.3657
72,119,30.4667,-84.3657,30.4596,-84.1848
119,72,30.4596,-84.1848,30.4667,-84.3657
72,120,30.4667,-84.3657,30.4223,-84.2413
120,72,30.4223,-84.2413,30.4667,-84.3657
72,123,30.4667,-84.3657,30.3816,-84.3514
123,72,30.3816,-84.3514,30.4667,-84.3657
72,128,30.4667,-84.3657,30.3865,-84.3463
128,72,30.3865,-84.3463,30.4667,-84.3657
72,129,30.4667,-84.3657,30.4469,-84.3221
129,72,30.4469,-84.3221,30.4667,-84.3657
72,132,30.4667,-84.3657,30.4188,-84.3245
132,72,30.4188,-84.3245,30.4667,-84.3657
72,133,30.4667,-84.3657,30.493,-84.2922
133,72,30.493,-84.2922,30.4667,-84.3657
72,134,30.4667,-84.3657,30.445,-84.3428
134,72,30.445,-84.3428,30.4667,-84.3657
72,138,30.4667,-84.3657,30.4971,-84.1916
138,72,30.4971,-84.1916,30.4667,-84.3657
72,142,30.4667,-84.3657,30.5149,-84.3754
142,72,30.5149,-84.3754,30.4667,-84.3657
72,143,30.4667,-84.3657,30.4713,-84.3311
143,72,30.4713,-84.3311,30.4667,-84.3657
72,144,30.4667,-84.3657,30.4461,-84.3207
144,72,30.4461,-84.3207,30.4667,-84.3657
72,146,30.4667,-84.3657,30.4912,-84.1908
146,72,30.4912,-84.1908,30.4667,-84.3657
72,147,30.4667,-84.3657,30.5124,-84.1967
147,72,30.5124,-84.1967,30.4667,-84.3657
74,76,30.429,-84.255,30.5192,-84.3398
76,74,30.5192,-84.3398,30.429,-84.255
74,77,30.429,-84.255,30.4429,-84.2548
77,74,30.4429,-84.2548,30.429,-84.255
74,79,30.429,-84.255,30.384,-84.2103
79,74,30.384,-84.2103,30.429,-84.255
74,82,30.429,-84.255,30.4416,-84.2783
82,74,30.4416,-84.2783,30.429,-84.255
74,83,30.429,-84.255,30.5145,-84.371
83,74,30.5145,-84.371,30.429,-84.255
74,86,30.429,-84.255,30.513,-84.3247
86,74,30.513,-84.3247,30.429,-84.255
74,87,30.429,-84.255,30.5187,-84.2812
87,74,30.5187,-84.2812,30.429,-84.255
74,88,30.429,-84.255,30.4932,-84.2139
88,74,30.4932,-84.2139,30.429,-84.255
74,105,30.429,-84.255,30.4403,-84.2392
105,74,30.4403,-84.2392,30.429,-84.255
74,106,30.429,-84.255,30.3822,-84.3098
106,74,30.3822,-84.3098,30.429,-84.255
74,109,30.429,-84.255,30.4767,-84.2064
109,74,30.4767,-84.2064,30.429,-84.255
74,110,30.429,-84.255,30.3621,-84.2092
110,74,30.3621,-84.2092,30.429,-84.255
74,111,30.429,-84.255,30.5031,-84.2072
111,74,30.5031,-84.2072,30.429,-84.255
74,119,30.429,-84.255,30.4596,-84.1848
119,74,30.4596,-84.1848,30.429,-84.255
74,120,30.429,-84.255,30.4223,-84.2413
120,74,30.4223,-84.2413,30.429,-84.255
74,123,30.429,-84.255,30.3816,-84.3514
123,74,30.3816,-84.3514,30.429,-84.255
74,128,30.429,-84.255,30.3865,-84.3463
128,74,30.3865,-84.3463,30.429,-84.255
74,129,30.429,-84.255,30.4469,-84.3221
129,74,30.4469,-84.3221,30.429,-84.255
74,132,30.429,-84.255,30.4188,-84.3245
132,74,30.4188,-84.3245,30.429,-84.255
74,133,30.429,-84.255,30.493,-84.2922
133,74,30.493,-84.2922,30.429,-84.255
74,134,30.429,-84.255,30.445,-84.3428
134,74,30.445,-84.3428,30.429,-84.255
74,138,30.429,-84.255,30.4971,-84.1916
138,74,30.4971,-84.1916,30.429,-84.255
74,142,30.429,-84.255,30.5149,-84.3754
142,74,30.5149,-84.3754,30.429,-84.255
74,143,30.429,-84.255,30.4713,-84.3311
143,74,30.4713,-84.3311,30.429,-84.255
74,144,30.429,-84.255,30.4461,-84.3207
144,74,30.4461,-84.3207,30.429,-84.255
74,146,30.429,-84.255,30.4912,-84.1908
146,74,30.4912,-84.1908,30.429,-84.255
74,147,30.429,-84.255,30.5124,-84.1967
147,74,30.5124,-84.1967,30.429,-84.255
76,77,30.5192,-84.3398,30.4429,-84.2548
77,76,30.4429,-84.2548,30.5192,-84.3398
76,79,30.5192,-84.3398,30.384,-84.2103
79,76,30.384,-84.2103,30.5192,-84.3398
76,82,30.5192,-84.3398,30.4416,-84.2783
82,76,30.4416,-84.2783,30.5192,-84.3398
76,83,30.5192,-84.3398,30.5145,-84.371
83,76,30.5145,-84.371,30.5192,-84.3398
76,86,30.5192,-84.3398,30.513,-84.3247
86,76,30.513,-84.3247,30.5192,-84.3398
76,87,30.5192,-84.3398,30.5187,-84.2812
87,76,30.5187,-84.2812,30.5192,-84.3398
76,88,30.5192,-84.3398,30.4932,-84.2139
88,76,30.4932,-84.2139,30.5192,-84.3398
76,105,30.5192,-84.3398,30.4403,-84.2392
105,76,30.4403,-84.2392,30.5192,-84.3398
76,106,30.5192,-84.3398,30.3822,-84.3098
106,76,30.3822,-84.3098,30.5192,-84.3398
76,109,30.5192,-84.3398,30.4767,-84.2064
109,76,30.4767,-84.2064,30.5192,-84.3398
76,110,30.5192,-84.3398,30.3621,-84.2092
110,76,30.3621,-84.2092,30.5192,-84.3398
76,111,30.5192,-84.3398,30.5031,-84.2072
111,76,30.5031,-84.2072,30.5192,-84.3398
76,119,30.5192,-84.3398,30.4596,-84.1848
119,76,30.4596,-84.1848,30.5192,-84.3398
76,120,30.5192,-84.3398,30.4223,-84.2413
120,76,30.4223,-84.2413,30.5192,-84.3398
76,123,30.5192,-84.3398,30.3816,-84.3514
123,76,30.3816,-84.3514,30.5192,-84.3398
76,128,30.5192,-84.3398,30.3865,-84.3463
128,76,30.3865,-84.3463,30.5192,-84.3398
76,129,30.5192,-84.3398,30.4469,-84.3221
129,76,30.4469,-84.3221,30.5192,-84.3398
76,132,30.5192,-84.3398,30.4188,-84.3245
132,76,30.4188,-84.3245,30.5192,-84.3398
76,133,30.5192,-84.3398,30.493,-84.2922
133,76,30.493,-84.2922,30.5192,-84.3398
76,134,30.5192,-84.3398,30.445,-84.3428
134,76,30.445,-84.3428,30.5192,-84.3398
76,138,30.5192,-84.3398,30.4971,-84.1916
138,76,30.4971,-84.1916,30.5192,-84.3398
76,142,30.5192,-84.3398,30.5149,-84.3754
142,76,30.5149,-84.3754,30.5192,-84.3398
76,143,30.5192,-84.3398,30.4713,-84.3311
143,76,30.4713,-84.3311,30.5192,-84.3398
76,144,30.5192,-84.3398,30.4461,-84.3207
144,76,30.4461,-84.3207,30.5192,-84.3398
76,146,30.5192,-84.3398,30.4912,-84.1908
146,76,30.4912,-84.1908,30.5192,-84.3398
76,147,30.5192,-84.3398,30.5124,-84.1967
147,76,30.5124,-84.1967,30.5192,-84.3398
77,79,30.4429,-84.2548,30.384,-84.2103
79,77,30.384,-84.2103,30.4429,-84.2548
77,82,30.4429,-84.2548,30.4416,-84.2783
82,77,30.4416,-84.2783,30.4429,-84.2548
77,83,30.4429,-84.2548,30.5145,-84.371
83,77,30.5145,-84.371,30.4429,-84.2548
77,86,30.4429,-84.2548,30.513,-84.3247
86,77,30.513,-84.3247,30.4429,-84.2548
77,87,30.4429,-84.2548,30.5187,-84.2812
87,77,30.5187,-84.2812,30.4429,-84.2548
77,88,30.4429,-84.2548,30.4932,-84.2139
88,77,30.4932,-84.2139,30.4429,-84.2548
77,105,30.4429,-84.2548,30.4403,-84.2392
105,77,30.4403,-84.2392,30.4429,-84.2548
77,106,30.4429,-84.2548,30.3822,-84.3098
106,77,30.3822,-84.3098,30.4429,-84.2548
77,109,30.4429,-84.2548,30.4767,-84.2064
109,77,30.4767,-84.2064,30.4429,-84.2548
77,110,30.4429,-84.2548,30.3621,-84.2092
110,77,30.3621,-84.2092,30.4429,-84.2548
77,111,30.4429,-84.2548,30.5031,-84.2072
111,77,30.5031,-84.2072,30.4429,-84.2548
77,119,30.4429,-84.2548,30.4596,-84.1848
119,77,30.4596,-84.1848,30.4429,-84.2548
77,120,30.4429,-84.2548,30.4223,-84.2413
120,77,30.4223,-84.2413,30.4429,-84.2548
77,123,30.4429,-84.2548,30.3816,-84.3514
123,77,30.3816,-84.3514,30.4429,-84.2548
77,128,30.4429,-84.2548,30.3865,-84.3463
128,77,30.3865,-84.3463,30.4429,-84.2548
77,129,30.4429,-84.2548,30.4469,-84.3221
129,77,30.4469,-84.3221,30.4429,-84.2548
77,132,30.4429,-84.2548,30.4188,-84.3245
132,77,30.4188,-84.3245,30.4429,-84.2548
77,133,30.4429,-84.2548,30.493,-84.2922
133,77,30.493,-84.2922,30.4429,-84.2548
77,134,30.4429,-84.2548,30.445,-84.3428
134,77,30.445,-84.3428,30.4429,-84.2548
77,138,30.4429,-84.2548,30.4971,-84.1916
138,77,30.4971,-84.1916,30.4429,-84.2548
77,142,30.4429,-84.2548,30.5149,-84.3754
142,77,30.5149,-84.3754,30.4429,-84.2548
77,143,30.4429,-84.2548,30.4713,-84.3311
143,77,30.4713,-84.3311,30.4429,-84.2548
77,144,30.4429,-84.2548,30.4461,-84.3207
144,77,30.4461,-84.3207,30.4429,-84.2548
77,146,30.4429,-84.2548,30.4912,-84.1908
146,77,30.4912,-84.1908,30.4429,-84.2548
77,147,30.4429,-84.2548,30.5124,-84.1967
147,77,30.5124,-84.1967,30.4429,-84.2548
79,82,30.384,-84.2103,30.4416,-84.2783
82,79,30.4416,-84.2783,30.384,-84.2103
79,83,30.384,-84.2103,30.5145,-84.371
83,79,30.5145,-84.371,30.384,-84.2103
79,86,30.384,-84.2103,30.513,-84.3247
86,79,30.513,-84.3247,30.384,-84.2103
79,87,30.384,-84.2103,30.5187,-84.2812
87,79,30.5187,-84.2812,30.384,-84.2103
79,88,30.384,-84.2103,30.4932,-84.2139
88,79,30.4932,-84.2139,30.384,-84.2103
79,105,30.384,-84.2103,30.4403,-84.2392
105,79,30.4403,-84.2392,30.384,-84.2103
79,106,30.384,-84.2103,30.3822,-84.3098
106,79,30.3822,-84.3098,30.384,-84.2103
79,109,30.384,-84.2103,30.4767,-84.2064
109,79,30.4767,-84.2064,30.384,-84.2103
79,110,30.384,-84.2103,30.3621,-84.2092
110,79,30.3621,-84.2092,30.384,-84.2103
79,111,30.384,-84.2103,30.5031,-84.2072
111,79,30.5031,-84.2072,30.384,-84.2103
79,119,30.384,-84.2103,30.4596,-84.1848
119,79,30.4596,-84.1848,30.384,-84.2103
79,120,30.384,-84.2103,30.4223,-84.2413
120,79,30.4223,-84.2413,30.384,-84.2103
79,123,30.384,-84.2103,30.3816,-84.3514
123,79,30.3816,-84.3514,30.384,-84.2103
79,128,30.384,-84.2103,30.3865,-84.3463
128,79,30.3865,-84.3463,30.384,-84.2103
79,129,30.384,-84.2103,30.4469,-84.3221
129,79,30.4469,-84.3221,30.384,-84.2103
79,132,30.384,-84.2103,30.4188,-84.3245
132,79,30.4188,-84.3245,30.384,-84.2103
79,133,30.384,-84.2103,30.493,-84.2922
133,79,30.493,-84.2922,30.384,-84.2103
79,134,30.384,-84.2103,30.445,-84.3428
134,79,30.445,-84.3428,30.384,-84.2103
79,138,30.384,-84.2103,30.4971,-84.1916
138,79,30.4971,-84.1916,30.384,-84.2103
79,142,30.384,-84.2103,30.5149,-84.3754
142,79,30.5149,-84.3754,30.384,-84.2103
79,143,30.384,-84.2103,30.4713,-84.3311
143,79,30.4713,-84.3311,30.384,-84.2103
79,144,30.384,-84.2103,30.4461,-84.3207
144,79,30.4461,-84.3207,30.384,-84.2103
79,146,30.384,-84.2103,30.4912,-84.1908
146,79,30.4912,-84.1908,30.384,-84.2103
79,147,30.384,-84.2103,30.5124,-84.1967
147,79,30.5124,-84.1967,30.384,-84.2103
82,83,30.4416,-84.2783,30.5145,-84.371
83,82,30.5145,-84.371,30.4416,-84.2783
82,86,30.4416,-84.2783,30.513,-84.3247
86,82,30.513,-84.3247,30.4416,-84.2783
82,87,30.4416,-84.2783,30.5187,-84.2812
87,82,30.5187,-84.2812,30.4416,-84.2783
82,88,30.4416,-84.2783,30.4932,-84.2139
88,82,30.4932,-84.2139,30.4416,-84.2783
82,105,30.4416,-84.2783,30.4403,-84.2392
105,82,30.4403,-84.2392,30.4416,-84.2783
82,106,30.4416,-84.2783,30.3822,-84.3098
106,82,30.3822,-84.3098,30.4416,-84.2783
82,109,30.4416,-84.2783,30.4767,-84.2064
109,82,30.4767,-84.2064,30.4416,-84.2783
82,110,30.4416,-84.2783,30.3621,-84.2092
110,82,30.3621,-84.2092,30.4416,-84.2783
82,111,30.4416,-84.2783,30.5031,-84.2072
111,82,30.5031,-84.2072,30.4416,-84.2783
82,119,30.4416,-84.2783,30.4596,-84.1848
119,82,30.4596,-84.1848,30.4416,-84.2783
82,120,30.4416,-84.2783,30.4223,-84.2413
120,82,30.4223,-84.2413,30.4416,-84.2783
82,123,30.4416,-84.2783,30.3816,-84.3514
123,82,30.3816,-84.3514,30.4416,-84.2783
82,128,30.4416,-84.2783,30.3865,-84.3463
128,82,30.3865,-84.3463,30.4416,-84.2783
82,129,30.4416,-84.2783,30.4469,-84.3221
129,82,30.4469,-84.3221,30.4416,-84.2783
82,132,30.4416,-84.2783,30.4188,-84.3245
132,82,30.4188,-84.3245,30.4416,-84.2783
82,133,30.4416,-84.2783,30.493,-84.2922
133,82,30.493,-84.2922,30.4416,-84.2783
82,134,30.4416,-84.2783,30.445,-84.3428
134,82,30.445,-84.3428,30.4416,-84.2783
82,138,30.4416,-84.2783,30.4971,-84.1916
138,82,30.4971,-84.1916,30.4416,-84.2783
82,142,30.4416,-84.2783,30.5149,-84.3754
142,82,30.5149,-84.3754,30.4416,-84.2783
82,143,30.4416,-84.2783,30.4713,-84.3311
143,82,30.4713,-84.3311,30.4416,-84.2783
82,144,30.4416,-84.2783,30.4461,-84.3207
144,82,30.4461,-84.3207,30.4416,-84.2783
82,146,30.4416,-84.2783,30.4912,-84.1908
146,82,30.4912,-84.1908,30.4416,-84.2783
82,147,30.4416,-84.2783,30.5124,-84.1967
147,82,30.5124,-84.1967,30.4416,-84.2783
83,86,30.5145,-84.371,30.513,-84.3247
86,83,30.513,-84.3247,30.5145,-84.371
83,87,30.5145,-84.371,30.5187,-84.2812
87,83,30.5187,-84.2812,30.5145,-84.371
83,88,30.5145,-84.371,30.4932,-84.2139
88,83,30.4932,-84.2139,30.5145,-84.371
83,105,30.5145,-84.371,30.4403,-84.2392
105,83,30.4403,-84.2392,30.5145,-84.371
83,106,30.5145,-84.371,30.3822,-84.3098
106,83,30.3822,-84.3098,30.5145,-84.371
83,109,30.5145,-84.371,30.4767,-84.2064
109,83,30.4767,-84.2064,30.5145,-84.371
83,110,30.5145,-84.371,30.3621,-84.2092
110,83,30.3621,-84.2092,30.5145,-84.371
83,111,30.5145,-84.371,30.5031,-84.2072
111,83,30.5031,-84.2072,30.5145,-84.371
83,119,30.5145,-84.371,30.4596,-84.1848
119,83,30.4596,-84.1848,30.5145,-84.371
83,120,30.5145,-84.371,30.4223,-84.2413
120,83,30.4223,-84.2413,30.5145,-84.371
83,123,30.5145,-84.371,30.3816,-84.3514
123,83,30.3816,-84.3514,30.5145,-84.371
83,128,30.5145,-84.371,30.3865,-84.3463
128,83,30.3865,-84.3463,30.5145,-84.371
83,129,30.5145,-84.371,30.4469,-84.3221
129,83,30.4469,-84.3221,30.5145,-84.371
83,132,30.5145,-84.371,30.4188,-84.3245
132,83,30.4188,-84.3245,30.5145,-84.371
83,133,30.5145,-84.371,30.493,-84.2922
133,83,30.493,-84.2922,30.5145,-84.371
83,134,30.5145,-84.371,30.445,-84.3428
134,83,30.445,-84.3428,30.5145,-84.371
83,138,30.5145,-84.371,30.4971,-84.1916
138,83,30.4971,-84.1916,30.5145,-84.371
83,142,30.5145,-84.371,30.5149,-84.3754
142,83,30.5149,-84.3754,30.5145,-84.371
83,143,30.5145,-84.371,30.4713,-84.3311
143,83,30.4713,-84.3311,30.5145,-84.371
83,144,30.5145,-84.371,30.4461,-84.3207
144,83,30.4461,-84.3207,30.5145,-84.371
83,146,30.5145,-84.371,30.4912,-84.1908
146,83,30.4912,-84.1908,30.5145,-84.371
83,147,30.5145,-84.371,30.5124,-84.1967
147,83,30.5124,-84.1967,30.5145,-84.371
86,87,30.513,-84.3247,30.5187,-84.2812
87,86,30.5187,-84.2812,30.513,-84.3247
86,88,30.513,-84.3247,30.4932,-84.2139
88,86,30.4932,-84.2139,30.513,-84.3247
86,105,30.513,-84.3247,30.4403,-84.2392
105,86,30.4403,-84.2392,30.513,-84.3247
86,106,30.513,-84.3247,30.3822,-84.3098
106,86,30.3822,-84.3098,30.513,-84.3247
86,109,30.513,-84.3247,30.4767,-84.2064
109,86,30.4767,-84.2064,30.513,-84.3247
86,110,30.513,-84.3247,30.3621,-84.2092
110,86,30.3621,-84.2092,30.513,-84.3247
86,111,30.513,-84.3247,30.5031,-84.2072
111,86,30.5031,-84.2072,30.513,-84.3247
86,119,30.513,-84.3247,30.4596,-84.1848
119,86,30.4596,-84.1848,30.513,-84.3247
86,120,30.513,-84.3247,30.4223,-84.2413
120,86,30.4223,-84.2413,30.513,-84.3247
86,123,30.513,-84.3247,30.3816,-84.3514
123,86,30.3816,-84.3514,30.513,-84.3247
86,128,30.513,-84.3247,30.3865,-84.3463
128,86,30.3865,-84.3463,30.513,-84.3247
86,129,30.513,-84.3247,30.4469,-84.3221
129,86,30.4469,-84.3221,30.513,-84.3247
86,132,30.513,-84.3247,30.4188,-84.3245
132,86,30.4188,-84.3245,30.513,-84.3247
86,133,30.513,-84.3247,30.493,-84.2922
133,86,30.493,-84.2922,30.513,-84.3247
86,134,30.513,-84.3247,30.445,-84.3428
134,86,30.445,-84.3428,30.513,-84.3247
86,138,30.513,-84.3247,30.4971,-84.1916
138,86,30.4971,-84.1916,30.513,-84.3247
86,142,30.513,-84.3247,30.5149,-84.3754
142,86,30.5149,-84.3754,30.513,-84.3247
86,143,30.513,-84.3247,30.4713,-84.3311
143,86,30.4713,-84.3311,30.513,-84.3247
86,144,30.513,-84.3247,30.4461,-84.3207
144,86,30.4461,-84.3207,30.513,-84.3247
86,146,30.513,-84.3247,30.4912,-84.1908
146,86,30.4912,-84.1908,30.513,-84.3247
86,147,30.513,-84.3247,30.5124,-84.1967
147,86,30.5124,-84.1967,30.513,-84.3247
87,88,30.5187,-84.2812,30.4932,-84.2139
88,87,30.4932,-84.2139,30.5187,-84.2812
87,105,30.5187,-84.2812,30.4403,-84.2392
105,87,30.4403,-84.2392,30.5187,-84.2812
87,106,30.5187,-84.2812,30.3822,-84.3098
106,87,30.3822,-84.3098,30.5187,-84.2812
87,109,30.5187,-84.2812,30.4767,-84.2064
109,87,30.4767,-84.2064,30.5187,-84.2812
87,110,30.5187,-84.2812,30.3621,-84.2092
110,87,30.3621,-84.2092,30.5187,-84.2812
87,111,30.5187,-84.2812,30.5031,-84.2072
111,87,30.5031,-84.2072,30.5187,-84.2812
87,119,30.5187,-84.2812,30.4596,-84.1848
119,87,30.4596,-84.1848,30.5187,-84.2812
87,120,30.5187,-84.2812,30.4223,-84.2413
120,87,30.4223,-84.2413,30.5187,-84.2812
87,123,30.5187,-84.2812,30.3816,-84.3514
123,87,30.3816,-84.3514,30.5187,-84.2812
87,128,30.5187,-84.2812,30.3865,-84.3463
128,87,30.3865,-84.3463,30.5187,-84.2812
87,129,30.5187,-84.2812,30.4469,-84.3221
129,87,30.4469,-84.3221,30.5187,-84.2812
87,132,30.5187,-84.2812,30.4188,-84.3245
132,87,30.4188,-84.3245,30.5187,-84.2812
87,133,30.5187,-84.2812,30.493,-84.2922
133,87,30.493,-84.2922,30.5187,-84.2812
87,134,30.5187,-84.2812,30.445,-84.3428
134,87,30.445,-84.3428,30.5187,-84.2812
87,138,30.5187,-84.2812,30.4971,-84.1916
138,87,30.4971,-84.1916,30.5187,-84.2812
87,142,30.5187,-84.2812,30.5149,-84.3754
142,87,30.5149,-84.3754,30.5187,-84.2812
87,143,30.5187,-84.2812,30.4713,-84.3311
143,87,30.4713,-84.3311,30.5187,-84.2812
87,144,30.5187,-84.2812,30.4461,-84.3207
144,87,30.4461,-84.3207,30.5187,-84.2812
87,146,30.5187,-84.2812,30.4912,-84.1908
146,87,30.4912,-84.1908,30.5187,-84.2812
87,147,30.5187,-84.2812,30.5124,-84.1967
147,87,30.5124,-84.1967,30.5187,-84.2812
88,105,30.4932,-84.2139,30.4403,-84.2392
105,88,30.4403,-84.2392,30.4932,-84.2139
88,106,30.4932,-84.2139,30.3822,-84.3098
106,88,30.3822,-84.3098,30.4932,-84.2139
88,109,30.4932,-84.2139,30.4767,-84.2064
109,88,30.4767,-84.2064,30.4932,-84.2139
88,110,30.4932,-84.2139,30.3621,-84.2092
110,88,30.3621,-84.2092,30.4932,-84.2139
88,111,30.4932,-84.2139,30.5031,-84.2072
111,88,30.5031,-84.2072,30.4932,-84.2139
88,119,30.4932,-84.2139,30.4596,-84.1848
119,88,30.4596,-84.1848,30.4932,-84.2139
88,120,30.4932,-84.2139,30.4223,-84.2413
120,88,30.4223,-84.2413,30.4932,-84.2139
88,123,30.4932,-84.2139,30.3816,-84.3514
123,88,30.3816,-84.3514,30.4932,-84.2139
88,128,30.4932,-84.2139,30.3865,-84.3463
128,88,30.3865,-84.3463,30.4932,-84.2139
88,129,30.4932,-84.2139,30.4469,-84.3221
129,88,30.4469,-84.3221,30.4932,-84.2139
88,132,30.4932,-84.2139,30.4188,-84.3245
132,88,30.4188,-84.3245,30.4932,-84.2139
88,133,30.4932,-84.2139,30.493,-84.2922
133,88,30.493,-84.2922,30.4932,-84.2139
88,134,30.4932,-84.2139,30.445,-84.3428
134,88,30.445,-84.3428,30.4932,-84.2139
88,138,30.4932,-84.2139,30.4971,-84.1916
138,88,30.4971,-84.1916,30.4932,-84.2139
88,142,30.4932,-84.2139,30.5149,-84.3754
142,88,30.5149,-84.3754,30.4932,-84.2139
88,143,30.4932,-84.2139,30.4713,-84.3311
143,88,30.4713,-84.3311,30.4932,-84.2139
88,144,30.4932,-84.2139,30.4461,-84.3207
144,88,30.4461,-84.3207,30.4932,-84.2139
88,146,30.4932,-84.2139,30.4912,-84.1908
146,88,30.4912,-84.1908,30.4932,-84.2139
88,147,30.4932,-84.2139,30.5124,-84.1967
147,88,30.5124,-84.1967,30.4932,-84.2139
105,106,30.4403,-84.2392,30.3822,-84.3098
106,105,30.3822,-84.3098,30.4403,-84.2392
105,109,30.4403,-84.2392,30.4767,-84.2064
109,105,30.4767,-84.2064,30.4403,-84.2392
105,110,30.4403,-84.2392,30.3621,-84.2092
110,105,30.3621,-84.2092,30.4403,-84.2392
105,111,30.4403,-84.2392,30.5031,-84.2072
111,105,30.5031,-84.2072,30.4403,-84.2392
105,119,30.4403,-84.2392,30.4596,-84.1848
119,105,30.4596,-84.1848,30.4403,-84.2392
105,120,30.4403,-84.2392,30.4223,-84.2413
120,105,30.4223,-84.2413,30.4403,-84.2392
105,123,30.4403,-84.2392,30.3816,-84.3514
123,105,30.3816,-84.3514,30.4403,-84.2392
105,128,30.4403,-84.2392,30.3865,-84.3463
128,105,30.3865,-84.3463,30.4403,-84.2392
105,129,30.4403,-84.2392,30.4469,-84.3221
129,105,30.4469,-84.3221,30.4403,-84.2392
105,132,30.4403,-84.2392,30.4188,-84.3245
132,105,30.4188,-84.3245,30.4403,-84.2392
105,133,30.4403,-84.2392,30.493,-84.2922
133,105,30.493,-84.2922,30.4403,-84.2392
105,134,30.4403,-84.2392,30.445,-84.3428
134,105,30.445,-84.3428,30.4403,-84.2392
105,138,30.4403,-84.2392,30.4971,-84.1916
138,105,30.4971,-84.1916,30.4403,-84.2392
105,142,30.4403,-84.2392,30.5149,-84.3754
142,105,30.5149,-84.3754,30.4403,-84.2392
105,143,30.4403,-84.2392,30.4713,-84.3311
143,105,30.4713,-84.3311,30.4403,-84.2392
105,144,30.4403,-84.2392,30.4461,-84.3207
144,105,30.4461,-84.3207,30.4403,-84.2392
105,146,30.4403,-84.2392,30.4912,-84.1908
146,105,30.4912,-84.1908,30.4403,-84.2392
105,147,30.4403,-84.2392,30.5124,-84.1967
147,105,30.5124,-84.1967,30.4403,-84.2392
106,109,30.3822,-84.3098,30.4767,-84.2064
109,106,30.4767,-84.2064,30.3822,-84.3098
106,110,30.3822,-84.3098,30.3621,-84.2092
110,106,30.3621,-84.2092,30.3822,-84.3098
106,111,30.3822,-84.3098,30.5031,-84.2072
111,106,30.5031,-84.2072,30.3822,-84.3098
106,119,30.3822,-84.3098,30.4596,-84.1848
119,106,30.4596,-84.1848,30.3822,-84.3098
106,120,30.3822,-84.3098,30.4223,-84.2413
120,106,30.4223,-84.2413,30.3822,-84.3098
106,123,30.3822,-84.3098,30.3816,-84.3514
123,106,30.3816,-84.3514,30.3822,-84.3098
106,128,30.3822,-84.3098,30.3865,-84.3463
128,106,30.3865,-84.3463,30.3822,-84.3098
106,129,30.3822,-84.3098,30.4469,-84.3221
129,106,30.4469,-84.3221,30.3822,-84.3098
106,132,30.3822,-84.3098,30.4188,-84.3245
132,106,30.4188,-84.3245,30.3822,-84.3098
106,133,30.3822,-84.3098,30.493,-84.2922
133,106,30.493,-84.2922,30.3822,-84.3098
106,134,30.3822,-84.3098,30.445,-84.3428
134,106,30.445,-84.3428,30.3822,-84.3098
106,138,30.3822,-84.3098,30.4971,-84.1916
138,106,30.4971,-84.1916,30.3822,-84.3098
106,142,30.3822,-84.3098,30.5149,-84.3754
142,106,30.5149,-84.3754,30.3822,-84.3098
106,143,30.3822,-84.3098,30.4713,-84.3311
143,106,30.4713,-84.3311,30.3822,-84.3098
106,144,30.3822,-84.3098,30.4461,-84.3207
144,106,30.4461,-84.3207,30.3822,-84.3098
106,146,30.3822,-84.3098,30.4912,-84.1908
146,106,30.4912,-84.1908,30.3822,-84.3098
106,147,30.3822,-84.3098,30.5124,-84.1967
147,106,30.5124,-84.1967,30.3822,-84.3098
109,110,30.4767,-84.2064,30.3621,-84.2092
110,109,30.3621,-84.2092,30.4767,-84.2064
109,111,30.4767,-84.2064,30.5031,-84.2072
111,109,30.5031,-84.2072,30.4767,-84.2064
109,119,30.4767,-84.2064,30.4596,-84.1848
119,109,30.4596,-84.1848,30.4767,-84.2064
109,120,30.4767,-84.2064,30.4223,-84.2413
120,109,30.4223,-84.2413,30.4767,-84.2064
109,123,30.4767,-84.2064,30.3816,-84.3514
123,109,30.3816,-84.3514,30.4767,-84.2064
109,128,30.4767,-84.2064,30.3865,-84.3463
128,109,30.3865,-84.3463,30.4767,-84.2064
109,129,30.4767,-84.2064,30.4469,-84.3221
129,109,30.4469,-84.3221,30.4767,-84.2064
109,132,30.4767,-84.2064,30.4188,-84.3245
132,109,30.4188,-84.3245,30.4767,-84.2064
109,133,30.4767,-84.2064,30.493,-84.2922
133,109,30.493,-84.2922,30.4767,-84.2064
109,134,30.4767,-84.2064,30.445,-84.3428
134,109,30.445,-84.3428,30.4767,-84.2064
109,138,30.4767,-84.2064,30.4971,-84.1916
138,109,30.4971,-84.1916,30.4767,-84.2064
109,142,30.4767,-84.2064,30.5149,-84.3754
142,109,30.5149,-84.3754,30.4767,-84.2064
109,143,30.4767,-84.2064,30.4713,-84.3311
143,109,30.4713,-84.3311,30.4767,-84.2064
109,144,30.4767,-84.2064,30.4461,-84.3207
144,109,30.4461,-84.3207,30.4767,-84.2064
109,146,30.4767,-84.2064,30.4912,-84.1908
146,109,30.4912,-84.1908,30.4767,-84.2064
109,147,30.4767,-84.2064,30.5124,-84.1967
147,109,30.5124,-84.1967,30.4767,-84.2064
110,111,30.3621,-84.2092,30.5031,-84.2072
111,110,30.5031,-84.2072,30.3621,-84.2092
110,119,30.3621,-84.2092,30.4596,-84.1848
119,110,30.4596,-84.1848,30.3621,-84.2092
110,120,30.3621,-84.2092,30.4223,-84.2413
120,110,30.4223,-84.2413,30.3621,-84.2092
110,123,30.3621,-84.2092,30.3816,-84.3514
123,110,30.3816,-84.3514,30.3621,-84.2092
110,128,30.3621,-84.2092,30.3865,-84.3463
128,110,30.3865,-84.3463,30.3621,-84.2092
110,129,30.3621,-84.2092,30.4469,-84.3221
129,110,30.4469,-84.3221,30.3621,-84.2092
110,132,30.3621,-84.2092,30.4188,-84.3245
132,110,30.4188,-84.3245,30.3621,-84.2092
110,133,30.3621,-84.2092,30.493,-84.2922
133,110,30.493,-84.2922,30.3621,-84.2092
110,134,30.3621,-84.2092,30.445,-84.3428
134,110,30.445,-84.3428,30.3621,-84.2092
110,138,30.3621,-84.2092,30.4971,-84.1916
138,110,30.4971,-84.1916,30.3621,-84.2092
110,142,30.3621,-84.2092,30.5149,-84.3754
142,110,30.5149,-84.3754,30.3621,-84.2092
110,143,30.3621,-84.2092,30.4713,-84.3311
143,110,30.4713,-84.3311,30.3621,-84.2092
110,144,30.3621,-84.2092,30.4461,-84.3207
144,110,30.4461,-84.3207,30.3621,-84.2092
110,146,30.3621,-84.2092,30.4912,-84.1908
146,110,30.4912,-84.1908,30.3621,-84.2092
110,147,30.3621,-84.2092,30.5124,-84.1967
147,110,30.5124,-84.1967,30.3621,-84.2092
111,119,30.5031,-84.2072,30.4596,-84.1848
119,111,30.4596,-84.1848,30.5031,-84.2072
111,120,30.5031,-84.2072,30.4223,-84.2413
120,111,30.4223,-84.2413,30.5031,-84.2072
111,123,30.5031,-84.2072,30.3816,-84.3514
123,111,30.3816,-84.3514,30.5031,-84.2072
111,128,30.5031,-84.2072,30.3865,-84.3463
128,111,30.3865,-84.3463,30.5031,-84.2072
111,129,30.5031,-84.2072,30.4469,-84.3221
129,111,30.4469,-84.3221,30.5031,-84.2072
111,132,30.5031,-84.2072,30.4188,-84.3245
132,111,30.4188,-84.3245,30.5031,-84.2072
111,133,30.5031,-84.2072,30.493,-84.2922
133,111,30.493,-84.2922,30.5031,-84.2072
111,134,30.5031,-84.2072,30.445,-84.3428
134,111,30.445,-84.3428,30.5031,-84.2072
111,138,30.5031,-84.2072,30.4971,-84.1916
138,111,30.4971,-84.1916,30.5031,-84.2072
111,142,30.5031,-84.2072,30.5149,-84.3754
142,111,30.5149,-84.3754,30.5031,-84.2072
111,143,30.5031,-84.2072,30.4713,-84.3311
143,111,30.4713,-84.3311,30.5031,-84.2072
111,144,30.5031,-84.2072,30.4461,-84.3207
144,111,30.4461,-84.3207,30.5031,-84.2072
111,146,30.5031,-84.2072,30.4912,-84.1908
146,111,30.4912,-84.1908,30.5031,-84.2072
111,147,30.5031,-84.2072,30.5124,-84.1967
147,111,30.5124,-84.1967,30.5031,-84.2072
119,120,30.4596,-84.1848,30.4223,-84.2413
120,119,30.4223,-84.2413,30.4596,-84.1848
119,123,30.4596,-84.1848,30.3816,-84.3514
123,119,30.3816,-84.3514,30.4596,-84.1848
119,128,30.4596,-84.1848,30.3865,-84.3463
128,119,30.3865,-84.3463,30.4596,-84.1848
119,129,30.4596,-84.1848,30.4469,-84.3221
129,119,30.4469,-84.3221,30.4596,-84.1848
119,132,30.4596,-84.1848,30.4188,-84.3245
132,119,30.4188,-84.3245,30.4596,-84.1848
119,133,30.4596,-84.1848,30.493,-84.2922
133,119,30.493,-84.2922,30.4596,-84.1848
119,134,30.4596,-84.1848,30.445,-84.3428
134,119,30.445,-84.3428,30.4596,-84.1848
119,138,30.4596,-84.1848,30.4971,-84.1916
138,119,30.4971,-84.1916,30.4596,-84.1848
119,142,30.4596,-84.1848,30.5149,-84.3754
142,119,30.5149,-84.3754,30.4596,-84.1848
119,143,30.4596,-84.1848,30.4713,-84.3311
143,119,30.4713,-84.3311,30.4596,-84.1848
119,144,30.4596,-84.1848,30.4461,-84.3207
144,119,30.4461,-84.3207,30.4596,-84.1848
119,146,30.4596,-84.1848,30.4912,-84.1908
146,119,30.4912,-84.1908,30.4596,-84.1848
119,147,30.4596,-84.1848,30.5124,-84.1967
147,119,30.5124,-84.1967,30.4596,-84.1848
120,123,30.4223,-84.2413,30.3816,-84.3514
123,120,30.3816,-84.3514,30.4223,-84.2413
120,128,30.4223,-84.2413,30.3865,-84.3463
128,120,30.3865,-84.3463,30.4223,-84.2413
120,129,30.4223,-84.2413,30.4469,-84.3221
129,120,30.4469,-84.3221,30.4223,-84.2413
120,132,30.4223,-84.2413,30.4188,-84.3245
132,120,30.4188,-84.3245,30.4223,-84.2413
120,133,30.4223,-84.2413,30.493,-84.2922
133,120,30.493,-84.2922,30.4223,-84.2413
120,134,30.4223,-84.2413,30.445,-84.3428
134,120,30.445,-84.3428,30.4223,-84.2413
120,138,30.4223,-84.2413,30.4971,-84.1916
138,120,30.4971,-84.1916,30.4223,-84.2413
120,142,30.4223,-84.2413,30.5149,-84.3754
142,120,30.5149,-84.3754,30.4223,-84.2413
120,143,30.4223,-84.2413,30.4713,-84.3311
143,120,30.4713,-84.3311,30.4223,-84.2413
120,144,30.4223,-84.2413,30.4461,-84.3207
144,120,30.4461,-84.3207,30.4223,-84.2413
120,146,30.4223,-84.2413,30.4912,-84.1908
146,120,30.4912,-84.1908,30.4223,-84.2413
120,147,30.4223,-84.2413,30.5124,-84.1967
147,120,30.5124,-84.1967,30.4223,-84.2413
123,128,30.3816,-84.3514,30.3865,-84.3463
128,123,30.3865,-84.3463,30.3816,-84.3514
123,129,30.3816,-84.3514,30.4469,-84.3221
129,123,30.4469,-84.3221,30.3816,-84.3514
123,132,30.3816,-84.3514,30.4188,-84.3245
132,123,30.4188,-84.3245,30.3816,-84.3514
123,133,30.3816,-84.3514,30.493,-84.2922
133,123,30.493,-84.2922,30.3816,-84.3514
123,134,30.3816,-84.3514,30.445,-84.3428
134,123,30.445,-84.3428,30.3816,-84.3514
123,138,30.3816,-84.3514,30.4971,-84.1916
138,123,30.4971,-84.1916,30.3816,-84.3514
123,142,30.3816,-84.3514,30.5149,-84.3754
142,123,30.5149,-84.3754,30.3816,-84.3514
123,143,30.3816,-84.3514,30.4713,-84.3311
143,123,30.4713,-84.3311,30.3816,-84.3514
123,144,30.3816,-84.3514,30.4461,-84.3207
144,123,30.4461,-84.3207,30.3816,-84.3514
123,146,30.3816,-84.3514,30.4912,-84.1908
146,123,30.4912,-84.1908,30.3816,-84.3514
123,147,30.3816,-84.3514,30.5124,-84.1967
147,123,30.5124,-84.1967,30.3816,-84.3514
128,129,30.3865,-84.3463,30.4469,-84.3221
129,128,30.4469,-84.3221,30.3865,-84.3463
128,132,30.3865,-84.3463,30.4188,-84.3245
132,128,30.4188,-84.3245,30.3865,-84.3463
128,133,30.3865,-84.3463,30.493,-84.2922
133,128,30.493,-84.2922,30.3865,-84.3463
128,134,30.3865,-84.3463,30.445,-84.3428
134,128,30.445,-84.3428,30.3865,-84.3463
128,138,30.3865,-84.3463,30.4971,-84.1916
138,128,30.4971,-84.1916,30.3865,-84.3463
128,142,30.3865,-84.3463,30.5149,-84.3754
142,128,30.5149,-84.3754,30.3865,-84.3463
128,143,30.3865,-84.3463,30.4713,-84.3311
143,128,30.4713,-84.3311,30.3865,-84.3463
128,144,30.3865,-84.3463,30.4461,-84.3207
144,128,30.4461,-84.3207,30.3865,-84.3463
128,146,30.3865,-84.3463,30.4912,-84.1908
146,128,30.4912,-84.1908,30.3865,-84.3463
128,147,30.3865,-84.3463,30.5124,-84.1967
147,128,30.5124,-84.1967,30.3865,-84.3463
129,132,30.4469,-84.3221,30.4188,-84.3245
132,129,30.4188,-84.3245,30.4469,-84.3221
129,133,30.4469,-84.3221,30.493,-84.2922
133,129,30.493,-84.2922,30.4469,-84.3221
129,134,30.4469,-84.3221,30.445,-84.3428
134,129,30.445,-84.3428,30.4469,-84.3221
129,138,30.4469,-84.3221,30.4971,-84.1916
138,129,30.4971,-84.1916,30.4469,-84.3221
129,142,30.4469,-84.3221,30.5149,-84.3754
142,129,30.5149,-84.3754,30.4469,-84.3221
129,143,30.4469,-84.3221,30.4713,-84.3311
143,129,30.4713,-84.3311,30.4469,-84.3221
129,144,30.4469,-84.3221,30.4461,-84.3207
144,129,30.4461,-84.3207,30.4469,-84.3221
129,146,30.4469,-84.3221,30.4912,-84.1908
146,129,30.4912,-84.1908,30.4469,-84.3221
129,147,30.4469,-84.3221,30.5124,-84.1967
147,129,30.5124,-84.1967,30.4469,-84.3221
132,133,30.4188,-84.3245,30.493,-84.2922
133,132,30.493,-84.2922,30.4188,-84.3245
132,134,30.4188,-84.3245,30.445,-84.3428
134,132,30.445,-84.3428,30.4188,-84.3245
132,138,30.4188,-84.3245,30.4971,-84.1916
138,132,30.4971,-84.1916,30.4188,-84.3245
132,142,30.4188,-84.3245,30.5149,-84.3754
142,132,30.5149,-84.3754,30.4188,-84.3245
132,143,30.4188,-84.3245,30.4713,-84.3311
143,132,30.4713,-84.3311,30.4188,-84.3245
132,144,30.4188,-84.3245,30.4461,-84.3207
144,132,30.4461,-84.3207,30.4188,-84.3245
132,146,30.4188,-84.3245,30.4912,-84.1908
146,132,30.4912,-84.1908,30.4188,-84.3245
132,147,30.4188,-84.3245,30.5124,-84.1967
147,132,30.5124,-84.1967,30.4188,-84.3245
133,134,30.493,-84.2922,30.445,-84.3428
134,133,30.445,-84.3428,30.493,-84.2922
133,138,30.493,-84.2922,30.4971,-84.1916
138,133,30.4971,-84.1916,30.493,-84.2922
133,142,30.493,-84.2922,30.5149,-84.3754
142,133,30.5149,-84.3754,30.493,-84.2922
133,143,30.493,-84.2922,30.4713,-84.3311
143,133,30.4713,-84.3311,30.493,-84.2922
133,144,30.493,-84.2922,30.4461,-84.3207
144,133,30.4461,-84.3207,30.493,-84.2922
133,146,30.493,-84.2922,30.4912,-84.1908
146,133,30.4912,-84.1908,30.493,-84.2922
133,147,30.493,-84.2922,30.5124,-84.1967
147,133,30.5124,-84.1967,30.493,-84.2922
134,138,30.445,-84.3428,30.4971,-84.1916
138,134,30.4971,-84.1916,30.445,-84.3428
134,142,30.445,-84.3428,30.5149,-84.3754
142,134,30.5149,-84.3754,30.445,-84.3428
134,143,30.445,-84.3428,30.4713,-84.3311
143,134,30.4713,-84.3311,30.445,-84.3428
134,144,30.445,-84.3428,30.4461,-84.3207
144,134,30.4461,-84.3207,30.445,-84.3428
134,146,30.445,-84.3428,30.4912,-84.1908
146,134,30.4912,-84.1908,30.445,-84.3428
134,147,30.445,-84.3428,30.5124,-84.1967
147,134,30.5124,-84.1967,30.445,-84.3428
138,142,30.4971,-84.1916,30.5149,-84.3754
142,138,30.5149,-84.3754,30.4971,-84.1916
138,143,30.4971,-84.1916,30.4713,-84.3311
143,138,30.4713,-84.3311,30.4971,-84.1916
138,144,30.4971,-84.1916,30.4461,-84.3207
144,138,30.4461,-84.3207,30.4971,-84.1916
138,146,30.4971,-84.1916,30.4912,-84.1908
146,138,30.4912,-84.1908,30.4971,-84.1916
138,147,30.4971,-84.1916,30.5124,-84.1967
147,138,30.5124,-84.1967,30.4971,-84.1916
142,143,30.5149,-84.3754,30.4713,-84.3311
143,142,30.4713,-84.3311,30.5149,-84.3754
142,144,30.5149,-84.3754,30.4461,-84.3207
144,142,30.4461,-84.3207,30.5149,-84.3754
142,146,30.5149,-84.3754,30.4912,-84.1908
146,142,30.4912,-84.1908,30.5149,-84.3754
142,147,30.5149,-84.3754,30.5124,-84.1967
147,142,30.5124,-84.1967,30.5149,-84.3754
143,144,30.4713,-84.3311,30.4461,-84.3207
144,143,30.4461,-84.3207,30.4713,-84.3311
143,146,30.4713,-84.3311,30.4912,-84.1908
146,143,30.4912,-84.1908,30.4713,-84.3311
143,147,30.4713,-84.3311,30.5124,-84.1967
147,143,30.5124,-84.1967,30.4713,-84.3311
144,146,30.4461,-84.3207,30.4912,-84.1908
146,144,30.4912,-84.1908,30.4461,-84.3207
144,147,30.4461,-84.3207,30.5124,-84.1967
147,144,30.5124,-84.1967,30.4461,-84.3207
146,147,30.4912,-84.1908,30.5124,-84.1967
147,146,30.5124,-84.1967,30.4912,-84.1908
151,1,30.4531,-84.3531,30.4383,-84.199
1,151,30.4383,-84.199,30.4531,-84.3531
151,5,30.4531,-84.3531,30.4267,-84.3109
5,151,30.4267,-84.3109,30.4531,-84.3531
151,10,30.4531,-84.3531,30.4006,-84.2964
10,151,30.4006,-84.2964,30.4531,-84.3531
151,11,30.4531,-84.3531,30.4169,-84.2527
11,151,30.4169,-84.2527,30.4531,-84.3531
151,12,30.4531,-84.3531,30.4134,-84.2727
12,151,30.4134,-84.2727,30.4531,-84.3531
151,13,30.4531,-84.3531,30.3956,-84.2755
13,151,30.3956,-84.2755,30.4531,-84.3531
151,16,30.4531,-84.3531,30.4698,-84.2982
16,151,30.4698,-84.2982,30.4531,-84.3531
151,17,30.4531,-84.3531,30.4704,-84.3287
17,151,30.4704,-84.3287,30.4531,-84.3531
151,18,30.4531,-84.3531,30.4812,-84.2516
18,151,30.4812,-84.2516,30.4531,-84.3531
151,19,30.4531,-84.3531,30.4865,-84.2733
19,151,30.4865,-84.2733,30.4531,-84.3531
151,20,30.4531,-84.3531,30.4647,-84.2629
20,151,30.4647,-84.2629,30.4531,-84.3531
151,23,30.4531,-84.3531,30.467,-84.2442
23,151,30.467,-84.2442,30.4531,-84.3531
151,27,30.4531,-84.3531,30.4017,-84.2624
27,151,30.4017,-84.2624,30.4531,-84.3531
151,28,30.4531,-84.3531,30.4598,-84.304
28,151,30.4598,-84.304,30.4531,-84.3531
151,30,30.4531,-84.3531,30.4859,-84.2288
30,151,30.4859,-84.2288,30.4531,-84.3531
151,31,30.4531,-84.3531,30.4831,-84.2208
31,151,30.4831,-84.2208,30.4531,-84.3531
151,32,30.4531,-84.3531,30.4949,-84.3224
32,151,30.4949,-84.3224,30.4531,-84.3531
151,33,30.4531,-84.3531,30.4388,-84.3375
33,151,30.4388,-84.3375,30.4531,-84.3531
151,37,30.4531,-84.3531,30.5079,-84.2797
37,151,30.5079,-84.2797,30.4531,-84.3531
151,40,30.4531,-84.3531,30.4943,-84.2417
40,151,30.4943,-84.2417,30.4531,-84.3531
151,43,30.4531,-84.3531,30.4078,-84.215
43,151,30.4078,-84.215,30.4531,-84.3531
151,46,30.4531,-84.3531,30.4491,-84.2904
46,151,30.4491,-84.2904,30.4531,-84.3531
151,52,30.4531,-84.3531,30.3932,-84.2393
52,151,30.3932,-84.2393,30.4531,-84.3531
151,56,30.4531,-84.3531,30.5248,-84.2399
56,151,30.5248,-84.2399,30.4531,-84.3531
151,57,30.4531,-84.3531,30.5033,-84.2233
57,151,30.5033,-84.2233,30.4531,-84.3531
151,62,30.4531,-84.3531,30.4481,-84.242
62,151,30.4481,-84.242,30.4531,-84.3531
151,65,30.4531,-84.3531,30.4489,-84.2727
65,151,30.4489,-84.2727,30.4531,-84.3531
151,66,30.4531,-84.3531,30.4653,-84.2312
66,151,30.4653,-84.2312,30.4531,-84.3531
151,69,30.4531,-84.3531,30.3856,-84.2309
69,151,30.3856,-84.2309,30.4531,-84.3531
151,70,30.4531,-84.3531,30.3961,-84.2156
70,151,30.3961,-84.2156,30.4531,-84.3531
151,71,30.4531,-84.3531,30.4059,-84.3275
71,151,30.4059,-84.3275,30.4531,-84.3531
151,72,30.4531,-84.3531,30.4667,-84.3657
72,151,30.4667,-84.3657,30.4531,-84.3531
151,74,30.4531,-84.3531,30.429,-84.255
74,151,30.429,-84.255,30.4531,-84.3531
151,76,30.4531,-84.3531,30.5192,-84.3398
76,151,30.5192,-84.3398,30.4531,-84.3531
151,77,30.4531,-84.3531,30.4429,-84.2548
77,151,30.4429,-84.2548,30.4531,-84.3531
151,79,30.4531,-84.3531,30.384,-84.2103
79,151,30.384,-84.2103,30.4531,-84.3531
151,82,30.4531,-84.3531,30.4416,-84.2783
82,151,30.4416,-84.2783,30.4531,-84.3531
151,83,30.4531,-84.3531,30.5145,-84.371
83,151,30.5145,-84.371,30.4531,-84.3531
151,86,30.4531,-84.3531,30.513,-84.3247
86,151,30.513,-84.3247,30.4531,-84.3531
151,87,30.4531,-84.3531,30.5187,-84.2812
87,151,30.5187,-84.2812,30.4531,-84.3531
151,88,30.4531,-84.3531,30.4932,-84.2139
88,151,30.4932,-84.2139,30.4531,-84.3531
151,105,30.4531,-84.3531,30.4403,-84.2392
105,151,30.4403,-84.2392,30.4531,-84.3531
151,106,30.4531,-84.3531,30.3822,-84.3098
106,151,30.3822,-84.3098,30.4531,-84.3531
151,109,30.4531,-84.3531,30.4767,-84.2064
109,151,30.4767,-84.2064,30.4531,-84.3531
151,110,30.4531,-84.3531,30.3621,-84.2092
110,151,30.3621,-84.2092,30.4531,-84.3531
151,111,30.4531,-84.3531,30.5031,-84.2072
111,151,30.5031,-84.2072,30.4531,-84.3531
151,119,30.4531,-84.3531,30.4596,-84.1848
119,151,30.4596,-84.1848,30.4531,-84.3531
151,120,30.4531,-84.3531,30.4223,-84.2413
120,151,30.4223,-84.2413,30.4531,-84.3531
151,123,30.4531,-84.3531,30.3816,-84.3514
123,151,30.3816,-84.3514,30.4531,-84.3531
151,128,30.4531,-84.3531,30.3865,-84.3463
128,151,30.3865,-84.3463,30.4531,-84.3531
151,129,30.4531,-84.3531,30.4469,-84.3221
129,151,30.4469,-84.3221,30.4531,-84.3531
151,132,30.4531,-84.3531,30.4188,-84.3245
132,151,30.4188,-84.3245,30.4531,-84.3531
151,133,30.4531,-84.3531,30.493,-84.2922
133,151,30.493,-84.2922,30.4531,-84.3531
151,134,30.4531,-84.3531,30.445,-84.3428
134,151,30.445,-84.3428,30.4531,-84.3531
151,138,30.4531,-84.3531,30.4971,-84.1916
138,151,30.4971,-84.1916,30.4531,-84.3531
151,142,30.4531,-84.3531,30.5149,-84.3754
142,151,30.5149,-84.3754,30.4531,-84.3531
151,143,30.4531,-84.3531,30.4713,-84.3311
143,151,30.4713,-84.3311,30.4531,-84.3531
151,144,30.4531,-84.3531,30.4461,-84.3207
144,151,30.4461,-84.3207,30.4531,-84.3531
151,146,30.4531,-84.3531,30.4912,-84.1908
146,151,30.4912,-84.1908,30.4531,-84.3531
151,147,30.4531,-84.3531,30.5124,-84.1967
147,151,30.5124,-84.1967,30.4531,-84.3531
170,171,30.4504,-84.2204,30.4481,-84.2158
160,161,30.5145,-84.2249,30.5101,-84.2241
152,153,30.4424,-84.2909,30.4409,-84.2866
166,167,30.5051,-84.3447,30.5054,-84.339
164,165,30.5262,-84.2991,30.526,-84.2937
162,163,30.384,-84.2976,30.3841,-84.2931
158,159,30.3783,-84.2238,30.3783,-84.2186
1,152,30.4383,-84.199,30.4424,-84.2909
1,158,30.4383,-84.199,30.3783,-84.2238
1,160,30.4383,-84.199,30.5145,-84.2249
1,162,30.4383,-84.199,30.384,-84.2976
1,164,30.4383,-84.199,30.5262,-84.2991
1,166,30.4383,-84.199,30.5051,-84.3447
1,170,30.4383,-84.199,30.4504,-84.2204
5,152,30.4267,-84.3109,30.4424,-84.2909
5,158,30.4267,-84.3109,30.3783,-84.2238
5,160,30.4267,-84.3109,30.5145,-84.2249
5,162,30.4267,-84.3109,30.384,-84.2976
5,164,30.4267,-84.3109,30.5262,-84.2991
5,166,30.4267,-84.3109,30.5051,-84.3447
5,170,30.4267,-84.3109,30.4504,-84.2204
10,152,30.4006,-84.2964,30.4424,-84.2909
10,158,30.4006,-84.2964,30.3783,-84.2238
10,160,30.4006,-84.2964,30.5145,-84.2249
10,162,30.4006,-84.2964,30.384,-84.2976
10,164,30.4006,-84.2964,30.5262,-84.2991
10,166,30.4006,-84.2964,30.5051,-84.3447
10,170,30.4006,-84.2964,30.4504,-84.2204
11,152,30.4169,-84.2527,30.4424,-84.2909
11,158,30.4169,-84.2527,30.3783,-84.2238
11,160,30.4169,-84.2527,30.5145,-84.2249
11,162,30.4169,-84.2527,30.384,-84.2976
11,164,30.4169,-84.2527,30.5262,-84.2991
11,166,30.4169,-84.2527,30.5051,-84.3447
11,170,30.4169,-84.2527,30.4504,-84.2204
12,152,30.4134,-84.2727,30.4424,-84.2909
12,158,30.4134,-84.2727,30.3783,-84.2238
12,160,30.4134,-84.2727,30.5145,-84.2249
12,162,30.4134,-84.2727,30.384,-84.2976
12,164,30.4134,-84.2727,30.5262,-84.2991
12,166,30.4134,-84.2727,30.5051,-84.3447
12,170,30.4134,-84.2727,30.4504,-84.2204
13,152,30.3956,-84.2755,30.4424,-84.2909
13,158,30.3956,-84.2755,30.3783,-84.2238
13,160,30.3956,-84.2755,30.5145,-84.2249
13,162,30.3956,-84.2755,30.384,-84.2976
13,164,30.3956,-84.2755,30.5262,-84.2991
13,166,30.3956,-84.2755,30.5051,-84.3447
13,170,30.3956,-84.2755,30.4504,-84.2204
16,152,30.4698,-84.2982,30.4424,-84.2909
16,158,30.4698,-84.2982,30.3783,-84.2238
16,160,30.4698,-84.2982,30.5145,-84.2249
16,162,30.4698,-84.2982,30.384,-84.2976
16,164,30.4698,-84.2982,30.5262,-84.2991
16,166,30.4698,-84.2982,30.5051,-84.3447
16,170,30.4698,-84.2982,30.4504,-84.2204
17,152,30.4704,-84.3287,30.4424,-84.2909
17,158,30.4704,-84.3287,30.3783,-84.2238
17,160,30.4704,-84.3287,30.5145,-84.2249
17,162,30.4704,-84.3287,30.384,-84.2976
17,164,30.4704,-84.3287,30.5262,-84.2991
17,166,30.4704,-84.3287,30.5051,-84.3447
17,170,30.4704,-84.3287,30.4504,-84.2204
18,152,30.4812,-84.2516,30.4424,-84.2909
18,158,30.4812,-84.2516,30.3783,-84.2238
18,160,30.4812,-84.2516,30.5145,-84.2249
18,162,30.4812,-84.2516,30.384,-84.2976
18,164,30.4812,-84.2516,30.5262,-84.2991
18,166,30.4812,-84.2516,30.5051,-84.3447
18,170,30.4812,-84.2516,30.4504,-84.2204
19,152,30.4865,-84.2733,30.4424,-84.2909
19,158,30.4865,-84.2733,30.3783,-84.2238
19,160,30.4865,-84.2733,30.5145,-84.2249
19,162,30.4865,-84.2733,30.384,-84.2976
19,164,30.4865,-84.2733,30.5262,-84.2991
19,166,30.4865,-84.2733,30.5051,-84.3447
19,170,30.4865,-84.2733,30.4504,-84.2204
20,152,30.4647,-84.2629,30.4424,-84.2909
20,158,30.4647,-84.2629,30.3783,-84.2238
20,160,30.4647,-84.2629,30.5145,-84.2249
20,162,30.4647,-84.2629,30.384,-84.2976
20,164,30.4647,-84.2629,30.5262,-84.2991
20,166,30.4647,-84.2629,30.5051,-84.3447
20,170,30.4647,-84.2629,30.4504,-84.2204
23,152,30.467,-84.2442,30.4424,-84.2909
23,158,30.467,-84.2442,30.3783,-84.2238
23,160,30.467,-84.2442,30.5145,-84.2249
23,162,30.467,-84.2442,30.384,-84.2976
23,164,30.467,-84.2442,30.5262,-84.2991
23,166,30.467,-84.2442,30.5051,-84.3447
23,170,30.467,-84.2442,30.4504,-84.2204
27,152,30.4017,-84.2624,30.4424,-84.2909
27,158,30.4017,-84.2624,30.3783,-84.2238
27,160,30.4017,-84.2624,30.5145,-84.2249
27,162,30.4017,-84.2624,30.384,-84.2976
27,164,30.4017,-84.2624,30.5262,-84.2991
27,166,30.4017,-84.2624,30.5051,-84.3447
27,170,30.4017,-84.2624,30.4504,-84.2204
28,152,30.4598,-84.304,30.4424,-84.2909
28,158,30.4598,-84.304,30.3783,-84.2238
28,160,30.4598,-84.304,30.5145,-84.2249
28,162,30.4598,-84.304,30.384,-84.2976
28,164,30.4598,-84.304,30.5262,-84.2991
28,166,30.4598,-84.304,30.5051,-84.3447
28,170,30.4598,-84.304,30.4504,-84.2204
30,152,30.4859,-84.2288,30.4424,-84.2909
30,158,30.4859,-84.2288,30.3783,-84.2238
30,160,30.4859,-84.2288,30.5145,-84.2249
30,162,30.4859,-84.2288,30.384,-84.2976
30,164,30.4859,-84.2288,30.5262,-84.2991
30,166,30.4859,-84.2288,30.5051,-84.3447
30,170,30.4859,-84.2288,30.4504,-84.2204
31,152,30.4831,-84.2208,30.4424,-84.2909
31,158,30.4831,-84.2208,30.3783,-84.2238
31,160,30.4831,-84.2208,30.5145,-84.2249
31,162,30.4831,-84.2208,30.384,-84.2976
31,164,30.4831,-84.2208,30.5262,-84.2991
31,166,30.4831,-84.2208,30.5051,-84.3447
31,170,30.4831,-84.2208,30.4504,-84.2204
32,152,30.4949,-84.3224,30.4424,-84.2909
32,158,30.4949,-84.3224,30.3783,-84.2238
32,160,30.4949,-84.3224,30.5145,-84.2249
32,162,30.4949,-84.3224,30.384,-84.2976
32,164,30.4949,-84.3224,30.5262,-84.2991
32,166,30.4949,-84.3224,30.5051,-84.3447
32,170,30.4949,-84.3224,30.4504,-84.2204
33,152,30.4388,-84.3375,30.4424,-84.2909
33,158,30.4388,-84.3375,30.3783,-84.2238
33,160,30.4388,-84.3375,30.5145,-84.2249
33,162,30.4388,-84.3375,30.384,-84.2976
33,164,30.4388,-84.3375,30.5262,-84.2991
33,166,30.4388,-84.3375,30.5051,-84.3447
33,170,30.4388,-84.3375,30.4504,-84.2204
37,152,30.5079,-84.2797,30.4424,-84.2909
37,158,30.5079,-84.2797,30.3783,-84.2238
37,160,30.5079,-84.2797,30.5145,-84.2249
37,162,30.5079,-84.2797,30.384,-84.2976
37,164,30.5079,-84.2797,30.5262,-84.2991
37,166,30.5079,-84.2797,30.5051,-84.3447
37,170,30.5079,-84.2797,30.4504,-84.2204
40,152,30.4943,-84.2417,30.4424,-84.2909
40,158,30.4943,-84.2417,30.3783,-84.2238
40,160,30.4943,-84.2417,30.5145,-84.2249
40,162,30.4943,-84.2417,30.384,-84.2976
40,164,30.4943,-84.2417,30.5262,-84.2991
40,166,30.4943,-84.2417,30.5051,-84.3447
40,170,30.4943,-84.2417,30.4504,-84.2204
43,152,30.4078,-84.215,30.4424,-84.2909
43,158,30.4078,-84.215,30.3783,-84.2238
43,160,30.4078,-84.215,30.5145,-84.2249
43,162,30.4078,-84.215,30.384,-84.2976
43,164,30.4078,-84.215,30.5262,-84.2991
43,166,30.4078,-84.215,30.5051,-84.3447
43,170,30.4078,-84.215,30.4504,-84.2204
46,152,30.4491,-84.2904,30.4424,-84.2909
46,158,30.4491,-84.2904,30.3783,-84.2238
46,160,30.4491,-84.2904,30.5145,-84.2249
46,162,30.4491,-84.2904,30.384,-84.2976
46,164,30.4491,-84.2904,30.5262,-84.2991
46,166,30.4491,-84.2904,30.5051,-84.3447
46,170,30.4491,-84.2904,30.4504,-84.2204
52,152,30.3932,-84.2393,30.4424,-84.2909
52,158,30.3932,-84.2393,30.3783,-84.2238
52,160,30.3932,-84.2393,30.5145,-84.2249
52,162,30.3932,-84.2393,30.384,-84.2976
52,164,30.3932,-84.2393,30.5262,-84.2991
52,166,30.3932,-84.2393,30.5051,-84.3447
52,170,30.3932,-84.2393,30.4504,-84.2204
56,152,30.5248,-84.2399,30.4424,-84.2909
56,158,30.5248,-84.2399,30.3783,-84.2238
56,160,30.5248,-84.2399,30.5145,-84.2249
56,162,30.5248,-84.2399,30.384,-84.2976
56,164,30.5248,-84.2399,30.5262,-84.2991
56,166,30.5248,-84.2399,30.5051,-84.3447
56,170,30.5248,-84.2399,30.4504,-84.2204
57,152,30.5033,-84.2233,30.4424,-84.2909
57,158,30.5033,-84.2233,30.3783,-84.2238
57,160,30.5033,-84.2233,30.5145,-84.2249
57,162,30.5033,-84.2233,30.384,-84.2976
57,164,30.5033,-84.2233,30.5262,-84.2991
57,166,30.5033,-84.2233,30.5051,-84.3447
57,170,30.5033,-84.2233,30.4504,-84.2204
62,152,30.4481,-84.242,30.4424,-84.2909
62,158,30.4481,-84.242,30.3783,-84.2238
62,160,30.4481,-84.242,30.5145,-84.2249
62,162,30.4481,-84.242,30.384,-84.2976
62,164,30.4481,-84.242,30.5262,-84.2991
62,166,30.4481,-84.242,30.5051,-84.3447
62,170,30.4481,-84.242,30.4504,-84.2204
65,152,30.4489,-84.2727,30.4424,-84.2909
65,158,30.4489,-84.2727,30.3783,-84.2238
65,160,30.4489,-84.2727,30.5145,-84.2249
65,162,30.4489,-84.2727,30.384,-84.2976
65,164,30.4489,-84.2727,30.5262,-84.2991
65,166,30.4489,-84.2727,30.5051,-84.3447
65,170,30.4489,-84.2727,30.4504,-84.2204
66,152,30.4653,-84.2312,30.4424,-84.2909
66,158,30.4653,-84.2312,30.3783,-84.2238
66,160,30.4653,-84.2312,30.5145,-84.2249
66,162,30.4653,-84.2312,30.384,-84.2976
66,164,30.4653,-84.2312,30.5262,-84.2991
66,166,30.4653,-84.2312,30.5051,-84.3447
66,170,30.4653,-84.2312,30.4504,-84.2204
69,152,30.3856,-84.2309,30.4424,-84.2909
69,158,30.3856,-84.2309,30.3783,-84.2238
69,160,30.3856,-84.2309,30.5145,-84.2249
69,162,30.3856,-84.2309,30.384,-84.2976
69,164,30.3856,-84.2309,30.5262,-84.2991
69,166,30.3856,-84.2309,30.5051,-84.3447
69,170,30.3856,-84.2309,30.4504,-84.2204
70,152,30.3961,-84.2156,30.4424,-84.2909
70,158,30.3961,-84.2156,30.3783,-84.2238
70,160,30.3961,-84.2156,30.5145,-84.2249
70,162,30.3961,-84.2156,30.384,-84.2976
70,164,30.3961,-84.2156,30.5262,-84.2991
70,166,30.3961,-84.2156,30.5051,-84.3447
70,170,30.3961,-84.2156,30.4504,-84.2204
71,152,30.4059,-84.3275,30.4424,-84.2909
71,158,30.4059,-84.3275,30.3783,-84.2238
71,160,30.4059,-84.3275,30.5145,-84.2249
71,162,30.4059,-84.3275,30.384,-84.2976
71,164,30.4059,-84.3275,30.5262,-84.2991
71,166,30.4059,-84.3275,30.5051,-84.3447
71,170,30.4059,-84.3275,30.4504,-84.2204
72,152,30.4667,-84.3657,30.4424,-84.2909
72,158,30.4667,-84.3657,30.3783,-84.2238
72,160,30.4667,-84.3657,30.5145,-84.2249
72,162,30.4667,-84.3657,30.384,-84.2976
72,164,30.4667,-84.3657,30.5262,-84.2991
72,166,30.4667,-84.3657,30.5051,-84.3447
72,170,30.4667,-84.3657,30.4504,-84.2204
74,152,30.429,-84.255,30.4424,-84.2909
74,158,30.429,-84.255,30.3783,-84.2238
74,160,30.429,-84.255,30.5145,-84.2249
74,162,30.429,-84.255,30.384,-84.2976
74,164,30.429,-84.255,30.5262,-84.2991
74,166,30.429,-84.255,30.5051,-84.3447
74,170,30.429,-84.255,30.4504,-84.2204
76,152,30.5192,-84.3398,30.4424,-84.2909
76,158,30.5192,-84.3398,30.3783,-84.2238
76,160,30.5192,-84.3398,30.5145,-84.2249
76,162,30.5192,-84.3398,30.384,-84.2976
76,164,30.5192,-84.3398,30.5262,-84.2991
76,166,30.5192,-84.3398,30.5051,-84.3447
76,170,30.5192,-84.3398,30.4504,-84.2204
77,152,30.4429,-84.2548,30.4424,-84.2909
77,158,30.4429,-84.2548,30.3783,-84.2238
77,160,30.4429,-84.2548,30.5145,-84.2249
77,162,30.4429,-84.2548,30.384,-84.2976
77,164,30.4429,-84.2548,30.5262,-84.2991
77,166,30.4429,-84.2548,30.5051,-84.3447
77,170,30.4429,-84.2548,30.4504,-84.2204
79,152,30.384,-84.2103,30.4424,-84.2909
79,158,30.384,-84.2103,30.3783,-84.2238
79,160,30.384,-84.2103,30.5145,-84.2249
79,162,30.384,-84.2103,30.384,-84.2976
79,164,30.384,-84.2103,30.5262,-84.2991
79,166,30.384,-84.2103,30.5051,-84.3447
79,170,30.384,-84.2103,30.4504,-84.2204
82,152,30.4416,-84.2783,30.4424,-84.2909
82,158,30.4416,-84.2783,30.3783,-84.2238
82,160,30.4416,-84.2783,30.5145,-84.2249
82,162,30.4416,-84.2783,30.384,-84.2976
82,164,30.4416,-84.2783,30.5262,-84.2991
82,166,30.4416,-84.2783,30.5051,-84.3447
82,170,30.4416,-84.2783,30.4504,-84.2204
83,152,30.5145,-84.371,30.4424,-84.2909
83,158,30.5145,-84.371,30.3783,-84.2238
83,160,30.5145,-84.371,30.5145,-84.2249
83,162,30.5145,-84.371,30.384,-84.2976
83,164,30.5145,-84.371,30.5262,-84.2991
83,166,30.5145,-84.371,30.5051,-84.3447
83,170,30.5145,-84.371,30.4504,-84.2204
86,152,30.513,-84.3247,30.4424,-84.2909
86,158,30.513,-84.3247,30.3783,-84.2238
86,160,30.513,-84.3247,30.5145,-84.2249
86,162,30.513,-84.3247,30.384,-84.2976
86,164,30.513,-84.3247,30.5262,-84.2991
86,166,30.513,-84.3247,30.5051,-84.3447
86,170,30.513,-84.3247,30.4504,-84.2204
87,152,30.5187,-84.2812,30.4424,-84.2909
87,158,30.5187,-84.2812,30.3783,-84.2238
87,160,30.5187,-84.2812,30.5145,-84.2249
87,162,30.5187,-84.2812,30.384,-84.2976
87,164,30.5187,-84.2812,30.5262,-84.2991
87,166,30.5187,-84.2812,30.5051,-84.3447
87,170,30.5187,-84.2812,30.4504,-84.2204
88,152,30.4932,-84.2139,30.4424,-84.2909
88,158,30.4932,-84.2139,30.3783,-84.2238
88,160,30.4932,-84.2139,30.5145,-84.2249
88,162,30.4932,-84.2139,30.384,-84.2976
88,164,30.4932,-84.2139,30.5262,-84.2991
88,166,30.4932,-84.2139,30.5051,-84.3447
88,170,30.4932,-84.2139,30.4504,-84.2204
105,152,30.4403,-84.2392,30.4424,-84.2909
105,158,30.4403,-84.2392,30.3783,-84.2238
105,160,30.4403,-84.2392,30.5145,-84.2249
105,162,30.4403,-84.2392,30.384,-84.2976
105,164,30.4403,-84.2392,30.5262,-84.2991
105,166,30.4403,-84.2392,30.5051,-84.3447
105,170,30.4403,-84.2392,30.4504,-84.2204
106,152,30.3822,-84.3098,30.4424,-84.2909
106,158,30.3822,-84.3098,30.3783,-84.2238
106,160,30.3822,-84.3098,30.5145,-84.2249
106,162,30.3822,-84.3098,30.384,-84.2976
106,164,30.3822,-84.3098,30.5262,-84.2991
106,166,30.3822,-84.3098,30.5051,-84.3447
106,170,30.3822,-84.3098,30.4504,-84.2204
109,152,30.4767,-84.2064,30.4424,-84.2909
109,158,30.4767,-84.2064,30.3783,-84.2238
109,160,30.4767,-84.2064,30.5145,-84.2249
109,162,30.4767,-84.2064,30.384,-84.2976
109,164,30.4767,-84.2064,30.5262,-84.2991
109,166,30.4767,-84.2064,30.5051,-84.3447
109,170,30.4767,-84.2064,30.4504,-84.2204
110,152,30.3621,-84.2092,30.4424,-84.2909
110,158,30.3621,-84.2092,30.3783,-84.2238
110,160,30.3621,-84.2092,30.5145,-84.2249
110,162,30.3621,-84.2092,30.384,-84.2976
110,164,30.3621,-84.2092,30.5262,-84.2991
110,166,30.3621,-84.2092,30.5051,-84.3447
110,170,30.3621,-84.2092,30.4504,-84.2204
111,152,30.5031,-84.2072,30.4424,-84.2909
111,158,30.5031,-84.2072,30.3783,-84.2238
111,160,30.5031,-84.2072,30.5145,-84.2249
111,162,30.5031,-84.2072,30.384,-84.2976
111,164,30.5031,-84.2072,30.5262,-84.2991
111,166,30.5031,-84.2072,30.5051,-84.3447
111,170,30.5031,-84.2072,30.4504,-84.2204
119,152,30.4596,-84.1848,30.4424,-84.2909
119,158,30.4596,-84.1848,30.3783,-84.2238
119,160,30.4596,-84.1848,30.5145,-84.2249
119,162,30.4596,-84.1848,30.384,-84.2976
119,164,30.4596,-84.1848,30.5262,-84.2991
119,166,30.4596,-84.1848,30.5051,-84.3447
119,170,30.4596,-84.1848,30.4504,-84.2204
120,152,30.4223,-84.2413,30.4424,-84.2909
120,158,30.4223,-84.2413,30.3783,-84.2238
120,160,30.4223,-84.2413,30.5145,-84.2249
120,162,30.4223,-84.2413,30.384,-84.2976
120,164,30.4223,-84.2413,30.5262,-84.2991
120,166,30.4223,-84.2413,30.5051,-84.3447
120,170,30.4223,-84.2413,30.4504,-84.2204
123,152,30.3816,-84.3514,30.4424,-84.2909
123,158,30.3816,-84.3514,30.3783,-84.2238
123,160,30.3816,-84.3514,30.5145,-84.2249
123,162,30.3816,-84.3514,30.384,-84.2976
123,164,30.3816,-84.3514,30.5262,-84.2991
123,166,30.3816,-84.3514,30.5051,-84.3447
123,170,30.3816,-84.3514,30.4504,-84.2204
128,152,30.3865,-84.3463,30.4424,-84.2909
128,158,30.3865,-84.3463,30.3783,-84.2238
128,160,30.3865,-84.3463,30.5145,-84.2249
128,162,30.3865,-84.3463,30.384,-84.2976
128,164,30.3865,-84.3463,30.5262,-84.2991
128,166,30.3865,-84.3463,30.5051,-84.3447
128,170,30.3865,-84.3463,30.4504,-84.2204
129,152,30.4469,-84.3221,30.4424,-84.2909
129,158,30.4469,-84.3221,30.3783,-84.2238
129,160,30.4469,-84.3221,30.5145,-84.2249
129,162,30.4469,-84.3221,30.384,-84.2976
129,164,30.4469,-84.3221,30.5262,-84.2991
129,166,30.4469,-84.3221,30.5051,-84.3447
129,170,30.4469,-84.3221,30.4504,-84.2204
132,152,30.4188,-84.3245,30.4424,-84.2909
132,158,30.4188,-84.3245,30.3783,-84.2238
132,160,30.4188,-84.3245,30.5145,-84.2249
132,162,30.4188,-84.3245,30.384,-84.2976
132,164,30.4188,-84.3245,30.5262,-84.2991
132,166,30.4188,-84.3245,30.5051,-84.3447
132,170,30.4188,-84.3245,30.4504,-84.2204
133,152,30.493,-84.2922,30.4424,-84.2909
133,158,30.493,-84.2922,30.3783,-84.2238
133,160,30.493,-84.2922,30.5145,-84.2249
133,162,30.493,-84.2922,30.384,-84.2976
133,164,30.493,-84.2922,30.5262,-84.2991
133,166,30.493,-84.2922,30.5051,-84.3447
133,170,30.493,-84.2922,30.4504,-84.2204
134,152,30.445,-84.3428,30.4424,-84.2909
134,158,30.445,-84.3428,30.3783,-84.2238
134,160,30.445,-84.3428,30.5145,-84.2249
134,162,30.445,-84.3428,30.384,-84.2976
134,164,30.445,-84.3428,30.5262,-84.2991
134,166,30.445,-84.3428,30.5051,-84.3447
134,170,30.445,-84.3428,30.4504,-84.2204
138,152,30.4971,-84.1916,30.4424,-84.2909
138,158,30.4971,-84.1916,30.3783,-84.2238
138,160,30.4971,-84.1916,30.5145,-84.2249
138,162,30.4971,-84.1916,30.384,-84.2976
138,164,30.4971,-84.1916,30.5262,-84.2991
138,166,30.4971,-84.1916,30.5051,-84.3447
138,170,30.4971,-84.1916,30.4504,-84.2204
142,152,30.5149,-84.3754,30.4424,-84.2909
142,158,30.5149,-84.3754,30.3783,-84.2238
142,160,30.5149,-84.3754,30.5145,-84.2249
142,162,30.5149,-84.3754,30.384,-84.2976
142,164,30.5149,-84.3754,30.5262,-84.2991
142,166,30.5149,-84.3754,30.5051,-84.3447
142,170,30.5149,-84.3754,30.4504,-84.2204
143,152,30.4713,-84.3311,30.4424,-84.2909
143,158,30.4713,-84.3311,30.3783,-84.2238
143,160,30.4713,-84.3311,30.5145,-84.2249
143,162,30.4713,-84.3311,30.384,-84.2976
143,164,30.4713,-84.3311,30.5262,-84.2991
143,166,30.4713,-84.3311,30.5051,-84.3447
143,170,30.4713,-84.3311,30.4504,-84.2204
144,152,30.4461,-84.3207,30.4424,-84.2909
144,158,30.4461,-84.3207,30.3783,-84.2238
144,160,30.4461,-84.3207,30.5145,-84.2249
144,162,30.4461,-84.3207,30.384,-84.2976
144,164,30.4461,-84.3207,30.5262,-84.2991
144,166,30.4461,-84.3207,30.5051,-84.3447
144,170,30.4461,-84.3207,30.4504,-84.2204
146,152,30.4912,-84.1908,30.4424,-84.2909
146,158,30.4912,-84.1908,30.3783,-84.2238
146,160,30.4912,-84.1908,30.5145,-84.2249
146,162,30.4912,-84.1908,30.384,-84.2976
146,164,30.4912,-84.1908,30.5262,-84.2991
146,166,30.4912,-84.1908,30.5051,-84.3447
146,170,30.4912,-84.1908,30.4504,-84.2204
147,152,30.5124,-84.1967,30.4424,-84.2909
147,158,30.5124,-84.1967,30.3783,-84.2238
147,160,30.5124,-84.1967,30.5145,-84.2249
147,162,30.5124,-84.1967,30.384,-84.2976
147,164,30.5124,-84.1967,30.5262,-84.2991
147,166,30.5124,-84.1967,30.5051,-84.3447
147,170,30.5124,-84.1967,30.4504,-84.2204
151,152,30.4531,-84.3531,30.4424,-84.2909
151,158,30.4531,-84.3531,30.3783,-84.2238
151,160,30.4531,-84.3531,30.5145,-84.2249
151,162,30.4531,-84.3531,30.384,-84.2976
151,164,30.4531,-84.3531,30.5262,-84.2991
151,166,30.4531,-84.3531,30.5051,-84.3447
151,170,30.4531,-84.3531,30.4504,-84.2204
153,1,30.4409,-84.2866,30.4383,-84.199
153,5,30.4409,-84.2866,30.4267,-84.3109
153,10,30.4409,-84.2866,30.4006,-84.2964
153,11,30.4409,-84.2866,30.4169,-84.2527
153,12,30.4409,-84.2866,30.4134,-84.2727
153,13,30.4409,-84.2866,30.3956,-84.2755
153,16,30.4409,-84.2866,30.4698,-84.2982
153,17,30.4409,-84.2866,30.4704,-84.3287
153,18,30.4409,-84.2866,30.4812,-84.2516
153,19,30.4409,-84.2866,30.4865,-84.2733
153,20,30.4409,-84.2866,30.4647,-84.2629
153,23,30.4409,-84.2866,30.467,-84.2442
153,27,30.4409,-84.2866,30.4017,-84.2624
153,28,30.4409,-84.2866,30.4598,-84.304
153,30,30.4409,-84.2866,30.4859,-84.2288
153,31,30.4409,-84.2866,30.4831,-84.2208
153,32,30.4409,-84.2866,30.4949,-84.3224
153,33,30.4409,-84.2866,30.4388,-84.3375
153,37,30.4409,-84.2866,30.5079,-84.2797
153,40,30.4409,-84.2866,30.4943,-84.2417
153,43,30.4409,-84.2866,30.4078,-84.215
153,46,30.4409,-84.2866,30.4491,-84.2904
153,52,30.4409,-84.2866,30.3932,-84.2393
153,56,30.4409,-84.2866,30.5248,-84.2399
153,57,30.4409,-84.2866,30.5033,-84.2233
153,62,30.4409,-84.2866,30.4481,-84.242
153,65,30.4409,-84.2866,30.4489,-84.2727
153,66,30.4409,-84.2866,30.4653,-84.2312
153,69,30.4409,-84.2866,30.3856,-84.2309
153,70,30.4409,-84.2866,30.3961,-84.2156
153,71,30.4409,-84.2866,30.4059,-84.3275
153,72,30.4409,-84.2866,30.4667,-84.3657
153,74,30.4409,-84.2866,30.429,-84.255
153,76,30.4409,-84.2866,30.5192,-84.3398
153,77,30.4409,-84.2866,30.4429,-84.2548
153,79,30.4409,-84.2866,30.384,-84.2103
153,82,30.4409,-84.2866,30.4416,-84.2783
153,83,30.4409,-84.2866,30.5145,-84.371
153,86,30.4409,-84.2866,30.513,-84.3247
153,87,30.4409,-84.2866,30.5187,-84.2812
153,88,30.4409,-84.2866,30.4932,-84.2139
153,105,30.4409,-84.2866,30.4403,-84.2392
153,106,30.4409,-84.2866,30.3822,-84.3098
153,109,30.4409,-84.2866,30.4767,-84.2064
153,110,30.4409,-84.2866,30.3621,-84.2092
153,111,30.4409,-84.2866,30.5031,-84.2072
153,119,30.4409,-84.2866,30.4596,-84.1848
153,120,30.4409,-84.2866,30.4223,-84.2413
153,123,30.4409,-84.2866,30.3816,-84.3514
153,128,30.4409,-84.2866,30.3865,-84.3463
153,129,30.4409,-84.2866,30.4469,-84.3221
153,132,30.4409,-84.2866,30.4188,-84.3245
153,133,30.4409,-84.2866,30.493,-84.2922
153,134,30.4409,-84.2866,30.445,-84.3428
153,138,30.4409,-84.2866,30.4971,-84.1916
153,142,30.4409,-84.2866,30.5149,-84.3754
153,143,30.4409,-84.2866,30.4713,-84.3311
153,144,30.4409,-84.2866,30.4461,-84.3207
153,146,30.4409,-84.2866,30.4912,-84.1908
153,147,30.4409,-84.2866,30.5124,-84.1967
153,151,30.4409,-84.2866,30.4531,-84.3531
159,1,30.3783,-84.2186,30.4383,-84.199
159,5,30.3783,-84.2186,30.4267,-84.3109
159,10,30.3783,-84.2186,30.4006,-84.2964
159,11,30.3783,-84.2186,30.4169,-84.2527
159,12,30.3783,-84.2186,30.4134,-84.2727
159,13,30.3783,-84.2186,30.3956,-84.2755
159,16,30.3783,-84.2186,30.4698,-84.2982
159,17,30.3783,-84.2186,30.4704,-84.3287
159,18,30.3783,-84.2186,30.4812,-84.2516
159,19,30.3783,-84.2186,30.4865,-84.2733
159,20,30.3783,-84.2186,30.4647,-84.2629
159,23,30.3783,-84.2186,30.467,-84.2442
159,27,30.3783,-84.2186,30.4017,-84.2624
159,28,30.3783,-84.2186,30.4598,-84.304
159,30,30.3783,-84.2186,30.4859,-84.2288
159,31,30.3783,-84.2186,30.4831,-84.2208
159,32,30.3783,-84.2186,30.4949,-84.3224
159,33,30.3783,-84.2186,30.4388,-84.3375
159,37,30.3783,-84.2186,30.5079,-84.2797
159,40,30.3783,-84.2186,30.4943,-84.2417
159,43,30.3783,-84.2186,30.4078,-84.215
159,46,30.3783,-84.2186,30.4491,-84.2904
159,52,30.3783,-84.2186,30.3932,-84.2393
159,56,30.3783,-84.2186,30.5248,-84.2399
159,57,30.3783,-84.2186,30.5033,-84.2233
159,62,30.3783,-84.2186,30.4481,-84.242
159,65,30.3783,-84.2186,30.4489,-84.2727
159,66,30.3783,-84.2186,30.4653,-84.2312
159,69,30.3783,-84.2186,30.3856,-84.2309
159,70,30.3783,-84.2186,30.3961,-84.2156
159,71,30.3783,-84.2186,30.4059,-84.3275
159,72,30.3783,-84.2186,30.4667,-84.3657
159,74,30.3783,-84.2186,30.429,-84.255
159,76,30.3783,-84.2186,30.5192,-84.3398
159,77,30.3783,-84.2186,30.4429,-84.2548
159,79,30.3783,-84.2186,30.384,-84.2103
159,82,30.3783,-84.2186,30.4416,-84.2783
159,83,30.3783,-84.2186,30.5145,-84.371
159,86,30.3783,-84.2186,30.513,-84.3247
159,87,30.3783,-84.2186,30.5187,-84.2812
159,88,30.3783,-84.2186,30.4932,-84.2139
159,105,30.3783,-84.2186,30.4403,-84.2392
159,106,30.3783,-84.2186,30.3822,-84.3098
159,109,30.3783,-84.2186,30.4767,-84.2064
159,110,30.3783,-84.2186,30.3621,-84.2092
159,111,30.3783,-84.2186,30.5031,-84.2072
159,119,30.3783,-84.2186,30.4596,-84.1848
159,120,30.3783,-84.2186,30.4223,-84.2413
159,123,30.3783,-84.2186,30.3816,-84.3514
159,128,30.3783,-84.2186,30.3865,-84.3463
159,129,30.3783,-84.2186,30.4469,-84.3221
159,132,30.3783,-84.2186,30.4188,-84.3245
159,133,30.3783,-84.2186,30.493,-84.2922
159,134,30.3783,-84.2186,30.445,-84.3428
159,138,30.3783,-84.2186,30.4971,-84.1916
159,142,30.3783,-84.2186,30.5149,-84.3754
159,143,30.3783,-84.2186,30.4713,-84.3311
159,144,30.3783,-84.2186,30.4461,-84.3207
159,146,30.3783,-84.2186,30.4912,-84.1908
159,147,30.3783,-84.2186,30.5124,-84.1967
159,151,30.3783,-84.2186,30.4531,-84.3531
161,1,30.5101,-84.2241,30.4383,-84.199
161,5,30.5101,-84.2241,30.4267,-84.3109
161,10,30.5101,-84.2241,30.4006,-84.2964
161,11,30.5101,-84.2241,30.4169,-84.2527
161,12,30.5101,-84.2241,30.4134,-84.2727
161,13,30.5101,-84.2241,30.3956,-84.2755
161,16,30.5101,-84.2241,30.4698,-84.2982
161,17,30.5101,-84.2241,30.4704,-84.3287
161,18,30.5101,-84.2241,30.4812,-84.2516
161,19,30.5101,-84.2241,30.4865,-84.2733
161,20,30.5101,-84.2241,30.4647,-84.2629
161,23,30.5101,-84.2241,30.467,-84.2442
161,27,30.5101,-84.2241,30.4017,-84.2624
161,28,30.5101,-84.2241,30.4598,-84.304
161,30,30.5101,-84.2241,30.4859,-84.2288
161,31,30.5101,-84.2241,30.4831,-84.2208
161,32,30.5101,-84.2241,30.4949,-84.3224
161,33,30.5101,-84.2241,30.4388,-84.3375
161,37,30.5101,-84.2241,30.5079,-84.2797
161,40,30.5101,-84.2241,30.4943,-84.2417
161,43,30.5101,-84.2241,30.4078,-84.215
161,46,30.5101,-84.2241,30.4491,-84.2904
161,52,30.5101,-84.2241,30.3932,-84.2393
161,56,30.5101,-84.2241,30.5248,-84.2399
161,57,30.5101,-84.2241,30.5033,-84.2233
161,62,30.5101,-84.2241,30.4481,-84.242
161,65,30.5101,-84.2241,30.4489,-84.2727
161,66,30.5101,-84.2241,30.4653,-84.2312
161,69,30.5101,-84.2241,30.3856,-84.2309
161,70,30.5101,-84.2241,30.3961,-84.2156
161,71,30.5101,-84.2241,30.4059,-84.3275
161,72,30.5101,-84.2241,30.4667,-84.3657
161,74,30.5101,-84.2241,30.429,-84.255
161,76,30.5101,-84.2241,30.5192,-84.3398
161,77,30.5101,-84.2241,30.4429,-84.2548
161,79,30.5101,-84.2241,30.384,-84.2103
161,82,30.5101,-84.2241,30.4416,-84.2783
161,83,30.5101,-84.2241,30.5145,-84.371
161,86,30.5101,-84.2241,30.513,-84.3247
161,87,30.5101,-84.2241,30.5187,-84.2812
161,88,30.5101,-84.2241,30.4932,-84.2139
161,105,30.5101,-84.2241,30.4403,-84.2392
161,106,30.5101,-84.2241,30.3822,-84.3098
161,109,30.5101,-84.2241,30.4767,-84.2064
161,110,30.5101,-84.2241,30.3621,-84.2092
161,111,30.5101,-84.2241,30.5031,-84.2072
161,119,30.5101,-84.2241,30.4596,-84.1848
161,120,30.5101,-84.2241,30.4223,-84.2413
161,123,30.5101,-84.2241,30.3816,-84.3514
161,128,30.5101,-84.2241,30.3865,-84.3463
161,129,30.5101,-84.2241,30.4469,-84.3221
161,132,30.5101,-84.2241,30.4188,-84.3245
161,133,30.5101,-84.2241,30.493,-84.2922
161,134,30.5101,-84.2241,30.445,-84.3428
161,138,30.5101,-84.2241,30.4971,-84.1916
161,142,30.5101,-84.2241,30.5149,-84.3754
161,143,30.5101,-84.2241,30.4713,-84.3311
161,144,30.5101,-84.2241,30.4461,-84.3207
161,146,30.5101,-84.2241,30.4912,-84.1908
161,147,30.5101,-84.2241,30.5124,-84.1967
161,151,30.5101,-84.2241,30.4531,-84.3531
163,1,30.3841,-84.2931,30.4383,-84.199
163,5,30.3841,-84.2931,30.4267,-84.3109
163,10,30.3841,-84.2931,30.4006,-84.2964
163,11,30.3841,-84.2931,30.4169,-84.2527
163,12,30.3841,-84.2931,30.4134,-84.2727
163,13,30.3841,-84.2931,30.3956,-84.2755
163,16,30.3841,-84.2931,30.4698,-84.2982
163,17,30.3841,-84.2931,30.4704,-84.3287
163,18,30.3841,-84.2931,30.4812,-84.2516
163,19,30.3841,-84.2931,30.4865,-84.2733
163,20,30.3841,-84.2931,30.4647,-84.2629
163,23,30.3841,-84.2931,30.467,-84.2442
163,27,30.3841,-84.2931,30.4017,-84.2624
163,28,30.3841,-84.2931,30.4598,-84.304
163,30,30.3841,-84.2931,30.4859,-84.2288
163,31,30.3841,-84.2931,30.4831,-84.2208
163,32,30.3841,-84.2931,30.4949,-84.3224
163,33,30.3841,-84.2931,30.4388,-84.3375
163,37,30.3841,-84.2931,30.5079,-84.2797
163,40,30.3841,-84.2931,30.4943,-84.2417
163,43,30.3841,-84.2931,30.4078,-84.215
163,46,30.3841,-84.2931,30.4491,-84.2904
163,52,30.3841,-84.2931,30.3932,-84.2393
163,56,30.3841,-84.2931,30.5248,-84.2399
163,57,30.3841,-84.2931,30.5033,-84.2233
163,62,30.3841,-84.2931,30.4481,-84.242
163,65,30.3841,-84.2931,30.4489,-84.2727
163,66,30.3841,-84.2931,30.4653,-84.2312
163,69,30.3841,-84.2931,30.3856,-84.2309
163,70,30.3841,-84.2931,30.3961,-84.2156
163,71,30.3841,-84.2931,30.4059,-84.3275
163,72,30.3841,-84.2931,30.4667,-84.3657
163,74,30.3841,-84.2931,30.429,-84.255
163,76,30.3841,-84.2931,30.5192,-84.3398
163,77,30.3841,-84.2931,30.4429,-84.2548
163,79,30.3841,-84.2931,30.384,-84.2103
163,82,30.3841,-84.2931,30.4416,-84.2783
163,83,30.3841,-84.2931,30.5145,-84.371
163,86,30.3841,-84.2931,30.513,-84.3247
163,87,30.3841,-84.2931,30.5187,-84.2812
163,88,30.3841,-84.2931,30.4932,-84.2139
163,105,30.3841,-84.2931,30.4403,-84.2392
163,106,30.3841,-84.2931,30.3822,-84.3098
163,109,30.3841,-84.2931,30.4767,-84.2064
163,110,30.3841,-84.2931,30.3621,-84.2092
163,111,30.3841,-84.2931,30.5031,-84.2072
163,119,30.3841,-84.2931,30.4596,-84.1848
163,120,30.3841,-84.2931,30.4223,-84.2413
163,123,30.3841,-84.2931,30.3816,-84.3514
163,128,30.3841,-84.2931,30.3865,-84.3463
163,129,30.3841,-84.2931,30.4469,-84.3221
163,132,30.3841,-84.2931,30.4188,-84.3245
163,133,30.3841,-84.2931,30.493,-84.2922
163,134,30.3841,-84.2931,30.445,-84.3428
163,138,30.3841,-84.2931,30.4971,-84.1916
163,142,30.3841,-84.2931,30.5149,-84.3754
163,143,30.3841,-84.2931,30.4713,-84.3311
163,144,30.3841,-84.2931,30.4461,-84.3207
163,146,30.3841,-84.2931,30.4912,-84.1908
163,147,30.3841,-84.2931,30.5124,-84.1967
163,151,30.3841,-84.2931,30.4531,-84.3531
165,1,30.526,-84.2937,30.4383,-84.199
165,5,30.526,-84.2937,30.4267,-84.3109
165,10,30.526,-84.2937,30.4006,-84.2964
165,11,30.526,-84.2937,30.4169,-84.2527
165,12,30.526,-84.2937,30.4134,-84.2727
165,13,30.526,-84.2937,30.3956,-84.2755
165,16,30.526,-84.2937,30.4698,-84.2982
165,17,30.526,-84.2937,30.4704,-84.3287
165,18,30.526,-84.2937,30.4812,-84.2516
165,19,30.526,-84.2937,30.4865,-84.2733
165,20,30.526,-84.2937,30.4647,-84.2629
165,23,30.526,-84.2937,30.467,-84.2442
165,27,30.526,-84.2937,30.4017,-84.2624
165,28,30.526,-84.2937,30.4598,-84.304
165,30,30.526,-84.2937,30.4859,-84.2288
165,31,30.526,-84.2937,30.4831,-84.2208
165,32,30.526,-84.2937,30.4949,-84.3224
165,33,30.526,-84.2937,30.4388,-84.3375
165,37,30.526,-84.2937,30.5079,-84.2797
165,40,30.526,-84.2937,30.4943,-84.2417
165,43,30.526,-84.2937,30.4078,-84.215
165,46,30.526,-84.2937,30.4491,-84.2904
165,52,30.526,-84.2937,30.3932,-84.2393
165,56,30.526,-84.2937,30.5248,-84.2399
165,57,30.526,-84.2937,30.5033,-84.2233
165,62,30.526,-84.2937,30.4481,-84.242
165,65,30.526,-84.2937,30.4489,-84.2727
165,66,30.526,-84.2937,30.4653,-84.2312
165,69,30.526,-84.2937,30.3856,-84.2309
165,70,30.526,-84.2937,30.3961,-84.2156
165,71,30.526,-84.2937,30.4059,-84.3275
165,72,30.526,-84.2937,30.4667,-84.3657
165,74,30.526,-84.2937,30.429,-84.255
165,76,30.526,-84.2937,30.5192,-84.3398
165,77,30.526,-84.2937,30.4429,-84.2548
165,79,30.526,-84.2937,30.384,-84.2103
165,82,30.526,-84.2937,30.4416,-84.2783
165,83,30.526,-84.2937,30.5145,-84.371
165,86,30.526,-84.2937,30.513,-84.3247
165,87,30.526,-84.2937,30.5187,-84.2812
165,88,30.526,-84.2937,30.4932,-84.2139
165,105,30.526,-84.2937,30.4403,-84.2392
165,106,30.526,-84.2937,30.3822,-84.3098
165,109,30.526,-84.2937,30.4767,-84.2064
165,110,30.526,-84.2937,30.3621,-84.2092
165,111,30.526,-84.2937,30.5031,-84.2072
165,119,30.526,-84.2937,30.4596,-84.1848
165,120,30.526,-84.2937,30.4223,-84.2413
165,123,30.526,-84.2937,30.3816,-84.3514
165,128,30.526,-84.2937,30.3865,-84.3463
165,129,30.526,-84.2937,30.4469,-84.3221
165,132,30.526,-84.2937,30.4188,-84.3245
165,133,30.526,-84.2937,30.493,-84.2922
165,134,30.526,-84.2937,30.445,-84.3428
165,138,30.526,-84.2937,30.4971,-84.1916
165,142,30.526,-84.2937,30.5149,-84.3754
165,143,30.526,-84.2937,30.4713,-84.3311
165,144,30.526,-84.2937,30.4461,-84.3207
165,146,30.526,-84.2937,30.4912,-84.1908
165,147,30.526,-84.2937,30.5124,-84.1967
165,151,30.526,-84.2937,30.4531,-84.3531
167,1,30.5054,-84.339,30.4383,-84.199
167,5,30.5054,-84.339,30.4267,-84.3109
167,10,30.5054,-84.339,30.4006,-84.2964
167,11,30.5054,-84.339,30.4169,-84.2527
167,12,30.5054,-84.339,30.4134,-84.2727
167,13,30.5054,-84.339,30.3956,-84.2755
167,16,30.5054,-84.339,30.4698,-84.2982
167,17,30.5054,-84.339,30.4704,-84.3287
167,18,30.5054,-84.339,30.4812,-84.2516
167,19,30.5054,-84.339,30.4865,-84.2733
167,20,30.5054,-84.339,30.4647,-84.2629
167,23,30.5054,-84.339,30.467,-84.2442
167,27,30.5054,-84.339,30.4017,-84.2624
167,28,30.5054,-84.339,30.4598,-84.304
167,30,30.5054,-84.339,30.4859,-84.2288
167,31,30.5054,-84.339,30.4831,-84.2208
167,32,30.5054,-84.339,30.4949,-84.3224
167,33,30.5054,-84.339,30.4388,-84.3375
167,37,30.5054,-84.339,30.5079,-84.2797
167,40,30.5054,-84.339,30.4943,-84.2417
167,43,30.5054,-84.339,30.4078,-84.215
167,46,30.5054,-84.339,30.4491,-84.2904
167,52,30.5054,-84.339,30.3932,-84.2393
167,56,30.5054,-84.339,30.5248,-84.2399
167,57,30.5054,-84.339,30.5033,-84.2233
167,62,30.5054,-84.339,30.4481,-84.242
167,65,30.5054,-84.339,30.4489,-84.2727
167,66,30.5054,-84.339,30.4653,-84.2312
167,69,30.5054,-84.339,30.3856,-84.2309
167,70,30.5054,-84.339,30.3961,-84.2156
167,71,30.5054,-84.339,30.4059,-84.3275
167,72,30.5054,-84.339,30.4667,-84.3657
167,74,30.5054,-84.339,30.429,-84.255
167,76,30.5054,-84.339,30.5192,-84.3398
167,77,30.5054,-84.339,30.4429,-84.2548
167,79,30.5054,-84.339,30.384,-84.2103
167,82,30.5054,-84.339,30.4416,-84.2783
167,83,30.5054,-84.339,30.5145,-84.371
167,86,30.5054,-84.339,30.513,-84.3247
167,87,30.5054,-84.339,30.5187,-84.2812
167,88,30.5054,-84.339,30.4932,-84.2139
167,105,30.5054,-84.339,30.4403,-84.2392
167,106,30.5054,-84.339,30.3822,-84.3098
167,109,30.5054,-84.339,30.4767,-84.2064
167,110,30.5054,-84.339,30.3621,-84.2092
167,111,30.5054,-84.339,30.5031,-84.2072
167,119,30.5054,-84.339,30.4596,-84.1848
167,120,30.5054,-84.339,30.4223,-84.2413
167,123,30.5054,-84.339,30.3816,-84.3514
167,128,30.5054,-84.339,30.3865,-84.3463
167,129,30.5054,-84.339,30.4469,-84.3221
167,132,30.5054,-84.339,30.4188,-84.3245
167,133,30.5054,-84.339,30.493,-84.2922
167,134,30.5054,-84.339,30.445,-84.3428
167,138,30.5054,-84.339,30.4971,-84.1916
167,142,30.5054,-84.339,30.5149,-84.3754
167,143,30.5054,-84.339,30.4713,-84.3311
167,144,30.5054,-84.339,30.4461,-84.3207
167,146,30.5054,-84.339,30.4912,-84.1908
167,147,30.5054,-84.339,30.5124,-84.1967
167,151,30.5054,-84.339,30.4531,-84.3531
171,1,30.4481,-84.2158,30.4383,-84.199
171,5,30.4481,-84.2158,30.4267,-84.3109
171,10,30.4481,-84.2158,30.4006,-84.2964
171,11,30.4481,-84.2158,30.4169,-84.2527
171,12,30.4481,-84.2158,30.4134,-84.2727
171,13,30.4481,-84.2158,30.3956,-84.2755
171,16,30.4481,-84.2158,30.4698,-84.2982
171,17,30.4481,-84.2158,30.4704,-84.3287
171,18,30.4481,-84.2158,30.4812,-84.2516
171,19,30.4481,-84.2158,30.4865,-84.2733
171,20,30.4481,-84.2158,30.4647,-84.2629
171,23,30.4481,-84.2158,30.467,-84.2442
171,27,30.4481,-84.2158,30.4017,-84.2624
171,28,30.4481,-84.2158,30.4598,-84.304
171,30,30.4481,-84.2158,30.4859,-84.2288
171,31,30.4481,-84.2158,30.4831,-84.2208
171,32,30.4481,-84.2158,30.4949,-84.3224
171,33,30.4481,-84.2158,30.4388,-84.3375
171,37,30.4481,-84.2158,30.5079,-84.2797
171,40,30.4481,-84.2158,30.4943,-84.2417
171,43,30.4481,-84.2158,30.4078,-84.215
171,46,30.4481,-84.2158,30.4491,-84.2904
171,52,30.4481,-84.2158,30.3932,-84.2393
171,56,30.4481,-84.2158,30.5248,-84.2399
171,57,30.4481,-84.2158,30.5033,-84.2233
171,62,30.4481,-84.2158,30.4481,-84.242
171,65,30.4481,-84.2158,30.4489,-84.2727
171,66,30.4481,-84.2158,30.4653,-84.2312
171,69,30.4481,-84.2158,30.3856,-84.2309
171,70,30.4481,-84.2158,30.3961,-84.2156
171,71,30.4481,-84.2158,30.4059,-84.3275
171,72,30.4481,-84.2158,30.4667,-84.3657
171,74,30.4481,-84.2158,30.429,-84.255
171,76,30.4481,-84.2158,30.5192,-84.3398
171,77,30.4481,-84.2158,30.4429,-84.2548
171,79,30.4481,-84.2158,30.384,-84.2103
171,82,30.4481,-84.2158,30.4416,-84.2783
171,83,30.4481,-84.2158,30.5145,-84.371
171,86,30.4481,-84.2158,30.513,-84.3247
171,87,30.4481,-84.2158,30.5187,-84.2812
171,88,30.4481,-84.2158,30.4932,-84.2139
171,105,30.4481,-84.2158,30.4403,-84.2392
171,106,30.4481,-84.2158,30.3822,-84.3098
171,109,30.4481,-84.2158,30.4767,-84.2064
171,110,30.4481,-84.2158,30.3621,-84.2092
171,111,30.4481,-84.2158,30.5031,-84.2072
171,119,30.4481,-84.2158,30.4596,-84.1848
171,120,30.4481,-84.2158,30.4223,-84.2413
171,123,30.4481,-84.2158,30.3816,-84.3514
171,128,30.4481,-84.2158,30.3865,-84.3463
171,129,30.4481,-84.2158,30.4469,-84.3221
171,132,30.4481,-84.2158,30.4188,-84.3245
171,133,30.4481,-84.2158,30.493,-84.2922
171,134,30.4481,-84.2158,30.445,-84.3428
171,138,30.4481,-84.2158,30.4971,-84.1916
171,142,30.4481,-84.2158,30.5149,-84.3754
171,143,30.4481,-84.2158,30.4713,-84.3311
171,144,30.4481,-84.2158,30.4461,-84.3207
171,146,30.4481,-84.2158,30.4912,-84.1908
171,147,30.4481,-84.2158,30.5124,-84.1967
171,151,30.4481,-84.2158,30.4531,-84.3531
