from_node ID,to_node ID,Distance (miles),Time (minutes)
1,2,11.13,26.72
2,1,11.13,26.72
1,3,49.28,118.29
3,1,49.28,118.29
1,4,45.27,108.64
4,1,45.27,108.64
1,5,43.64,104.75
5,1,43.64,104.75
1,6,52.19,125.25
6,1,52.19,125.25
1,7,14.47,34.72
7,1,14.47,34.72
1,8,26.96,64.7
8,1,26.96,64.7
1,10,41.35,99.23
10,1,41.35,99.23
1,11,22.91,54.98
11,1,22.91,54.98
1,12,30.65,73.57
12,1,30.65,73.57
1,13,35.29,84.7
13,1,35.29,84.7
1,14,27.55,66.13
14,1,27.55,66.13
1,16,40.93,98.23
16,1,40.93,98.23
1,17,52.24,125.38
17,1,52.24,125.38
1,19,36.0,86.4
19,1,36.0,86.4
1,20,27.43,65.84
20,1,27.43,65.84
1,21,32.0,76.79
21,1,32.0,76.79
1,22,36.61,87.87
22,1,36.61,87.87
1,23,21.73,52.16
23,1,21.73,52.16
1,24,18.61,44.67
24,1,18.61,44.67
1,25,23.8,57.13
25,1,23.8,57.13
1,26,26.48,63.55
26,1,26.48,63.55
1,27,29.55,70.92
27,1,29.55,70.92
1,28,41.78,100.28
28,1,41.78,100.28
1,29,44.92,107.8
29,1,44.92,107.8
1,30,24.29,58.3
30,1,24.29,58.3
1,31,21.82,52.36
31,1,21.82,52.36
1,32,54.11,129.87
32,1,54.11,129.87
1,33,53.63,128.71
33,1,53.63,128.71
1,35,39.07,93.76
35,1,39.07,93.76
1,36,39.9,95.76
36,1,39.9,95.76
1,37,44.19,106.06
37,1,44.19,106.06
1,38,47.07,112.98
38,1,47.07,112.98
1,40,30.1,72.23
40,1,30.1,72.23
1,41,8.84,21.23
41,1,8.84,21.23
1,43,15.03,36.08
43,1,15.03,36.08
1,44,19.52,46.84
44,1,19.52,46.84
1,45,35.86,86.06
45,1,35.86,86.06
1,46,35.72,85.73
46,1,35.72,85.73
1,48,60.44,145.06
48,1,60.44,145.06
1,49,62.73,150.57
49,1,62.73,150.57
1,50,46.8,112.32
50,1,46.8,112.32
1,51,45.56,109.36
51,1,45.56,109.36
1,52,25.57,61.37
52,1,25.57,61.37
1,53,30.85,74.05
53,1,30.85,74.05
1,54,43.69,104.85
54,1,43.69,104.85
1,55,48.03,115.28
55,1,48.03,115.28
1,56,41.95,100.68
56,1,41.95,100.68
1,57,30.67,73.61
57,1,30.67,73.61
1,58,50.6,121.44
58,1,50.6,121.44
1,59,63.41,152.19
59,1,63.41,152.19
1,60,62.49,149.97
60,1,62.49,149.97
1,61,58.27,139.85
61,1,58.27,139.85
1,62,17.22,41.33
62,1,17.22,41.33
1,63,11.21,26.9
63,1,11.21,26.9
1,64,33.89,81.34
64,1,33.89,81.34
1,65,28.93,69.43
65,1,28.93,69.43
1,66,17.39,41.74
66,1,17.39,41.74
1,67,40.93,98.23
67,1,40.93,98.23
1,68,20.72,49.72
68,1,20.72,49.72
1,69,26.7,64.08
69,1,26.7,64.08
1,70,20.01,48.03
70,1,20.01,48.03
1,73,9.34,22.42
73,1,9.34,22.42
1,74,22.08,53.0
74,1,22.08,53.0
1,75,29.96,71.89
75,1,29.96,71.89
1,76,65.5,157.2
76,1,65.5,157.2
1,77,21.7,52.09
77,1,21.7,52.09
1,78,70.52,169.26
78,1,70.52,169.26
1,79,24.78,59.46
79,1,24.78,59.46
1,80,41.0,98.4
80,1,41.0,98.4
1,81,70.94,170.26
81,1,70.94,170.26
1,82,30.74,73.78
82,1,30.74,73.78
1,83,74.85,179.65
83,1,74.85,179.65
1,84,55.96,134.32
84,1,55.96,134.32
1,85,46.36,111.28
85,1,46.36,111.28
1,86,59.1,141.84
86,1,59.1,141.84
1,87,48.13,115.5
87,1,48.13,115.5
1,88,25.32,60.77
88,1,25.32,60.77
1,90,71.19,170.85
90,1,71.19,170.85
1,91,63.89,153.34
91,1,63.89,153.34
1,93,23.72,56.94
93,1,23.72,56.94
1,94,39.7,95.28
94,1,39.7,95.28
1,95,28.83,69.19
95,1,28.83,69.19
1,97,43.21,103.71
97,1,43.21,103.71
1,98,49.91,119.79
98,1,49.91,119.79
1,99,78.67,188.82
99,1,78.67,188.82
1,100,33.44,80.25
100,1,33.44,80.25
1,102,30.61,73.46
102,1,30.61,73.46
1,103,32.96,79.1
103,1,32.96,79.1
1,105,15.59,37.42
105,1,15.59,37.42
1,106,49.76,119.44
106,1,49.76,119.44
1,107,35.64,85.53
107,1,35.64,85.53
1,108,10.47,25.12
108,1,10.47,25.12
1,109,17.48,41.96
109,1,17.48,41.96
1,110,34.45,82.68
110,1,34.45,82.68
1,111,29.28,70.26
111,1,29.28,70.26
1,112,14.37,34.48
112,1,14.37,34.48
1,113,38.06,91.34
113,1,38.06,91.34
1,114,28.8,69.12
114,1,28.8,69.12
1,115,40.54,97.29
115,1,40.54,97.29
1,118,4.33,10.4
118,1,4.33,10.4
1,119,11.03,26.48
119,1,11.03,26.48
1,121,56.68,136.04
121,1,56.68,136.04
1,122,17.87,42.9
122,1,17.87,42.9
1,123,64.29,154.29
123,1,64.29,154.29
1,124,73.33,175.99
124,1,73.33,175.99
1,125,31.02,74.46
125,1,31.02,74.46
1,126,79.66,191.19
126,1,79.66,191.19
1,127,22.21,53.31
127,1,22.21,53.31
1,128,61.61,147.87
128,1,61.61,147.87
1,129,47.82,114.77
129,1,47.82,114.77
1,132,49.38,118.52
132,1,49.38,118.52
1,133,43.65,104.75
133,1,43.65,104.75
1,134,55.76,133.83
134,1,55.76,133.83
1,135,42.75,102.6
135,1,42.75,102.6
1,136,34.52,82.84
136,1,34.52,82.84
1,137,75.91,182.19
137,1,75.91,182.19
1,138,26.56,63.75
138,1,26.56,63.75
1,139,56.38,135.32
139,1,56.38,135.32
1,140,18.85,45.23
140,1,18.85,45.23
1,141,61.62,147.89
141,1,61.62,147.89
1,142,76.45,183.49
142,1,76.45,183.49
1,143,53.24,127.79
143,1,53.24,127.79
1,144,47.25,113.4
144,1,47.25,113.4
1,146,23.97,57.53
146,1,23.97,57.53
1,147,33.29,79.9
147,1,33.29,79.9
1,148,43.5,104.41
148,1,43.5,104.41
1,149,67.93,163.04
149,1,67.93,163.04
1,150,68.56,164.54
150,1,68.56,164.54
2,3,51.11,122.67
3,2,51.11,122.67
2,4,45.81,109.94
4,2,45.81,109.94
2,5,42.81,102.75
5,2,42.81,102.75
2,6,51.05,122.53
6,2,51.05,122.53
2,7,14.99,35.97
7,2,14.99,35.97
2,8,28.58,68.59
8,2,28.58,68.59
2,10,37.26,89.42
10,2,37.26,89.42
2,11,19.92,47.82
11,2,19.92,47.82
2,12,27.62,66.28
12,2,27.62,66.28
2,13,29.82,71.57
13,2,29.82,71.57
2,14,27.27,65.46
14,2,27.27,65.46
2,16,45.19,108.45
16,2,45.19,108.45
2,17,55.5,133.2
17,2,55.5,133.2
2,19,42.97,103.14
19,2,42.97,103.14
2,20,33.07,79.37
20,2,33.07,79.37
2,21,37.9,90.96
21,2,37.9,90.96
2,22,46.83,112.4
22,2,46.83,112.4
2,23,29.15,69.96
23,2,29.15,69.96
2,24,28.37,68.1
24,2,28.37,68.1
2,25,28.12,67.48
25,2,28.12,67.48
2,26,22.17,53.21
26,2,22.17,53.21
2,27,24.22,58.14
27,2,24.22,58.14
2,28,44.82,107.57
28,2,44.82,107.57
2,29,47.42,113.82
29,2,47.42,113.82
2,30,34.16,81.98
30,2,34.16,81.98
2,31,32.1,77.05
31,2,32.1,77.05
2,32,59.39,142.54
32,2,59.39,142.54
2,33,53.91,129.38
33,2,53.91,129.38
2,35,32.83,78.79
35,2,32.83,78.79
2,36,48.21,115.7
36,2,48.21,115.7
2,37,52.08,124.99
37,2,52.08,124.99
2,38,54.18,130.02
38,2,54.18,130.02
2,40,39.46,94.7
40,2,39.46,94.7
2,41,13.18,31.64
41,2,13.18,31.64
2,43,5.88,14.1
43,2,5.88,14.1
2,44,14.34,34.41
44,2,14.34,34.41
2,45,36.72,88.12
45,2,36.72,88.12
2,46,37.97,91.13
46,2,37.97,91.13
2,48,66.1,158.65
48,2,66.1,158.65
2,49,67.5,162.01
49,2,67.5,162.01
2,50,50.43,121.04
50,2,50.43,121.04
2,51,40.81,97.95
51,2,40.81,97.95
2,52,17.3,41.53
52,2,17.3,41.53
2,53,23.03,55.27
53,2,23.03,55.27
2,54,52.54,126.09
54,2,52.54,126.09
2,55,57.54,138.09
55,2,57.54,138.09
2,56,52.12,125.08
56,2,52.12,125.08
2,57,41.17,98.8
57,2,41.17,98.8
2,58,58.36,140.07
58,2,58.36,140.07
2,59,67.23,161.35
59,2,67.23,161.35
2,60,65.27,156.64
60,2,65.27,156.64
2,61,57.53,138.07
61,2,57.53,138.07
2,62,22.07,52.98
62,2,22.07,52.98
2,63,20.41,48.99
63,2,20.41,48.99
2,64,33.71,80.9
64,2,33.71,80.9
2,65,31.84,76.41
65,2,31.84,76.41
2,66,25.93,62.23
66,2,25.93,62.23
2,67,35.77,85.84
67,2,35.77,85.84
2,68,12.39,29.75
68,2,12.39,29.75
2,69,16.99,40.78
69,2,16.99,40.78
2,70,9.59,23.02
70,2,9.59,23.02
2,73,7.37,17.68
73,2,7.37,17.68
2,74,21.88,52.51
74,2,21.88,52.51
2,75,19.05,45.73
75,2,19.05,45.73
2,76,71.55,171.72
76,2,71.55,171.72
2,77,24.51,58.83
77,2,24.51,58.83
2,78,71.48,171.55
78,2,71.48,171.55
2,79,13.73,32.96
79,2,13.73,32.96
2,80,32.11,77.06
80,2,32.11,77.06
2,81,71.01,170.43
81,2,71.01,170.43
2,82,32.33,77.58
82,2,32.33,77.58
2,83,79.77,191.46
83,2,79.77,191.46
2,84,53.91,129.39
84,2,53.91,129.39
2,85,43.55,104.52
85,2,43.55,104.52
2,86,65.35,156.85
86,2,65.35,156.85
2,87,56.41,135.39
87,2,56.41,135.39
2,88,36.08,86.58
88,2,36.08,86.58
2,90,76.83,184.4
90,2,76.83,184.4
2,91,63.97,153.53
91,2,63.97,153.53
2,93,13.38,32.11
93,2,13.38,32.11
2,94,50.3,120.73
94,2,50.3,120.73
2,95,38.86,93.26
95,2,38.86,93.26
2,97,36.51,87.61
97,2,36.51,87.61
2,98,58.68,140.83
98,2,58.68,140.83
2,99,83.99,201.57
99,2,83.99,201.57
2,100,38.4,92.17
100,2,38.4,92.17
2,102,19.49,46.79
102,2,19.49,46.79
2,103,22.25,53.39
103,2,22.25,53.39
2,105,18.92,45.41
105,2,18.92,45.41
2,106,44.3,106.31
106,2,44.3,106.31
2,107,46.43,111.44
107,2,46.43,111.44
2,108,21.59,51.82
108,2,21.59,51.82
2,109,28.4,68.17
109,2,28.4,68.17
2,110,23.33,55.98
110,2,23.33,55.98
2,111,40.26,96.62
111,2,40.26,96.62
2,112,25.4,60.96
112,2,25.4,60.96
2,113,26.93,64.63
113,2,26.93,64.63
2,114,39.93,95.83
114,2,39.93,95.83
2,115,41.6,99.83
115,2,41.6,99.83
2,118,9.22,22.13
118,2,9.22,22.13
2,119,21.64,51.93
119,2,21.64,51.93
2,121,63.99,153.59
121,2,63.99,153.59
2,122,25.14,60.33
122,2,25.14,60.33
2,123,59.86,143.66
123,2,59.86,143.66
2,124,77.89,186.93
124,2,77.89,186.93
2,125,38.06,91.35
125,2,38.06,91.35
2,126,84.93,203.83
126,2,84.93,203.83
2,127,11.77,28.24
127,2,11.77,28.24
2,128,57.43,137.84
128,2,57.43,137.84
2,129,49.07,117.78
129,2,49.07,117.78
2,132,47.73,114.56
132,2,47.73,114.56
2,133,50.07,120.18
133,2,50.07,120.18
2,134,56.54,135.7
134,2,56.54,135.7
2,135,33.85,81.24
135,2,33.85,81.24
2,136,27.03,64.88
136,2,27.03,64.88
2,137,81.24,194.97
137,2,81.24,194.97
2,138,37.69,90.46
138,2,37.69,90.46
2,139,50.47,121.13
139,2,50.47,121.13
2,140,19.51,46.83
140,2,19.51,46.83
2,141,61.97,148.73
141,2,61.97,148.73
2,142,81.28,195.08
142,2,81.28,195.08
2,143,56.51,135.63
143,2,56.51,135.63
2,144,48.45,116.28
144,2,48.45,116.28
2,146,35.09,84.22
146,2,35.09,84.22
2,147,44.41,106.58
147,2,44.41,106.58
2,148,52.5,125.99
148,2,52.5,125.99
2,149,64.24,154.17
149,2,64.24,154.17
2,150,66.59,159.81
150,2,66.59,159.81
3,4,7.26,17.44
4,3,7.26,17.44
3,5,13.15,31.56
5,3,13.15,31.56
3,6,13.62,32.68
6,3,13.62,32.68
3,7,34.65,83.16
7,3,34.65,83.16
3,8,21.1,50.64
8,3,21.1,50.64
3,10,26.15,62.75
10,3,26.15,62.75
3,11,31.11,74.65
11,3,31.11,74.65
3,12,27.07,64.97
12,3,27.07,64.97
3,13,32.26,77.42
13,3,32.26,77.42
3,14,22.55,54.11
14,3,22.55,54.11
3,16,12.78,30.67
16,3,12.78,30.67
3,17,7.81,18.73
17,3,7.81,18.73
3,19,24.99,59.97
19,3,24.99,59.97
3,20,24.62,59.08
20,3,24.62,59.08
3,21,22.47,53.93
21,3,22.47,53.93
3,22,44.54,106.89
22,3,44.54,106.89
3,23,31.92,76.6
23,3,31.92,76.6
3,24,40.2,96.47
24,3,40.2,96.47
3,25,25.9,62.17
25,3,25.9,62.17
3,26,32.1,77.03
26,3,32.1,77.03
3,27,33.56,80.56
27,3,33.56,80.56
3,28,8.67,20.82
28,3,8.67,20.82
3,29,5.05,12.13
29,3,5.05,12.13
3,30,40.05,96.12
30,3,40.05,96.12
3,31,42.53,102.08
31,3,42.53,102.08
3,32,18.71,44.91
32,3,18.71,44.91
3,33,8.09,19.42
33,3,8.09,19.42
3,35,34.59,83.04
35,3,34.59,83.04
3,36,31.83,76.39
36,3,31.83,76.39
3,37,30.17,72.4
37,3,30.17,72.4
3,38,26.26,63.01
38,3,26.26,63.01
3,40,37.16,89.19
40,3,37.16,89.19
3,41,39.27,94.24
41,3,39.27,94.24
3,43,45.58,109.39
43,3,45.58,109.39
3,44,37.12,89.08
44,3,37.12,89.08
3,45,14.51,34.83
45,3,14.51,34.83
3,46,13.56,32.56
46,3,13.56,32.56
3,48,24.49,58.77
48,3,24.49,58.77
3,49,21.78,52.28
49,3,21.78,52.28
3,50,8.43,20.23
50,3,8.43,20.23
3,51,28.65,68.77
51,3,28.65,68.77
3,52,42.31,101.53
52,3,42.31,101.53
3,53,40.82,97.97
53,3,40.82,97.97
3,54,36.2,86.89
54,3,36.2,86.89
3,55,42.84,102.81
55,3,42.84,102.81
3,56,46.03,110.46
56,3,46.03,110.46
3,57,45.35,108.84
57,3,45.35,108.84
3,58,31.49,75.59
58,3,31.49,75.59
3,59,18.51,44.43
59,3,18.51,44.43
3,60,14.61,35.07
60,3,14.61,35.07
3,61,14.65,35.17
61,3,14.65,35.17
3,62,31.69,76.04
62,3,31.69,76.04
3,63,41.18,98.83
63,3,41.18,98.83
3,64,18.14,43.55
64,3,18.14,43.55
3,65,20.38,48.92
65,3,20.38,48.92
3,66,36.75,88.2
66,3,36.75,88.2
3,67,30.33,72.81
67,3,30.33,72.81
3,68,42.75,102.6
68,3,42.75,102.6
3,69,47.02,112.83
69,3,47.02,112.83
3,70,48.19,115.65
70,3,48.19,115.65
3,73,42.41,101.76
73,3,42.41,101.76
3,74,27.47,65.93
74,3,27.47,65.93
3,75,53.43,128.22
75,3,53.43,128.22
3,76,30.14,72.33
76,3,30.14,72.33
3,77,26.47,63.51
77,3,26.47,63.51
3,78,21.41,51.39
78,3,21.41,51.39
3,79,53.19,127.64
79,3,53.19,127.64
3,80,46.43,111.42
80,3,46.43,111.42
3,81,22.9,54.96
81,3,22.9,54.96
3,82,17.35,41.63
82,3,17.35,41.63
3,83,32.73,78.54
83,3,32.73,78.54
3,84,18.9,45.36
84,3,18.9,45.36
3,85,20.51,49.23
85,3,20.51,49.23
3,86,26.81,64.35
86,3,26.81,64.35
3,87,33.93,81.43
87,3,33.93,81.43
3,88,46.62,111.9
88,3,46.62,111.9
3,90,32.66,78.38
90,3,32.66,78.38
3,91,16.43,39.42
91,3,16.43,39.42
3,93,48.72,116.91
93,3,48.72,116.91
3,94,49.71,119.3
94,3,49.71,119.3
3,95,41.26,99.02
95,3,41.26,99.02
3,97,36.51,87.62
97,3,36.51,87.62
3,98,38.03,91.27
98,3,38.03,91.27
3,99,37.72,90.54
99,3,37.72,90.54
3,100,19.11,45.89
100,3,19.11,45.89
3,102,58.62,140.67
102,3,58.62,140.67
3,103,54.41,130.58
103,3,54.41,130.58
3,105,32.48,77.93
105,3,32.48,77.93
3,106,32.48,77.94
106,3,32.48,77.94
3,107,50.42,121.02
107,3,50.42,121.02
3,108,49.2,118.08
108,3,49.2,118.08
3,109,47.14,113.13
109,3,47.14,113.13
3,110,59.44,142.63
110,3,59.44,142.63
3,111,50.82,121.97
111,3,50.82,121.97
3,112,53.02,127.24
112,3,53.02,127.24
3,113,62.83,150.77
113,3,62.83,150.77
3,114,55.17,132.4
114,3,55.17,132.4
3,115,9.73,23.34
115,3,9.73,23.34
3,118,44.56,106.93
118,3,44.56,106.93
3,119,53.18,127.62
119,3,53.18,127.62
3,121,31.66,75.99
121,3,31.66,75.99
3,122,33.97,81.53
122,3,33.97,81.53
3,123,33.77,81.06
123,3,33.77,81.06
3,124,29.99,71.99
124,3,29.99,71.99
3,125,26.55,63.72
125,3,26.55,63.72
3,126,38.44,92.27
126,3,38.44,92.27
3,127,48.73,116.96
127,3,48.73,116.96
3,128,31.1,74.65
128,3,31.1,74.65
3,129,3.1,7.44
129,3,3.1,7.44
3,132,15.5,37.19
132,3,15.5,37.19
3,133,21.91,52.59
133,3,21.91,52.59
3,134,7.8,18.72
134,3,7.8,18.72
3,135,47.01,112.84
135,3,47.01,112.84
3,136,39.43,94.63
136,3,39.43,94.63
3,137,35.3,84.71
137,3,35.3,84.71
3,138,55.29,132.7
138,3,55.29,132.7
3,139,36.85,88.43
139,3,36.85,88.43
3,140,29.94,71.85
140,3,29.94,71.85
3,141,13.82,33.16
141,3,13.82,33.16
3,142,33.83,81.19
142,3,33.83,81.19
3,143,8.41,20.19
143,3,8.41,20.19
3,144,3.65,8.77
144,3,3.65,8.77
3,146,54.7,131.28
146,3,54.7,131.28
3,147,56.34,135.21
147,3,56.34,135.21
3,148,37.14,89.13
148,3,37.14,89.13
3,149,32.82,78.76
149,3,32.82,78.76
3,150,26.44,63.46
150,3,26.44,63.46
4,5,5.94,14.25
5,4,5.94,14.25
4,6,9.53,22.87
6,4,9.53,22.87
4,7,30.32,72.77
7,4,30.32,72.77
4,8,16.77,40.25
8,4,16.77,40.25
4,10,18.91,45.38
10,4,18.91,45.38
4,11,26.44,63.47
11,4,26.44,63.47
4,12,20.35,48.84
12,4,20.35,48.84
4,13,25.06,60.16
13,4,25.06,60.16
4,14,18.22,43.72
14,4,18.22,43.72
4,16,15.36,36.86
16,4,15.36,36.86
4,17,14.86,35.67
17,4,14.86,35.67
4,19,26.89,64.54
19,4,26.89,64.54
4,20,23.5,56.4
20,4,23.5,56.4
4,21,22.78,54.68
21,4,22.78,54.68
4,22,46.16,110.79
22,4,46.16,110.79
4,23,29.96,71.9
23,4,29.96,71.9
4,24,38.15,91.56
24,4,38.15,91.56
4,25,21.98,52.74
25,4,21.98,52.74
4,26,26.05,62.52
26,4,26.05,62.52
4,27,26.7,64.08
27,4,26.7,64.08
4,28,10.34,24.81
28,4,10.34,24.81
4,29,8.21,19.71
29,4,8.21,19.71
4,30,39.71,95.3
30,4,39.71,95.3
4,31,41.54,99.69
31,4,41.54,99.69
4,32,25.14,60.34
32,4,25.14,60.34
4,33,8.37,20.08
33,4,8.37,20.08
4,35,27.33,65.6
35,4,27.33,65.6
4,36,34.62,83.09
36,4,34.62,83.09
4,37,33.89,81.33
37,4,33.89,81.33
4,38,30.77,73.84
38,4,30.77,73.84
4,40,37.91,90.99
40,4,37.91,90.99
4,41,34.94,83.85
41,4,34.94,83.85
4,43,41.25,99.0
43,4,41.25,99.0
4,44,32.59,78.23
44,4,32.59,78.23
4,45,9.41,22.59
45,4,9.41,22.59
4,46,10.83,25.99
46,4,10.83,25.99
4,48,31.34,75.21
48,4,31.34,75.21
4,49,28.99,69.57
49,4,28.99,69.57
4,50,13.67,32.8
50,4,13.67,32.8
4,51,21.62,51.89
51,4,21.62,51.89
4,52,36.15,86.76
52,4,36.15,86.76
4,53,33.83,81.18
53,4,33.83,81.18
4,54,39.49,94.79
54,4,39.49,94.79
4,55,46.4,111.36
55,4,46.4,111.36
4,56,48.41,116.18
56,4,48.41,116.18
4,57,45.97,110.34
57,4,45.97,110.34
4,58,36.31,87.14
58,4,36.31,87.14
4,59,25.75,61.79
59,4,25.75,61.79
4,60,21.45,51.49
60,4,21.45,51.49
4,61,13.77,33.05
61,4,13.77,33.05
4,62,27.36,65.65
62,4,27.36,65.65
4,63,36.96,88.7
63,4,36.96,88.7
4,64,12.13,29.1
64,4,12.13,29.1
4,65,16.26,39.02
65,4,16.26,39.02
4,66,33.88,81.3
66,4,33.88,81.3
4,67,23.08,55.4
67,4,23.08,55.4
4,68,37.73,90.54
68,4,37.73,90.54
4,69,40.78,97.88
69,4,40.78,97.88
4,70,43.4,104.16
70,4,43.4,104.16
4,73,38.08,91.37
73,4,38.08,91.37
4,74,23.14,55.54
74,4,23.14,55.54
4,75,47.08,113.0
75,4,47.08,113.0
4,76,37.1,89.04
76,4,37.1,89.04
4,77,22.14,53.12
77,4,22.14,53.12
4,78,25.68,61.63
78,4,25.68,61.63
4,79,47.83,114.79
79,4,47.83,114.79
4,80,39.17,94.0
80,4,39.17,94.0
4,81,25.67,61.62
81,4,25.67,61.62
4,82,13.02,31.24
82,4,13.02,31.24
4,83,39.98,95.96
83,4,39.98,95.96
4,84,15.03,36.06
84,4,15.03,36.06
4,85,13.72,32.94
85,4,13.72,32.94
4,86,33.32,79.96
86,4,33.32,79.96
4,87,38.15,91.55
87,4,38.15,91.55
4,88,46.34,111.21
88,4,46.34,111.21
4,90,39.87,95.68
90,4,39.87,95.68
4,91,18.63,44.7
91,4,18.63,44.7
4,93,43.24,103.78
93,4,43.24,103.78
4,94,51.48,123.55
94,4,51.48,123.55
4,95,41.72,100.12
95,4,41.72,100.12
4,97,29.39,70.55
97,4,29.39,70.55
4,98,42.25,101.4
98,4,42.25,101.4
4,99,44.98,107.97
99,4,44.98,107.97
4,100,19.23,46.17
100,4,19.23,46.17
4,102,52.27,125.45
102,4,52.27,125.45
4,103,47.47,113.93
103,4,47.47,113.93
4,105,28.15,67.54
105,4,28.15,67.54
4,106,25.71,61.7
106,4,25.71,61.7
4,107,51.52,123.67
107,4,51.52,123.67
4,108,44.87,107.69
108,4,44.87,107.69
4,109,44.75,107.4
109,4,44.75,107.4
4,110,53.09,127.41
110,4,53.09,127.41
4,111,50.93,122.23
111,4,50.93,122.23
4,112,49.51,118.82
112,4,49.51,118.82
4,113,56.38,135.32
113,4,56.38,135.32
4,114,54.89,131.73
114,4,54.89,131.73
4,115,4.94,11.85
115,4,4.94,11.85
4,118,40.23,96.54
118,4,40.23,96.54
4,119,48.85,117.23
119,4,48.85,117.23
4,121,37.44,89.85
121,4,37.44,89.85
4,122,30.58,73.37
122,4,30.58,73.37
4,123,29.3,70.31
123,4,29.3,70.31
4,124,37.22,89.33
124,4,37.22,89.33
4,125,27.12,65.1
125,4,27.12,65.1
4,126,45.7,109.68
126,4,45.7,109.68
4,127,43.56,104.55
127,4,43.56,104.55
4,128,26.44,63.44
128,4,26.44,63.44
4,129,4.21,10.1
129,4,4.21,10.1
4,132,9.75,23.4
132,4,9.75,23.4
4,133,25.85,62.03
133,4,25.85,62.03
4,134,10.74,25.77
134,4,10.74,25.77
4,135,39.75,95.4
135,4,39.75,95.4
4,136,32.27,77.44
136,4,32.27,77.44
4,137,42.56,102.15
137,4,42.56,102.15
4,138,54.39,130.54
138,4,54.39,130.54
4,139,30.59,73.41
139,4,30.59,73.41
4,140,25.61,61.46
140,4,25.61,61.46
4,141,16.38,39.3
141,4,16.38,39.3
4,142,41.06,98.55
142,4,41.06,98.55
4,143,15.57,37.37
143,4,15.57,37.37
4,144,3.61,8.67
144,4,3.61,8.67
4,146,53.21,127.71
146,4,53.21,127.71
4,147,56.65,135.97
147,4,56.65,135.97
4,148,40.34,96.82
148,4,40.34,96.82
4,149,29.52,70.86
149,4,29.52,70.86
4,150,25.45,61.08
150,4,25.45,61.08
5,6,8.55,20.52
6,5,8.55,20.52
5,7,29.39,70.54
7,5,29.39,70.54
5,8,17.42,41.81
8,5,17.42,41.81
5,10,13.0,31.19
10,5,13.0,31.19
5,11,22.97,55.12
11,5,22.97,55.12
5,12,15.95,38.29
12,5,15.95,38.29
5,13,19.57,46.97
13,5,19.57,46.97
5,14,16.12,38.68
14,5,16.12,38.68
5,16,19.97,47.93
16,5,19.97,47.93
5,17,20.8,49.92
17,5,20.8,49.92
5,19,30.55,73.32
19,5,30.55,73.32
5,20,24.56,58.95
20,5,24.56,58.95
5,21,25.61,61.46
21,5,25.61,61.46
5,22,49.08,117.8
22,5,49.08,117.8
5,23,30.64,73.55
23,5,30.64,73.55
5,24,38.83,93.21
24,5,38.83,93.21
5,25,22.66,54.39
25,5,22.66,54.39
5,26,21.82,52.36
26,5,21.82,52.36
5,27,21.88,52.52
27,5,21.88,52.52
5,28,15.1,36.25
28,5,15.1,36.25
5,29,13.76,33.04
29,5,13.76,33.04
5,30,40.62,97.5
30,5,40.62,97.5
5,31,42.22,101.34
31,5,42.22,101.34
5,32,30.95,74.28
32,5,30.95,74.28
5,33,11.65,27.95
33,5,11.65,27.95
5,35,21.54,51.7
35,5,21.54,51.7
5,36,38.61,92.65
36,5,38.61,92.65
5,37,38.42,92.2
37,5,38.42,92.2
5,38,35.75,85.81
38,5,35.75,85.81
5,40,40.09,96.22
40,5,40.09,96.22
5,41,34.82,83.56
41,5,34.82,83.56
5,43,38.1,91.44
43,5,38.1,91.44
5,44,28.98,69.54
44,5,28.98,69.54
5,45,9.24,22.18
45,5,9.24,22.18
5,46,12.81,30.76
46,5,12.81,30.76
5,48,37.24,89.37
48,5,37.24,89.37
5,49,34.91,83.79
49,5,34.91,83.79
5,50,19.31,46.35
50,5,19.31,46.35
5,51,15.74,37.77
51,5,15.74,37.77
5,52,31.55,75.72
52,5,31.55,75.72
5,53,28.69,68.86
53,5,28.69,68.86
5,54,43.7,104.88
54,5,43.7,104.88
5,55,50.68,121.64
55,5,50.68,121.64
5,56,51.93,124.62
56,5,51.93,124.62
5,57,47.69,114.48
57,5,47.69,114.48
5,58,41.38,99.31
58,5,41.38,99.31
5,59,31.53,75.67
59,5,31.53,75.67
5,60,26.9,64.56
60,5,26.9,64.56
5,61,14.77,35.44
61,5,14.77,35.44
5,62,28.04,67.3
62,5,28.04,67.3
5,63,37.64,90.35
63,5,37.64,90.35
5,64,9.79,23.49
64,5,9.79,23.49
5,65,16.94,40.67
65,5,16.94,40.67
5,66,34.56,82.95
66,5,34.56,82.95
5,67,17.19,41.26
67,5,17.19,41.26
5,68,33.67,80.8
68,5,33.67,80.8
5,69,36.06,86.56
69,5,36.06,86.56
5,70,39.39,94.53
70,5,39.39,94.53
5,73,36.66,87.98
73,5,36.66,87.98
5,74,21.67,52.01
74,5,21.67,52.01
5,75,42.26,101.44
75,5,42.26,101.44
5,76,43.02,103.25
76,5,43.02,103.25
5,77,22.82,54.77
77,5,22.82,54.77
5,78,29.3,70.31
78,5,29.3,70.31
5,79,43.43,104.23
79,5,43.43,104.23
5,80,33.4,80.17
80,5,33.4,80.17
5,81,28.25,67.8
81,5,28.25,67.8
5,82,13.7,32.89
82,5,13.7,32.89
5,83,45.78,109.88
83,5,45.78,109.88
5,84,12.96,31.11
84,5,12.96,31.11
5,85,8.16,19.58
85,5,8.16,19.58
5,86,39.12,93.9
86,5,39.12,93.9
5,87,42.89,102.93
87,5,42.89,102.93
5,88,47.13,113.12
88,5,47.13,113.12
5,90,45.79,109.9
90,5,45.79,109.9
5,91,21.26,51.02
91,5,21.26,51.02
5,93,38.84,93.22
93,5,38.84,93.22
5,94,54.42,130.62
94,5,54.42,130.62
5,95,43.39,104.16
95,5,43.39,104.16
5,97,23.47,56.33
97,5,23.47,56.33
5,98,46.95,112.68
98,5,46.95,112.68
5,99,50.82,121.96
99,5,50.82,121.96
5,100,22.17,53.21
100,5,22.17,53.21
5,102,47.45,113.89
102,5,47.45,113.89
5,103,42.37,101.69
103,5,42.37,101.69
5,105,28.43,68.23
105,5,28.43,68.23
5,106,19.99,47.98
106,5,19.99,47.98
5,107,53.65,128.76
107,5,53.65,128.76
5,108,45.55,109.34
108,5,45.55,109.34
5,109,45.43,109.05
109,5,45.43,109.05
5,110,48.27,115.85
110,5,48.27,115.85
5,111,52.0,124.82
111,5,52.0,124.82
5,112,50.19,120.47
112,5,50.19,120.47
5,113,51.23,122.95
113,5,51.23,122.95
5,114,55.57,133.38
114,5,55.57,133.38
5,115,7.47,17.93
115,5,7.47,17.93
5,118,39.76,95.43
118,5,39.76,95.43
5,119,49.53,118.88
119,5,49.53,118.88
5,121,42.95,103.07
121,5,42.95,103.07
5,122,31.26,75.02
122,5,31.26,75.02
5,123,25.62,61.49
123,5,25.62,61.49
5,124,42.97,103.12
124,5,42.97,103.12
5,125,29.9,71.76
125,5,29.9,71.76
5,126,51.51,123.63
126,5,51.51,123.63
5,127,39.32,94.37
127,5,39.32,94.37
5,128,22.67,54.41
128,5,22.67,54.41
5,129,10.06,24.13
129,5,10.06,24.13
5,132,6.35,15.24
132,5,6.35,15.24
5,133,30.64,73.54
133,5,30.64,73.54
5,134,14.84,35.61
134,5,14.84,35.61
5,135,33.93,81.43
135,5,33.93,81.43
5,136,26.81,64.34
136,5,26.81,64.34
5,137,48.42,116.21
137,5,48.42,116.21
5,138,55.07,132.19
138,5,55.07,132.19
5,139,25.26,60.61
139,5,25.26,60.61
5,140,24.82,59.56
140,5,24.82,59.56
5,141,19.46,46.71
141,5,19.46,46.71
5,142,46.82,112.38
142,5,46.82,112.38
5,143,21.5,51.61
143,5,21.5,51.61
5,144,9.5,22.81
144,5,9.5,22.81
5,146,53.89,129.36
146,5,53.89,129.36
5,147,57.82,138.78
147,5,57.82,138.78
5,148,44.48,106.76
148,5,44.48,106.76
5,149,26.94,64.64
149,5,26.94,64.64
5,150,25.1,60.24
150,5,25.1,60.24
6,7,37.9,90.97
7,6,37.9,90.97
6,8,25.22,60.53
8,6,25.22,60.53
6,10,17.47,41.93
10,6,17.47,41.93
6,11,31.13,74.72
11,6,31.13,74.72
6,12,23.69,56.86
12,6,23.69,56.86
6,13,25.5,61.19
13,6,25.5,61.19
6,14,24.65,59.15
14,6,24.65,59.15
6,16,24.64,59.13
16,6,24.64,59.13
6,17,21.03,50.47
17,6,21.03,50.47
6,19,36.39,87.34
19,6,36.39,87.34
6,20,32.33,77.58
20,6,32.33,77.58
6,21,32.28,77.46
21,6,32.28,77.46
6,22,55.69,133.66
22,6,55.69,133.66
6,23,38.41,92.18
23,6,38.41,92.18
6,24,46.6,111.84
24,6,46.6,111.84
6,25,30.43,73.02
25,6,30.43,73.02
6,26,29.51,70.83
26,6,29.51,70.83
6,27,28.97,69.52
27,6,28.97,69.52
6,28,19.66,47.17
28,6,19.66,47.17
6,29,16.93,40.62
29,6,16.93,40.62
6,30,48.39,116.13
30,6,48.39,116.13
6,31,49.99,119.97
31,6,49.99,119.97
6,32,32.22,77.34
32,6,32.22,77.34
6,33,7.03,16.88
33,6,7.03,16.88
6,35,26.26,63.03
35,6,26.26,63.03
6,36,44.02,105.64
36,6,44.02,105.64
6,37,43.02,103.25
37,6,43.02,103.25
6,38,39.53,94.88
38,6,39.53,94.88
6,40,47.4,113.75
40,6,47.4,113.75
6,41,43.37,104.08
41,6,43.37,104.08
6,43,46.14,110.74
43,6,46.14,110.74
6,44,37.0,88.79
44,6,37.0,88.79
6,45,17.3,41.52
45,6,17.3,41.52
6,46,19.96,47.9
46,6,19.96,47.9
6,48,37.59,90.22
48,6,37.59,90.22
6,49,33.98,81.56
49,6,33.98,81.56
6,50,21.81,52.35
50,6,21.81,52.35
6,51,18.04,43.3
51,6,18.04,43.3
6,52,38.68,92.84
52,6,38.68,92.84
6,53,35.08,84.2
53,6,35.08,84.2
6,54,48.79,117.1
54,6,48.79,117.1
6,55,55.63,133.51
55,6,55.63,133.51
6,56,57.9,138.95
56,6,57.9,138.95
6,57,55.42,133.01
57,6,55.42,133.01
6,58,44.92,107.81
58,6,44.92,107.81
6,59,29.43,70.63
59,6,29.43,70.63
6,60,23.69,56.87
60,6,23.69,56.87
6,61,6.6,15.84
61,6,6.6,15.84
6,62,35.81,85.93
62,6,35.81,85.93
6,63,45.41,108.98
63,6,45.41,108.98
6,64,18.33,44.0
64,6,18.33,44.0
6,65,24.71,59.3
65,6,24.71,59.3
6,66,42.33,101.58
66,6,42.33,101.58
6,67,21.47,51.53
67,6,21.47,51.53
6,68,41.32,99.16
68,6,41.32,99.16
6,69,42.98,103.16
69,6,42.98,103.16
6,70,47.02,112.85
70,6,47.02,112.85
6,73,45.08,108.19
73,6,45.08,108.19
6,74,30.18,72.44
74,6,30.18,72.44
6,75,48.98,117.57
75,6,48.98,117.57
6,76,42.98,103.15
76,6,42.98,103.15
6,77,30.59,73.4
77,6,30.59,73.4
6,78,22.55,54.12
78,6,22.55,54.12
6,79,50.65,121.57
79,6,50.65,121.57
6,80,37.03,88.88
80,6,37.03,88.88
6,81,20.52,49.24
81,6,20.52,49.24
6,82,21.47,51.52
82,6,21.47,51.52
6,83,43.39,104.14
83,6,43.39,104.14
6,84,5.55,13.31
84,6,5.55,13.31
6,85,9.98,23.94
85,6,9.98,23.94
6,86,40.22,96.54
86,6,40.22,96.54
6,87,47.09,113.02
87,6,47.09,113.02
6,88,54.9,131.75
88,6,54.9,131.75
6,90,44.61,107.07
90,6,44.61,107.07
6,91,13.87,33.28
91,6,13.87,33.28
6,93,46.11,110.67
93,6,46.11,110.67
6,94,61.01,146.42
94,6,61.01,146.42
6,95,51.15,122.76
95,6,51.15,122.76
6,97,26.03,62.48
97,6,26.03,62.48
6,98,51.2,122.89
98,6,51.2,122.89
6,99,48.5,116.4
99,6,48.5,116.4
6,100,28.73,68.96
100,6,28.73,68.96
6,102,54.17,130.02
102,6,54.17,130.02
6,103,48.59,116.61
103,6,48.59,116.61
6,105,36.6,87.82
105,6,36.6,87.82
6,106,20.64,49.54
106,6,20.64,49.54
6,107,61.02,146.46
107,6,61.02,146.46
6,108,53.32,127.97
108,6,53.32,127.97
6,109,53.2,127.68
109,6,53.2,127.68
6,110,54.99,131.98
110,6,54.99,131.98
6,111,59.77,143.45
111,6,59.77,143.45
6,112,57.96,139.1
112,6,57.96,139.1
6,113,57.24,137.38
113,6,57.24,137.38
6,114,63.34,152.01
114,6,63.34,152.01
6,115,13.97,33.54
115,6,13.97,33.54
6,118,48.29,115.89
118,6,48.29,115.89
6,119,57.3,137.51
119,6,57.3,137.51
6,121,45.28,108.67
121,6,45.28,108.67
6,122,39.03,93.65
122,6,39.03,93.65
6,123,20.25,48.59
123,6,20.25,48.59
6,124,40.32,96.78
124,6,40.32,96.78
6,125,36.62,87.9
125,6,36.62,87.9
6,126,49.06,117.75
126,6,49.06,117.75
6,127,46.74,112.19
127,6,46.74,112.19
6,128,17.52,42.04
128,6,17.52,42.04
6,129,11.2,26.88
129,6,11.2,26.88
6,132,3.86,9.27
132,6,3.86,9.27
6,133,34.85,83.64
133,6,34.85,83.64
6,134,10.33,24.8
134,6,10.33,24.8
6,135,37.0,88.82
135,6,37.0,88.82
6,136,32.53,78.08
136,6,32.53,78.08
6,137,46.38,111.3
137,6,46.38,111.3
6,138,62.84,150.82
138,6,62.84,150.82
6,139,23.89,57.33
139,6,23.89,57.33
6,140,33.35,80.05
140,6,33.35,80.05
6,141,12.7,30.49
141,6,12.7,30.49
6,142,44.16,106.0
142,6,44.16,106.0
6,143,21.39,51.33
143,6,21.39,51.33
6,144,11.08,26.6
144,6,11.08,26.6
6,146,61.66,147.99
146,6,61.66,147.99
6,147,65.59,157.41
147,6,65.59,157.41
6,148,49.66,119.19
148,6,49.66,119.19
6,149,20.02,48.04
149,6,20.02,48.04
6,150,16.64,39.93
150,6,16.64,39.93
7,8,13.71,32.91
8,7,13.71,32.91
7,10,27.17,65.2
10,7,27.17,65.2
7,11,9.0,21.61
11,7,9.0,21.61
7,12,16.36,39.26
12,7,16.36,39.26
7,13,21.99,52.77
13,7,21.99,52.77
7,14,13.29,31.88
14,7,13.29,31.88
7,16,30.27,72.65
16,7,30.27,72.65
7,17,40.53,97.26
17,7,40.53,97.26
7,19,29.37,70.49
19,7,29.37,70.49
7,20,18.94,45.46
20,7,18.94,45.46
7,21,23.73,56.94
21,7,23.73,56.94
7,22,37.73,90.55
22,7,37.73,90.55
7,23,16.99,40.77
23,7,16.99,40.77
7,24,20.09,48.22
24,7,20.09,48.22
7,25,13.53,32.47
25,7,13.53,32.47
7,26,13.02,31.25
26,7,13.02,31.25
7,27,16.53,39.68
27,7,16.53,39.68
7,28,29.85,71.63
28,7,29.85,71.63
7,29,32.52,78.06
29,7,32.52,78.06
7,30,25.22,60.54
30,7,25.22,60.54
7,31,24.48,58.76
31,7,24.48,58.76
7,32,44.63,107.11
32,7,44.63,107.11
7,33,39.85,95.64
33,7,39.85,95.64
7,35,26.14,62.74
35,7,26.14,62.74
7,36,35.72,85.72
36,7,35.72,85.72
7,37,39.01,93.63
37,7,39.01,93.63
7,38,40.38,96.92
38,7,40.38,96.92
7,40,28.99,69.58
40,7,28.99,69.58
7,41,6.06,14.54
41,7,6.06,14.54
7,43,12.65,30.36
43,7,12.65,30.36
7,44,8.58,20.59
44,7,8.58,20.59
7,45,22.23,53.36
45,7,22.23,53.36
7,46,23.07,55.36
46,7,23.07,55.36
7,48,51.42,123.42
48,7,51.42,123.42
7,49,52.59,126.22
49,7,52.59,126.22
7,50,35.45,85.08
50,7,35.45,85.08
7,51,31.56,75.75
51,7,31.56,75.75
7,52,16.61,39.86
52,7,16.61,39.86
7,53,20.28,48.68
53,7,20.28,48.68
7,54,40.59,97.41
54,7,40.59,97.41
7,55,46.45,111.47
55,7,46.45,111.47
7,56,42.62,102.28
56,7,42.62,102.28
7,57,33.24,79.76
57,7,33.24,79.76
7,58,45.03,108.07
58,7,45.03,108.07
7,59,52.24,125.38
59,7,52.24,125.38
7,60,50.37,120.89
60,7,50.37,120.89
7,61,44.12,105.88
61,7,44.12,105.88
7,62,8.56,20.54
62,7,8.56,20.54
7,63,13.47,32.33
63,7,13.47,32.33
7,64,19.75,47.41
64,7,19.75,47.41
7,65,16.85,40.45
65,7,16.85,40.45
7,66,15.93,38.22
66,7,15.93,38.22
7,67,27.22,65.33
67,7,27.22,65.33
7,68,13.47,32.33
68,7,13.47,32.33
7,69,20.01,48.02
69,7,20.01,48.02
7,70,17.0,40.79
70,7,17.0,40.79
7,73,7.79,18.71
73,7,7.79,18.71
7,74,7.72,18.53
74,7,7.72,18.53
7,75,25.76,61.83
75,7,25.76,61.83
7,76,56.98,136.76
76,7,56.98,136.76
7,77,9.58,22.99
77,7,9.58,22.99
7,78,57.16,137.19
78,7,57.16,137.19
7,79,22.78,54.68
79,7,22.78,54.68
7,80,30.96,74.31
80,7,30.96,74.31
7,81,57.14,137.13
81,7,57.14,137.13
7,82,17.52,42.05
82,7,17.52,42.05
7,83,64.86,155.67
83,7,64.86,155.67
7,84,41.53,99.68
84,7,41.53,99.68
7,85,31.91,76.58
85,7,31.91,76.58
7,86,50.92,122.2
86,7,50.92,122.2
7,87,43.65,104.76
87,7,43.65,104.76
7,88,29.55,70.91
88,7,29.55,70.91
7,90,62.1,149.04
90,7,62.1,149.04
7,91,50.07,120.16
91,7,50.07,120.16
7,93,19.28,46.28
93,7,19.28,46.28
7,94,42.19,101.25
94,7,42.19,101.25
7,95,29.82,71.57
95,7,29.82,71.57
7,97,30.49,73.18
97,7,30.49,73.18
7,98,46.44,111.47
98,7,46.44,111.47
7,99,69.15,165.95
99,7,69.15,165.95
7,100,23.76,57.02
100,7,23.76,57.02
7,102,29.73,71.35
102,7,29.73,71.35
7,103,27.95,67.07
103,7,27.95,67.07
7,105,4.89,11.74
105,7,4.89,11.74
7,106,36.03,86.47
106,7,36.03,86.47
7,107,39.29,94.3
107,7,39.29,94.3
7,108,19.88,47.71
108,7,19.88,47.71
7,109,23.73,56.96
109,7,23.73,56.96
7,110,31.77,76.24
110,7,31.77,76.24
7,111,34.56,82.95
111,7,34.56,82.95
7,112,24.73,59.34
112,7,24.73,59.34
7,113,35.16,84.38
113,7,35.16,84.38
7,114,36.09,86.62
114,7,36.09,86.62
7,115,27.07,64.98
115,7,27.07,64.98
7,118,10.4,24.96
118,7,10.4,24.96
7,119,23.58,56.59
119,7,23.58,56.59
7,121,50.21,120.51
121,7,50.21,120.51
7,122,13.51,32.43
122,7,13.51,32.43
7,123,50.02,120.04
123,7,50.02,120.04
7,124,62.93,151.04
124,7,62.93,151.04
7,125,24.72,59.33
125,7,24.72,59.33
7,126,70.08,168.18
126,7,70.08,168.18
7,127,18.49,44.37
127,7,18.49,44.37
7,128,47.29,113.51
128,7,47.29,113.51
7,129,34.53,82.88
129,7,34.53,82.88
7,132,34.99,83.96
132,7,34.99,83.96
7,133,35.9,86.17
133,7,35.9,86.17
7,134,42.24,101.39
134,7,42.24,101.39
7,135,32.62,78.29
135,7,32.62,78.29
7,136,23.11,55.47
136,7,23.11,55.47
7,137,66.4,159.37
137,7,66.4,159.37
7,138,34.52,82.85
138,7,34.52,82.85
7,139,42.78,102.69
139,7,42.78,102.69
7,140,4.72,11.34
140,7,4.72,11.34
7,141,47.91,114.99
141,7,47.91,114.99
7,142,66.36,159.25
142,7,66.36,159.25
7,143,41.54,99.69
143,7,41.54,99.69
7,144,33.92,81.42
144,7,33.92,81.42
7,146,32.4,77.75
146,7,32.4,77.75
7,147,39.88,95.71
147,7,39.88,95.71
7,148,40.75,97.8
148,7,40.75,97.8
7,149,53.51,128.44
149,7,53.51,128.44
7,150,54.16,129.98
150,7,54.16,129.98
8,10,20.67,49.62
10,8,20.67,49.62
8,11,12.03,28.86
11,8,12.03,28.86
8,12,12.01,28.82
12,8,12.01,28.82
8,13,20.07,48.18
13,8,20.07,48.18
8,14,4.73,11.34
14,8,4.73,11.34
8,16,17.65,42.37
16,8,17.65,42.37
8,17,27.0,64.8
17,8,27.0,64.8
8,19,21.01,50.42
19,8,21.01,50.42
8,20,11.35,27.25
20,8,11.35,27.25
8,21,14.68,35.24
21,8,14.68,35.24
8,22,35.86,86.06
22,8,35.86,86.06
8,23,15.41,36.98
23,8,15.41,36.98
8,24,22.99,55.18
24,8,22.99,55.18
8,25,6.98,16.76
25,8,6.98,16.76
8,26,14.39,34.53
26,8,14.39,34.53
8,27,17.32,41.58
27,8,17.32,41.58
8,28,16.36,39.27
28,8,16.36,39.27
8,29,18.85,45.24
29,8,18.85,45.24
8,30,25.77,61.85
30,8,25.77,61.85
8,31,26.81,64.35
31,8,26.81,64.35
8,32,32.31,77.54
32,8,32.31,77.54
8,33,26.68,64.04
33,8,26.68,64.04
8,35,24.31,58.35
35,8,24.31,58.35
8,36,28.92,69.42
36,8,28.92,69.42
8,37,30.84,74.02
37,8,30.84,74.02
8,38,30.64,73.53
38,8,30.64,73.53
8,40,26.56,63.74
40,8,26.56,63.74
8,41,18.17,43.6
41,8,18.17,43.6
8,43,25.27,60.65
43,8,25.27,60.65
8,44,17.46,41.91
44,8,17.46,41.91
8,45,8.92,21.41
45,8,8.92,21.41
8,46,9.4,22.55
46,8,9.4,22.55
8,48,39.25,94.19
48,8,39.25,94.19
8,49,39.68,95.22
49,8,39.68,95.22
8,50,22.16,53.18
50,8,22.16,53.18
8,51,25.39,60.94
51,8,25.39,60.94
8,52,23.85,57.23
52,8,23.85,57.23
8,53,24.39,58.53
53,8,24.39,58.53
8,54,34.28,82.26
54,8,34.28,82.26
8,55,41.02,98.45
55,8,41.02,98.45
8,56,39.71,95.32
56,8,39.71,95.32
8,57,33.44,80.26
57,8,33.44,80.26
8,58,35.97,86.34
58,8,35.97,86.34
8,59,38.83,93.2
59,8,38.83,93.2
8,60,36.69,88.06
60,8,36.69,88.06
8,61,31.59,75.81
61,8,31.59,75.81
8,62,10.94,26.25
62,8,10.94,26.25
8,63,20.67,49.61
63,8,20.67,49.61
8,64,7.89,18.94
64,8,7.89,18.94
8,65,4.34,10.42
65,8,4.34,10.42
8,66,18.43,44.24
66,8,18.43,44.24
8,67,22.83,54.8
67,8,22.83,54.8
8,68,23.32,55.98
68,8,23.32,55.98
8,69,28.42,68.22
69,8,28.42,68.22
8,70,28.43,68.23
70,8,28.43,68.23
8,73,21.5,51.61
73,8,21.5,51.61
8,74,7.19,17.26
74,8,7.19,17.26
8,75,34.79,83.5
75,8,34.79,83.5
8,76,45.03,108.08
76,8,45.03,108.08
8,77,5.51,13.23
77,8,5.51,13.23
8,78,43.65,104.77
78,8,43.65,104.77
8,79,33.76,81.04
79,8,33.76,81.04
8,80,33.63,80.72
80,8,33.63,80.72
8,81,43.99,105.57
81,8,43.99,105.57
8,82,3.83,9.2
82,8,3.83,9.2
8,83,51.9,124.56
83,8,51.9,124.56
8,84,30.32,72.76
84,8,30.32,72.76
8,85,22.39,53.74
85,8,22.39,53.74
8,86,39.36,94.47
86,8,39.36,94.47
8,87,35.72,85.74
87,8,35.72,85.74
8,88,31.96,76.7
88,8,31.96,76.7
8,90,49.68,119.24
90,8,49.68,119.24
8,91,36.94,88.66
91,8,36.94,88.66
8,93,29.48,70.74
93,8,29.48,70.74
8,94,41.06,98.55
94,8,41.06,98.55
8,95,29.23,70.16
95,8,29.23,70.16
8,97,28.42,68.22
97,8,28.42,68.22
8,98,39.24,94.18
98,8,39.24,94.18
8,99,56.39,135.33
99,8,56.39,135.33
8,100,12.93,31.04
100,8,12.93,31.04
8,102,39.98,95.95
102,8,39.98,95.95
8,103,36.3,87.12
103,8,36.3,87.12
8,105,11.39,27.32
105,8,11.39,27.32
8,106,30.43,73.04
106,8,30.43,73.04
8,107,39.6,95.05
107,8,39.6,95.05
8,108,28.34,68.02
108,8,28.34,68.02
8,109,29.21,70.09
109,8,29.21,70.09
8,110,40.8,97.91
110,8,40.8,97.91
8,111,37.02,88.85
111,8,37.02,88.85
8,112,33.19,79.65
112,8,33.19,79.65
8,113,44.19,106.05
113,8,44.19,106.05
8,114,40.13,96.31
114,8,40.13,96.31
8,115,13.59,32.61
115,8,13.59,32.61
8,118,23.47,56.32
118,8,23.47,56.32
8,119,32.32,77.56
119,8,32.32,77.56
8,121,40.07,96.17
121,8,40.07,96.17
8,122,14.99,35.97
122,8,14.99,35.97
8,123,41.4,99.36
123,8,41.4,99.36
8,124,49.78,119.47
124,8,49.78,119.47
8,125,17.8,42.73
125,8,17.8,42.73
8,126,57.28,137.47
126,8,57.28,137.47
8,127,29.26,70.22
127,8,29.26,70.22
8,128,38.48,92.36
128,8,38.48,92.36
8,129,20.95,50.28
129,8,20.95,50.28
8,132,23.63,56.71
132,8,23.63,56.71
8,133,25.54,61.29
133,8,25.54,61.29
8,134,28.82,69.17
134,8,28.82,69.17
8,135,34.92,83.81
135,8,34.92,83.81
8,136,25.13,60.32
136,8,25.13,60.32
8,137,53.68,128.83
137,8,53.68,128.83
8,138,39.35,94.44
138,8,39.35,94.44
8,139,37.13,89.11
139,8,37.13,89.11
8,140,9.07,21.76
140,8,9.07,21.76
8,141,34.66,83.19
141,8,34.66,83.19
8,142,53.32,127.98
142,8,53.32,127.98
8,143,28.01,67.21
143,8,28.01,67.21
8,144,20.36,48.87
144,8,20.36,48.87
8,146,37.92,91.01
146,8,37.92,91.01
8,147,42.83,102.8
147,8,42.83,102.8
8,148,34.76,83.42
148,8,34.76,83.42
8,149,43.75,105.0
149,8,43.75,105.0
8,150,42.49,101.98
150,8,42.49,101.98
10,11,18.44,44.26
11,10,18.44,44.26
10,12,10.83,26.0
12,10,10.83,26.0
10,13,8.4,20.16
13,10,8.4,20.16
10,14,16.63,39.92
14,10,16.63,39.92
10,16,31.09,74.61
16,10,31.09,74.61
10,17,33.75,81.0
17,10,33.75,81.0
10,19,39.6,95.04
19,10,39.6,95.04
10,20,31.58,75.78
20,10,31.58,75.78
10,21,33.7,80.88
21,10,33.7,80.88
10,22,56.35,135.24
22,10,56.35,135.24
10,23,36.03,86.46
23,10,36.03,86.46
10,24,43.17,103.61
24,10,43.17,103.61
10,25,27.64,66.35
25,10,27.64,66.35
10,26,15.21,36.49
26,10,15.21,36.49
10,27,13.18,31.63
27,10,13.18,31.63
10,28,26.75,64.2
28,10,26.75,64.2
10,29,26.25,63.01
29,10,26.25,63.01
10,30,46.4,111.35
30,10,46.4,111.35
10,31,47.22,113.33
31,10,47.22,113.33
10,32,43.53,104.47
32,10,43.53,104.47
10,33,23.4,56.17
33,10,23.4,56.17
10,35,8.85,21.24
35,10,8.85,21.24
10,36,47.85,114.85
36,10,47.85,114.85
10,37,48.62,116.69
37,10,48.62,116.69
10,38,46.82,112.36
38,10,46.82,112.36
10,40,47.11,113.07
40,10,47.11,113.07
10,41,33.22,79.72
41,10,33.22,79.72
10,43,31.7,76.07
43,10,31.7,76.07
10,44,22.99,55.18
44,10,22.99,55.18
10,45,17.26,41.42
45,10,17.26,41.42
10,46,21.91,52.57
46,10,21.91,52.57
10,48,50.01,120.03
48,10,50.01,120.03
10,49,47.9,114.95
49,10,47.9,114.95
10,50,31.75,76.21
50,10,31.75,76.21
10,51,4.74,11.37
51,10,4.74,11.37
10,52,22.37,53.68
52,10,22.37,53.68
10,53,18.01,43.22
53,10,18.01,43.22
10,54,53.18,127.64
54,10,53.18,127.64
10,55,60.15,144.37
55,10,60.15,144.37
10,56,59.91,143.79
56,10,59.91,143.79
10,57,54.11,129.87
57,10,54.11,129.87
10,58,52.48,125.96
58,10,52.48,125.96
10,59,44.49,106.77
59,10,44.49,106.77
10,60,39.63,95.11
60,10,39.63,95.11
10,61,23.8,57.12
61,10,23.8,57.12
10,62,29.98,71.96
62,10,29.98,71.96
10,63,39.16,93.98
63,10,39.16,93.98
10,64,14.18,34.03
64,10,14.18,34.03
10,65,23.55,56.53
65,10,23.55,56.53
10,66,38.49,92.39
66,10,38.49,92.39
10,67,4.22,10.13
67,10,4.22,10.13
10,68,25.91,62.2
68,10,25.91,62.2
10,69,26.25,63.01
69,10,26.25,63.01
10,70,31.36,75.28
70,10,31.36,75.28
10,73,32.73,78.54
73,10,32.73,78.54
10,74,20.49,49.17
74,10,20.49,49.17
10,75,31.99,76.77
75,10,31.99,76.77
10,76,55.85,134.04
76,10,55.85,134.04
10,77,24.91,59.78
77,10,24.91,59.78
10,78,40.02,96.04
78,10,40.02,96.04
10,79,33.97,81.51
79,10,33.97,81.51
10,80,20.65,49.55
80,10,20.65,49.55
10,81,37.64,90.35
81,10,37.64,90.35
10,82,19.7,47.29
82,10,19.7,47.29
10,83,58.74,140.98
83,10,58.74,140.98
10,84,18.06,43.34
84,10,18.06,43.34
10,85,7.62,18.3
85,10,7.62,18.3
10,86,51.65,123.97
86,10,51.65,123.97
10,87,53.37,128.07
87,10,53.37,128.07
10,88,52.44,125.85
88,10,52.44,125.85
10,90,58.77,141.06
90,10,58.77,141.06
10,91,31.28,75.06
91,10,31.28,75.06
10,93,29.79,71.5
93,10,29.79,71.5
10,94,61.61,147.88
94,10,61.61,147.88
10,95,49.9,119.77
95,10,49.9,119.77
10,97,10.65,25.57
97,10,10.65,25.57
10,98,57.28,137.46
98,10,57.28,137.46
10,99,63.79,153.09
99,10,63.79,153.09
10,100,30.79,73.9
100,10,30.79,73.9
10,102,37.18,89.22
102,10,37.18,89.22
10,103,31.25,75.0
103,10,31.25,75.0
10,105,28.44,68.25
105,10,28.44,68.25
10,106,9.76,23.42
106,10,9.76,23.42
10,107,60.27,144.66
107,10,60.27,144.66
10,108,46.06,110.54
108,10,46.06,110.54
10,109,48.81,117.15
109,10,48.81,117.15
10,110,37.95,91.09
110,10,37.95,91.09
10,111,57.55,138.11
111,10,57.55,138.11
10,112,50.91,122.17
112,10,50.91,122.17
10,113,39.81,95.54
113,10,39.81,95.54
10,114,60.38,144.91
114,10,60.38,144.91
10,115,18.85,45.23
115,10,18.85,45.23
10,118,37.06,88.94
118,10,37.06,88.94
10,119,50.04,120.08
119,10,50.04,120.08
10,121,54.85,131.64
121,10,54.85,131.64
10,122,35.05,84.11
122,10,35.05,84.11
10,123,22.95,55.09
123,10,22.95,55.09
10,124,55.89,134.14
124,10,55.89,134.14
10,125,37.57,90.17
125,10,37.57,90.17
10,126,64.47,154.73
126,10,64.47,154.73
10,127,30.68,73.62
127,10,30.68,73.62
10,128,20.34,48.82
128,10,20.34,48.82
10,129,23.05,55.32
129,10,23.05,55.32
10,132,13.61,32.67
132,10,13.61,32.67
10,133,41.53,99.67
133,10,41.53,99.67
10,134,26.84,64.42
134,10,26.84,64.42
10,135,21.04,50.49
135,10,21.04,50.49
10,136,15.12,36.3
136,10,15.12,36.3
10,137,61.41,147.39
137,10,61.41,147.39
10,138,59.37,142.49
138,10,59.37,142.49
10,139,16.5,39.6
139,10,16.5,39.6
10,140,23.71,56.9
140,10,23.71,56.9
10,141,30.17,72.4
141,10,30.17,72.4
10,142,59.75,143.41
142,10,59.75,143.41
10,143,34.48,82.75
143,10,34.48,82.75
10,144,22.5,53.99
144,10,22.5,53.99
10,146,57.68,138.44
146,10,57.68,138.44
10,147,63.33,151.99
147,10,63.33,151.99
10,148,53.83,129.19
148,10,53.83,129.19
10,149,26.99,64.78
149,10,26.99,64.78
10,150,30.19,72.46
150,10,30.19,72.46
11,12,7.9,18.97
12,11,7.9,18.97
11,13,13.02,31.25
13,11,13.02,31.25
11,14,8.56,20.55
14,11,8.56,20.55
11,16,29.58,70.99
16,11,29.58,70.99
11,17,37.99,91.17
17,11,37.99,91.17
11,19,32.26,77.42
19,11,32.26,77.42
11,20,21.83,52.39
20,11,21.83,52.39
11,21,26.01,62.42
21,11,26.01,62.42
11,22,44.2,106.08
22,11,44.2,106.08
11,23,22.74,54.58
23,11,22.74,54.58
11,24,27.82,66.78
24,11,27.82,66.78
11,25,16.17,38.82
25,11,16.17,38.82
11,26,4.14,9.94
26,11,4.14,9.94
11,27,7.79,18.7
27,11,7.79,18.7
11,28,27.67,66.42
28,11,27.67,66.42
11,29,29.54,70.9
29,11,29.54,70.9
11,30,32.34,77.62
30,11,32.34,77.62
11,31,32.19,77.27
31,11,32.19,77.27
11,32,44.22,106.12
32,11,44.22,106.12
11,33,34.28,82.27
33,11,34.28,82.27
11,35,17.25,41.39
35,11,17.25,41.39
11,36,39.69,95.27
36,11,39.69,95.27
11,37,42.18,101.24
37,11,42.18,101.24
11,38,42.45,101.87
38,11,42.45,101.87
11,40,35.02,84.05
40,11,35.02,84.05
11,41,15.02,36.04
41,11,15.02,36.04
11,43,15.16,36.39
43,11,15.16,36.39
11,44,6.16,14.77
44,11,6.16,14.77
11,45,17.99,43.18
45,11,17.99,43.18
11,46,20.55,49.32
46,11,20.55,49.32
11,48,51.17,122.81
48,11,51.17,122.81
11,49,51.27,123.05
49,11,51.27,123.05
11,50,33.6,80.64
50,11,33.6,80.64
11,51,22.69,54.46
51,11,22.69,54.46
11,52,11.84,28.42
52,11,11.84,28.42
11,53,13.25,31.8
53,11,13.25,31.8
11,54,44.92,107.81
54,11,44.92,107.81
11,55,51.34,123.22
55,11,51.34,123.22
11,56,48.71,116.91
56,11,48.71,116.91
11,57,40.44,97.05
57,11,40.44,97.05
11,58,47.64,114.34
58,11,47.64,114.34
11,59,49.9,119.76
59,11,49.9,119.76
11,60,47.0,112.81
60,11,47.0,112.81
11,61,37.63,90.3
61,11,37.63,90.3
11,62,14.61,35.07
62,11,14.61,35.07
11,63,22.1,53.05
63,11,22.1,53.05
11,64,14.38,34.52
64,11,14.38,34.52
11,65,16.33,39.18
65,11,16.33,39.18
11,66,23.28,55.86
66,11,23.28,55.86
11,67,18.23,43.76
67,11,18.23,43.76
11,68,11.65,27.95
68,11,11.65,27.95
11,69,16.4,39.36
69,11,16.4,39.36
11,70,17.14,41.14
70,11,17.14,41.14
11,73,14.43,34.64
73,11,14.43,34.64
11,74,5.51,13.22
74,11,5.51,13.22
11,75,22.77,54.65
75,11,22.77,54.65
11,76,56.99,136.77
76,11,56.99,136.77
11,77,11.71,28.09
77,11,11.71,28.09
11,78,51.97,124.73
78,11,51.97,124.73
11,79,22.09,53.02
79,11,22.09,53.02
11,80,23.52,56.45
80,11,23.52,56.45
11,81,51.21,122.91
81,11,51.21,122.91
11,82,14.88,35.71
82,11,14.88,35.71
11,83,63.39,152.14
83,11,63.39,152.14
11,84,34.08,81.79
84,11,34.08,81.79
11,85,23.91,57.39
85,11,23.91,57.39
11,86,51.38,123.3
86,11,51.38,123.3
11,87,47.03,112.88
87,11,47.03,112.88
11,88,37.41,89.8
88,11,37.41,89.8
11,90,61.49,147.59
90,11,61.49,147.59
11,91,44.2,106.08
91,11,44.2,106.08
11,93,17.66,42.38
93,11,17.66,42.38
11,94,49.03,117.67
94,11,49.03,117.67
11,95,36.64,87.95
95,11,36.64,87.95
11,97,21.63,51.91
97,11,21.63,51.91
11,98,50.31,120.75
98,11,50.31,120.75
11,99,68.01,163.22
99,11,68.01,163.22
11,100,24.78,59.48
100,11,24.78,59.48
11,102,27.96,67.1
102,11,27.96,67.1
11,103,24.3,58.32
103,11,24.3,58.32
11,105,11.74,28.17
105,11,11.74,28.17
11,106,27.06,64.94
106,11,27.06,64.94
11,107,46.63,111.92
107,11,46.63,111.92
11,108,28.66,68.78
108,11,28.66,68.78
11,109,32.29,77.5
109,11,32.29,77.5
11,110,28.78,69.06
110,11,28.78,69.06
11,111,42.53,102.08
111,11,42.53,102.08
11,112,33.51,80.41
112,11,33.51,80.41
11,113,32.17,77.2
113,11,32.17,77.2
11,114,44.5,106.8
114,11,44.5,106.8
11,115,22.73,54.55
115,11,22.73,54.55
11,118,18.62,44.68
118,11,18.62,44.68
11,119,32.54,78.1
119,11,32.54,78.1
11,121,52.0,124.8
121,11,52.0,124.8
11,122,20.21,48.5
122,11,20.21,48.5
11,123,41.39,99.34
123,11,41.39,99.34
11,124,61.11,146.67
124,11,61.11,146.67
11,125,28.33,68.0
125,11,28.33,68.0
11,126,68.87,165.3
126,11,68.87,165.3
11,127,17.63,42.31
127,11,17.63,42.31
11,128,38.74,92.98
128,11,38.74,92.98
11,129,30.06,72.15
129,11,30.06,72.15
11,132,27.82,66.77
132,11,27.82,66.77
11,133,37.44,89.86
133,11,37.44,89.86
11,134,37.1,89.05
134,11,37.1,89.05
11,135,25.04,60.11
135,11,25.04,60.11
11,136,15.15,36.36
136,11,15.15,36.36
11,137,65.33,156.8
137,11,65.33,156.8
11,138,43.09,103.42
138,11,43.09,103.42
11,139,33.79,81.11
139,11,33.79,81.11
11,140,7.08,16.99
140,11,7.08,16.99
11,141,42.3,101.51
141,11,42.3,101.51
11,142,64.75,155.41
142,11,64.75,155.41
11,143,38.96,93.52
143,11,38.96,93.52
11,144,29.42,70.6
144,11,29.42,70.6
11,146,41.08,98.6
146,11,41.08,98.6
11,147,48.06,115.34
147,11,48.06,115.34
11,148,45.27,108.64
148,11,45.27,108.64
11,149,45.19,108.47
149,11,45.19,108.47
11,150,46.77,112.25
150,11,46.77,112.25
12,13,8.07,19.36
13,12,8.07,19.36
12,14,7.3,17.52
14,12,7.3,17.52
12,16,27.19,65.25
16,12,27.19,65.25
12,17,33.55,80.52
17,12,33.55,80.52
12,19,32.83,78.79
19,12,32.83,78.79
12,20,23.35,56.04
20,12,23.35,56.04
12,21,26.55,63.71
21,12,26.55,63.71
12,22,47.58,114.21
22,12,47.58,114.21
12,23,26.48,63.56
23,12,26.48,63.56
12,24,33.0,79.2
24,12,33.0,79.2
12,25,18.48,44.35
25,12,18.48,44.35
12,26,5.87,14.08
26,12,5.87,14.08
12,27,6.6,15.83
27,12,6.6,15.83
12,28,24.11,57.86
28,12,24.11,57.86
12,29,25.12,60.29
29,12,25.12,60.29
12,30,36.73,88.15
30,12,36.73,88.15
12,31,37.19,89.27
31,12,37.19,89.27
12,32,41.35,99.24
32,12,41.35,99.24
12,33,27.57,66.16
33,12,27.57,66.16
12,35,12.34,29.61
35,12,12.34,29.61
12,36,40.86,98.08
36,12,40.86,98.08
12,37,42.53,102.07
37,12,42.53,102.07
12,38,41.79,100.31
38,12,41.79,100.31
12,40,38.26,91.83
40,12,38.26,91.83
12,41,22.4,53.76
41,12,22.4,53.76
12,43,22.49,53.98
43,12,22.49,53.98
12,44,13.36,32.07
44,12,13.36,32.07
12,45,13.55,32.53
45,12,13.55,32.53
12,46,17.44,41.85
46,12,17.44,41.85
12,48,48.24,115.78
48,12,48.24,115.78
12,49,47.45,113.89
49,12,47.45,113.89
12,50,29.94,71.86
50,12,29.94,71.86
12,51,15.35,36.85
51,12,15.35,36.85
12,52,15.8,37.92
52,12,15.8,37.92
12,53,14.06,33.73
53,12,14.06,33.73
12,54,46.23,110.95
54,12,46.23,110.95
12,55,53.01,127.23
55,12,53.01,127.23
12,56,51.62,123.88
56,12,51.62,123.88
12,57,44.68,107.22
57,12,44.68,107.22
12,58,47.31,113.54
58,12,47.31,113.54
12,59,45.29,108.7
59,12,45.29,108.7
12,60,41.65,99.96
60,12,41.65,99.96
12,61,30.27,72.64
61,12,30.27,72.64
12,62,19.6,47.04
62,12,19.6,47.04
12,63,28.47,68.32
63,12,28.47,68.32
12,64,9.42,22.6
64,12,9.42,22.6
12,65,15.94,38.26
65,12,15.94,38.26
12,66,28.31,67.95
66,12,28.31,67.95
12,67,11.57,27.78
67,12,11.57,27.78
12,68,17.72,42.53
68,12,17.72,42.53
12,69,20.45,49.07
69,12,20.45,49.07
12,70,23.44,56.26
70,12,23.44,56.26
12,73,22.33,53.61
73,12,22.33,53.61
12,74,9.8,23.52
74,12,9.8,23.52
12,75,26.77,64.27
75,12,26.77,64.27
12,76,54.15,129.96
76,12,54.15,129.96
12,77,14.95,35.89
77,12,14.95,35.89
12,78,45.25,108.6
78,12,45.25,108.6
12,79,27.54,66.1
79,12,27.54,66.1
12,80,22.01,52.83
80,12,22.01,52.83
12,81,44.06,105.73
81,12,44.06,105.73
12,82,12.85,30.84
82,12,12.85,30.84
12,83,59.24,142.18
83,12,59.24,142.18
12,84,26.3,63.12
84,12,26.3,63.12
12,85,16.02,38.45
85,12,16.02,38.45
12,86,49.05,117.73
86,12,49.05,117.73
12,87,47.41,113.77
87,12,47.41,113.77
12,88,42.45,101.9
88,12,42.45,101.9
12,90,58.07,139.37
90,12,58.07,139.37
12,91,37.14,89.13
91,12,37.14,89.13
12,93,22.95,55.09
93,12,22.95,55.09
12,94,52.7,126.49
94,12,52.7,126.49
12,95,40.6,97.43
95,12,40.6,97.43
12,97,16.55,39.72
97,12,16.55,39.72
12,98,51.04,122.5
98,12,51.04,122.5
12,99,64.07,153.76
99,12,64.07,153.76
12,100,24.36,58.45
100,12,24.36,58.45
12,102,31.96,76.72
102,12,31.96,76.72
12,103,27.41,65.79
103,12,27.41,65.79
12,105,17.73,42.55
105,12,17.73,42.55
12,106,20.07,48.17
106,12,20.07,48.17
12,107,50.9,122.16
107,12,50.9,122.16
12,108,35.29,84.69
108,12,35.29,84.69
12,109,38.3,91.93
109,12,38.3,91.93
12,110,32.78,78.68
110,12,32.78,78.68
12,111,47.6,114.24
111,12,47.6,114.24
12,112,40.14,96.32
112,12,40.14,96.32
12,113,36.17,86.82
113,12,36.17,86.82
12,114,50.13,120.31
114,12,50.13,120.31
12,115,17.59,42.21
115,12,17.59,42.21
12,118,26.41,63.37
118,12,26.41,63.37
12,119,39.27,94.23
119,12,39.27,94.23
12,121,50.81,121.95
121,12,50.81,121.95
12,122,24.93,59.84
122,12,24.93,59.84
12,123,33.67,80.8
123,12,33.67,80.8
12,124,56.73,136.14
124,12,56.73,136.14
12,125,29.81,71.54
125,12,29.81,71.54
12,126,64.87,155.69
126,12,64.87,155.69
12,127,23.38,56.1
127,12,23.38,56.1
12,128,30.96,74.31
128,12,30.96,74.31
12,129,24.34,58.41
129,12,24.34,58.41
12,132,20.21,48.5
132,12,20.21,48.5
12,133,36.54,87.69
133,12,36.54,87.69
12,134,30.63,73.52
134,12,30.63,73.52
12,135,23.17,55.61
135,12,23.17,55.61
12,136,13.72,32.93
136,12,13.72,32.93
12,137,61.48,147.56
137,12,61.48,147.56
12,138,48.98,117.55
138,12,48.98,117.55
12,139,26.9,64.57
139,12,26.9,64.57
12,140,12.94,31.04
140,12,12.94,31.04
12,141,35.41,84.99
141,12,35.41,84.99
12,142,60.49,145.16
142,12,60.49,145.16
12,143,34.46,82.7
143,12,34.46,82.7
12,144,23.69,56.85
144,12,23.69,56.85
12,146,47.18,113.24
146,12,47.18,113.24
12,147,53.31,127.96
147,12,53.31,127.96
12,148,46.73,112.16
148,12,46.73,112.16
12,149,37.32,89.58
149,12,37.32,89.58
12,150,38.97,93.53
150,12,38.97,93.53
13,14,15.36,36.87
14,13,15.36,36.87
13,16,34.46,82.71
16,13,34.46,82.71
13,17,39.41,94.58
17,13,39.41,94.58
13,19,40.83,98.0
19,13,40.83,98.0
13,20,31.41,75.4
20,13,31.41,75.4
13,21,34.57,82.97
21,13,34.57,82.97
13,22,55.54,133.29
22,13,55.54,133.29
13,23,34.28,82.27
23,13,34.28,82.27
13,24,40.35,96.84
24,13,40.35,96.84
13,25,26.46,63.51
25,13,26.46,63.51
13,26,8.98,21.55
26,13,8.98,21.55
13,27,5.77,13.84
27,13,5.77,13.84
13,28,30.87,74.1
28,13,30.87,74.1
13,29,31.27,75.04
29,13,31.27,75.04
13,30,44.4,106.57
30,13,44.4,106.57
13,31,44.64,107.14
31,13,44.64,107.14
13,32,48.15,115.56
32,13,48.15,115.56
13,33,30.87,74.09
33,13,30.87,74.09
13,35,4.39,10.54
35,13,4.39,10.54
13,36,48.9,117.37
36,13,48.9,117.37
13,37,50.46,121.11
37,13,50.46,121.11
13,38,49.51,118.82
38,13,49.51,118.82
13,40,46.22,110.93
40,13,46.22,110.93
13,41,27.93,67.02
41,13,27.93,67.02
13,43,24.07,57.76
43,13,24.07,57.76
13,44,16.0,38.41
44,13,16.0,38.41
13,45,20.38,48.91
45,13,20.38,48.91
13,46,24.71,59.31
46,13,24.71,59.31
13,48,54.92,131.82
48,13,54.92,131.82
13,49,53.55,128.53
49,13,53.55,128.53
13,50,36.47,87.53
50,13,36.47,87.53
13,51,11.07,26.57
51,13,11.07,26.57
13,52,14.06,33.76
52,13,14.06,33.76
13,53,9.64,23.14
53,13,9.64,23.14
13,54,54.27,130.25
54,13,54.27,130.25
13,55,61.07,146.57
55,13,61.07,146.57
13,56,59.64,143.13
56,13,59.64,143.13
13,57,52.42,125.81
57,13,52.42,125.81
13,58,55.08,132.19
58,13,55.08,132.19
13,59,50.77,121.84
59,13,50.77,121.84
13,60,46.44,111.45
60,13,46.44,111.45
13,61,31.97,76.73
61,13,31.97,76.73
13,62,26.91,64.59
62,13,26.91,64.59
13,63,35.07,84.18
63,13,35.07,84.18
13,64,16.38,39.3
64,13,16.38,39.3
13,65,23.96,57.51
65,13,23.96,57.51
13,66,35.69,85.67
66,13,35.69,85.67
13,67,5.95,14.29
67,13,5.95,14.29
13,68,17.95,43.08
68,13,17.95,43.08
13,69,17.85,42.85
69,13,17.85,42.85
13,70,23.21,55.69
70,13,23.21,55.69
13,73,26.19,62.87
73,13,26.19,62.87
13,74,16.97,40.73
74,13,16.97,40.73
13,75,23.61,56.68
75,13,23.61,56.68
13,76,60.83,146.0
76,13,60.83,146.0
13,77,22.71,54.49
77,13,22.71,54.49
13,78,47.99,115.18
78,13,47.99,115.18
13,79,25.59,61.42
79,13,25.59,61.42
13,80,14.57,34.96
80,13,14.57,34.96
13,81,45.88,110.12
81,13,45.88,110.12
13,82,20.69,49.65
82,13,20.69,49.65
13,83,64.95,155.88
83,13,64.95,155.88
13,84,26.45,63.49
84,13,26.45,63.49
13,85,15.92,38.22
85,13,15.92,38.22
13,86,56.06,134.55
86,13,56.06,134.55
13,87,55.33,132.79
87,13,55.33,132.79
13,88,49.9,119.77
88,13,49.9,119.77
13,90,64.35,154.43
90,13,64.35,154.43
13,91,39.36,94.47
91,13,39.36,94.47
13,93,21.44,51.46
93,13,21.44,51.46
13,94,60.61,145.46
94,13,60.61,145.46
13,95,48.41,116.18
95,13,48.41,116.18
13,97,8.76,21.03
97,13,8.76,21.03
13,98,59.02,141.64
98,13,59.02,141.64
13,99,69.9,167.77
99,13,69.9,167.77
13,100,32.27,77.44
100,13,32.27,77.44
13,102,28.8,69.13
102,13,28.8,69.13
13,103,23.1,55.44
103,13,23.1,55.44
13,105,24.51,58.82
105,13,24.51,58.82
13,106,14.59,35.01
106,13,14.59,35.01
13,107,58.65,140.76
107,13,58.65,140.76
13,108,41.66,100.0
108,13,41.66,100.0
13,109,45.19,108.47
109,13,45.19,108.47
13,110,29.62,71.09
110,13,29.62,71.09
13,111,55.04,132.11
111,13,55.04,132.11
13,112,46.51,111.63
112,13,46.51,111.63
13,113,31.83,76.39
113,13,31.83,76.39
13,114,57.29,137.5
114,13,57.29,137.5
13,115,23.55,56.52
115,13,23.55,56.52
13,118,30.96,74.3
118,13,30.96,74.3
13,119,45.39,108.93
119,13,45.39,108.93
13,121,58.3,139.92
121,13,58.3,139.92
13,122,32.42,77.8
122,13,32.42,77.8
13,123,30.06,72.16
123,13,30.06,72.16
13,124,62.25,149.4
124,13,62.25,149.4
13,125,37.87,90.9
125,13,37.87,90.9
13,126,70.65,169.56
126,13,70.65,169.56
13,127,22.38,53.73
127,13,22.38,53.73
13,128,27.73,66.55
128,13,27.73,66.55
13,129,29.27,70.24
129,13,29.27,70.24
13,132,21.65,51.96
132,13,21.65,51.96
13,133,44.22,106.12
133,13,44.22,106.12
13,134,34.23,82.15
134,13,34.23,82.15
13,135,15.51,37.23
135,13,15.51,37.23
13,136,7.24,17.37
136,13,7.24,17.37
13,137,67.41,161.78
137,13,67.41,161.78
13,138,55.98,134.34
138,13,55.98,134.34
13,139,21.1,50.63
139,13,21.1,50.63
13,140,19.67,47.2
140,13,19.67,47.2
13,141,38.08,91.39
141,13,38.08,91.39
13,142,66.08,158.59
142,13,66.08,158.59
13,143,40.24,96.58
143,13,40.24,96.58
13,144,28.65,68.76
144,13,28.65,68.76
13,146,54.03,129.67
146,13,54.03,129.67
13,147,60.68,145.64
147,13,60.68,145.64
13,148,54.79,131.49
148,13,54.79,131.49
13,149,34.69,83.27
149,13,34.69,83.27
13,150,38.56,92.54
150,13,38.56,92.54
14,16,21.29,51.11
16,14,21.29,51.11
14,17,29.43,70.63
17,14,29.43,70.63
14,19,25.69,61.65
19,14,25.69,61.65
14,20,16.05,38.53
20,14,16.05,38.53
14,21,19.37,46.5
21,14,19.37,46.5
14,22,40.38,96.91
22,14,40.38,96.91
14,23,19.5,46.81
23,14,19.5,46.81
14,24,26.55,63.71
24,14,26.55,63.71
14,25,11.29,27.09
25,14,11.29,27.09
14,26,10.06,24.15
26,14,10.06,24.15
14,27,12.73,30.56
27,14,12.73,30.56
14,28,19.13,45.91
28,14,19.13,45.91
14,29,20.99,50.38
29,14,20.99,50.38
14,30,29.85,71.64
30,14,29.85,71.64
14,31,30.59,73.41
31,14,30.59,73.41
14,32,35.87,86.08
32,14,35.87,86.08
14,33,26.71,64.09
33,14,26.71,64.09
14,35,19.63,47.11
35,14,19.63,47.11
14,36,33.64,80.74
36,14,33.64,80.74
14,37,35.48,85.15
37,14,35.48,85.15
14,38,35.07,84.18
38,14,35.07,84.18
14,40,31.06,74.54
40,14,31.06,74.54
14,41,18.75,45.01
41,14,18.75,45.01
14,43,23.19,55.67
43,14,23.19,55.67
14,44,14.58,35.0
44,14,14.58,35.0
14,45,9.58,22.99
45,14,9.58,22.99
14,46,12.02,28.84
46,14,12.02,28.84
14,48,42.82,102.76
48,14,42.82,102.76
14,49,42.74,102.58
49,14,42.74,102.58
14,50,25.06,60.15
50,14,25.06,60.15
14,51,21.37,51.29
51,14,21.37,51.29
14,52,20.01,48.01
52,14,20.01,48.01
14,53,19.97,47.92
53,14,19.97,47.92
14,54,39.0,93.6
54,14,39.0,93.6
14,55,45.75,109.79
55,14,45.75,109.79
14,56,44.34,106.42
56,14,44.34,106.42
14,57,37.68,90.44
57,14,37.68,90.44
14,58,40.49,97.17
58,14,40.49,97.17
14,59,41.34,99.22
59,14,41.34,99.22
14,60,38.56,92.54
60,14,38.56,92.54
14,61,30.83,74.0
61,14,30.83,74.0
14,62,13.53,32.48
62,14,13.53,32.48
14,63,23.06,55.36
63,14,23.06,55.36
14,64,6.5,15.6
64,14,6.5,15.6
14,65,8.85,21.24
65,14,8.85,21.24
14,66,21.88,52.51
66,14,21.88,52.51
14,67,18.4,44.15
67,14,18.4,44.15
14,68,20.21,48.5
68,14,20.21,48.5
14,69,24.68,59.24
69,14,24.68,59.24
14,70,25.65,61.56
70,14,25.65,61.56
14,73,20.72,49.72
73,14,20.72,49.72
14,74,5.58,13.39
74,14,5.58,13.39
14,75,31.09,74.62
75,14,31.09,74.62
14,76,48.67,116.82
76,14,48.67,116.82
14,77,8.29,19.9
77,14,8.29,19.9
14,78,44.21,106.11
78,14,44.21,106.11
14,79,30.65,73.57
79,14,30.65,73.57
14,80,28.96,69.5
80,14,28.96,69.5
14,81,43.94,105.45
81,14,43.94,105.45
14,82,6.47,15.53
82,14,6.47,15.53
14,83,54.84,131.61
83,14,54.84,131.61
14,84,28.5,68.39
84,14,28.5,68.39
14,85,19.51,46.83
85,14,19.51,46.83
14,86,43.22,103.73
86,14,43.22,103.73
14,87,40.36,96.87
87,14,40.36,96.87
14,88,35.81,85.95
88,14,35.81,85.95
14,90,53.04,127.3
90,14,53.04,127.3
14,91,36.87,88.48
91,14,36.87,88.48
14,93,26.2,62.89
93,14,26.2,62.89
14,94,45.53,109.28
94,14,45.53,109.28
14,95,33.54,80.49
95,14,33.54,80.49
14,97,23.79,57.09
97,14,23.79,57.09
14,98,43.92,105.42
98,14,43.92,105.42
14,99,59.48,142.75
99,14,59.48,142.75
14,100,17.43,41.82
100,14,17.43,41.82
14,102,36.28,87.07
102,14,36.28,87.07
14,103,32.37,77.68
103,14,32.37,77.68
14,105,12.68,30.43
105,14,12.68,30.43
14,106,26.35,63.24
106,14,26.35,63.24
14,107,43.89,105.33
107,14,43.89,105.33
14,108,30.28,72.67
108,14,30.28,72.67
14,109,32.34,77.63
109,14,32.34,77.63
14,110,37.1,89.03
110,14,37.1,89.03
14,111,40.93,98.23
111,14,40.93,98.23
14,112,35.13,84.3
112,14,35.13,84.3
14,113,40.49,97.17
113,14,40.49,97.17
14,114,43.76,105.02
114,14,43.76,105.02
14,115,14.42,34.61
115,14,14.42,34.61
14,118,23.64,56.75
118,14,23.64,56.75
14,119,34.26,82.21
119,14,34.26,82.21
14,121,44.36,106.45
121,14,44.36,106.45
14,122,18.43,44.22
122,14,18.43,44.22
14,123,38.33,92.01
123,14,38.33,92.01
14,124,52.55,126.12
124,14,52.55,126.12
14,125,22.53,54.06
125,14,22.53,54.06
14,126,60.34,144.81
126,14,60.34,144.81
14,127,26.19,62.86
127,14,26.19,62.86
14,128,35.47,85.14
128,14,35.47,85.14
14,129,21.87,52.48
129,14,21.87,52.48
14,132,21.86,52.47
132,14,21.86,52.47
14,133,29.9,71.75
133,14,29.9,71.75
14,134,29.27,70.25
134,14,29.27,70.25
14,135,30.22,72.53
135,14,30.22,72.53
14,136,20.49,49.16
136,14,20.49,49.16
14,137,56.81,136.35
137,14,56.81,136.35
14,138,42.8,102.71
138,14,42.8,102.71
14,139,33.13,79.51
139,14,33.13,79.51
14,140,8.71,20.9
140,14,8.71,20.9
14,141,34.78,83.47
141,14,34.78,83.47
14,142,56.2,134.87
142,14,56.2,134.87
14,143,30.41,72.98
143,14,30.41,72.98
14,144,21.23,50.96
144,14,21.23,50.96
14,146,41.19,98.84
146,14,41.19,98.84
14,147,46.7,112.09
147,14,46.7,112.09
14,148,39.48,94.76
148,14,39.48,94.76
14,149,41.19,98.86
149,14,41.19,98.86
14,150,41.03,98.46
150,14,41.03,98.46
16,17,11.81,28.34
17,16,11.81,28.34
16,19,12.21,29.31
19,16,12.21,29.31
16,20,13.86,33.25
20,16,13.86,33.25
16,21,10.41,24.97
21,16,10.41,24.97
16,22,31.77,76.25
22,16,31.77,76.25
16,23,20.94,50.26
23,16,20.94,50.26
16,24,28.77,69.06
24,16,28.77,69.06
16,25,17.3,41.53
25,16,17.3,41.53
16,26,30.61,73.45
26,16,30.61,73.45
16,27,32.57,78.17
27,16,32.57,78.17
16,28,5.02,12.05
28,16,5.02,12.05
16,29,7.99,19.18
29,16,7.99,19.18
16,30,27.82,66.76
30,16,27.82,66.76
16,31,30.55,73.32
31,16,30.55,73.32
16,32,14.66,35.17
32,16,14.66,35.17
16,33,20.62,49.5
33,16,20.62,49.5
16,35,37.1,89.02
35,16,37.1,89.02
16,36,19.41,46.58
36,16,19.41,46.58
16,37,18.55,44.52
37,16,18.55,44.52
16,38,15.85,38.03
38,16,15.85,38.03
16,40,24.48,58.75
40,16,24.48,58.75
16,41,33.02,79.26
41,16,33.02,79.26
16,43,42.58,102.2
43,16,42.58,102.2
16,44,35.11,84.27
44,16,35.11,84.27
16,45,14.15,33.97
45,16,14.15,33.97
16,46,9.77,23.46
46,16,9.77,23.46
16,48,21.6,51.84
48,16,21.6,51.84
16,49,22.32,53.57
49,16,22.32,53.57
16,50,6.23,14.96
50,16,6.23,14.96
16,51,34.92,83.8
51,16,34.92,83.8
16,52,40.82,97.95
52,16,40.82,97.95
16,53,40.05,96.1
53,16,40.05,96.1
16,54,24.16,57.99
54,16,24.16,57.99
16,55,31.05,74.51
55,16,31.05,74.51
16,56,33.45,80.29
56,16,33.45,80.29
16,57,32.66,78.38
57,16,32.66,78.38
16,58,21.51,51.62
58,16,21.51,51.62
16,59,22.49,53.96
59,16,22.49,53.96
16,60,22.18,53.23
60,16,22.18,53.23
16,61,27.19,65.25
61,16,27.19,65.25
16,62,23.84,57.22
62,16,23.84,57.22
16,63,31.31,75.15
63,16,31.31,75.15
16,64,17.13,41.09
64,16,17.13,41.09
16,65,13.62,32.69
65,16,13.62,32.69
16,66,26.01,62.43
66,16,26.01,62.43
16,67,34.33,82.38
67,16,34.33,82.38
16,68,40.97,98.35
68,16,40.97,98.35
16,69,45.53,109.25
69,16,45.53,109.25
16,70,46.03,110.47
70,16,46.03,110.47
16,73,37.85,90.83
73,16,37.85,90.83
16,74,24.81,59.54
74,16,24.81,59.54
16,75,51.94,124.64
75,16,51.94,124.64
16,76,27.41,65.79
76,16,27.41,65.79
16,77,20.69,49.67
77,16,20.69,49.67
16,78,32.76,78.61
78,16,32.76,78.61
16,79,51.41,123.4
79,16,51.41,123.4
16,80,47.9,114.94
80,16,47.9,114.94
16,81,35.17,84.4
81,16,35.17,84.4
16,82,14.82,35.58
82,16,14.82,35.58
16,83,34.59,83.02
83,16,34.59,83.02
16,84,30.18,72.44
84,16,30.18,72.44
16,85,28.09,67.41
85,16,28.09,67.41
16,86,21.95,52.67
86,16,21.95,52.67
16,87,22.93,55.02
87,16,22.93,55.02
16,88,34.28,82.27
88,16,34.28,82.27
16,90,32.05,76.92
90,16,32.05,76.92
16,91,29.05,69.73
91,16,29.05,69.73
16,93,47.13,113.1
93,16,47.13,113.1
16,94,36.97,88.72
94,16,36.97,88.72
16,95,28.64,68.73
95,16,28.64,68.73
16,97,40.65,97.56
97,16,40.65,97.56
16,98,27.0,64.81
98,16,27.0,64.81
16,99,38.91,93.38
99,16,38.91,93.38
16,100,7.7,18.48
100,16,7.7,18.48
16,102,57.13,137.09
102,16,57.13,137.09
16,103,53.02,127.24
103,16,53.02,127.24
16,105,26.41,63.37
105,16,26.41,63.37
16,106,39.6,95.03
106,16,39.6,95.03
16,107,37.65,90.36
107,16,37.65,90.36
16,108,38.85,93.23
108,16,38.85,93.23
16,109,35.67,85.6
109,16,35.67,85.6
16,110,57.95,139.05
110,16,57.95,139.05
16,111,38.26,91.83
111,16,38.26,91.83
16,112,42.12,101.08
112,16,42.12,101.08
16,113,61.34,147.19
113,16,61.34,147.19
16,114,42.74,102.58
114,16,42.74,102.58
16,115,12.61,30.28
115,16,12.61,30.28
16,118,38.42,92.21
118,16,38.42,92.21
16,119,44.14,105.93
119,16,44.14,105.93
16,121,23.9,57.36
121,16,23.9,57.36
16,122,23.83,57.19
122,16,23.83,57.19
16,123,44.65,107.16
123,16,44.65,107.16
16,124,32.72,78.54
124,16,32.72,78.54
16,125,14.09,33.82
125,16,14.09,33.82
16,126,39.83,95.59
126,16,39.83,95.59
16,127,46.91,112.58
127,16,46.91,112.58
16,128,41.79,100.3
128,16,41.79,100.3
16,129,13.83,33.2
129,16,13.83,33.2
16,132,25.07,60.16
132,16,25.07,60.16
16,133,10.68,25.62
133,16,10.68,25.62
16,134,20.55,49.31
134,16,20.55,49.31
16,135,48.93,117.41
135,16,48.93,117.41
16,136,39.78,95.46
136,16,39.78,95.46
16,137,36.18,86.83
137,16,36.18,86.83
16,138,43.04,103.3
138,16,43.04,103.3
16,139,45.2,108.47
139,16,45.2,108.47
16,140,26.1,62.64
140,16,26.1,62.64
16,141,26.42,63.42
141,16,26.42,63.42
16,142,36.1,86.63
142,16,36.1,86.63
16,143,12.75,30.61
143,16,12.75,30.61
16,144,13.75,33.01
144,16,13.75,33.01
16,146,42.67,102.4
146,16,42.67,102.4
16,147,43.69,104.86
147,16,43.69,104.86
16,148,25.03,60.06
148,16,25.03,60.06
16,149,44.61,107.06
149,16,44.61,107.06
16,150,39.1,93.84
150,16,39.1,93.84
17,19,22.63,54.31
19,17,22.63,54.31
17,20,25.6,61.44
20,17,25.6,61.44
17,21,22.16,53.19
21,17,22.16,53.19
17,22,41.52,99.64
22,17,41.52,99.64
17,23,32.74,78.59
23,17,32.74,78.59
17,24,40.55,97.33
24,17,40.55,97.33
17,25,28.44,68.25
25,17,28.44,68.25
17,26,37.27,89.46
26,17,37.27,89.46
17,27,39.23,94.18
27,17,39.23,94.18
17,28,10.68,25.63
28,17,10.68,25.63
17,29,8.49,20.37
29,17,8.49,20.37
17,30,39.29,94.29
30,17,39.29,94.29
17,31,42.15,101.16
31,17,42.15,101.16
17,32,11.27,27.05
32,17,11.27,27.05
17,33,14.6,35.03
33,17,14.6,35.03
17,35,42.02,100.85
35,17,42.02,100.85
17,36,27.99,67.19
36,17,27.99,67.19
17,37,25.36,60.87
37,17,25.36,60.87
17,38,20.73,49.74
38,17,20.73,49.74
17,40,35.34,84.82
40,17,35.34,84.82
17,41,44.01,105.61
41,17,44.01,105.61
17,43,50.75,121.82
43,17,50.75,121.82
17,44,42.29,101.51
44,17,42.29,101.51
17,45,20.19,48.46
45,17,20.19,48.46
17,46,17.65,42.35
46,17,17.65,42.35
17,48,16.7,40.08
48,17,16.7,40.08
17,49,14.18,34.04
49,17,14.18,34.04
17,50,5.59,13.41
50,17,5.59,13.41
17,51,36.42,87.41
51,17,36.42,87.41
17,52,47.48,113.96
52,17,47.48,113.96
17,53,46.71,112.11
53,17,46.71,112.11
17,54,31.63,75.92
54,17,31.63,75.92
17,55,37.8,90.73
55,17,37.8,90.73
17,56,42.16,101.19
56,17,42.16,101.19
17,57,43.39,104.13
57,17,43.39,104.13
17,58,25.42,61.01
58,17,25.42,61.01
17,59,11.91,28.59
59,17,11.91,28.59
17,60,10.39,24.93
60,17,10.39,24.93
17,61,20.6,49.44
61,17,20.6,49.44
17,62,35.03,84.06
62,17,35.03,84.06
17,63,43.0,103.2
63,17,43.0,103.2
17,64,23.79,57.1
64,17,23.79,57.1
17,65,23.73,56.96
65,17,23.73,56.96
17,66,37.81,90.75
66,17,37.81,90.75
17,67,37.9,90.96
67,17,37.9,90.96
17,68,47.92,115.03
68,17,47.92,115.03
17,69,52.19,125.26
69,17,52.19,125.26
17,70,53.36,128.08
70,17,53.36,128.08
17,73,47.58,114.19
73,17,47.58,114.19
17,74,32.64,78.36
74,17,32.64,78.36
17,75,58.6,140.65
75,17,58.6,140.65
17,76,22.33,53.6
76,17,22.33,53.6
17,77,31.16,74.79
77,17,31.16,74.79
17,78,21.57,51.76
78,17,21.57,51.76
17,79,58.36,140.07
79,17,58.36,140.07
17,80,53.77,129.06
80,17,53.77,129.06
17,81,24.81,59.54
81,17,24.81,59.54
17,82,22.52,54.06
82,17,22.52,54.06
17,83,25.7,61.67
83,17,25.7,61.67
17,84,26.01,62.43
84,17,26.01,62.43
17,85,28.31,67.95
85,17,28.31,67.95
17,86,19.19,46.07
86,17,19.19,46.07
17,87,28.43,68.24
87,17,28.43,68.24
17,88,45.6,109.43
88,17,45.6,109.43
17,90,25.04,60.11
90,17,25.04,60.11
17,91,19.73,47.36
91,17,19.73,47.36
17,93,53.89,129.34
93,17,53.89,129.34
17,94,46.41,111.37
94,17,46.41,111.37
17,95,39.6,95.04
95,17,39.6,95.04
17,97,44.24,106.18
97,17,44.24,106.18
17,98,32.42,77.81
98,17,32.42,77.81
17,99,30.56,73.34
99,17,30.56,73.34
17,100,19.48,46.75
100,17,19.48,46.75
17,102,63.79,153.1
102,17,63.79,153.1
17,103,59.68,143.25
103,17,59.68,143.25
17,105,37.19,89.26
105,17,37.19,89.26
17,106,40.28,96.67
106,17,40.28,96.67
17,107,47.82,114.76
107,17,47.82,114.76
17,108,50.63,121.52
108,17,50.63,121.52
17,109,47.42,113.82
109,17,47.42,113.82
17,110,64.61,155.06
110,17,64.61,155.06
17,111,49.26,118.23
111,17,49.26,118.23
17,112,53.92,129.42
112,17,53.92,129.42
17,113,68.0,163.2
113,17,68.0,163.2
17,114,53.92,129.4
114,17,53.92,129.4
17,115,16.0,38.4
115,17,16.0,38.4
17,118,49.44,118.67
118,17,49.44,118.67
17,119,55.92,134.2
119,17,55.92,134.2
17,121,24.61,59.06
121,17,24.61,59.06
17,122,35.53,85.28
122,17,35.53,85.28
17,123,40.84,98.01
123,17,40.84,98.01
17,124,23.21,55.71
124,17,23.21,55.71
17,125,25.55,61.32
125,17,25.55,61.32
17,126,31.34,75.22
126,17,31.34,75.22
17,127,53.9,129.39
127,17,53.9,129.39
17,128,38.29,91.9
128,17,38.29,91.9
17,129,10.86,26.06
129,17,10.86,26.06
17,132,23.23,55.75
132,17,23.23,55.75
17,133,17.4,41.75
133,17,17.4,41.75
17,134,12.65,30.35
134,17,12.65,30.35
17,135,54.45,130.67
135,17,54.45,130.67
17,136,46.44,111.47
136,17,46.44,111.47
17,137,28.02,67.25
137,17,28.02,67.25
17,138,54.4,130.56
138,17,54.4,130.56
17,139,44.58,106.99
139,17,44.58,106.99
17,140,35.11,84.28
140,17,35.11,84.28
17,141,17.23,41.35
141,17,17.23,41.35
17,142,26.95,64.67
142,17,26.95,64.67
17,143,1.01,2.43
143,17,1.01,2.43
17,144,11.34,27.23
144,17,11.34,27.23
17,146,54.18,130.04
146,17,54.18,130.04
17,147,54.46,130.69
147,17,54.46,130.69
17,148,32.63,78.32
148,17,32.63,78.32
17,149,39.25,94.2
149,17,39.25,94.2
17,150,31.55,75.73
150,17,31.55,75.73
19,20,10.59,25.41
20,19,10.59,25.41
19,21,6.33,15.18
21,19,6.33,15.18
19,22,19.56,46.95
22,19,19.56,46.95
19,23,14.27,34.24
23,19,14.27,34.24
19,24,19.93,47.83
24,19,19.93,47.83
19,25,16.31,39.14
25,19,16.31,39.14
19,26,35.24,84.57
26,19,35.24,84.57
19,27,38.32,91.96
27,19,38.32,91.96
19,28,16.88,40.52
28,19,16.88,40.52
19,29,20.17,48.41
29,19,20.17,48.41
19,30,17.22,41.34
30,19,17.22,41.34
19,31,20.38,48.9
31,19,20.38,48.9
19,32,19.37,46.49
32,19,19.37,46.49
19,33,32.81,78.74
33,19,32.81,78.74
19,35,44.9,107.76
35,19,44.9,107.76
19,36,8.25,19.81
36,19,8.25,19.81
19,37,9.92,23.82
37,19,9.92,23.82
19,38,11.21,26.9
38,19,11.21,26.9
19,40,12.72,30.53
40,19,12.72,30.53
19,41,29.83,71.59
41,19,29.83,71.59
19,43,41.94,100.65
43,19,41.94,100.65
19,44,36.47,87.54
44,19,36.47,87.54
19,45,22.56,54.15
45,19,22.56,54.15
19,46,18.05,43.33
46,19,18.05,43.33
19,48,24.94,59.85
48,19,24.94,59.85
19,49,28.35,68.04
49,19,28.35,68.04
19,50,17.59,42.22
50,19,17.59,42.22
19,51,43.8,105.14
51,19,43.8,105.14
19,52,43.92,105.41
52,19,43.92,105.41
19,53,45.23,108.55
53,19,45.23,108.55
19,54,13.59,32.61
54,19,13.59,32.61
19,55,20.55,49.33
55,19,20.55,49.33
19,56,21.52,51.64
56,19,21.52,51.64
19,57,20.77,49.84
57,19,20.77,49.84
19,58,15.67,37.61
58,19,15.67,37.61
19,59,30.77,73.84
59,19,30.77,73.84
19,60,32.38,77.7
60,19,32.38,77.7
19,61,39.36,94.46
61,19,39.36,94.46
19,62,21.08,50.58
62,19,21.08,50.58
19,63,25.03,60.08
63,19,25.03,60.08
19,64,25.44,61.06
64,19,25.44,61.06
19,65,16.89,40.53
65,19,16.89,40.53
19,66,18.87,45.3
66,19,18.87,45.3
19,67,42.64,102.35
67,19,42.64,102.35
19,68,42.22,101.34
68,19,42.22,101.34
19,69,48.2,115.68
69,19,48.2,115.68
19,70,46.34,111.22
70,19,46.34,111.22
19,73,35.78,85.86
73,19,35.78,85.86
19,74,26.78,64.27
74,19,26.78,64.27
19,75,54.37,130.49
75,19,54.37,130.49
19,76,29.63,71.11
76,19,29.63,71.11
19,77,20.85,50.04
77,19,20.85,50.04
19,78,44.18,106.03
78,19,44.18,106.03
19,79,52.1,125.04
79,19,52.1,125.04
19,80,54.64,131.14
80,19,54.64,131.14
19,81,47.04,112.91
81,19,47.04,112.91
19,82,20.26,48.62
82,19,20.26,48.62
19,83,39.84,95.62
83,19,39.84,95.62
19,84,41.91,100.59
84,19,41.91,100.59
19,85,38.28,91.88
85,19,38.28,91.88
19,86,23.18,55.63
86,19,23.18,55.63
19,87,14.78,35.47
87,19,14.78,35.47
19,88,23.18,55.64
88,19,23.18,55.64
19,90,35.52,85.25
90,19,35.52,85.25
19,91,41.15,98.77
91,19,41.15,98.77
19,93,48.33,116.0
93,19,48.33,116.0
19,94,24.78,59.47
94,19,24.78,59.47
19,95,16.99,40.77
95,19,16.99,40.77
19,97,48.77,117.04
97,19,48.77,117.04
19,98,18.24,43.77
98,19,18.24,43.77
19,99,43.2,103.67
99,19,43.2,103.67
19,100,8.81,21.15
100,19,8.81,21.15
19,102,59.04,141.71
102,19,59.04,141.71
19,103,56.25,135.01
103,19,56.25,135.01
19,105,24.59,59.02
105,19,24.59,59.02
19,106,48.79,117.12
106,19,48.79,117.12
19,107,25.49,61.17
107,19,25.49,61.17
19,108,31.11,74.66
108,19,31.11,74.66
19,109,26.26,63.03
109,19,26.26,63.03
19,110,60.38,144.9
110,19,60.38,144.9
19,111,26.64,63.95
111,19,26.64,63.95
19,112,33.39,80.14
112,19,33.39,80.14
19,113,63.77,153.04
113,19,63.77,153.04
19,114,31.35,75.23
114,19,31.35,75.23
19,115,23.13,55.52
115,19,23.13,55.52
19,118,33.38,80.11
118,19,33.38,80.11
19,119,36.32,87.18
119,19,36.32,87.18
19,121,21.02,50.45
121,19,21.02,50.45
19,122,18.2,43.7
122,19,18.2,43.7
19,123,55.98,134.36
123,19,55.98,134.36
19,124,38.83,93.2
124,19,38.83,93.2
19,125,4.98,11.96
125,19,4.98,11.96
19,126,44.21,106.1
126,19,44.21,106.1
19,127,47.71,114.52
127,19,47.71,114.52
19,128,53.07,127.36
128,19,53.07,127.36
19,129,25.95,62.27
129,19,25.95,62.27
19,132,36.3,87.11
132,19,36.3,87.11
19,133,7.88,18.9
133,19,7.88,18.9
19,134,32.73,78.55
134,19,32.73,78.55
19,135,55.91,134.18
135,19,55.91,134.18
19,136,46.14,110.74
136,19,46.14,110.74
19,137,40.46,97.1
137,19,40.46,97.1
19,138,31.97,76.74
138,19,31.97,76.74
19,139,55.08,132.19
139,19,55.08,132.19
19,140,26.54,63.69
140,19,26.54,63.69
19,141,38.53,92.46
141,19,38.53,92.46
19,142,41.52,99.64
142,19,41.52,99.64
19,143,23.39,56.14
143,19,23.39,56.14
19,144,25.8,61.93
144,19,25.8,61.93
19,146,32.0,76.8
146,19,32.0,76.8
19,147,31.84,76.42
147,19,31.84,76.42
19,148,14.23,34.15
148,19,14.23,34.15
19,149,56.41,135.38
149,19,56.41,135.38
19,150,51.29,123.09
150,19,51.29,123.09
20,21,4.83,11.6
21,20,4.83,11.6
20,22,24.79,59.49
22,20,24.79,59.49
20,23,7.31,17.55
23,20,7.31,17.55
20,24,15.59,37.42
24,20,15.59,37.42
20,25,5.73,13.75
25,20,5.73,13.75
20,26,25.03,60.08
26,20,25.03,60.08
20,27,28.29,67.91
27,20,28.29,67.91
20,28,16.06,38.55
28,20,16.06,38.55
20,29,19.64,47.13
29,20,19.64,47.13
20,30,16.27,39.06
30,20,16.27,39.06
20,31,18.27,43.85
31,20,18.27,43.85
20,32,26.73,64.14
32,20,26.73,64.14
20,33,31.14,74.73
33,20,31.14,74.73
20,35,35.66,85.6
35,20,35.66,85.6
20,36,17.89,42.95
36,20,17.89,42.95
20,37,20.46,49.11
37,20,20.46,49.11
20,38,21.45,51.48
38,20,21.45,51.48
20,40,15.62,37.49
40,20,15.62,37.49
20,41,20.17,48.41
41,20,20.17,48.41
20,43,31.58,75.78
43,20,31.58,75.78
20,44,25.89,62.13
44,20,25.89,62.13
20,45,16.09,38.61
45,20,16.09,38.61
20,46,12.74,30.59
46,20,12.74,30.59
20,48,33.22,79.74
48,20,33.22,79.74
20,49,35.3,84.73
49,20,35.3,84.73
20,50,20.02,48.04
50,20,20.02,48.04
20,51,36.21,86.9
51,20,36.21,86.9
20,52,33.39,80.13
52,20,33.39,80.13
20,53,34.95,83.88
53,20,34.95,83.88
20,54,23.17,55.62
54,20,23.17,55.62
20,55,29.79,71.49
55,20,29.79,71.49
20,56,28.42,68.21
56,20,28.42,68.21
20,57,23.14,55.53
57,20,23.14,55.53
20,58,26.23,62.95
58,20,26.23,62.95
20,59,36.2,86.87
59,20,36.2,86.87
20,60,35.99,86.36
60,20,35.99,86.36
20,61,37.19,89.25
61,20,37.19,89.25
20,62,11.0,26.41
62,20,11.0,26.41
20,63,17.46,41.91
63,20,17.46,41.91
20,64,17.64,42.33
64,20,17.64,42.33
20,65,8.05,19.31
65,20,8.05,19.31
20,66,12.27,29.46
66,20,12.27,29.46
20,67,34.06,81.74
67,20,34.06,81.74
20,68,31.64,75.94
68,20,31.64,75.94
20,69,37.62,90.3
69,20,37.62,90.3
20,70,35.84,86.02
70,20,35.84,86.02
20,73,25.75,61.8
73,20,25.75,61.8
20,74,16.32,39.17
74,20,16.32,39.17
20,75,43.78,105.09
75,20,43.78,105.09
20,76,38.53,92.48
76,20,38.53,92.48
20,77,10.28,24.67
77,20,10.28,24.67
20,78,45.82,109.96
78,20,45.82,109.96
20,79,41.58,99.78
79,20,41.58,99.78
20,80,44.68,107.25
80,20,44.68,107.25
20,81,47.5,114.0
81,20,47.5,114.0
20,82,11.97,28.72
82,20,11.97,28.72
20,83,47.44,113.85
83,20,47.44,113.85
20,84,37.89,90.95
84,20,37.89,90.95
20,85,31.93,76.63
85,20,31.93,76.63
20,86,32.29,77.49
86,20,32.29,77.49
20,87,25.26,60.64
87,20,25.26,60.64
20,88,22.88,54.91
88,20,22.88,54.91
20,90,43.98,105.56
90,20,43.98,105.56
20,91,40.85,98.03
91,20,40.85,98.03
20,93,37.76,90.63
93,20,37.76,90.63
20,94,30.08,72.19
94,20,30.08,72.19
20,95,18.84,45.21
95,20,18.84,45.21
20,97,39.77,95.45
97,20,39.77,95.45
20,98,28.48,68.36
98,20,28.48,68.36
20,99,51.35,123.24
99,20,51.35,123.24
20,100,6.16,14.78
100,20,6.16,14.78
20,102,48.52,116.44
102,20,48.52,116.44
20,103,45.68,109.64
103,20,45.68,109.64
20,105,14.29,34.3
105,20,14.29,34.3
20,106,41.26,99.03
106,20,41.26,99.03
20,107,29.1,69.85
107,20,29.1,69.85
20,108,25.05,60.11
108,20,25.05,60.11
20,109,22.52,54.06
109,20,22.52,54.06
20,110,49.79,119.5
110,20,49.79,119.5
20,111,27.61,66.26
111,20,27.61,66.26
20,112,28.52,68.46
112,20,28.52,68.46
20,113,53.18,127.64
113,20,53.18,127.64
20,114,31.43,75.44
114,20,31.43,75.44
20,115,18.74,44.98
115,20,18.74,44.98
20,118,24.92,59.82
118,20,24.92,59.82
20,119,30.32,72.77
119,20,30.32,72.77
20,121,31.27,75.05
121,20,31.27,75.05
20,122,9.98,23.95
122,20,9.98,23.95
20,123,50.67,121.61
123,20,50.67,121.61
20,124,45.9,110.16
124,20,45.9,110.16
20,125,6.56,15.75
125,20,6.56,15.75
20,126,52.33,125.58
126,20,52.33,125.58
20,127,37.17,89.2
127,20,37.17,89.2
20,128,47.71,114.51
128,20,47.71,114.51
20,129,24.27,58.26
129,20,24.27,58.26
20,132,31.53,75.66
132,20,31.53,75.66
20,133,17.03,40.88
133,20,17.03,40.88
20,134,32.17,77.22
134,20,32.17,77.22
20,135,46.04,110.5
135,20,46.04,110.5
20,136,36.15,86.77
136,20,36.15,86.77
20,137,48.59,116.61
137,20,48.59,116.61
20,138,31.2,74.87
138,20,31.2,74.87
20,139,47.8,114.73
139,20,47.8,114.73
20,140,15.95,38.28
140,20,15.95,38.28
20,141,38.29,91.89
141,20,38.29,91.89
20,142,49.03,117.67
142,20,49.03,117.67
20,143,26.57,63.75
143,20,26.57,63.75
20,144,23.89,57.32
144,20,23.89,57.32
20,146,30.34,72.81
146,20,30.34,72.81
20,147,33.4,80.15
147,20,33.4,80.15
20,148,23.58,56.6
148,20,23.58,56.6
20,149,52.15,125.15
149,20,52.15,125.15
20,150,48.95,117.48
150,20,48.95,117.48
21,22,23.6,56.64
22,21,23.6,56.64
21,23,10.85,26.05
23,21,10.85,26.05
21,24,18.39,44.15
24,21,18.39,44.15
21,25,10.31,24.75
25,21,10.31,24.75
21,26,28.92,69.41
26,21,28.92,69.41
21,27,31.99,76.78
27,21,31.99,76.78
21,28,13.81,33.15
28,21,13.81,33.15
21,29,17.42,41.81
29,21,17.42,41.81
21,30,17.59,42.21
30,21,17.59,42.21
21,31,20.19,48.46
31,21,20.19,48.46
21,32,22.12,53.09
32,21,22.12,53.09
21,33,29.69,71.27
33,21,29.69,71.27
21,35,38.68,92.83
35,21,38.68,92.83
21,36,14.35,34.43
36,21,14.35,34.43
21,37,16.21,38.91
37,21,16.21,38.91
21,38,16.72,40.14
38,21,16.72,40.14
21,40,15.13,36.31
40,21,15.13,36.31
21,41,24.96,59.9
41,21,24.96,59.9
21,43,36.37,87.29
43,21,36.37,87.29
21,44,30.42,73.02
44,21,30.42,73.02
21,45,17.02,40.84
45,21,17.02,40.84
21,46,12.81,30.73
46,21,12.81,30.73
21,48,28.5,68.4
48,21,28.5,68.4
21,49,30.84,74.01
49,21,30.84,74.01
21,50,16.62,39.88
50,21,16.62,39.88
21,51,38.17,91.61
51,21,38.17,91.61
21,52,37.73,90.56
52,21,37.73,90.56
21,53,38.92,93.41
53,21,38.92,93.41
21,54,19.72,47.32
54,21,19.72,47.32
21,55,26.59,63.82
55,21,26.59,63.82
21,56,26.48,63.55
56,21,26.48,63.55
21,57,23.22,55.74
57,21,23.22,55.74
21,58,21.68,52.04
58,21,21.68,52.04
21,59,32.12,77.1
59,21,32.12,77.1
21,60,32.48,77.94
60,21,32.48,77.94
21,61,36.05,86.52
61,21,36.05,86.52
21,62,15.83,37.99
62,21,15.83,37.99
21,63,21.63,51.91
63,21,21.63,51.91
21,64,19.52,46.85
64,21,19.52,46.85
21,65,10.61,25.46
65,21,10.61,25.46
21,66,15.93,38.24
66,21,15.93,38.24
21,67,36.59,87.81
67,21,36.59,87.81
21,68,36.24,86.97
68,21,36.24,86.97
21,69,42.08,100.98
69,21,42.08,100.98
21,70,40.57,97.37
70,21,40.57,97.37
21,73,30.58,73.39
73,21,30.58,73.39
21,74,20.55,49.33
74,21,20.55,49.33
21,75,48.29,115.91
75,21,48.29,115.91
21,76,33.74,80.98
76,21,33.74,80.98
21,77,14.78,35.48
77,21,14.78,35.48
21,78,43.1,103.45
78,21,43.1,103.45
21,79,46.27,111.06
79,21,46.27,111.06
21,80,48.31,115.96
80,21,48.31,115.96
21,81,45.27,108.66
81,21,45.27,108.66
21,82,14.13,33.9
82,21,14.13,33.9
21,83,42.88,102.91
83,21,42.88,102.91
21,84,37.69,90.45
84,21,37.69,90.45
21,85,32.98,79.16
85,21,32.98,79.16
21,86,27.47,65.93
86,21,27.47,65.93
21,87,21.09,50.61
87,21,21.09,50.61
21,88,24.15,57.97
88,21,24.15,57.97
21,90,39.26,94.22
90,21,39.26,94.22
21,91,38.9,93.35
91,21,38.9,93.35
21,93,42.39,101.73
93,21,42.39,101.73
21,94,28.95,69.48
94,21,28.95,69.48
21,95,19.0,45.61
95,21,19.0,45.61
21,97,42.61,102.26
97,21,42.61,102.26
21,98,24.56,58.94
98,21,24.56,58.94
21,99,46.69,112.05
99,21,46.69,112.05
21,100,3.55,8.52
100,21,3.55,8.52
21,102,53.2,127.7
102,21,53.2,127.7
21,103,50.11,120.28
103,21,50.11,120.28
21,105,19.12,45.88
105,21,19.12,45.88
21,106,43.18,103.64
106,21,43.18,103.64
21,107,28.75,69.0
107,21,28.75,69.0
21,108,28.76,69.01
108,21,28.76,69.01
21,109,25.27,60.64
109,21,25.27,60.64
21,110,54.3,130.32
110,21,54.3,130.32
21,111,28.43,68.23
111,21,28.43,68.23
21,112,31.81,76.35
112,21,31.81,76.35
21,113,57.69,138.46
113,21,57.69,138.46
21,114,32.7,78.49
114,21,32.7,78.49
21,115,18.46,44.31
115,21,18.46,44.31
21,118,29.39,70.55
118,21,29.39,70.55
21,119,34.06,81.74
119,21,34.06,81.74
21,121,26.51,63.64
121,21,26.51,63.64
21,122,14.24,34.17
122,21,14.24,34.17
21,123,51.23,122.94
123,21,51.23,122.94
21,124,41.45,99.48
124,21,41.45,99.48
21,125,4.35,10.44
125,21,4.35,10.44
21,126,47.67,114.41
126,21,47.67,114.41
21,127,41.84,100.42
127,21,41.84,100.42
21,128,48.28,115.87
128,21,48.28,115.87
21,129,22.71,54.51
129,21,22.71,54.51
21,132,31.67,76.0
132,21,31.67,76.0
21,133,12.2,29.29
133,21,12.2,29.29
21,134,30.24,72.57
134,21,30.24,72.57
21,135,49.59,119.03
135,21,49.59,119.03
21,136,39.81,95.56
136,21,39.81,95.56
21,137,43.93,105.42
137,21,43.93,105.42
21,138,32.84,78.81
138,21,32.84,78.81
21,139,49.49,118.79
139,21,49.49,118.79
21,140,20.54,49.29
140,21,20.54,49.29
21,141,36.28,87.08
141,21,36.28,87.08
21,142,44.49,106.78
142,21,44.49,106.78
21,143,23.08,55.38
143,21,23.08,55.38
21,144,22.44,53.85
144,21,22.44,53.85
21,146,32.34,77.62
146,21,32.34,77.62
21,147,34.05,81.71
147,21,34.05,81.71
21,148,20.27,48.66
148,21,20.27,48.66
21,149,52.14,125.15
149,21,52.14,125.15
21,150,47.98,115.14
150,21,47.98,115.14
22,23,21.47,51.52
23,22,21.47,51.52
22,24,18.52,44.44
24,22,18.52,44.44
22,25,29.11,69.86
25,22,29.11,69.86
22,26,48.04,115.3
26,22,48.04,115.3
22,27,51.61,123.87
27,22,51.61,123.87
22,28,36.39,87.34
28,22,36.39,87.34
22,29,39.73,95.35
29,22,39.73,95.35
22,30,12.79,30.69
30,22,12.79,30.69
22,31,14.8,35.52
31,22,14.8,35.52
22,32,35.23,84.55
32,22,35.23,84.55
22,33,52.37,125.68
33,22,52.37,125.68
22,35,59.89,143.74
35,22,59.89,143.74
22,36,13.82,33.17
36,22,13.82,33.17
22,37,17.86,42.85
37,22,17.86,42.85
22,38,23.16,55.59
38,22,23.16,55.59
22,40,9.32,22.38
40,22,9.32,22.38
22,41,34.51,82.82
41,22,34.51,82.82
22,43,47.15,113.16
43,22,47.15,113.16
22,44,46.24,110.98
44,22,46.24,110.98
22,45,40.45,97.07
45,22,40.45,97.07
22,46,36.39,87.34
46,22,36.39,87.34
22,48,38.38,92.12
48,22,38.38,92.12
22,49,43.54,104.5
49,22,43.54,104.5
22,50,36.89,88.54
50,22,36.89,88.54
22,51,61.0,146.39
51,22,61.0,146.39
22,52,54.29,130.3
52,22,54.29,130.3
22,53,57.3,137.52
53,22,57.3,137.52
22,54,12.61,30.27
54,22,12.61,30.27
22,55,12.88,30.9
55,22,12.88,30.9
22,56,5.34,12.83
56,22,5.34,12.83
22,57,6.37,15.28
57,22,6.37,15.28
22,58,22.49,53.98
58,22,22.49,53.98
22,59,47.52,114.04
59,22,47.52,114.04
22,60,50.47,121.14
60,22,50.47,121.14
22,61,58.91,141.37
61,22,58.91,141.37
22,62,29.75,71.41
62,22,29.75,71.41
22,63,26.49,63.59
63,22,26.49,63.59
22,64,42.4,101.77
64,22,42.4,101.77
22,65,32.83,78.8
65,22,32.83,78.8
22,66,21.9,52.56
66,22,21.9,52.56
22,67,58.69,140.86
67,22,58.69,140.86
22,68,51.05,122.52
68,22,51.05,122.52
22,69,57.68,138.43
69,22,57.68,138.43
22,70,52.4,125.77
70,22,52.4,125.77
22,73,39.97,95.92
73,22,39.97,95.92
22,74,39.02,93.65
74,22,39.02,93.65
22,75,62.52,150.04
75,22,62.52,150.04
22,76,40.96,98.31
76,22,40.96,98.31
22,77,32.92,79.01
77,22,32.92,79.01
22,78,63.0,151.2
78,22,63.0,151.2
22,79,57.92,139.0
79,22,57.92,139.0
22,80,67.72,162.53
80,22,67.72,162.53
22,81,66.26,159.03
81,22,66.26,159.03
22,82,36.74,88.18
82,22,36.74,88.18
22,83,52.97,127.12
83,22,52.97,127.12
22,84,61.16,146.79
84,22,61.16,146.79
22,85,56.44,135.47
85,22,56.44,135.47
22,86,35.06,84.14
86,22,35.06,84.14
22,87,18.34,44.03
87,22,18.34,44.03
22,88,12.12,29.09
88,22,12.12,29.09
22,90,47.23,113.35
90,22,47.23,113.35
22,91,60.59,145.43
91,22,60.59,145.43
22,93,55.71,133.69
93,22,55.71,133.69
22,94,5.35,12.85
94,22,5.35,12.85
22,95,8.05,19.31
95,22,8.05,19.31
22,97,64.13,153.92
97,22,64.13,153.92
22,98,17.48,41.96
98,22,17.48,41.96
22,99,54.94,131.85
99,22,54.94,131.85
22,100,27.08,64.99
100,22,27.08,64.99
22,102,64.43,154.63
102,22,64.43,154.63
22,103,65.02,156.04
103,22,65.02,156.04
22,105,33.16,79.58
105,22,33.16,79.58
22,106,66.05,158.52
106,22,66.05,158.52
22,107,6.64,15.95
107,22,6.64,15.95
22,108,27.31,65.54
108,22,27.31,65.54
22,109,19.89,47.73
109,22,19.89,47.73
22,110,67.76,162.62
110,22,67.76,162.62
22,111,10.83,25.97
111,22,10.83,25.97
22,112,26.32,63.17
112,22,26.32,63.17
22,113,71.39,171.34
113,22,71.39,171.34
22,114,15.58,37.39
114,22,15.58,37.39
22,115,42.03,100.87
115,22,42.03,100.87
22,118,36.31,87.15
118,22,36.31,87.15
22,119,30.88,74.1
119,22,30.88,74.1
22,121,28.94,69.48
121,22,28.94,69.48
22,122,24.29,58.3
122,22,24.29,58.3
22,123,74.82,179.57
123,22,74.82,179.57
22,124,52.94,127.05
124,22,52.94,127.05
22,125,19.3,46.31
125,22,19.3,46.31
22,126,55.96,134.3
126,22,55.96,134.3
22,127,54.44,130.65
127,22,54.44,130.65
22,128,71.87,172.5
128,22,71.87,172.5
22,129,45.48,109.15
129,22,45.48,109.15
22,132,55.25,132.6
132,22,55.25,132.6
22,133,24.38,58.51
133,22,24.38,58.51
22,134,52.25,125.41
134,22,52.25,125.41
22,135,69.24,166.17
135,22,69.24,166.17
22,136,59.31,142.34
136,22,59.31,142.34
22,137,52.47,125.93
137,22,52.47,125.93
22,138,17.44,41.84
138,22,17.44,41.84
22,139,72.58,174.2
139,22,72.58,174.2
22,140,37.21,89.31
140,22,37.21,89.31
22,141,57.97,139.13
141,22,57.97,139.13
22,142,54.67,131.21
142,22,54.67,131.21
22,143,42.15,101.17
143,22,42.15,101.17
22,144,45.31,108.75
144,22,45.31,108.75
22,146,19.0,45.59
146,22,19.0,45.59
22,147,14.22,34.12
147,22,14.22,34.12
22,148,11.73,28.16
148,22,11.73,28.16
22,149,75.65,181.56
149,22,75.65,181.56
22,150,70.84,170.02
150,22,70.84,170.02
23,24,8.38,20.11
24,23,8.38,20.11
23,25,8.44,20.25
25,23,8.44,20.25
23,26,26.58,63.79
26,23,26.58,63.79
23,27,30.16,72.39
27,23,30.16,72.39
23,28,23.37,56.1
28,23,23.37,56.1
23,29,26.95,64.68
29,23,26.95,64.68
23,30,10.37,24.89
30,23,10.37,24.89
23,31,11.59,27.82
31,23,11.59,27.82
23,32,32.76,78.62
32,23,32.76,78.62
23,33,38.28,91.87
33,23,38.28,91.87
23,35,38.66,92.79
35,23,38.66,92.79
23,36,19.12,45.88
36,23,19.12,45.88
23,37,22.94,55.05
37,23,22.94,55.05
23,38,25.4,60.95
38,23,25.4,60.95
23,40,12.3,29.52
40,23,12.3,29.52
23,41,15.99,38.36
41,23,15.99,38.36
23,43,28.89,69.34
43,23,28.89,69.34
23,44,25.21,60.5
44,23,25.21,60.5
23,45,22.3,53.51
45,23,22.3,53.51
23,46,19.61,47.06
46,23,19.61,47.06
23,48,38.86,93.27
48,23,38.86,93.27
23,49,41.59,99.81
49,23,41.59,99.81
23,50,27.16,65.18
50,23,27.16,65.18
23,51,40.76,97.82
51,23,40.76,97.82
23,52,33.2,79.68
52,23,33.2,79.68
23,53,35.89,86.14
53,23,35.89,86.14
23,54,23.74,56.97
54,23,23.74,56.97
23,55,29.46,70.71
55,23,29.46,70.71
23,56,26.01,62.43
56,23,26.01,62.43
23,57,18.2,43.68
57,23,18.2,43.68
23,58,29.26,70.22
58,23,29.26,70.22
23,59,42.97,103.14
59,23,42.97,103.14
23,60,43.12,103.48
60,23,43.12,103.48
23,61,44.2,106.07
61,23,44.2,106.07
23,62,8.53,20.47
62,23,8.53,20.47
23,63,10.91,26.17
63,23,10.91,26.17
23,64,22.94,55.04
64,23,22.94,55.04
23,65,13.7,32.89
65,23,13.7,32.89
23,66,5.09,12.22
66,23,5.09,12.22
23,67,37.88,90.91
67,23,37.88,90.91
23,68,30.45,73.07
68,23,30.45,73.07
23,69,36.92,88.6
69,23,36.92,88.6
23,70,33.71,80.91
70,23,33.71,80.91
23,73,22.21,53.29
73,23,22.21,53.29
23,74,17.57,42.17
74,23,17.57,42.17
23,75,42.74,102.59
75,23,42.74,102.59
23,76,43.8,105.12
76,23,43.8,105.12
23,77,11.58,27.78
77,23,11.58,27.78
23,78,53.13,127.51
78,23,53.13,127.51
23,79,39.52,94.85
79,23,39.52,94.85
23,80,46.26,111.02
80,23,46.26,111.02
23,81,54.79,131.49
81,23,54.79,131.49
23,82,17.45,41.87
82,23,17.45,41.87
23,83,53.51,128.42
83,23,53.51,128.42
23,84,44.42,106.6
84,23,44.42,106.6
23,85,37.55,90.11
85,23,37.55,90.11
23,86,37.38,89.72
86,23,37.38,89.72
23,87,27.28,65.47
87,23,27.28,65.47
23,88,16.61,39.87
88,23,16.61,39.87
23,90,49.57,118.96
90,23,49.57,118.96
23,91,48.09,115.42
91,23,48.09,115.42
23,93,36.24,86.97
93,23,36.24,86.97
23,94,26.39,63.33
94,23,26.39,63.33
23,95,14.13,33.91
95,23,14.13,33.91
23,97,42.98,103.14
97,23,42.98,103.14
23,98,29.74,71.37
98,23,29.74,71.37
23,99,57.14,137.14
99,23,57.14,137.14
23,100,13.28,31.87
100,23,13.28,31.87
23,102,46.42,111.4
102,23,46.42,111.4
23,103,44.91,107.78
103,23,44.91,107.78
23,105,12.15,29.15
105,23,12.15,29.15
23,106,45.78,109.87
106,23,45.78,109.87
23,107,24.42,58.6
107,23,24.42,58.6
23,108,17.93,43.04
108,23,17.93,43.04
23,109,15.27,36.64
109,23,15.27,36.64
23,110,48.75,117.0
110,23,48.75,117.0
23,111,21.63,51.92
111,23,21.63,51.92
23,112,21.24,50.97
112,23,21.24,50.97
23,113,52.14,125.14
113,23,52.14,125.14
23,114,24.96,59.9
114,23,24.96,59.9
23,115,25.57,61.37
115,23,25.57,61.37
23,118,19.11,45.88
118,23,19.11,45.88
23,119,23.23,55.76
119,23,23.23,55.76
23,121,35.1,84.25
121,23,35.1,84.25
23,122,4.03,9.66
122,23,4.03,9.66
23,123,56.52,135.65
123,23,56.52,135.65
23,124,52.2,125.27
124,23,52.2,125.27
23,125,9.29,22.3
125,23,9.29,22.3
23,126,58.13,139.53
126,23,58.13,139.53
23,127,35.36,84.87
127,23,35.36,84.87
23,128,53.58,128.58
128,23,53.58,128.58
23,129,31.48,75.55
129,23,31.48,75.55
23,132,37.89,90.92
132,23,37.89,90.92
23,133,21.94,52.66
133,23,21.94,52.66
23,134,39.43,94.63
134,23,39.43,94.63
23,135,47.77,114.65
135,23,47.77,114.65
23,136,37.84,90.82
136,23,37.84,90.82
23,137,54.38,130.52
137,23,54.38,130.52
23,138,24.44,58.65
138,23,24.44,58.65
23,139,52.51,126.03
139,23,52.51,126.03
23,140,15.8,37.93
140,23,15.8,37.93
23,141,45.55,109.31
141,23,45.55,109.31
23,142,55.14,132.35
142,23,55.14,132.35
23,143,33.69,80.86
143,23,33.69,80.86
23,144,31.07,74.56
144,23,31.07,74.56
23,146,23.35,56.04
146,23,23.35,56.04
23,147,27.45,65.89
147,23,27.45,65.89
23,148,23.84,57.21
148,23,23.84,57.21
23,149,58.43,140.23
149,23,58.43,140.23
23,150,55.84,134.01
150,23,55.84,134.01
24,25,16.28,39.07
25,24,16.28,39.07
24,26,31.92,76.62
26,24,31.92,76.62
24,27,35.59,85.42
27,24,35.59,85.42
24,28,31.59,75.82
28,24,31.59,75.82
24,29,35.19,84.46
29,24,35.19,84.46
24,30,5.79,13.89
30,24,5.79,13.89
24,31,4.4,10.56
31,24,4.4,10.56
24,32,39.26,94.21
32,24,39.26,94.21
24,33,46.65,111.97
33,24,46.65,111.97
24,35,44.72,107.34
35,24,44.72,107.34
24,36,21.88,52.52
36,24,21.88,52.52
24,37,26.47,63.52
37,24,26.47,63.52
24,38,30.14,72.33
38,24,30.14,72.33
24,40,11.51,27.63
40,24,11.51,27.63
24,41,16.02,38.44
41,24,16.02,38.44
24,43,28.66,68.78
43,24,28.66,68.78
24,44,28.65,68.77
44,24,28.65,68.77
24,45,30.51,73.21
45,24,30.51,73.21
24,46,27.98,67.15
46,24,27.98,67.15
24,48,44.82,107.56
48,24,44.82,107.56
24,49,48.22,115.73
49,24,48.22,115.73
24,50,35.0,84.0
50,24,35.0,84.0
24,51,47.9,114.97
51,24,47.9,114.97
24,52,36.64,87.93
52,24,36.64,87.93
24,53,40.3,96.72
53,24,40.3,96.72
24,54,25.22,60.53
54,24,25.22,60.53
24,55,29.43,70.63
55,24,29.43,70.63
24,56,23.76,57.02
56,24,23.76,57.02
24,57,13.3,31.91
57,24,13.3,31.91
24,58,32.86,78.86
58,24,32.86,78.86
24,59,50.2,120.49
59,24,50.2,120.49
24,60,50.86,122.07
60,24,50.86,122.07
24,61,52.57,126.16
61,24,52.57,126.16
24,62,13.44,32.27
62,24,13.44,32.27
24,63,7.98,19.16
63,24,7.98,19.16
24,64,30.78,73.88
64,24,30.78,73.88
24,65,21.9,52.55
65,24,21.9,52.55
24,66,4.69,11.26
66,24,4.69,11.26
24,67,44.57,106.97
67,24,44.57,106.97
24,68,32.63,78.31
68,24,32.63,78.31
24,69,39.23,94.15
69,24,39.23,94.15
24,70,33.91,81.39
70,24,33.91,81.39
24,73,21.48,51.54
73,24,21.48,51.54
24,74,23.39,56.13
74,24,23.39,56.13
24,75,44.03,105.66
75,24,44.03,105.66
24,76,49.25,118.2
76,24,49.25,118.2
24,77,18.26,43.83
77,24,18.26,43.83
24,78,61.29,147.09
78,24,61.29,147.09
24,79,39.43,94.62
79,24,39.43,94.62
24,80,50.95,122.27
80,24,50.95,122.27
24,81,63.09,151.41
81,24,63.09,151.41
24,82,25.49,61.18
82,24,25.49,61.18
24,83,59.76,143.44
83,24,59.76,143.44
24,84,52.65,126.35
84,24,52.65,126.35
24,85,45.37,108.89
85,24,45.37,108.89
24,86,42.78,102.67
86,24,42.78,102.67
24,87,29.97,71.94
87,24,29.97,71.94
24,88,9.59,23.02
88,24,9.59,23.02
24,90,55.29,132.69
90,24,55.29,132.69
24,91,56.43,135.44
91,24,56.43,135.44
24,93,37.22,89.31
93,24,37.22,89.31
24,94,22.42,53.81
94,24,22.42,53.81
24,95,10.5,25.19
95,24,10.5,25.19
24,97,49.11,117.87
97,24,49.11,117.87
24,98,31.45,75.47
98,24,31.45,75.47
24,99,63.02,151.26
99,24,63.02,151.26
24,100,21.29,51.08
100,24,21.29,51.08
24,102,45.94,110.25
102,24,45.94,110.25
24,103,46.53,111.66
103,24,46.53,111.66
24,105,16.11,38.67
105,24,16.11,38.67
24,106,52.85,126.83
106,24,52.85,126.83
24,107,19.23,46.15
107,24,19.23,46.15
24,108,11.34,27.21
108,24,11.34,27.21
24,109,6.94,16.67
109,24,6.94,16.67
24,110,49.27,118.24
110,24,49.27,118.24
24,111,14.72,35.32
111,24,14.72,35.32
24,112,13.54,32.51
112,24,13.54,32.51
24,113,52.9,126.96
113,24,52.9,126.96
24,114,17.21,41.31
114,24,17.21,41.31
24,115,33.93,81.42
115,24,33.93,81.42
24,118,17.82,42.77
118,24,17.82,42.77
24,119,16.44,39.46
119,24,16.44,39.46
24,121,39.25,94.2
121,24,39.25,94.2
24,122,8.12,19.5
122,24,8.12,19.5
24,123,64.38,154.52
123,24,64.38,154.52
24,124,58.74,140.99
124,24,58.74,140.99
24,125,15.49,37.19
125,24,15.49,37.19
24,126,64.04,153.7
126,24,64.04,153.7
24,127,35.95,86.27
127,24,35.95,86.27
24,128,61.45,147.49
128,24,61.45,147.49
24,129,39.84,95.61
129,24,39.84,95.61
24,132,46.07,110.56
132,24,46.07,110.56
24,133,27.78,66.68
133,24,27.78,66.68
24,134,47.76,114.63
134,24,47.76,114.63
24,135,52.57,126.16
135,24,52.57,126.16
24,136,42.84,102.83
136,24,42.84,102.83
24,137,60.3,144.73
137,24,60.3,144.73
24,138,16.36,39.27
138,24,16.36,39.27
24,139,59.65,143.16
139,24,59.65,143.16
24,140,20.79,49.91
140,24,20.79,49.91
24,141,53.88,129.31
141,24,53.88,129.31
24,142,61.44,147.46
142,24,61.44,147.46
24,143,41.47,99.53
143,24,41.47,99.53
24,144,39.43,94.64
144,24,39.43,94.64
24,146,15.06,36.15
146,24,15.06,36.15
24,147,20.34,48.82
147,24,20.34,48.82
24,148,24.97,59.94
148,24,24.97,59.94
24,149,66.53,159.66
149,24,66.53,159.66
24,150,64.18,154.04
150,24,64.18,154.04
25,26,19.54,46.89
26,25,19.54,46.89
25,27,22.92,55.0
27,25,22.92,55.0
25,28,18.02,43.26
28,25,18.02,43.26
25,29,21.28,51.08
29,25,21.28,51.08
25,30,18.79,45.1
30,25,18.79,45.1
25,31,19.93,47.83
31,25,19.93,47.83
25,32,31.28,75.07
32,25,31.28,75.07
25,33,31.32,75.18
33,25,31.32,75.18
25,35,30.8,73.92
35,25,30.8,73.92
25,36,23.53,56.46
36,25,23.53,56.46
25,37,26.19,62.86
37,25,26.19,62.86
25,38,27.03,64.89
38,25,27.03,64.89
25,40,19.79,47.49
40,25,19.79,47.49
25,41,15.72,37.73
41,25,15.72,37.73
25,43,26.17,62.8
43,25,26.17,62.8
25,44,20.17,48.4
44,25,20.17,48.4
25,45,14.34,34.42
45,25,14.34,34.42
25,46,12.57,30.16
46,25,12.57,30.16
25,48,38.0,91.19
48,25,38.0,91.19
25,49,39.51,94.82
49,25,39.51,94.82
25,50,23.02,55.25
50,25,23.02,55.25
25,51,32.37,77.68
51,25,32.37,77.68
25,52,27.66,66.39
52,25,27.66,66.39
25,53,29.37,70.48
53,25,29.37,70.48
25,54,28.75,69.0
54,25,28.75,69.0
25,55,35.23,84.54
55,25,35.23,84.54
25,56,33.19,79.66
56,25,33.19,79.66
25,57,26.48,63.54
57,25,26.48,63.54
25,58,31.92,76.62
58,25,31.92,76.62
25,59,39.73,95.34
59,25,39.73,95.34
25,60,38.7,92.87
60,25,38.7,92.87
25,61,36.85,88.45
61,25,36.85,88.45
25,62,6.59,15.82
62,25,6.59,15.82
25,63,15.35,36.85
63,25,15.35,36.85
25,64,14.55,34.92
64,25,14.55,34.92
25,65,5.85,14.05
65,25,5.85,14.05
25,66,11.91,28.58
66,25,11.91,28.58
25,67,29.67,71.2
67,25,29.67,71.2
25,68,25.94,62.27
68,25,25.94,62.27
25,69,31.89,76.55
69,25,31.89,76.55
25,70,30.27,72.64
70,25,30.27,72.64
25,73,20.75,49.8
73,25,20.75,49.8
25,74,10.67,25.61
74,25,10.67,25.61
25,75,38.06,91.35
75,25,38.06,91.35
25,76,43.5,104.39
76,25,43.5,104.39
25,77,4.55,10.92
77,25,4.55,10.92
25,78,47.31,113.55
78,25,47.31,113.55
25,79,35.96,86.31
79,25,35.96,86.31
25,80,39.29,94.29
80,25,39.29,94.29
25,81,48.34,116.02
81,25,48.34,116.02
25,82,9.22,22.12
82,25,9.22,22.12
25,83,51.76,124.22
83,25,51.76,124.22
25,84,36.44,87.46
84,25,36.44,87.46
25,85,29.17,70.0
85,25,29.17,70.0
25,86,37.39,89.74
86,25,37.39,89.74
25,87,30.99,74.38
87,25,30.99,74.38
25,88,25.03,60.07
88,25,25.03,60.07
25,90,48.72,116.92
90,25,48.72,116.92
25,91,41.44,99.45
91,25,41.44,99.45
25,93,32.08,77.0
93,25,32.08,77.0
25,94,34.25,82.2
94,25,34.25,82.2
25,95,22.29,53.5
95,25,22.29,53.5
25,97,35.03,84.06
97,25,35.03,84.06
25,98,34.17,82.01
98,25,34.17,82.01
25,99,55.89,134.14
99,25,55.89,134.14
25,100,10.29,24.7
100,25,10.29,24.7
25,102,42.89,102.95
102,25,42.89,102.95
25,103,39.95,95.89
103,25,39.95,95.89
25,105,9.2,22.08
105,25,9.2,22.08
25,106,37.4,89.77
106,25,37.4,89.77
25,107,32.65,78.37
107,25,32.65,78.37
25,108,23.54,56.49
108,25,23.54,56.49
25,109,22.79,54.69
109,25,22.79,54.69
25,110,44.07,105.76
110,25,44.07,105.76
25,111,30.07,72.16
111,25,30.07,72.16
25,112,27.66,66.38
112,25,27.66,66.38
25,113,47.46,113.9
113,25,47.46,113.9
25,114,33.29,79.89
114,25,33.29,79.89
25,115,18.2,43.68
115,25,18.2,43.68
25,118,21.12,50.7
118,25,21.12,50.7
25,119,27.74,66.56
119,25,27.74,66.56
25,121,36.82,88.37
121,25,36.82,88.37
25,122,8.6,20.65
122,25,8.6,20.65
25,123,48.16,115.59
123,25,48.16,115.59
25,124,49.99,119.99
124,25,49.99,119.99
25,125,12.17,29.2
125,25,12.17,29.2
25,126,56.84,136.42
126,25,56.84,136.42
25,127,31.53,75.67
127,25,31.53,75.67
25,128,45.23,108.54
128,25,45.23,108.54
25,129,24.87,59.69
129,25,24.87,59.69
25,132,29.82,71.58
132,25,29.82,71.58
25,133,22.41,53.79
133,25,22.41,53.79
25,134,32.93,79.03
134,25,32.93,79.03
25,135,40.69,97.66
135,25,40.69,97.66
25,136,30.76,73.82
136,25,30.76,73.82
25,137,53.14,127.53
137,25,53.14,127.53
25,138,32.62,78.28
138,25,32.62,78.28
25,139,44.11,105.86
139,25,44.11,105.86
25,140,10.24,24.58
140,25,10.24,24.58
25,141,38.99,93.58
141,25,38.99,93.58
25,142,53.3,127.91
142,25,53.3,127.91
25,143,29.44,70.67
143,25,29.44,70.67
25,144,24.37,58.5
144,25,24.37,58.5
25,146,31.32,75.18
146,25,31.32,75.18
25,147,35.89,86.13
147,25,35.89,86.13
25,148,29.11,69.85
148,25,29.11,69.85
25,149,50.25,120.59
149,25,50.25,120.59
25,150,48.22,115.74
150,25,48.22,115.74
26,27,3.67,8.8
27,26,3.67,8.8
26,28,28.81,69.15
28,26,28.81,69.15
26,29,30.23,72.56
29,26,30.23,72.56
26,30,36.35,87.23
30,26,36.35,87.23
26,31,36.28,87.08
31,26,36.28,87.08
26,32,45.81,109.95
32,26,45.81,109.95
26,33,33.41,80.19
33,26,33.41,80.19
26,35,13.13,31.52
35,26,13.13,31.52
26,36,42.92,103.0
36,26,42.92,103.0
26,37,45.13,108.32
37,26,45.13,108.32
26,38,45.02,108.04
38,26,45.02,108.04
26,40,38.81,93.14
40,26,38.81,93.14
26,41,18.95,45.47
41,26,18.95,45.47
26,43,16.82,40.37
43,26,16.82,40.37
26,44,7.84,18.81
44,26,7.84,18.81
26,45,18.53,44.46
45,26,18.53,44.46
26,46,21.82,52.38
46,26,21.82,52.38
26,48,52.75,126.61
48,26,52.75,126.61
26,49,52.39,125.74
49,26,52.39,125.74
26,50,34.74,83.37
50,26,34.74,83.37
26,51,19.15,45.97
51,26,19.15,45.97
26,52,10.28,24.68
52,26,10.28,24.68
26,53,10.01,24.02
53,26,10.01,24.02
26,54,48.2,115.69
54,26,48.2,115.69
26,55,54.76,131.41
55,26,54.76,131.41
26,56,52.45,125.89
56,26,52.45,125.89
26,57,44.44,106.64
57,26,44.44,106.64
26,58,50.36,120.86
58,26,50.36,120.86
26,59,50.56,121.35
59,26,50.56,121.35
26,60,47.19,113.25
60,26,47.19,113.25
26,61,36.1,86.64
61,26,36.1,86.64
26,62,18.63,44.71
62,26,18.63,44.71
26,63,26.24,62.97
63,26,26.24,62.97
26,64,14.52,34.86
64,26,14.52,34.86
26,65,18.71,44.91
65,26,18.71,44.91
26,66,27.35,65.64
66,26,27.35,65.64
26,67,14.45,34.68
67,26,14.45,34.68
26,68,11.86,28.46
68,26,11.86,28.46
26,69,15.0,35.99
69,26,15.0,35.99
26,70,17.58,42.18
70,26,17.58,42.18
26,73,17.59,42.22
73,26,17.59,42.22
26,74,9.03,21.68
74,26,9.03,21.68
26,75,21.39,51.35
75,26,21.39,51.35
26,76,58.63,140.72
76,26,58.63,140.72
26,77,15.24,36.59
77,26,15.24,36.59
26,78,51.11,122.66
78,26,51.11,122.66
26,79,21.78,52.27
79,26,21.78,52.27
26,80,19.78,47.46
80,26,19.78,47.46
26,81,49.91,119.79
81,26,49.91,119.79
26,82,16.51,39.61
82,26,16.51,39.61
26,83,64.35,154.44
83,26,64.35,154.44
26,84,31.9,76.55
84,26,31.9,76.55
26,85,21.42,51.41
85,26,21.42,51.41
26,86,53.26,127.81
86,26,53.26,127.81
26,87,50.01,120.02
87,26,50.01,120.02
26,88,41.51,99.63
88,26,41.51,99.63
26,90,62.85,150.84
90,26,62.85,150.84
26,91,43.0,103.21
91,26,43.0,103.21
26,93,17.19,41.26
93,26,17.19,41.26
26,94,52.94,127.06
94,26,52.94,127.06
26,95,40.58,97.4
95,26,40.58,97.4
26,97,17.51,42.02
97,26,17.51,42.02
26,98,53.42,128.21
98,26,53.42,128.21
26,99,69.09,165.82
99,26,69.09,165.82
26,100,27.32,65.56
100,26,27.32,65.56
26,102,26.58,63.8
102,26,26.58,63.8
26,103,22.42,53.8
103,26,22.42,53.8
26,105,15.86,38.07
105,26,15.86,38.07
26,106,23.29,55.9
106,26,23.29,55.9
26,107,50.64,121.55
107,26,50.64,121.55
26,108,32.77,78.64
108,26,32.77,78.64
26,109,36.43,87.43
109,26,36.43,87.43
26,110,27.4,65.76
110,26,27.4,65.76
26,111,46.64,111.93
111,26,46.64,111.93
26,112,37.62,90.27
112,26,37.62,90.27
26,113,30.79,73.9
113,26,30.79,73.9
26,114,48.64,116.74
114,26,48.64,116.74
26,115,22.94,55.05
115,26,22.94,55.05
26,118,22.15,53.16
118,26,22.15,53.16
26,119,36.42,87.42
119,26,36.42,87.42
26,121,54.39,130.53
121,26,54.39,130.53
26,122,24.22,58.14
122,26,24.22,58.14
26,123,38.08,91.4
123,26,38.08,91.4
26,124,61.93,148.63
124,26,61.93,148.63
26,125,31.59,75.81
125,26,31.59,75.81
26,126,69.92,167.81
126,26,69.92,167.81
26,127,17.55,42.11
127,26,17.55,42.11
26,128,35.53,85.27
128,26,35.53,85.27
26,129,29.94,71.87
129,26,29.94,71.87
26,132,25.97,62.33
132,26,25.97,62.33
26,133,39.89,95.73
133,26,39.89,95.73
26,134,36.44,87.47
134,26,36.44,87.47
26,135,21.23,50.96
135,26,21.23,50.96
26,136,11.28,27.08
136,26,11.28,27.08
26,137,66.46,159.51
137,26,66.46,159.51
26,138,47.23,113.36
138,26,47.23,113.36
26,139,29.95,71.89
139,26,29.95,71.89
26,140,11.14,26.73
140,26,11.14,26.73
26,141,41.28,99.07
141,26,41.28,99.07
26,142,65.64,157.54
142,26,65.64,157.54
26,143,39.66,95.18
143,26,39.66,95.18
26,144,29.29,70.31
144,26,29.29,70.31
26,146,45.22,108.52
146,26,45.22,108.52
26,147,52.18,125.23
147,26,52.18,125.23
26,148,48.6,116.64
148,26,48.6,116.64
26,149,42.18,101.24
149,26,42.18,101.24
26,150,44.52,106.84
150,26,44.52,106.84
27,28,30.67,73.6
28,27,30.67,73.6
27,29,31.72,76.12
29,27,31.72,76.12
27,30,39.99,95.98
30,27,39.99,95.98
27,31,39.95,95.87
31,27,39.95,95.87
27,32,47.87,114.89
32,27,47.87,114.89
27,33,33.52,80.45
33,27,33.52,80.45
27,35,9.64,23.14
35,27,9.64,23.14
27,36,46.13,110.71
36,27,46.13,110.71
27,37,48.16,115.59
37,27,48.16,115.59
27,38,47.79,114.71
38,27,47.79,114.71
27,40,42.35,101.65
40,27,42.35,101.65
27,41,22.36,53.67
41,27,22.36,53.67
27,43,18.56,44.55
43,27,18.56,44.55
27,44,10.25,24.59
44,27,10.25,24.59
27,45,20.14,48.33
45,27,20.14,48.33
27,46,23.89,57.34
46,27,23.89,57.34
27,48,54.78,131.47
48,27,54.78,131.47
27,49,54.05,129.72
49,27,54.05,129.72
27,50,36.52,87.65
50,27,36.52,87.65
27,51,16.6,39.83
51,27,16.6,39.83
27,52,9.73,23.35
52,27,9.73,23.35
27,53,7.48,17.95
53,27,7.48,17.95
27,54,51.45,123.48
54,27,51.45,123.48
27,55,58.07,139.38
55,27,58.07,139.38
27,56,55.97,134.32
56,27,55.97,134.32
27,57,48.08,115.38
57,27,48.08,115.38
27,58,53.22,127.73
58,27,53.22,127.73
27,59,51.86,124.46
59,27,51.86,124.46
27,60,48.1,115.43
60,27,48.1,115.43
27,61,35.56,85.34
61,27,35.56,85.34
27,62,22.29,53.49
62,27,22.29,53.49
27,63,29.85,71.63
63,27,29.85,71.63
27,64,16.01,38.42
64,27,16.01,38.42
27,65,21.57,51.77
65,27,21.57,51.77
27,66,31.01,74.43
66,27,31.01,74.43
27,67,11.61,27.87
67,27,11.61,27.87
27,68,12.76,30.62
68,27,12.76,30.62
27,69,14.18,34.04
69,27,14.18,34.04
27,70,18.3,43.93
70,27,18.3,43.93
27,73,20.43,49.03
73,27,20.43,49.03
27,74,12.59,30.22
74,27,12.59,30.22
27,75,20.41,48.99
75,27,20.41,48.99
27,76,60.68,145.64
76,27,60.68,145.64
27,77,18.74,44.97
77,27,18.74,44.97
27,78,51.08,122.58
78,27,51.08,122.58
27,79,21.69,52.06
79,27,21.69,52.06
27,80,16.39,39.34
80,27,16.39,39.34
27,81,49.48,118.76
81,27,49.48,118.76
27,82,18.95,45.48
82,27,18.95,45.48
27,83,65.83,158.0
83,27,65.83,158.0
27,84,30.74,73.78
84,27,30.74,73.78
27,85,20.12,48.28
85,27,20.12,48.28
27,86,55.5,133.2
86,27,55.5,133.2
27,87,53.04,127.31
87,27,53.04,127.31
27,88,45.18,108.43
88,27,45.18,108.43
27,90,64.66,155.18
90,27,64.66,155.18
27,91,42.71,102.51
91,27,42.71,102.51
27,93,17.15,41.15
93,27,17.15,41.15
27,94,56.54,135.7
94,27,56.54,135.7
27,95,44.2,106.08
95,27,44.2,106.08
27,97,13.96,33.52
97,27,13.96,33.52
27,98,56.55,135.71
98,27,56.55,135.71
27,99,70.66,169.59
99,27,70.66,169.59
27,100,30.16,72.38
100,27,30.16,72.38
27,102,25.6,61.44
102,27,25.6,61.44
27,103,20.85,50.04
103,27,20.85,50.04
27,105,19.53,46.86
105,27,19.53,46.86
27,106,20.34,48.83
106,27,20.34,48.83
27,107,54.29,130.29
107,27,54.29,130.29
27,108,36.35,87.24
108,27,36.35,87.24
27,109,40.06,96.14
109,27,40.06,96.14
27,110,26.42,63.4
110,27,26.42,63.4
27,111,50.31,120.73
111,27,50.31,120.73
27,112,41.2,98.87
112,27,41.2,98.87
27,113,29.78,71.48
113,27,29.78,71.48
27,114,52.29,125.5
114,27,52.29,125.5
27,115,24.16,57.99
115,27,24.16,57.99
27,118,25.22,60.52
118,27,25.22,60.52
27,119,39.74,95.37
119,27,39.74,95.37
27,121,57.0,136.81
121,27,57.0,136.81
27,122,27.88,66.9
122,27,27.88,66.9
27,123,35.64,85.54
123,27,35.64,85.54
27,124,63.3,151.93
124,27,63.3,151.93
27,125,34.85,83.65
125,27,34.85,83.65
27,126,71.47,171.52
126,27,71.47,171.52
27,127,17.83,42.78
127,27,17.83,42.78
27,128,33.21,79.71
128,27,33.21,79.71
27,129,30.77,73.84
129,27,30.77,73.84
27,132,25.25,60.6
132,27,25.25,60.6
27,133,42.6,102.23
133,27,42.6,102.23
27,134,36.71,88.11
134,27,36.71,88.11
27,135,17.78,42.66
135,27,17.78,42.66
27,136,7.86,18.86
136,27,7.86,18.86
27,137,68.08,163.39
137,27,68.08,163.39
27,138,50.86,122.07
138,27,50.86,122.07
27,139,26.86,64.46
139,27,26.86,64.46
27,140,14.8,35.52
140,27,14.8,35.52
27,141,41.17,98.8
141,27,41.17,98.8
27,142,67.07,160.97
142,27,67.07,160.97
27,143,41.05,98.51
143,27,41.05,98.51
27,144,30.12,72.29
144,27,30.12,72.29
27,146,48.83,117.19
146,27,48.83,117.19
27,147,55.85,134.03
147,27,55.85,134.03
27,148,51.87,124.5
148,27,51.87,124.5
27,149,40.06,96.14
149,27,40.06,96.14
27,150,43.19,103.64
150,27,43.19,103.64
28,29,3.62,8.7
29,28,3.62,8.7
28,30,31.38,75.31
30,28,31.38,75.31
28,31,33.86,81.27
31,28,33.86,81.27
28,32,17.3,41.52
32,28,17.3,41.52
28,33,16.04,38.49
33,28,16.04,38.49
28,35,33.79,81.08
35,28,33.79,81.08
28,36,24.36,58.47
36,28,24.36,58.47
28,37,23.56,56.55
37,28,23.56,56.55
28,38,20.65,49.57
38,28,20.65,49.57
28,40,28.66,68.79
40,28,28.66,68.79
28,41,33.42,80.2
41,28,33.42,80.2
28,43,40.78,97.87
43,28,40.78,97.87
28,44,32.32,77.56
44,28,32.32,77.56
28,45,10.58,25.4
45,28,10.58,25.4
28,46,7.13,17.11
46,28,7.13,17.11
28,48,24.15,57.95
48,28,24.15,57.95
28,49,23.62,56.69
49,28,23.62,56.69
28,50,5.94,14.25
50,28,5.94,14.25
28,51,30.36,72.86
51,28,30.36,72.86
28,52,37.51,90.01
52,28,37.51,90.01
28,53,36.74,88.16
53,28,36.74,88.16
28,54,29.17,70.02
54,28,29.17,70.02
28,55,36.07,86.56
55,28,36.07,86.56
28,56,38.31,91.94
56,28,38.31,91.94
28,57,36.84,88.42
57,28,36.84,88.42
28,58,26.28,63.06
58,28,26.28,63.06
28,59,22.47,53.93
59,28,22.47,53.93
28,60,20.72,49.74
60,28,20.72,49.74
28,61,22.53,54.07
61,28,22.53,54.07
28,62,24.57,58.97
62,28,24.57,58.97
28,63,33.02,79.24
63,28,33.02,79.24
28,64,13.82,33.15
64,28,13.82,33.15
28,65,13.07,31.37
65,28,13.07,31.37
28,66,28.29,67.9
66,28,28.29,67.9
28,67,30.59,73.41
67,28,30.59,73.41
28,68,37.95,91.08
68,28,37.95,91.08
28,69,42.22,101.31
69,28,42.22,101.31
28,70,43.39,104.13
70,28,43.39,104.13
28,73,37.61,90.24
73,28,37.61,90.24
28,74,22.67,54.41
74,28,22.67,54.41
28,75,48.63,116.7
75,28,48.63,116.7
28,76,30.06,72.15
76,28,30.06,72.15
28,77,20.5,49.21
77,28,20.5,49.21
28,78,29.76,71.42
78,28,29.76,71.42
28,79,48.39,116.12
79,28,48.39,116.12
28,80,44.59,107.0
80,28,44.59,107.0
28,81,31.55,75.73
81,28,31.55,75.73
28,82,12.55,30.11
82,28,12.55,30.11
28,83,35.72,85.73
83,28,35.72,85.73
28,84,25.2,60.48
84,28,25.2,60.48
28,85,23.25,55.81
85,28,23.25,55.81
28,86,25.2,60.48
86,28,25.2,60.48
28,87,27.89,66.93
87,28,27.89,66.93
28,88,37.96,91.11
88,28,37.96,91.11
28,90,34.04,81.7
90,28,34.04,81.7
28,91,25.09,60.21
91,28,25.09,60.21
28,93,43.92,105.39
93,28,43.92,105.39
28,94,41.65,99.95
94,28,41.65,99.95
28,95,32.7,78.48
95,28,32.7,78.48
28,97,37.14,89.14
97,28,37.14,89.14
28,98,31.98,76.74
98,28,31.98,76.74
28,99,40.35,96.85
99,28,40.35,96.85
28,100,10.44,25.07
100,28,10.44,25.07
28,102,53.82,129.15
102,28,53.82,129.15
28,103,49.71,119.3
103,28,49.71,119.3
28,105,26.57,63.78
105,28,26.57,63.78
28,106,34.92,83.82
106,28,34.92,83.82
28,107,42.08,100.98
107,28,42.08,100.98
28,108,40.93,98.22
108,28,40.93,98.22
28,109,38.53,92.48
109,28,38.53,92.48
28,110,54.64,131.11
110,28,54.64,131.11
28,111,42.21,101.31
111,28,42.21,101.31
28,112,44.56,106.95
112,28,44.56,106.95
28,113,58.03,139.25
113,28,58.03,139.25
28,114,46.51,111.64
114,28,46.51,111.64
28,115,7.95,19.08
115,28,7.95,19.08
28,118,38.86,93.26
118,28,38.86,93.26
28,119,45.71,109.7
119,28,45.71,109.7
28,121,28.12,67.49
121,28,28.12,67.49
28,122,25.67,61.6
122,28,25.67,61.6
28,123,39.63,95.11
123,28,39.63,95.11
28,124,33.49,80.37
124,28,33.49,80.37
28,125,17.96,43.1
125,28,17.96,43.1
28,126,41.21,98.9
126,28,41.21,98.9
28,127,43.93,105.44
127,28,43.93,105.44
28,128,36.77,88.25
128,28,36.77,88.25
28,129,9.09,21.82
129,28,9.09,21.82
28,132,20.05,48.12
132,28,20.05,48.12
28,133,15.59,37.43
133,28,15.59,37.43
28,134,16.43,39.42
134,28,16.43,39.42
28,135,45.62,109.47
135,28,45.62,109.47
28,136,36.47,87.52
136,28,36.47,87.52
28,137,37.7,90.47
137,28,37.7,90.47
28,138,46.62,111.88
138,28,46.62,111.88
28,139,40.36,96.86
139,28,40.36,96.86
28,140,25.14,60.33
140,28,25.14,60.33
28,141,22.48,53.96
141,28,22.48,53.96
28,142,37.09,89.03
142,28,37.09,89.03
28,143,11.69,28.06
143,28,11.69,28.06
28,144,8.93,21.42
144,28,8.93,21.42
28,146,46.03,110.47
146,28,46.03,110.47
28,147,47.78,114.66
147,28,47.78,114.66
28,148,30.03,72.07
148,28,30.03,72.07
28,149,39.65,95.16
149,28,39.65,95.16
28,150,34.48,82.75
150,28,34.48,82.75
29,30,35.0,83.99
30,29,35.0,83.99
29,31,37.48,89.97
31,29,37.48,89.97
29,32,17.28,41.48
32,29,17.28,41.48
29,33,12.64,30.33
33,29,12.64,30.33
29,35,34.14,81.94
35,29,34.14,81.94
29,36,27.34,65.62
36,29,27.34,65.62
29,37,26.11,62.66
37,29,26.11,62.66
29,38,22.68,54.43
38,29,22.68,54.43
29,40,32.18,77.23
40,29,32.18,77.23
29,41,35.98,86.36
41,29,35.98,86.36
29,43,42.29,101.51
43,29,42.29,101.51
29,44,33.83,81.2
44,29,33.83,81.2
29,45,11.71,28.1
45,29,11.71,28.1
29,46,9.46,22.7
46,29,9.46,22.7
29,48,23.81,57.14
48,29,23.81,57.14
29,49,22.37,53.68
49,29,22.37,53.68
29,50,5.55,13.32
50,29,5.55,13.32
29,51,29.45,70.68
51,29,29.45,70.68
29,52,39.02,93.65
52,29,39.02,93.65
29,53,38.25,91.8
53,29,38.25,91.8
29,54,31.95,76.68
54,29,31.95,76.68
29,55,38.74,92.97
55,29,38.74,92.97
29,56,41.44,99.45
56,29,41.44,99.45
29,57,40.37,96.88
57,29,40.37,96.88
29,58,28.17,67.6
58,29,28.17,67.6
29,59,20.38,48.91
59,29,20.38,48.91
29,60,17.85,42.83
60,29,17.85,42.83
29,61,19.2,46.07
61,29,19.2,46.07
29,62,27.76,66.62
62,29,27.76,66.62
29,63,36.43,87.44
63,29,36.43,87.44
29,64,15.33,36.79
64,29,15.33,36.79
29,65,16.01,38.43
65,29,16.01,38.43
29,66,31.83,76.39
66,29,31.83,76.39
29,67,30.28,72.68
67,29,30.28,72.68
29,68,39.46,94.72
68,29,39.46,94.72
29,69,43.73,104.95
69,29,43.73,104.95
29,70,44.9,107.77
70,29,44.9,107.77
29,73,39.12,93.88
73,29,39.12,93.88
29,74,24.18,58.05
74,29,24.18,58.05
29,75,50.14,120.34
75,29,50.14,120.34
29,76,29.69,71.24
76,29,29.69,71.24
29,77,23.18,55.63
77,29,23.18,55.63
29,78,26.22,62.93
78,29,26.22,62.93
29,79,49.9,119.76
79,29,49.9,119.76
29,80,45.75,109.81
80,29,45.75,109.81
29,81,27.93,67.04
81,29,27.93,67.04
29,82,14.06,33.75
82,29,14.06,33.75
29,83,34.14,81.94
83,29,34.14,81.94
29,84,22.44,53.87
84,29,22.44,53.87
29,85,21.83,52.39
85,29,21.83,52.39
29,86,25.43,61.03
86,29,25.43,61.03
29,87,30.18,72.44
87,29,30.18,72.44
29,88,41.57,99.78
88,29,41.57,99.78
29,90,33.1,79.43
90,29,33.1,79.43
29,91,21.48,51.54
91,29,21.48,51.54
29,93,45.43,109.03
93,29,45.43,109.03
29,94,44.95,107.87
94,29,44.95,107.87
29,95,36.25,87.0
95,29,36.25,87.0
29,97,36.85,88.44
97,29,36.85,88.44
29,98,34.29,82.31
98,29,34.29,82.31
29,99,38.95,93.47
99,29,38.95,93.47
29,100,14.06,33.76
100,29,14.06,33.76
29,102,55.33,132.79
102,29,55.33,132.79
29,103,51.22,122.94
103,29,51.22,122.94
29,105,29.19,70.05
105,29,29.19,70.05
29,106,33.75,81.0
106,29,33.75,81.0
29,107,45.52,109.25
107,29,45.52,109.25
29,108,44.41,106.58
108,29,44.41,106.58
29,109,42.13,101.13
109,29,42.13,101.13
29,110,56.15,134.75
110,29,56.15,134.75
29,111,45.79,109.9
111,29,45.79,109.9
29,112,48.11,115.45
112,29,48.11,115.45
29,113,59.54,142.89
113,29,59.54,142.89
29,114,50.12,120.29
114,29,50.12,120.29
29,115,7.72,18.52
115,29,7.72,18.52
29,118,41.27,99.05
118,29,41.27,99.05
29,119,49.02,117.63
119,29,49.02,117.63
29,121,29.25,70.19
121,29,29.25,70.19
29,122,29.14,69.93
122,29,29.14,69.93
29,123,37.12,89.1
123,29,37.12,89.1
29,124,31.7,76.07
124,29,31.7,76.07
29,125,21.52,51.66
125,29,21.52,51.66
29,126,39.75,95.41
126,29,39.75,95.41
29,127,45.44,109.08
127,29,45.44,109.08
29,128,34.33,82.39
128,29,34.33,82.39
29,129,5.87,14.1
129,29,5.87,14.1
29,132,17.86,42.88
132,29,17.86,42.88
29,133,17.92,43.02
133,29,17.92,43.02
29,134,12.83,30.78
134,29,12.83,30.78
29,135,46.52,111.65
135,29,46.52,111.65
29,136,37.98,91.16
136,29,37.98,91.16
29,137,36.37,87.28
137,29,36.37,87.28
29,138,50.24,120.57
138,29,50.24,120.57
29,139,38.79,93.09
139,29,38.79,93.09
29,140,26.65,63.97
140,29,26.65,63.97
29,141,18.87,45.28
141,29,18.87,45.28
29,142,35.42,85.0
142,29,35.42,85.0
29,143,9.44,22.66
143,29,9.44,22.66
29,144,5.87,14.08
144,29,5.87,14.08
29,146,49.65,119.17
146,29,49.65,119.17
29,147,51.33,123.19
147,29,51.33,123.19
29,148,32.85,78.83
148,29,32.85,78.83
29,149,36.76,88.23
149,29,36.76,88.23
29,150,31.12,74.68
150,29,31.12,74.68
30,31,3.34,8.02
31,30,3.34,8.02
30,32,36.45,87.48
32,30,36.45,87.48
30,33,47.09,113.03
33,30,47.09,113.03
30,35,48.79,117.11
35,30,48.79,117.11
30,36,17.27,41.46
36,30,17.27,41.46
30,37,22.04,52.89
37,30,22.04,52.89
30,38,26.25,63.01
38,30,26.25,63.01
30,40,6.26,15.02
40,30,6.26,15.02
30,41,21.73,52.15
41,30,21.73,52.15
30,43,34.37,82.49
43,30,34.37,82.49
30,44,33.79,81.11
44,30,33.79,81.11
30,45,32.23,77.34
45,30,32.23,77.34
30,46,29.01,69.63
46,30,29.01,69.63
30,48,41.46,99.51
48,30,41.46,99.51
30,49,45.4,108.97
49,30,45.4,108.97
30,50,33.89,81.34
50,30,33.89,81.34
30,51,51.13,122.71
51,30,51.13,122.71
30,52,41.83,100.39
52,30,41.83,100.39
30,53,45.18,108.43
53,30,45.18,108.43
30,54,19.98,47.95
54,30,19.98,47.95
30,55,23.76,57.02
55,30,23.76,57.02
30,56,17.99,43.18
56,30,17.99,43.18
30,57,8.1,19.44
57,30,8.1,19.44
30,58,28.29,67.89
58,30,28.29,67.89
30,59,47.99,115.18
59,30,47.99,115.18
30,60,49.36,118.46
60,30,49.36,118.46
30,61,53.31,127.94
61,30,53.31,127.94
30,62,17.73,42.55
62,30,17.73,42.55
30,63,13.76,33.02
63,30,13.76,33.02
30,64,33.2,79.68
64,30,33.2,79.68
30,65,23.77,57.04
65,30,23.77,57.04
30,66,9.3,22.32
66,30,9.3,22.32
30,67,48.2,115.67
67,30,48.2,115.67
30,68,38.34,92.02
68,30,38.34,92.02
30,69,44.94,107.86
69,30,44.94,107.86
30,70,39.62,95.1
70,30,39.62,95.1
30,73,27.19,65.25
73,30,27.19,65.25
30,74,27.49,65.99
74,30,27.49,65.99
30,75,49.74,119.37
75,30,49.74,119.37
30,76,45.48,109.16
76,30,45.48,109.16
30,77,21.78,52.27
77,30,21.78,52.27
30,78,60.57,145.37
78,30,60.57,145.37
30,79,45.14,108.33
79,30,45.14,108.33
30,80,55.75,133.79
80,30,55.75,133.79
30,81,62.86,150.86
81,30,62.86,150.86
30,82,27.62,66.29
82,30,27.62,66.29
30,83,56.5,135.61
83,30,56.5,135.61
30,84,54.16,130.0
84,30,54.16,130.0
30,85,47.78,114.66
85,30,47.78,114.66
30,86,39.06,93.73
86,30,39.06,93.73
30,87,25.06,60.15
87,30,25.06,60.15
30,88,6.63,15.92
88,30,6.63,15.92
30,90,51.65,123.95
90,30,51.65,123.95
30,91,56.47,135.52
91,30,56.47,135.52
30,93,42.93,103.02
93,30,42.93,103.02
30,94,16.97,40.72
94,30,16.97,40.72
30,95,4.74,11.38
95,30,4.74,11.38
30,97,53.14,127.54
97,30,53.14,127.54
30,98,26.16,62.78
98,30,26.16,62.78
30,99,59.45,142.67
99,30,59.45,142.67
30,100,20.95,50.29
100,30,20.95,50.29
30,102,51.65,123.96
102,30,51.65,123.96
30,103,52.24,125.37
103,30,52.24,125.37
30,105,20.87,50.09
105,30,20.87,50.09
30,106,56.15,134.76
106,30,56.15,134.76
30,107,14.3,34.32
107,30,14.3,34.32
30,108,16.08,38.59
108,30,16.08,38.59
30,109,9.6,23.05
109,30,9.6,23.05
30,110,54.98,131.95
110,30,54.98,131.95
30,111,11.38,27.32
111,30,11.38,27.32
30,112,16.99,40.79
112,30,16.99,40.79
30,113,58.61,140.67
113,30,58.61,140.67
30,114,15.21,36.51
114,30,15.21,36.51
30,115,35.01,84.01
115,30,35.01,84.01
30,118,23.53,56.48
118,30,23.53,56.48
30,119,20.73,49.74
119,30,20.73,49.74
30,121,34.83,83.61
121,30,34.83,83.61
30,122,12.13,29.12
122,30,12.13,29.12
30,123,66.69,160.06
123,30,66.69,160.06
30,124,55.75,133.79
124,30,55.75,133.79
30,125,13.75,33.01
125,30,13.75,33.01
30,126,60.47,145.13
126,30,60.47,145.13
30,127,41.66,99.98
127,30,41.66,99.98
30,128,63.74,152.98
128,30,63.74,152.98
30,129,40.14,96.34
129,30,40.14,96.34
30,132,47.76,114.62
132,30,47.76,114.62
30,133,24.74,59.38
133,30,24.74,59.38
30,134,47.8,114.72
134,30,47.8,114.72
30,135,57.33,137.58
135,30,57.33,137.58
30,136,47.48,113.95
136,30,47.48,113.95
30,137,56.77,136.25
137,30,56.77,136.25
30,138,15.25,36.6
138,30,15.25,36.6
30,139,62.88,150.92
139,30,62.88,150.92
30,140,25.26,60.64
140,30,25.26,60.64
30,141,53.86,129.27
141,30,53.86,129.27
30,142,58.21,139.69
142,30,58.21,139.69
30,143,40.13,96.32
143,30,40.13,96.32
30,144,39.81,95.55
144,30,39.81,95.55
30,146,14.9,35.75
146,30,14.9,35.75
30,147,17.2,41.29
147,30,17.2,41.29
30,148,19.63,47.11
148,30,19.63,47.11
30,149,68.37,164.09
149,30,68.37,164.09
30,150,65.14,156.34
150,30,65.14,156.34
31,32,39.68,95.22
32,31,39.68,95.22
31,33,49.36,118.47
33,31,49.36,118.47
31,35,49.02,117.66
35,31,49.02,117.66
31,36,20.6,49.44
36,31,20.6,49.44
31,37,25.37,60.89
37,31,25.37,60.89
31,38,29.59,71.02
38,31,29.59,71.02
31,40,9.53,22.86
40,31,9.53,22.86
31,41,20.15,48.35
41,31,20.15,48.35
31,43,32.79,78.69
43,31,32.79,78.69
31,44,33.04,79.29
44,31,33.04,79.29
31,45,33.87,81.28
45,31,33.87,81.28
31,46,30.97,74.32
46,31,30.97,74.32
31,48,44.77,107.45
48,31,44.77,107.45
31,49,48.64,116.75
49,31,48.64,116.75
31,50,36.69,88.07
50,31,36.69,88.07
31,51,51.96,124.7
51,31,51.96,124.7
31,52,40.97,98.33
52,31,40.97,98.33
31,53,44.7,107.28
53,31,44.7,107.28
31,54,23.13,55.52
54,31,23.13,55.52
31,55,26.52,63.66
55,31,26.52,63.66
31,56,20.13,48.32
56,31,20.13,48.32
31,57,9.12,21.9
57,31,9.12,21.9
31,58,31.6,75.84
58,31,31.6,75.84
31,59,51.12,122.68
59,31,51.12,122.68
31,60,52.3,125.54
60,31,52.3,125.54
31,61,55.46,133.1
61,31,55.46,133.1
31,62,17.73,42.56
62,31,17.73,42.56
31,63,11.97,28.73
63,31,11.97,28.73
31,64,34.48,82.75
64,31,34.48,82.75
31,65,25.29,60.69
65,31,25.29,60.69
31,66,8.95,21.48
66,31,8.95,21.48
31,67,48.75,117.0
67,31,48.75,117.0
31,68,36.76,88.22
68,31,36.76,88.22
31,69,43.36,104.06
69,31,43.36,104.06
31,70,38.04,91.3
70,31,38.04,91.3
31,73,25.61,61.45
73,31,25.61,61.45
31,74,27.67,66.41
74,31,27.67,66.41
31,75,48.16,115.57
75,31,48.16,115.57
31,76,48.82,117.17
76,31,48.82,117.17
31,77,22.34,53.62
77,31,22.34,53.62
31,78,63.29,151.9
78,31,63.29,151.9
31,79,43.56,104.53
79,31,43.56,104.53
31,80,55.35,132.83
80,31,55.35,132.83
31,81,65.41,156.99
81,31,65.41,156.99
31,82,29.03,69.68
82,31,29.03,69.68
31,83,59.81,143.54
83,31,59.81,143.54
31,84,55.96,134.3
84,31,55.96,134.3
31,85,49.09,117.83
85,31,49.09,117.83
31,86,42.39,101.74
86,31,42.39,101.74
31,87,28.32,67.96
87,31,28.32,67.96
31,88,5.26,12.63
88,31,5.26,12.63
31,90,54.98,131.95
90,31,54.98,131.95
31,91,58.91,141.39
91,31,58.91,141.39
31,93,41.35,99.22
93,31,41.35,99.22
31,94,18.29,43.91
94,31,18.29,43.91
31,95,7.1,17.04
95,31,7.1,17.04
31,97,53.4,128.17
97,31,53.4,128.17
31,98,29.27,70.24
98,31,29.27,70.24
31,99,62.78,150.66
99,31,62.78,150.66
31,100,23.42,56.21
100,31,23.42,56.21
31,102,50.07,120.16
102,31,50.07,120.16
31,103,50.66,121.57
103,31,50.66,121.57
31,105,20.5,49.2
105,31,20.5,49.2
31,106,56.93,136.64
106,31,56.93,136.64
31,107,14.89,35.74
107,31,14.89,35.74
31,108,13.0,31.21
108,31,13.0,31.21
31,109,6.27,15.05
109,31,6.27,15.05
31,110,53.4,128.15
110,31,53.4,128.15
31,111,10.41,24.98
111,31,10.41,24.98
31,112,13.66,32.79
112,31,13.66,32.79
31,113,57.03,136.87
113,31,57.03,136.87
31,114,13.37,32.09
114,31,13.37,32.09
31,115,36.97,88.72
115,31,36.97,88.72
31,118,21.95,52.68
118,31,21.95,52.68
31,119,17.48,41.95
119,31,17.48,41.95
31,121,38.16,91.59
121,31,38.16,91.59
31,122,12.26,29.44
122,31,12.26,29.44
31,123,68.09,163.4
123,31,68.09,163.4
31,124,59.02,141.64
124,31,59.02,141.64
31,125,16.61,39.88
125,31,16.61,39.88
31,126,63.8,153.13
126,31,63.8,153.13
31,127,40.08,96.18
127,31,40.08,96.18
31,128,65.14,156.35
128,31,65.14,156.35
31,129,42.45,101.88
129,31,42.45,101.88
31,132,49.46,118.69
132,31,49.46,118.69
31,133,27.99,67.17
133,31,27.99,67.17
31,134,50.23,120.56
134,31,50.23,120.56
31,135,56.97,136.72
135,31,56.97,136.72
31,136,47.23,113.36
136,31,47.23,113.36
31,137,60.1,144.23
137,31,60.1,144.23
31,138,12.93,31.04
138,31,12.93,31.04
31,139,63.72,152.92
139,31,63.72,152.92
31,140,25.15,60.35
140,31,25.15,60.35
31,141,56.32,135.18
141,31,56.32,135.18
31,142,61.51,147.62
142,31,61.51,147.62
31,143,43.02,103.25
143,31,43.02,103.25
31,144,42.09,101.02
144,31,42.09,101.02
31,146,12.17,29.2
146,31,12.17,29.2
31,147,16.13,38.71
147,31,16.13,38.71
31,148,22.73,54.55
148,31,22.73,54.55
31,149,70.02,168.04
149,31,70.02,168.04
31,150,67.21,161.31
150,31,67.21,161.31
32,33,25.86,62.07
33,32,25.86,62.07
32,35,51.01,122.43
35,32,51.01,122.43
32,36,21.47,51.53
36,32,21.47,51.53
32,37,17.52,42.06
37,32,17.52,42.06
32,38,12.21,29.32
38,32,12.21,29.32
32,40,31.23,74.95
40,32,31.23,74.95
32,41,46.8,112.32
41,32,46.8,112.32
32,43,57.09,137.01
43,32,57.09,137.01
32,44,49.54,118.91
44,32,49.54,118.91
32,45,27.87,66.9
45,32,27.87,66.9
32,46,24.01,57.63
46,32,24.01,57.63
32,48,6.95,16.69
48,32,6.95,16.69
32,49,8.98,21.55
49,32,8.98,21.55
32,50,11.79,28.29
50,32,11.79,28.29
32,51,46.68,112.04
51,32,46.68,112.04
32,52,54.73,131.36
52,32,54.73,131.36
32,53,53.96,129.51
53,32,53.96,129.51
32,54,23.62,56.68
54,32,23.62,56.68
32,55,28.79,69.1
55,32,28.79,69.1
32,56,34.63,83.11
56,32,34.63,83.11
32,57,38.53,92.48
57,32,38.53,92.48
32,58,15.48,37.15
58,32,15.48,37.15
32,59,12.3,29.52
59,32,12.3,29.52
32,60,16.2,38.89
60,32,16.2,38.89
32,61,31.76,76.23
61,32,31.76,76.23
32,62,37.55,90.13
62,32,37.55,90.13
32,63,43.65,104.76
63,32,43.65,104.76
32,64,31.04,74.5
64,32,31.04,74.5
32,65,28.23,67.75
65,32,28.23,67.75
32,66,37.72,90.53
66,32,37.72,90.53
32,67,47.53,114.08
67,32,47.53,114.08
32,68,55.17,132.43
68,32,55.17,132.43
32,69,59.44,142.66
69,32,59.44,142.66
32,70,60.61,145.48
70,32,60.61,145.48
32,73,52.03,124.86
73,32,52.03,124.86
32,74,39.46,94.69
74,32,39.46,94.69
32,75,65.85,158.05
75,32,65.85,158.05
32,76,12.82,30.78
76,32,12.82,30.78
32,77,35.07,84.18
77,32,35.07,84.18
32,78,29.44,70.65
78,32,29.44,70.65
32,79,65.61,157.47
79,32,65.61,157.47
32,80,61.81,148.35
80,32,61.81,148.35
32,81,33.82,81.17
81,32,33.82,81.17
32,82,29.4,70.56
82,32,29.4,70.56
32,83,20.76,49.83
83,32,20.76,49.83
32,84,37.27,89.46
84,32,37.27,89.46
32,85,38.86,93.26
85,32,38.86,93.26
32,86,8.18,19.63
86,32,8.18,19.63
32,87,19.19,46.06
87,32,19.19,46.06
32,88,42.0,100.79
88,32,42.0,100.79
32,90,17.48,41.94
90,32,17.48,41.94
32,91,29.94,71.86
91,32,29.94,71.86
32,93,61.14,146.74
93,32,61.14,146.74
32,94,39.5,94.8
94,32,39.5,94.8
32,95,35.41,85.0
95,32,35.41,85.0
32,97,54.1,129.85
97,32,54.1,129.85
32,98,22.81,54.75
98,32,22.81,54.75
32,99,24.64,59.14
99,32,24.64,59.14
32,100,21.01,50.41
100,32,21.01,50.41
32,102,71.04,170.5
102,32,71.04,170.5
32,103,66.93,160.65
103,32,66.93,160.65
32,105,40.48,97.15
105,32,40.48,97.15
32,106,50.85,122.04
106,32,50.85,122.04
32,107,41.84,100.42
107,32,41.84,100.42
32,108,50.31,120.73
108,32,50.31,120.73
32,109,45.63,109.52
109,32,45.63,109.52
32,110,71.86,172.46
110,32,71.86,172.46
32,111,44.73,107.35
111,32,44.73,107.35
32,112,52.75,126.61
112,32,52.75,126.61
32,113,75.25,180.6
113,32,75.25,180.6
32,114,49.64,119.15
114,32,49.64,119.15
32,115,24.8,59.53
115,32,24.8,59.53
32,118,51.51,123.63
118,32,51.51,123.63
32,119,55.57,133.36
119,32,55.57,133.36
32,121,13.46,32.31
121,32,13.46,32.31
32,122,36.34,87.21
122,32,36.34,87.21
32,123,52.11,125.06
123,32,52.11,125.06
32,124,19.5,46.81
124,32,19.5,46.81
32,125,23.85,57.23
125,32,23.85,57.23
32,126,25.61,61.46
126,32,25.61,61.46
32,127,61.15,146.79
127,32,61.15,146.79
32,128,49.55,118.93
128,32,49.55,118.93
32,129,21.56,51.74
129,32,21.56,51.74
32,132,34.19,82.05
132,32,34.19,82.05
32,133,11.72,28.12
133,32,11.72,28.12
32,134,23.76,57.03
134,32,23.76,57.03
32,135,62.84,150.82
135,32,62.84,150.82
32,136,53.69,128.87
136,32,53.69,128.87
32,137,21.88,52.52
137,32,21.88,52.52
32,138,50.62,121.51
138,32,50.62,121.51
32,139,55.51,133.22
139,32,55.51,133.22
32,140,40.62,97.5
140,32,40.62,97.5
32,141,27.64,66.34
141,32,27.64,66.34
32,142,22.39,53.73
142,32,22.39,53.73
32,143,11.12,26.69
143,32,11.12,26.69
32,144,21.93,52.62
144,32,21.93,52.62
32,146,50.96,122.29
146,32,50.96,122.29
32,147,49.27,118.25
147,32,49.27,118.25
32,148,24.65,59.15
148,32,24.65,59.15
32,149,50.43,121.03
149,32,50.43,121.03
32,150,42.28,101.48
150,32,42.28,101.48
33,35,32.25,77.4
35,33,32.25,77.4
33,36,39.86,95.67
36,33,39.86,95.67
33,37,38.26,91.82
37,33,38.26,91.82
33,38,34.28,82.28
38,33,34.28,82.28
33,40,44.68,107.24
40,33,44.68,107.24
33,41,43.27,103.84
41,33,43.27,103.84
33,43,49.44,118.66
43,33,49.44,118.66
33,44,40.38,96.91
44,33,40.38,96.91
33,45,17.77,42.66
45,33,17.77,42.66
33,46,18.81,45.15
46,33,18.81,45.15
33,48,30.86,74.06
48,33,30.86,74.06
33,49,27.02,64.85
49,33,27.02,64.85
33,50,16.49,39.58
50,33,16.49,39.58
33,51,24.67,59.2
51,33,24.67,59.2
33,52,43.2,103.67
52,33,43.2,103.67
33,53,40.21,96.5
53,33,40.21,96.5
33,54,44.29,106.29
54,33,44.29,106.29
33,55,50.93,122.22
55,33,50.93,122.22
33,56,54.03,129.66
56,33,54.03,129.66
33,57,52.85,126.84
57,33,52.85,126.84
33,58,39.43,94.64
58,33,39.43,94.64
33,59,22.4,53.76
59,33,22.4,53.76
33,60,16.73,40.15
60,33,16.73,40.15
33,61,6.58,15.8
61,33,6.58,15.8
33,62,35.69,85.64
62,33,35.69,85.64
33,63,45.29,108.69
63,33,45.29,108.69
33,64,20.22,48.52
64,33,20.22,48.52
33,65,24.59,59.01
65,33,24.59,59.01
33,66,42.21,101.29
66,33,42.21,101.29
33,67,27.57,66.16
67,33,27.57,66.16
33,68,45.24,108.58
68,33,45.24,108.58
33,69,47.7,114.49
69,33,47.7,114.49
33,70,50.96,122.3
70,33,50.96,122.3
33,73,46.41,111.36
73,33,46.41,111.36
33,74,31.47,75.53
74,33,31.47,75.53
33,75,53.88,129.31
75,33,53.88,129.31
33,76,36.12,86.66
76,33,36.12,86.66
33,77,30.47,73.11
77,33,30.47,73.11
33,78,17.71,42.51
78,33,17.71,42.51
33,79,55.07,132.17
79,33,55.07,132.17
33,80,43.67,104.82
80,33,43.67,104.82
33,81,17.32,41.56
81,33,17.32,41.56
33,82,21.35,51.23
82,33,21.35,51.23
33,83,36.39,87.33
83,33,36.39,87.33
33,84,11.47,27.53
84,33,11.47,27.53
33,85,16.36,39.27
85,33,16.36,39.27
33,86,33.69,80.86
86,33,33.69,80.86
33,87,41.98,100.76
87,33,41.98,100.76
33,88,53.72,128.93
88,33,53.72,128.93
33,90,37.6,90.23
90,33,37.6,90.23
33,91,10.26,24.63
91,33,10.26,24.63
33,93,50.48,121.16
93,33,50.48,121.16
33,94,57.59,138.2
94,33,57.59,138.2
33,95,48.67,116.83
95,33,48.67,116.83
33,97,32.67,78.42
97,33,32.67,78.42
33,98,46.07,110.58
98,33,46.07,110.58
33,99,41.5,99.59
99,33,41.5,99.59
33,100,26.21,62.89
100,33,26.21,62.89
33,102,59.07,141.76
102,33,59.07,141.76
33,103,53.87,129.29
103,33,53.87,129.29
33,105,36.48,87.53
105,33,36.48,87.53
33,106,27.59,66.22
106,33,27.59,66.22
33,107,58.11,139.47
107,33,58.11,139.47
33,108,53.2,127.68
108,33,53.2,127.68
33,109,53.08,127.39
109,33,53.08,127.39
33,110,59.89,143.72
110,33,59.89,143.72
33,111,58.12,139.49
111,33,58.12,139.49
33,112,57.84,138.81
112,33,57.84,138.81
33,113,62.68,150.42
113,33,62.68,150.42
33,114,62.3,149.52
114,33,62.3,149.52
33,115,13.21,31.7
115,33,13.21,31.7
33,118,48.56,116.53
118,33,48.56,116.53
33,119,57.18,137.22
119,33,57.18,137.22
33,121,39.17,94.0
121,33,39.17,94.0
33,122,38.91,93.36
122,33,38.91,93.36
33,123,26.25,62.99
123,33,26.25,62.99
33,124,33.34,80.02
124,33,33.34,80.02
33,125,33.93,81.44
125,33,33.93,81.44
33,126,42.07,100.97
126,33,42.07,100.97
33,127,50.94,122.26
127,33,50.94,122.26
33,128,23.73,56.96
128,33,23.73,56.96
33,129,6.98,16.76
129,33,6.98,16.76
33,132,10.3,24.71
132,33,10.3,24.71
33,133,30.0,72.0
133,33,30.0,72.0
33,134,3.46,8.3
134,33,3.46,8.3
33,135,43.64,104.76
135,33,43.64,104.76
33,136,38.07,91.38
136,33,38.07,91.38
33,137,39.35,94.45
137,33,39.35,94.45
33,138,62.25,149.4
138,33,62.25,149.4
33,139,30.9,74.15
139,33,30.9,74.15
33,140,33.94,81.45
140,33,33.94,81.45
33,141,8.07,19.38
141,33,8.07,19.38
33,142,37.19,89.26
142,33,37.19,89.26
33,143,14.8,35.53
143,33,14.8,35.53
33,144,7.28,17.48
144,33,7.28,17.48
33,146,61.47,147.53
146,33,61.47,147.53
33,147,63.73,152.97
147,33,63.73,152.97
33,148,45.22,108.52
148,33,45.22,108.52
33,149,24.84,59.63
149,33,24.84,59.63
33,150,18.48,44.35
150,33,18.48,44.35
35,36,53.03,127.26
36,35,53.03,127.26
35,37,54.43,130.64
37,35,54.43,130.64
35,38,53.27,127.85
38,35,53.27,127.85
35,40,50.57,121.37
40,35,50.57,121.37
35,41,32.0,76.8
41,35,32.0,76.8
35,43,26.98,64.74
43,35,26.98,64.74
35,44,19.58,47.0
44,35,19.58,47.0
35,45,23.81,57.15
45,35,23.81,57.15
35,46,28.3,67.92
46,35,28.3,67.92
35,48,57.93,139.04
48,35,57.93,139.04
35,49,56.2,134.89
49,35,56.2,134.89
35,50,39.5,94.81
50,35,39.5,94.81
35,51,9.47,22.73
51,35,9.47,22.73
35,52,16.11,38.67
52,35,16.11,38.67
35,53,10.74,25.77
53,35,10.74,25.77
35,54,58.4,140.15
54,35,58.4,140.15
35,55,65.24,156.57
55,35,65.24,156.57
35,56,63.95,153.49
56,35,63.95,153.49
35,57,56.81,136.35
57,35,56.81,136.35
35,58,58.88,141.31
58,35,58.88,141.31
35,59,53.06,127.34
59,35,53.06,127.34
35,60,48.37,116.09
60,35,48.37,116.09
35,61,32.46,77.92
61,35,32.46,77.92
35,62,31.29,75.1
62,35,31.29,75.1
35,63,39.35,94.43
63,35,39.35,94.43
35,64,19.98,47.96
64,35,19.98,47.96
35,65,28.09,67.4
65,35,28.09,67.4
35,66,40.07,96.18
66,35,40.07,96.18
35,67,4.81,11.56
67,35,4.81,11.56
35,68,20.58,49.4
68,35,20.58,49.4
35,69,19.11,45.85
69,35,19.11,45.85
35,70,25.38,60.91
70,35,25.38,60.91
35,73,29.83,71.61
73,35,29.83,71.61
35,74,21.36,51.26
74,35,21.36,51.26
35,75,24.3,58.34
75,35,24.3,58.34
35,76,63.82,153.18
76,35,63.82,153.18
35,77,27.09,65.01
77,35,27.09,65.01
35,78,48.78,117.06
78,35,48.78,117.06
35,79,26.28,63.08
79,35,26.28,63.08
35,80,11.87,28.48
80,35,11.87,28.48
35,81,46.19,110.86
81,35,46.19,110.86
35,82,24.67,59.2
82,35,24.67,59.2
35,83,67.31,161.54
83,35,67.31,161.54
35,84,26.29,63.1
84,35,26.29,63.1
35,85,16.31,39.14
85,35,16.31,39.14
35,86,59.28,142.28
86,35,59.28,142.28
35,87,59.28,142.28
87,35,59.28,142.28
35,88,54.28,130.28
88,35,54.28,130.28
35,90,67.06,160.94
90,35,67.06,160.94
35,91,39.98,95.97
91,35,39.98,95.97
35,93,23.07,55.37
93,35,23.07,55.37
35,94,64.98,155.95
94,35,64.98,155.95
35,95,52.79,126.7
95,35,52.79,126.7
35,97,4.4,10.55
97,35,4.4,10.55
35,98,63.02,151.26
98,35,63.02,151.26
35,99,72.31,173.57
99,35,72.31,173.57
35,100,36.25,87.0
100,35,36.25,87.0
35,102,29.49,70.79
102,35,29.49,70.79
35,103,22.95,55.08
103,35,22.95,55.08
35,105,28.84,69.21
105,35,28.84,69.21
35,106,11.64,27.95
106,35,11.64,27.95
35,107,63.04,151.3
107,35,63.04,151.3
35,108,45.9,110.16
108,35,45.9,110.16
35,109,49.5,118.81
109,35,49.5,118.81
35,110,29.65,71.15
110,35,29.65,71.15
35,111,59.42,142.62
111,35,59.42,142.62
35,112,50.75,121.79
112,35,50.75,121.79
35,113,31.25,75.01
113,35,31.25,75.01
35,114,61.64,147.93
114,35,61.64,147.93
35,115,26.48,63.55
115,35,26.48,63.55
35,118,34.75,83.39
118,35,34.75,83.39
35,119,49.37,118.48
119,35,49.37,118.48
35,121,61.86,148.47
121,35,61.86,148.47
35,122,36.81,88.33
122,35,36.81,88.33
35,123,27.68,66.43
123,35,27.68,66.43
35,124,64.51,154.82
124,35,64.51,154.82
35,125,42.09,101.01
125,35,42.09,101.01
35,126,73.03,175.28
126,35,73.03,175.28
35,127,24.24,58.17
127,35,24.24,58.17
35,128,25.61,61.46
128,35,25.61,61.46
35,129,31.53,75.68
129,35,31.53,75.68
35,132,22.41,53.79
132,35,22.41,53.79
35,133,47.97,115.12
133,35,47.97,115.12
35,134,35.68,85.64
134,35,35.68,85.64
35,135,12.43,29.82
135,35,12.43,29.82
35,136,7.03,16.86
136,35,7.03,16.86
35,137,69.89,167.74
137,35,69.89,167.74
35,138,60.29,144.7
138,35,60.29,144.7
35,139,17.65,42.35
139,35,17.65,42.35
35,140,24.01,57.62
140,35,24.01,57.62
35,141,38.96,93.52
141,35,38.96,93.52
35,142,68.36,164.07
142,35,68.36,164.07
35,143,42.8,102.73
143,35,42.8,102.73
35,144,30.94,74.27
144,35,30.94,74.27
35,146,58.32,139.96
146,35,58.32,139.96
35,147,65.05,156.13
147,35,65.05,156.13
35,148,58.94,141.44
148,35,58.94,141.44
35,149,32.75,78.6
149,35,32.75,78.6
35,150,37.76,90.62
150,35,37.76,90.62
36,37,4.81,11.54
37,36,4.81,11.54
36,38,9.68,23.22
38,36,9.68,23.22
36,40,11.12,26.7
40,36,11.12,26.7
36,41,35.08,84.19
41,36,35.08,84.19
36,43,47.95,115.08
43,36,47.95,115.08
36,44,43.41,104.18
44,36,43.41,104.18
36,45,30.8,73.93
45,36,30.8,73.93
36,46,26.26,63.03
46,36,26.26,63.03
36,48,25.19,60.46
48,36,25.19,60.46
36,49,29.98,71.96
49,36,29.98,71.96
36,50,23.75,56.99
50,36,23.75,56.99
36,51,52.04,124.9
51,36,52.04,124.9
36,52,51.12,122.68
52,36,51.12,122.68
36,53,52.84,126.82
53,36,52.84,126.82
36,54,5.37,12.89
54,36,5.37,12.89
36,55,12.3,29.52
55,36,12.3,29.52
36,56,14.25,34.19
56,36,14.25,34.19
36,57,17.3,41.53
57,36,17.3,41.53
36,58,11.03,26.46
58,36,11.03,26.46
36,59,33.73,80.96
59,36,33.73,80.96
36,60,36.68,88.04
60,36,36.68,88.04
36,61,46.44,111.47
61,36,46.44,111.47
36,62,27.17,65.21
62,36,27.17,65.21
36,63,28.7,68.87
63,36,28.7,68.87
36,64,33.68,80.82
64,36,33.68,80.82
36,65,24.95,59.87
65,36,24.95,59.87
36,66,22.58,54.18
66,36,22.58,54.18
36,67,50.87,122.09
67,36,50.87,122.09
36,68,48.99,117.57
68,36,48.99,117.57
36,69,55.21,132.51
69,36,55.21,132.51
36,70,52.66,126.38
70,36,52.66,126.38
36,73,41.32,99.17
73,36,41.32,99.17
36,74,34.19,82.06
74,36,34.19,82.06
36,75,61.25,147.01
75,36,61.25,147.01
36,76,28.58,68.58
76,36,28.58,68.58
36,77,28.04,67.31
77,36,28.04,67.31
36,78,49.33,118.4
78,36,49.33,118.4
36,79,58.46,140.32
79,36,58.46,140.32
36,80,62.51,150.02
80,36,62.51,150.02
36,81,52.8,126.72
81,36,52.8,126.72
36,82,28.44,68.26
82,36,28.44,68.26
36,83,40.12,96.28
83,36,40.12,96.28
36,84,49.56,118.95
84,36,49.56,118.95
36,85,46.44,111.45
85,36,46.44,111.45
36,86,22.28,53.48
86,36,22.28,53.48
36,87,8.24,19.78
87,36,8.24,19.78
36,88,21.52,51.65
88,36,21.52,51.65
36,90,34.83,83.59
90,36,34.83,83.59
36,91,47.42,113.81
91,36,47.42,113.81
36,93,54.97,131.92
93,36,54.97,131.92
36,94,18.45,44.28
94,36,18.45,44.28
36,95,14.8,35.52
95,36,14.8,35.52
36,97,56.95,136.67
97,36,56.95,136.67
36,98,10.74,25.77
98,36,10.74,25.77
36,99,42.64,102.33
99,36,42.64,102.33
36,100,17.06,40.95
100,36,17.06,40.95
36,102,65.39,156.94
102,36,65.39,156.94
36,103,63.27,151.86
103,36,63.27,151.86
36,105,30.83,73.99
105,36,30.83,73.99
36,106,57.03,136.88
106,36,57.03,136.88
36,107,20.4,48.95
107,36,20.4,48.95
36,108,33.1,79.44
108,36,33.1,79.44
36,109,26.87,64.49
109,36,26.87,64.49
36,110,67.26,161.42
110,36,67.26,161.42
36,111,23.53,56.48
111,36,23.53,56.48
36,112,34.26,82.23
112,36,34.26,82.23
36,113,70.65,169.56
113,36,70.65,169.56
36,114,28.49,68.39
114,36,28.49,68.39
36,115,31.15,74.76
115,36,31.15,74.76
36,118,37.68,90.44
118,36,37.68,90.44
36,119,37.95,91.07
119,36,37.95,91.07
36,121,17.56,42.15
121,36,17.56,42.15
36,122,23.09,55.43
122,36,23.09,55.43
36,123,63.87,153.29
123,36,63.87,153.29
36,124,39.76,95.43
124,36,39.76,95.43
36,125,11.36,27.27
125,36,11.36,27.27
36,126,43.67,104.8
126,36,43.67,104.8
36,127,54.2,130.09
127,36,54.2,130.09
36,128,60.98,146.34
128,36,60.98,146.34
36,129,33.21,79.71
129,36,33.21,79.71
36,132,44.19,106.06
132,36,44.19,106.06
36,133,10.65,25.56
133,36,10.65,25.56
36,134,39.34,94.41
134,36,39.34,94.41
36,135,63.83,153.19
135,36,63.83,153.19
36,136,53.98,129.56
136,36,53.98,129.56
36,137,40.03,96.07
137,36,40.03,96.07
36,138,29.74,71.38
138,36,29.74,71.38
36,139,63.3,151.91
139,36,63.3,151.91
36,140,33.51,80.42
140,36,33.51,80.42
36,141,44.82,107.58
141,36,44.82,107.58
36,142,41.83,100.39
142,36,41.83,100.39
36,143,28.57,68.56
143,36,28.57,68.56
36,144,33.16,79.57
144,36,33.16,79.57
36,146,30.45,73.08
146,36,30.45,73.08
36,147,27.83,66.79
147,36,27.83,66.79
36,148,5.98,14.35
148,36,5.98,14.35
36,149,64.01,153.62
149,36,64.01,153.62
36,150,58.27,139.84
150,36,58.27,139.84
37,38,5.33,12.8
38,37,5.33,12.8
37,40,15.92,38.21
40,37,15.92,38.21
37,41,38.9,93.36
41,37,38.9,93.36
37,43,51.46,123.51
43,37,51.46,123.51
37,44,46.33,111.2
44,37,46.33,111.2
37,45,31.37,75.3
45,37,31.37,75.3
37,46,26.73,64.15
46,37,26.73,64.15
37,48,20.62,49.5
48,37,20.62,49.5
37,49,25.69,61.65
49,37,25.69,61.65
37,50,21.8,52.32
50,37,21.8,52.32
37,51,52.59,126.23
51,37,52.59,126.23
37,52,53.84,129.21
52,37,53.84,129.21
37,53,55.13,132.32
53,37,55.13,132.32
37,54,6.29,15.1
54,37,6.29,15.1
37,55,12.67,30.41
55,37,12.67,30.41
37,56,17.17,41.2
56,37,17.17,41.2
37,57,21.92,52.61
57,37,21.92,52.61
37,58,6.42,15.41
58,37,6.42,15.41
37,59,29.82,71.57
59,37,29.82,71.57
37,60,33.29,79.89
60,37,33.29,79.89
37,61,44.8,107.53
61,37,44.8,107.53
37,62,30.56,73.36
62,37,30.56,73.36
37,63,32.99,79.18
63,37,32.99,79.18
37,64,34.23,82.15
64,37,34.23,82.15
37,65,26.64,63.93
65,37,26.64,63.93
37,66,26.8,64.33
66,37,26.8,64.33
37,67,51.43,123.44
67,37,51.43,123.44
37,68,52.04,124.91
68,37,52.04,124.91
37,69,58.08,139.4
69,37,58.08,139.4
37,70,56.01,134.42
70,37,56.01,134.42
37,73,45.04,108.1
73,37,45.04,108.1
37,74,36.7,88.09
74,37,36.7,88.09
37,75,64.23,154.16
75,37,64.23,154.16
37,76,23.8,57.12
76,37,23.8,57.12
37,77,30.74,73.78
77,37,30.74,73.78
37,78,46.24,110.98
78,37,46.24,110.98
37,79,61.79,148.3
79,37,61.79,148.3
37,80,64.44,154.65
80,37,64.44,154.65
37,81,50.04,120.1
81,37,50.04,120.1
37,82,29.78,71.47
82,37,29.78,71.47
37,83,35.45,85.08
83,37,35.45,85.08
37,84,48.55,116.52
84,37,48.55,116.52
37,85,46.46,111.49
85,37,46.46,111.49
37,86,17.56,42.15
86,37,17.56,42.15
37,87,4.89,11.72
87,37,4.89,11.72
37,88,26.3,63.13
88,37,26.3,63.13
37,90,30.06,72.15
90,37,30.06,72.15
37,91,45.06,108.15
91,37,45.06,108.15
37,93,58.12,139.49
93,37,58.12,139.49
37,94,21.98,52.75
94,37,21.98,52.75
37,95,19.59,47.01
95,37,19.59,47.01
37,97,57.75,138.62
97,37,57.75,138.62
37,98,8.66,20.77
98,37,8.66,20.77
37,99,37.87,90.89
99,37,37.87,90.89
37,100,18.19,43.67
100,37,18.19,43.67
37,102,68.74,164.97
102,37,68.74,164.97
37,103,66.14,158.75
103,37,66.14,158.75
37,105,34.17,82.0
105,37,34.17,82.0
37,106,57.58,138.21
106,37,57.58,138.21
37,107,24.5,58.8
107,37,24.5,58.8
37,108,37.75,90.59
108,37,37.75,90.59
37,109,31.64,75.93
109,37,31.64,75.93
37,110,70.24,168.57
110,37,70.24,168.57
37,111,28.14,67.53
111,37,28.14,67.53
37,112,39.03,93.67
112,37,39.03,93.67
37,113,73.63,176.71
113,37,73.63,176.71
37,114,33.1,79.45
114,37,33.1,79.45
37,115,30.96,74.32
115,37,30.96,74.32
37,118,41.81,100.35
118,37,41.81,100.35
37,119,42.66,102.38
119,37,42.66,102.38
37,121,12.82,30.76
121,37,12.82,30.76
37,122,26.96,64.71
122,37,26.96,64.71
37,123,63.15,151.56
123,37,63.15,151.56
37,124,35.21,84.51
124,37,35.21,84.51
37,125,14.29,34.3
125,37,14.29,34.3
37,126,38.9,93.36
126,37,38.9,93.36
37,127,57.45,137.88
127,37,57.45,137.88
37,128,60.31,144.75
128,37,60.31,144.75
37,129,31.94,76.64
129,37,31.94,76.64
37,132,43.61,104.67
132,37,43.61,104.67
37,133,8.26,19.82
133,37,8.26,19.82
37,134,37.34,89.62
134,37,37.34,89.62
37,135,65.67,157.61
135,37,65.67,157.61
37,136,55.96,134.31
136,37,55.96,134.31
37,137,35.28,84.67
137,37,35.28,84.67
37,138,34.43,82.64
138,37,34.43,82.64
37,139,63.51,152.42
139,37,63.51,152.42
37,140,36.39,87.34
140,37,36.39,87.34
37,141,42.51,102.04
141,37,42.51,102.04
37,142,37.16,89.19
142,37,37.16,89.19
37,143,25.8,61.93
143,37,25.8,61.93
37,144,31.97,76.73
144,37,31.97,76.73
37,146,35.21,84.5
146,37,35.21,84.5
37,147,32.06,76.94
147,37,32.06,76.94
37,148,7.31,17.54
148,37,7.31,17.54
37,149,62.84,150.82
149,37,62.84,150.82
37,150,56.42,135.41
150,37,56.42,135.41
38,40,20.4,48.97
40,38,20.4,48.97
38,41,41.04,98.49
41,38,41.04,98.49
38,43,53.01,127.22
43,38,53.01,127.22
38,44,47.11,113.06
44,38,47.11,113.06
38,45,29.65,71.15
45,38,29.65,71.15
38,46,25.04,60.09
46,38,25.04,60.09
38,48,15.52,37.25
48,38,15.52,37.25
38,49,20.39,48.94
49,38,20.39,48.94
38,50,17.83,42.79
50,38,17.83,42.79
38,51,50.74,121.78
51,38,50.74,121.78
38,52,54.26,130.23
52,38,54.26,130.23
38,53,55.01,132.02
53,38,55.01,132.02
38,54,11.43,27.42
54,38,11.43,27.42
38,55,17.11,41.06
55,38,17.11,41.06
38,56,22.42,53.81
56,38,22.42,53.81
38,57,26.98,64.75
57,38,26.98,64.75
38,58,5.67,13.61
58,38,5.67,13.61
38,59,24.5,58.8
59,38,24.5,58.8
38,60,28.13,67.5
60,38,28.13,67.5
38,61,40.74,97.77
61,38,40.74,97.77
38,62,32.22,77.33
62,38,32.22,77.33
38,63,35.99,86.38
63,38,35.99,86.38
38,64,32.54,78.08
64,38,32.54,78.08
38,65,26.31,63.13
65,38,26.31,63.13
38,66,29.78,71.47
66,38,29.78,71.47
38,67,49.74,119.37
67,38,49.74,119.37
38,68,52.94,127.06
68,38,52.94,127.06
38,69,58.69,140.85
69,38,58.69,140.85
38,70,57.28,137.48
70,38,57.28,137.48
38,73,46.96,112.7
73,38,46.96,112.7
38,74,37.08,89.0
74,38,37.08,89.0
38,75,64.94,155.87
75,38,64.94,155.87
38,76,19.23,46.15
76,38,19.23,46.15
38,77,31.49,75.57
77,38,31.49,75.57
38,78,41.18,98.84
78,38,41.18,98.84
38,79,62.99,151.19
79,38,62.99,151.19
38,80,63.31,151.93
80,38,63.31,151.93
38,81,45.15,108.37
81,38,45.15,108.37
38,82,28.95,69.48
82,38,28.95,69.48
38,83,30.49,73.18
83,38,30.49,73.18
38,84,45.0,107.99
84,38,45.0,107.99
38,85,43.9,105.35
85,38,43.9,105.35
38,86,12.81,30.74
86,38,12.81,30.74
38,87,7.73,18.56
87,38,7.73,18.56
38,88,31.05,74.52
88,38,31.05,74.52
38,90,25.4,60.96
90,38,25.4,60.96
38,91,40.45,97.09
91,38,40.45,97.09
38,93,59.1,141.84
93,38,59.1,141.84
38,94,27.3,65.52
94,38,27.3,65.52
38,95,24.33,58.4
95,38,24.33,58.4
38,97,56.06,134.55
97,38,56.06,134.55
38,98,11.8,28.31
98,38,11.8,28.31
38,99,33.21,79.7
99,38,33.21,79.7
38,100,17.71,42.5
100,38,17.71,42.5
38,102,69.92,167.84
102,38,69.92,167.84
38,103,66.69,160.06
103,38,66.69,160.06
38,105,35.68,85.62
105,38,35.68,85.62
38,106,55.44,133.06
106,38,55.44,133.06
38,107,29.8,71.53
107,38,29.8,71.53
38,108,41.47,99.53
108,38,41.47,99.53
38,109,35.81,85.95
109,38,35.81,85.95
38,110,70.95,170.28
110,38,70.95,170.28
38,111,33.21,79.7
111,38,33.21,79.7
38,112,43.17,103.6
112,38,43.17,103.6
38,113,74.34,178.42
113,38,74.34,178.42
38,114,38.17,91.61
114,38,38.17,91.61
38,115,28.46,68.3
115,38,28.46,68.3
38,118,44.5,106.8
118,38,44.5,106.8
38,119,46.54,111.69
119,38,46.54,111.69
38,121,9.84,23.61
121,38,9.84,23.61
38,122,29.38,70.5
122,38,29.38,70.5
38,123,59.77,143.45
123,38,59.77,143.45
38,124,30.09,72.21
124,38,30.09,72.21
38,125,16.17,38.81
125,38,16.17,38.81
38,126,34.24,82.17
126,38,34.24,82.17
38,127,58.56,140.56
127,38,58.56,140.56
38,128,57.0,136.79
128,38,57.0,136.79
38,129,28.34,68.01
129,38,28.34,68.01
38,132,40.5,97.21
132,38,40.5,97.21
38,133,5.31,12.74
133,38,5.31,12.74
38,134,33.06,79.34
134,38,33.06,79.34
38,135,64.34,154.4
135,38,64.34,154.4
38,136,55.19,132.45
136,38,55.19,132.45
38,137,30.55,73.33
137,38,30.55,73.33
38,138,39.39,94.54
138,38,39.39,94.54
38,139,61.01,146.41
139,38,61.01,146.41
38,140,37.25,89.4
140,38,37.25,89.4
38,141,37.96,91.09
141,38,37.96,91.09
38,142,32.2,77.29
142,38,32.2,77.29
38,143,21.07,50.56
143,38,21.07,50.56
38,144,28.46,68.3
144,38,28.46,68.3
38,146,40.02,96.04
146,38,40.02,96.04
38,147,37.36,89.66
147,38,37.36,89.66
38,148,12.46,29.9
148,38,12.46,29.9
38,149,59.07,141.77
149,38,59.07,141.77
38,150,52.14,125.13
150,38,52.14,125.13
40,41,26.82,64.37
41,40,26.82,64.37
40,43,39.47,94.73
43,40,39.47,94.73
40,44,37.39,89.73
44,40,37.39,89.73
40,45,31.53,75.68
45,40,31.53,75.68
40,46,27.7,66.49
46,40,27.7,66.49
40,48,35.82,85.96
48,40,35.82,85.96
40,49,40.1,96.24
49,40,40.1,96.24
40,50,30.21,72.5
50,40,30.21,72.5
40,51,51.78,124.26
51,40,51.78,124.26
40,52,45.41,109.0
52,40,45.41,109.0
40,53,48.19,115.66
53,40,48.19,115.66
40,54,13.77,33.04
54,40,13.77,33.04
40,55,18.08,43.39
55,40,18.08,43.39
40,56,13.72,32.92
56,40,13.72,32.92
40,57,8.19,19.65
57,40,8.19,19.65
40,58,22.09,53.02
58,40,22.09,53.02
40,59,43.12,103.5
59,40,43.12,103.5
40,60,45.06,108.15
60,40,45.06,108.15
40,61,51.11,122.66
61,40,51.11,122.66
40,62,20.75,49.8
62,40,20.75,49.8
40,63,19.15,45.96
63,40,19.15,45.96
40,64,33.26,79.82
64,40,33.26,79.82
40,65,23.66,56.78
65,40,23.66,56.78
40,66,13.64,32.74
66,40,13.64,32.74
40,67,49.39,118.53
67,40,49.39,118.53
40,68,42.43,101.84
68,40,42.43,101.84
40,69,49.0,117.59
69,40,49.0,117.59
40,70,44.72,107.34
70,40,44.72,107.34
40,73,32.29,77.49
73,40,32.29,77.49
40,74,29.78,71.46
74,40,29.78,71.46
40,75,54.69,131.25
75,40,54.69,131.25
40,76,39.57,94.97
76,40,39.57,94.97
40,77,23.63,56.72
77,40,23.63,56.72
40,78,56.87,136.5
78,40,56.87,136.5
40,79,50.24,120.57
79,40,50.24,120.57
40,80,58.53,140.48
80,40,58.53,140.48
40,81,59.6,143.05
81,40,59.6,143.05
40,82,27.58,66.2
82,40,27.58,66.2
40,83,50.85,122.04
83,40,50.85,122.04
40,84,52.78,126.68
84,40,52.78,126.68
40,85,47.49,113.97
85,40,47.49,113.97
40,86,33.2,79.67
86,40,33.2,79.67
40,87,18.81,45.14
87,40,18.81,45.14
40,88,10.77,25.85
88,40,10.77,25.85
40,90,45.79,109.89
90,40,45.79,109.89
40,91,53.52,128.46
91,40,53.52,128.46
40,93,48.03,115.26
93,40,48.03,115.26
40,94,14.51,34.82
94,40,14.51,34.82
40,95,4.27,10.26
95,40,4.27,10.26
40,97,54.81,131.55
97,40,54.81,131.55
40,98,19.98,47.94
98,40,19.98,47.94
40,99,53.6,128.64
99,40,53.6,128.64
40,100,18.68,44.82
100,40,18.68,44.82
40,102,56.75,136.2
102,40,56.75,136.2
40,103,56.91,136.6
103,40,56.91,136.6
40,105,24.27,58.25
105,40,24.27,58.25
40,106,56.83,136.4
106,40,56.83,136.4
40,107,13.66,32.77
107,40,13.66,32.77
40,108,22.31,53.55
108,40,22.31,53.55
40,109,15.78,37.88
109,40,15.78,37.88
40,110,60.08,144.19
110,40,60.08,144.19
40,111,13.92,33.42
111,40,13.92,33.42
40,112,23.17,55.61
112,40,23.17,55.61
40,113,63.71,152.91
113,40,63.71,152.91
40,114,18.65,44.77
114,40,18.65,44.77
40,115,33.52,80.45
115,40,33.52,80.45
40,118,28.63,68.72
118,40,28.63,68.72
40,119,26.98,64.75
119,40,26.98,64.75
40,121,28.67,68.82
121,40,28.67,68.82
40,122,15.48,37.16
122,40,15.48,37.16
40,123,66.08,158.59
123,40,66.08,158.59
40,124,50.26,120.62
124,40,50.26,120.62
40,125,10.8,25.91
125,40,10.8,25.91
40,126,54.63,131.11
126,40,54.63,131.11
40,127,46.76,112.22
127,40,46.76,112.22
40,128,63.12,151.49
128,40,63.12,151.49
40,129,37.71,90.49
129,40,37.71,90.49
40,132,46.66,111.99
132,40,46.66,111.99
40,133,19.55,46.92
133,40,19.55,46.92
40,134,44.96,107.91
134,40,44.96,107.91
40,135,60.03,144.07
135,40,60.03,144.07
40,136,50.09,120.21
136,40,50.09,120.21
40,137,50.95,122.29
137,40,50.95,122.29
40,138,19.43,46.63
138,40,19.43,46.63
40,139,63.41,152.18
139,40,63.41,152.18
40,140,28.1,67.45
140,40,28.1,67.45
40,141,50.9,122.15
141,40,50.9,122.15
40,142,52.56,126.13
142,40,52.56,126.13
40,143,36.11,86.66
143,40,36.11,86.66
40,144,37.47,89.92
144,40,37.47,89.92
40,146,19.75,47.39
146,40,19.75,47.39
40,147,19.22,46.12
147,40,19.22,46.12
40,148,13.47,32.34
148,40,13.47,32.34
40,149,67.21,161.31
149,40,67.21,161.31
40,150,63.05,151.32
150,40,63.05,151.32
41,43,13.42,32.21
43,41,13.42,32.21
41,44,13.31,31.95
44,41,13.31,31.95
41,45,27.04,64.89
45,41,27.04,64.89
41,46,27.1,65.04
46,41,27.1,65.04
41,48,53.38,128.11
48,41,53.38,128.11
41,49,55.18,132.43
49,41,55.18,132.43
41,50,38.67,92.81
50,41,38.67,92.81
41,51,37.62,90.29
51,41,37.62,90.29
41,52,20.85,50.04
52,41,20.85,50.04
41,53,25.29,60.7
53,41,25.29,60.7
41,54,39.53,94.87
54,41,39.53,94.87
41,55,44.8,107.53
55,41,44.8,107.53
41,56,40.01,96.01
56,41,40.01,96.01
41,57,29.74,71.37
57,41,29.74,71.37
41,58,45.18,108.43
58,41,45.18,108.43
41,59,55.43,133.02
59,41,55.43,133.02
41,60,54.14,129.93
60,41,54.14,129.93
41,61,49.43,118.62
61,41,49.43,118.62
41,62,9.25,22.2
62,41,9.25,22.2
41,63,8.79,21.1
63,41,8.79,21.1
41,64,25.05,60.13
64,41,25.05,60.13
41,65,20.41,48.98
65,41,20.41,48.98
41,66,13.18,31.63
66,41,13.18,31.63
41,67,33.25,79.8
67,41,33.25,79.8
41,68,16.75,40.2
68,41,16.75,40.2
41,69,23.4,56.15
69,41,23.4,56.15
41,70,18.57,44.57
70,41,18.57,44.57
41,73,6.34,15.22
73,41,6.34,15.22
41,74,13.36,32.07
74,41,13.36,32.07
41,75,28.55,68.53
75,41,28.55,68.53
41,76,58.7,140.88
76,41,58.7,140.88
41,77,13.04,31.3
77,41,13.04,31.3
41,78,61.79,148.31
78,41,61.79,148.31
41,79,24.26,58.22
79,41,24.26,58.22
41,80,35.92,86.2
80,41,35.92,86.2
41,81,62.12,149.09
81,41,62.12,149.09
41,82,21.97,52.73
82,41,21.97,52.73
41,83,67.4,161.77
83,41,67.4,161.77
41,84,47.22,113.33
84,41,47.22,113.33
41,85,37.81,90.74
85,41,37.81,90.74
41,86,52.42,125.82
86,41,52.42,125.82
41,87,43.26,103.83
87,41,43.26,103.83
41,88,25.38,60.91
88,41,25.38,60.91
41,90,64.14,153.93
90,41,64.14,153.93
41,91,55.07,132.16
91,41,55.07,132.16
41,93,21.65,51.96
93,41,21.65,51.96
41,94,38.88,93.31
94,41,38.88,93.31
41,95,26.82,64.37
95,41,26.82,64.37
41,97,36.31,87.15
97,41,36.31,87.15
41,98,45.63,109.5
98,41,45.63,109.5
41,99,71.44,171.46
99,41,71.44,171.46
41,100,25.83,61.99
100,41,25.83,61.99
41,102,30.99,74.38
102,41,30.99,74.38
41,103,30.88,74.11
103,41,30.88,74.11
41,105,6.89,16.53
105,41,6.89,16.53
41,106,42.07,100.96
106,41,42.07,100.96
41,107,35.53,85.26
107,41,35.53,85.26
41,108,14.28,34.27
108,41,14.28,34.27
41,109,18.76,45.02
109,41,18.76,45.02
41,110,34.04,81.68
110,41,34.04,81.68
41,111,30.18,72.42
111,41,30.18,72.42
41,112,19.11,45.86
112,41,19.11,45.86
41,113,37.65,90.36
113,41,37.65,90.36
41,114,31.14,74.74
114,41,31.14,74.74
41,115,31.75,76.21
115,41,31.75,76.21
41,118,5.44,13.06
118,41,5.44,13.06
41,119,17.53,42.07
119,41,17.53,42.07
41,121,50.84,122.02
121,41,50.84,122.02
41,122,11.99,28.77
122,41,11.99,28.77
41,123,56.04,134.51
123,41,56.04,134.51
41,124,65.7,157.67
124,41,65.7,157.67
41,125,24.9,59.75
125,41,24.9,59.75
41,126,72.41,173.78
126,41,72.41,173.78
41,127,20.49,49.18
127,41,20.49,49.18
41,128,53.31,127.94
128,41,53.31,127.94
41,129,39.08,93.8
129,41,39.08,93.8
41,132,40.61,97.47
132,41,40.61,97.47
41,133,37.05,88.93
133,41,37.05,88.93
41,134,46.98,112.77
134,41,46.98,112.77
41,135,37.62,90.29
135,41,37.62,90.29
41,136,28.47,68.33
136,41,28.47,68.33
41,137,68.68,164.84
137,41,68.68,164.84
41,138,29.37,70.5
138,41,29.37,70.5
41,139,48.81,117.15
139,41,48.81,117.15
41,140,10.07,24.17
140,41,10.07,24.17
41,141,52.82,126.76
141,41,52.82,126.76
41,142,68.96,165.5
142,41,68.96,165.5
41,143,45.02,108.04
143,41,45.02,108.04
41,144,38.51,92.42
144,41,38.51,92.42
41,146,27.1,65.04
146,41,27.1,65.04
41,147,35.19,84.45
147,41,35.19,84.45
41,148,39.54,94.9
148,41,39.54,94.9
41,149,59.46,142.71
149,41,59.46,142.71
41,150,59.78,143.47
150,41,59.78,143.47
43,44,9.15,21.95
44,43,9.15,21.95
43,45,32.77,78.65
45,43,32.77,78.65
43,46,34.59,83.02
46,43,34.59,83.02
43,48,63.94,153.45
48,43,63.94,153.45
43,49,64.84,155.61
49,43,64.84,155.61
43,50,47.42,113.81
50,43,47.42,113.81
43,51,35.1,84.25
51,43,35.1,84.25
43,52,11.47,27.53
52,43,11.47,27.53
43,53,17.17,41.22
53,43,17.17,41.22
43,54,52.62,126.29
54,43,52.62,126.29
43,55,58.11,139.47
55,43,58.11,139.47
43,56,53.42,128.21
56,43,53.42,128.21
43,57,43.01,103.22
57,43,43.01,103.22
43,58,57.56,138.16
58,43,57.56,138.16
43,59,64.1,153.84
59,43,64.1,153.84
43,60,61.68,148.04
60,43,61.68,148.04
43,61,52.68,126.44
61,43,52.68,126.44
43,62,20.9,50.17
62,43,20.9,50.17
43,63,21.92,52.61
63,43,21.92,52.61
43,64,29.43,70.62
64,43,29.43,70.62
43,65,28.98,69.56
65,43,28.98,69.56
43,66,26.57,63.78
66,43,26.57,63.78
43,67,30.02,72.05
67,43,30.02,72.05
43,68,6.53,15.66
68,43,6.53,15.66
43,69,11.72,28.13
69,43,11.72,28.13
43,70,5.26,12.62
70,43,5.26,12.62
43,73,7.2,17.29
73,43,7.2,17.29
43,74,18.18,43.64
74,43,18.18,43.64
43,75,15.4,36.95
75,43,15.4,36.95
43,76,69.55,166.92
76,43,69.55,166.92
43,77,22.05,52.91
77,43,22.05,52.91
43,78,67.12,161.09
78,43,67.12,161.09
43,79,10.84,26.02
79,43,10.84,26.02
43,80,26.52,63.65
80,43,26.52,63.65
43,81,66.35,159.23
81,43,66.35,159.23
43,82,28.83,69.2
82,43,28.83,69.2
43,83,77.09,185.02
83,43,77.09,185.02
43,84,48.71,116.91
84,43,48.71,116.91
43,85,38.23,91.76
85,43,38.23,91.76
43,86,63.53,152.47
86,43,63.53,152.47
43,87,56.01,134.43
87,43,56.01,134.43
43,88,38.36,92.06
88,43,38.36,92.06
43,90,74.56,178.95
90,43,74.56,178.95
43,91,59.35,142.44
91,43,59.35,142.44
43,93,8.77,21.05
93,43,8.77,21.05
43,94,52.18,125.23
94,43,52.18,125.23
43,95,40.22,96.53
95,43,40.22,96.53
43,97,30.63,73.51
97,43,30.63,73.51
43,98,58.62,140.69
98,43,58.62,140.69
43,99,81.48,195.57
99,43,81.48,195.57
43,100,36.35,87.23
100,43,36.35,87.23
43,102,17.6,42.24
102,43,17.6,42.24
43,103,18.11,43.45
103,43,18.11,43.45
43,105,17.35,41.63
105,43,17.35,41.63
43,106,38.48,92.36
106,43,38.48,92.36
43,107,48.65,116.75
107,43,48.65,116.75
43,108,25.01,60.03
108,43,25.01,60.03
43,109,31.12,74.69
109,43,31.12,74.69
43,110,20.65,49.55
110,43,20.65,49.55
43,111,42.91,102.98
111,43,42.91,102.98
43,112,29.3,70.33
112,43,29.3,70.33
43,113,24.27,58.26
113,43,24.27,58.26
43,114,43.18,103.64
114,43,43.18,103.64
43,115,37.61,90.27
115,43,37.61,90.27
43,118,11.68,28.04
118,43,11.68,28.04
43,119,26.04,62.49
119,43,26.04,62.49
43,121,62.84,150.81
121,43,62.84,150.81
43,122,25.04,60.09
122,43,25.04,60.09
43,123,54.13,129.92
123,43,54.13,129.92
43,124,75.03,180.08
124,43,75.03,180.08
43,125,37.2,89.28
125,43,37.2,89.28
43,126,82.4,197.76
126,43,82.4,197.76
43,127,7.36,17.67
127,43,7.36,17.67
43,128,51.75,124.21
128,43,51.75,124.21
43,129,45.04,108.09
129,43,45.04,108.09
43,132,42.7,102.47
132,43,42.7,102.47
43,133,48.55,116.53
133,43,48.55,116.53
43,134,52.24,125.37
134,43,52.24,125.37
43,135,28.27,67.85
135,43,28.27,67.85
43,136,21.17,50.8
136,43,21.17,50.8
43,137,78.76,189.02
137,43,78.76,189.02
43,138,41.11,98.68
138,43,41.11,98.68
43,139,44.61,107.07
139,43,44.61,107.07
43,140,16.48,39.56
140,43,16.48,39.56
43,141,57.46,137.9
141,43,57.46,137.9
43,142,78.54,188.51
142,43,78.54,188.51
43,143,53.24,127.77
143,43,53.24,127.77
43,144,44.4,106.56
144,43,44.4,106.56
43,146,38.61,92.66
146,43,38.61,92.66
43,147,47.51,114.02
147,43,47.51,114.02
43,148,52.7,126.47
148,43,52.7,126.47
43,149,58.62,140.69
149,43,58.62,140.69
43,150,61.34,147.21
150,43,61.34,147.21
44,45,24.1,57.84
45,44,24.1,57.84
44,46,26.43,63.42
46,44,26.43,63.42
44,48,56.7,136.07
48,44,56.7,136.07
44,49,57.07,136.97
49,44,57.07,136.97
44,50,39.45,94.68
50,44,39.45,94.68
44,51,26.75,64.21
51,44,26.75,64.21
44,52,8.05,19.32
52,44,8.05,19.32
44,53,11.98,28.76
53,44,11.98,28.76
44,54,48.45,116.3
54,44,48.45,116.3
44,55,54.55,130.93
55,44,54.55,130.93
44,56,51.07,122.56
56,44,51.07,122.56
44,57,41.81,100.35
57,44,41.81,100.35
44,58,52.09,125.01
58,44,52.09,125.01
44,59,55.89,134.15
59,44,55.89,134.15
44,60,53.11,127.48
60,44,53.11,127.48
44,61,43.54,104.49
61,44,43.54,104.49
44,62,16.68,40.03
62,44,16.68,40.03
44,63,21.74,52.18
63,44,21.74,52.18
44,64,20.54,49.29
64,44,20.54,49.29
44,65,21.58,51.79
65,44,21.58,51.79
44,66,24.5,58.79
66,44,24.5,58.79
44,67,21.84,52.42
67,44,21.84,52.42
44,68,5.89,14.14
68,44,5.89,14.14
44,69,11.81,28.33
69,44,11.81,28.33
44,70,11.08,26.58
70,44,11.08,26.58
44,73,10.25,24.61
73,44,10.25,24.61
44,74,10.32,24.76
74,44,10.32,24.76
44,75,17.9,42.96
75,44,17.9,42.96
44,76,62.46,149.89
76,44,62.46,149.89
44,77,15.65,37.55
77,44,15.65,37.55
44,78,58.08,139.4
78,44,58.08,139.4
44,79,16.3,39.13
79,44,16.3,39.13
44,80,22.63,54.31
80,44,22.63,54.31
44,81,57.22,137.33
81,44,57.22,137.33
44,82,20.68,49.63
82,44,20.68,49.63
44,83,69.25,166.2
83,44,69.25,166.2
44,84,39.64,95.13
84,44,39.64,95.13
44,85,29.22,70.14
85,44,29.22,70.14
44,86,56.68,136.04
86,44,56.68,136.04
44,87,51.1,122.64
87,44,51.1,122.64
44,88,38.06,91.35
88,44,38.06,91.35
44,90,67.14,161.15
90,44,67.14,161.15
44,91,50.23,120.56
91,44,50.23,120.56
44,93,12.08,28.99
93,44,12.08,28.99
44,94,50.75,121.81
94,44,50.75,121.81
44,95,38.37,92.09
95,44,38.37,92.09
44,97,23.7,56.87
97,44,23.7,56.87
44,98,54.13,129.92
98,44,54.13,129.92
44,99,73.8,177.12
99,44,73.8,177.12
44,100,29.69,71.26
100,44,29.69,71.26
44,102,23.09,55.41
102,44,23.09,55.41
44,103,19.87,47.68
103,44,19.87,47.68
44,105,13.12,31.48
105,44,13.12,31.48
44,106,30.59,73.41
106,44,30.59,73.41
44,107,47.87,114.88
107,44,47.87,114.88
44,108,27.46,65.91
108,44,27.46,65.91
44,109,31.95,76.67
109,44,31.95,76.67
44,110,23.91,57.37
110,44,23.91,57.37
44,111,43.04,103.29
111,44,43.04,103.29
44,112,32.24,77.37
112,44,32.24,77.37
44,113,27.3,65.51
113,44,27.3,65.51
44,114,44.35,106.43
114,44,44.35,106.43
44,115,28.87,69.28
115,44,28.87,69.28
44,118,15.22,36.53
118,44,15.22,36.53
44,119,30.06,72.14
119,44,30.06,72.14
44,121,56.82,136.37
121,44,56.82,136.37
44,122,21.96,52.71
122,44,21.96,52.71
44,123,45.77,109.85
123,44,45.77,109.85
44,124,67.04,160.88
124,44,67.04,160.88
44,125,32.15,77.15
125,44,32.15,77.15
44,126,74.68,179.24
126,44,74.68,179.24
44,127,11.8,28.31
127,44,11.8,28.31
44,128,43.27,103.85
128,44,43.27,103.85
44,129,36.22,86.92
129,44,36.22,86.92
44,132,33.56,80.55
132,44,33.56,80.55
44,133,42.29,101.49
133,44,42.29,101.49
44,134,43.24,103.77
134,44,43.24,103.77
44,135,24.33,58.38
135,44,24.33,58.38
44,136,15.24,36.59
136,44,15.24,36.59
44,137,71.11,170.66
137,44,71.11,170.66
44,138,42.65,102.35
138,44,42.65,102.35
44,139,37.06,88.94
139,44,37.06,88.94
44,140,9.94,23.87
140,44,9.94,23.87
44,141,48.37,116.1
141,44,48.37,116.1
44,142,70.64,169.54
142,44,70.64,169.54
44,143,44.97,107.92
143,44,44.97,107.92
44,144,35.57,85.37
144,44,35.57,85.37
44,146,40.4,96.96
146,44,40.4,96.96
44,147,48.26,115.83
147,44,48.26,115.83
44,148,48.69,116.87
148,44,48.69,116.87
44,149,49.98,119.96
149,44,49.98,119.96
44,150,52.29,125.49
150,44,52.29,125.49
45,46,4.65,11.16
46,45,4.65,11.16
45,48,34.73,83.35
48,45,34.73,83.35
45,49,33.94,81.45
49,45,33.94,81.45
45,50,16.39,39.33
50,45,16.39,39.33
45,51,21.46,51.49
51,45,21.46,51.49
45,52,28.8,69.13
52,45,28.8,69.13
45,53,27.61,66.26
53,45,27.61,66.26
45,54,36.08,86.6
54,45,36.08,86.6
45,55,43.08,103.39
55,45,43.08,103.39
45,56,43.43,104.23
56,45,43.43,104.23
45,57,38.86,93.27
57,45,38.86,93.27
45,58,35.3,84.72
58,45,35.3,84.72
45,59,32.06,76.95
59,45,32.06,76.95
45,60,29.02,69.64
60,45,29.02,69.64
45,61,22.75,54.6
61,45,22.75,54.6
45,62,19.21,46.09
62,45,19.21,46.09
45,63,28.81,69.14
63,45,28.81,69.14
45,64,4.14,9.93
64,45,4.14,9.93
45,65,8.11,19.46
65,45,8.11,19.46
45,66,25.73,61.74
66,45,25.73,61.74
45,67,20.71,49.7
67,45,20.71,49.7
45,68,29.59,71.03
68,45,29.59,71.03
45,69,33.52,80.45
69,45,33.52,80.45
45,70,35.13,84.31
70,45,35.13,84.31
45,73,29.93,71.81
73,45,29.93,71.81
45,74,14.84,35.62
74,45,14.84,35.62
45,75,39.92,95.81
75,45,39.92,95.81
45,76,40.64,97.54
76,45,40.64,97.54
45,77,13.99,33.56
77,45,13.99,33.56
45,78,34.93,83.83
78,45,34.93,83.83
45,79,39.97,95.92
79,45,39.97,95.92
45,80,34.94,83.85
80,45,34.94,83.85
45,81,35.08,84.2
81,45,35.08,84.2
45,82,4.87,11.68
82,45,4.87,11.68
45,83,45.83,109.99
83,45,45.83,109.99
45,84,22.14,53.14
84,45,22.14,53.14
45,85,16.0,38.4
85,45,16.0,38.4
45,86,35.7,85.68
86,45,35.7,85.68
45,87,36.11,86.66
87,45,36.11,86.66
45,88,38.3,91.91
88,45,38.3,91.91
45,90,44.52,106.85
90,45,44.52,106.85
45,91,28.03,67.28
91,45,28.03,67.28
45,93,35.44,85.07
93,45,35.44,85.07
45,94,45.59,109.41
94,45,45.59,109.41
45,95,34.56,82.95
95,45,34.56,82.95
45,97,27.16,65.17
97,45,27.16,65.17
45,98,40.03,96.07
98,45,40.03,96.07
45,99,50.6,121.44
99,45,50.6,121.44
45,100,13.81,33.14
100,45,13.81,33.14
45,102,45.11,108.26
102,45,45.11,108.26
45,103,40.83,97.99
103,45,40.83,97.99
45,105,20.0,47.98
105,45,20.0,47.98
45,106,26.38,63.31
106,45,26.38,63.31
45,107,44.82,107.55
107,45,44.82,107.55
45,108,36.72,88.13
108,45,36.72,88.13
45,109,36.6,87.84
109,45,36.6,87.84
45,110,45.93,110.22
110,45,45.93,110.22
45,111,43.17,103.61
111,45,43.17,103.61
45,112,41.36,99.26
112,45,41.36,99.26
45,113,49.32,118.36
113,45,49.32,118.36
45,114,46.74,112.17
114,45,46.74,112.17
45,115,4.88,11.71
115,45,4.88,11.71
45,118,32.08,76.98
118,45,32.08,76.98
45,119,40.7,97.67
119,45,40.7,97.67
45,121,38.05,91.33
121,45,38.05,91.33
45,122,22.43,53.81
122,45,22.43,53.81
45,123,34.59,83.01
123,45,34.59,83.01
45,124,43.4,104.17
124,45,43.4,104.17
45,125,21.07,50.55
125,45,21.07,50.55
45,126,51.42,123.41
126,45,51.42,123.41
45,127,35.55,85.33
127,45,35.55,85.33
45,128,31.63,75.92
128,45,31.63,75.92
45,129,12.36,29.66
129,45,12.36,29.66
45,132,15.59,37.41
132,45,15.59,37.41
45,133,24.34,58.42
133,45,24.34,58.42
45,134,20.02,48.05
134,45,20.02,48.05
45,135,35.88,86.11
135,45,35.88,86.11
45,136,27.02,64.85
136,45,27.02,64.85
45,137,47.99,115.17
137,45,47.99,115.17
45,138,46.24,110.98
138,45,46.24,110.98
45,139,32.54,78.09
139,45,32.54,78.09
45,140,17.46,41.9
140,45,17.46,41.9
45,141,25.78,61.87
141,45,25.78,61.87
45,142,47.12,113.08
142,45,47.12,113.08
45,143,21.14,50.74
143,45,21.14,50.74
45,144,11.73,28.16
144,45,11.73,28.16
45,146,45.06,108.15
146,45,45.06,108.15
45,147,48.99,117.57
147,45,48.99,117.57
45,148,36.77,88.25
148,45,36.77,88.25
45,149,36.16,86.79
149,45,36.16,86.79
45,150,33.92,81.4
150,45,33.92,81.4
46,48,30.94,74.26
48,46,30.94,74.26
46,49,30.73,73.74
49,46,30.73,73.74
46,50,13.05,31.33
50,46,13.05,31.33
46,51,25.88,62.11
51,46,25.88,62.11
46,52,31.21,74.89
52,46,31.21,74.89
46,53,30.44,73.04
53,46,30.44,73.04
46,54,31.51,75.63
54,46,31.51,75.63
46,55,38.51,92.43
55,46,38.51,92.43
46,56,39.21,94.12
56,46,39.21,94.12
46,57,35.6,85.43
57,46,35.6,85.43
46,58,30.68,73.64
58,46,30.68,73.64
46,59,29.52,70.86
59,46,29.52,70.86
46,60,27.3,65.53
60,46,27.3,65.53
46,61,24.59,59.02
61,46,24.59,59.02
46,62,18.74,44.99
62,46,18.74,44.99
46,63,27.92,67.01
63,46,27.92,67.01
46,64,7.52,18.03
64,46,7.52,18.03
46,65,6.85,16.45
65,46,6.85,16.45
46,66,24.05,57.71
66,46,24.05,57.71
46,67,24.72,59.32
67,46,24.72,59.32
46,68,31.65,75.96
68,46,31.65,75.96
46,69,35.92,86.19
69,46,35.92,86.19
46,70,37.09,89.01
70,46,37.09,89.01
46,73,30.86,74.07
73,46,30.86,74.07
46,74,16.37,39.29
74,46,16.37,39.29
46,75,42.33,101.58
75,46,42.33,101.58
46,76,36.83,88.4
76,46,36.83,88.4
46,77,14.06,33.75
77,46,14.06,33.75
46,78,34.88,83.71
78,46,34.88,83.71
46,79,42.09,101.0
79,46,42.09,101.0
46,80,38.29,91.88
80,46,38.29,91.88
46,81,35.78,85.87
81,46,35.78,85.87
46,82,5.77,13.85
82,46,5.77,13.85
46,83,42.85,102.83
83,46,42.85,102.83
46,84,25.2,60.48
84,46,25.2,60.48
46,85,20.26,48.63
85,46,20.26,48.63
46,86,31.62,75.89
86,46,31.62,75.89
46,87,31.46,75.5
87,46,31.46,75.5
46,88,35.62,85.5
88,46,35.62,85.5
46,90,41.05,98.53
90,46,41.05,98.53
46,91,28.88,69.31
91,46,28.88,69.31
46,93,37.62,90.27
93,46,37.62,90.27
46,94,41.74,100.19
94,46,41.74,100.19
46,95,31.3,75.12
95,46,31.3,75.12
46,97,31.04,74.5
97,46,31.04,74.5
46,98,35.39,84.92
98,46,35.39,84.92
46,99,47.46,113.91
99,46,47.46,113.91
46,100,9.42,22.61
100,46,9.42,22.61
46,102,47.52,114.03
102,46,47.52,114.03
46,103,43.41,104.18
103,46,43.41,104.18
46,105,20.21,48.51
105,46,20.21,48.51
46,106,30.87,74.09
106,46,30.87,74.09
46,107,41.36,99.25
107,46,41.36,99.25
46,108,36.1,86.63
108,46,36.1,86.63
46,109,34.8,83.52
109,46,34.8,83.52
46,110,48.34,115.99
110,46,48.34,115.99
46,111,40.31,96.75
111,46,40.31,96.75
46,112,40.13,96.31
112,46,40.13,96.31
46,113,51.73,124.13
113,46,51.73,124.13
46,114,44.17,106.02
114,46,44.17,106.02
46,115,6.0,14.4
115,46,6.0,14.4
46,118,32.51,78.01
118,46,32.51,78.01
46,119,40.18,96.42
119,46,40.18,96.42
46,121,33.6,80.63
121,46,33.6,80.63
46,122,20.98,50.36
122,46,20.98,50.36
46,123,38.43,92.24
123,46,38.43,92.24
46,124,40.61,97.46
124,46,40.61,97.46
46,125,17.1,41.04
125,46,17.1,41.04
46,126,48.33,115.99
126,46,48.33,115.99
46,127,37.63,90.32
127,46,37.63,90.32
46,128,35.48,85.16
128,46,35.48,85.16
46,129,12.31,29.55
129,46,12.31,29.55
46,132,18.96,45.51
132,46,18.96,45.51
46,133,19.73,47.35
133,46,19.73,47.35
46,134,20.37,48.89
134,46,20.37,48.89
46,135,39.32,94.35
135,46,39.32,94.35
46,136,30.17,72.4
136,46,30.17,72.4
46,137,44.8,107.51
137,46,44.8,107.51
46,138,43.9,105.36
138,46,43.9,105.36
46,139,37.04,88.88
139,46,37.04,88.88
46,140,18.46,44.3
140,46,18.46,44.3
46,141,26.43,63.43
141,46,26.43,63.43
46,142,44.22,106.13
142,46,44.22,106.13
46,143,18.65,44.75
143,46,18.65,44.75
46,144,11.81,28.34
144,46,11.81,28.34
46,146,42.94,103.06
146,46,42.94,103.06
46,147,46.08,110.59
147,46,46.08,110.59
46,148,32.22,77.33
148,46,32.22,77.33
46,149,39.55,94.91
149,46,39.55,94.91
46,150,36.25,87.01
150,46,36.25,87.01
48,49,6.16,14.78
49,48,6.16,14.78
48,50,18.45,44.29
50,48,18.45,44.29
48,51,52.96,127.1
51,48,52.96,127.1
48,52,61.62,147.89
52,48,61.62,147.89
48,53,60.85,146.04
53,48,60.85,146.04
48,54,25.99,62.38
54,48,25.99,62.38
48,55,28.49,68.37
55,48,28.49,68.37
48,56,36.42,87.41
56,48,36.42,87.41
48,57,42.49,101.97
57,48,42.49,101.97
48,58,16.45,39.48
58,48,16.45,39.48
48,59,11.98,28.75
59,48,11.98,28.75
48,60,17.83,42.8
60,48,17.83,42.8
48,61,36.19,86.86
61,48,36.19,86.86
48,62,44.16,105.98
62,48,44.16,105.98
48,63,49.76,119.43
63,48,49.76,119.43
48,64,37.93,91.03
64,48,37.93,91.03
48,65,35.14,84.34
65,48,35.14,84.34
48,66,43.7,104.88
66,48,43.7,104.88
48,67,54.08,129.79
67,48,54.08,129.79
48,68,62.06,148.96
68,48,62.06,148.96
48,69,66.33,159.19
69,48,66.33,159.19
48,70,67.5,162.01
70,48,67.5,162.01
48,73,58.74,140.98
73,48,58.74,140.98
48,74,46.38,111.32
74,48,46.38,111.32
48,75,72.74,174.58
75,48,72.74,174.58
48,76,5.92,14.2
76,48,5.92,14.2
48,77,41.9,100.55
77,48,41.9,100.55
48,78,30.73,73.76
78,48,30.73,73.76
48,79,72.5,174.0
79,48,72.5,174.0
48,80,68.7,164.88
80,48,68.7,164.88
48,81,35.76,85.83
81,48,35.76,85.83
48,82,36.35,87.25
82,48,36.35,87.25
48,83,15.04,36.11
83,48,15.04,36.11
48,84,42.32,101.57
84,48,42.32,101.57
48,85,44.95,107.88
85,48,44.95,107.88
48,86,4.08,9.79
86,48,4.08,9.79
48,87,20.67,49.62
87,48,20.67,49.62
48,88,46.53,111.66
88,48,46.53,111.66
48,90,10.76,25.83
90,48,10.76,25.83
48,91,33.11,79.45
91,48,33.11,79.45
48,93,68.03,163.27
93,48,68.03,163.27
48,94,41.85,100.44
94,48,41.85,100.44
48,95,39.82,95.57
95,48,39.82,95.57
48,97,60.64,145.53
97,48,60.64,145.53
48,98,22.19,53.26
98,48,22.19,53.26
48,99,18.28,43.88
99,48,18.28,43.88
48,100,27.71,66.49
100,48,27.71,66.49
48,102,77.93,187.03
102,48,77.93,187.03
48,103,73.82,177.18
103,48,73.82,177.18
48,105,47.18,113.24
105,48,47.18,113.24
48,106,56.94,136.66
106,48,56.94,136.66
48,107,45.01,108.03
107,48,45.01,108.03
48,108,56.04,134.51
108,48,56.04,134.51
48,109,50.9,122.15
109,48,50.9,122.15
48,110,78.75,188.99
110,48,78.75,188.99
48,111,48.72,116.92
111,48,48.72,116.92
48,112,58.16,139.59
112,48,58.16,139.59
48,113,82.14,197.13
113,48,82.14,197.13
48,114,53.68,128.83
114,48,53.68,128.83
48,115,31.46,75.5
115,48,31.46,75.5
48,118,57.8,138.74
118,48,57.8,138.74
48,119,61.24,146.98
119,48,61.24,146.98
48,121,11.67,28.0
121,48,11.67,28.0
48,122,42.59,102.21
122,48,42.59,102.21
48,123,56.95,136.67
123,48,56.95,136.67
48,124,14.59,35.01
124,48,14.59,35.01
48,125,29.71,71.3
125,48,29.71,71.3
48,126,19.29,46.29
126,48,19.29,46.29
48,127,68.04,163.32
127,48,68.04,163.32
48,128,54.54,130.9
128,48,54.54,130.9
48,129,27.5,65.99
129,48,27.5,65.99
48,132,39.93,95.83
132,48,39.93,95.83
48,133,17.06,40.95
133,48,17.06,40.95
48,134,28.28,67.87
134,48,28.28,67.87
48,135,69.73,167.35
135,48,69.73,167.35
48,136,60.58,145.4
136,48,60.58,145.4
48,137,15.54,37.28
137,48,15.54,37.28
48,138,54.91,131.79
138,48,54.91,131.79
48,139,61.27,147.05
139,48,61.27,147.05
48,140,47.49,113.98
140,48,47.49,113.98
48,141,31.11,74.66
141,48,31.11,74.66
48,142,16.75,40.19
142,48,16.75,40.19
48,143,16.23,38.95
143,48,16.23,38.95
48,144,27.94,67.05
144,48,27.94,67.05
48,146,55.51,133.21
146,48,55.51,133.21
48,147,52.6,126.23
147,48,52.6,126.23
48,148,26.98,64.76
148,48,26.98,64.76
48,149,54.7,131.29
149,48,54.7,131.29
48,150,45.77,109.84
150,48,45.77,109.84
49,50,17.68,42.44
50,49,17.68,42.44
49,51,50.4,120.97
51,49,50.4,120.97
49,52,61.04,146.48
52,49,61.04,146.48
49,53,60.27,144.63
53,49,60.27,144.63
49,54,31.36,75.25
54,49,31.36,75.25
49,55,33.86,81.25
55,49,33.86,81.25
49,56,41.79,100.29
56,49,41.79,100.29
49,57,47.22,113.32
57,49,47.22,113.32
49,58,21.86,52.45
58,49,21.86,52.45
49,59,6.02,14.45
59,49,6.02,14.45
49,60,12.28,29.48
60,49,12.28,29.48
49,61,31.74,76.18
61,49,31.74,76.18
49,62,45.94,110.25
62,49,45.94,110.25
49,63,52.45,125.88
63,49,52.45,125.88
49,64,37.35,89.62
64,49,37.35,89.62
49,65,35.86,86.06
65,49,35.86,86.06
49,66,46.59,111.81
66,49,46.59,111.81
49,67,52.06,124.95
67,49,52.06,124.95
49,68,61.48,147.55
68,49,61.48,147.55
49,69,65.75,157.78
69,49,65.75,157.78
49,70,66.92,160.6
70,49,66.92,160.6
49,73,60.15,144.37
73,49,60.15,144.37
49,74,46.2,110.88
74,49,46.2,110.88
49,75,72.16,173.17
75,49,72.16,173.17
49,76,9.14,21.91
76,49,9.14,21.91
49,77,43.01,103.23
77,49,43.01,103.23
49,78,24.78,59.48
78,49,24.78,59.48
49,79,71.92,172.59
79,49,71.92,172.59
49,80,67.95,163.08
80,49,67.95,163.08
49,81,29.96,71.91
81,49,29.96,71.91
49,82,36.08,86.58
82,49,36.08,86.58
49,83,12.27,29.46
83,49,12.27,29.46
49,84,38.31,91.93
84,49,38.31,91.93
49,85,42.18,101.22
85,49,42.18,101.22
49,86,9.43,22.62
86,49,9.43,22.62
49,87,26.08,62.57
87,49,26.08,62.57
49,88,50.87,122.09
88,49,50.87,122.09
49,90,10.88,26.11
90,49,10.88,26.11
49,91,27.87,66.88
91,49,27.87,66.88
49,93,67.45,161.86
93,49,67.45,161.86
49,94,47.22,113.32
94,49,47.22,113.32
49,95,44.24,106.18
95,49,44.24,106.18
49,97,58.28,139.87
97,49,58.28,139.87
49,98,27.56,66.14
98,49,27.56,66.14
49,99,16.74,40.17
99,49,16.74,40.17
49,100,29.37,70.5
100,49,29.37,70.5
49,102,77.35,185.62
102,49,77.35,185.62
49,103,73.24,175.77
103,49,73.24,175.77
49,105,48.67,116.82
105,49,48.67,116.82
49,106,54.04,129.7
106,49,54.04,129.7
49,107,50.18,120.45
107,49,50.18,120.45
49,108,59.24,142.17
108,49,59.24,142.17
49,109,54.61,131.07
109,49,54.61,131.07
49,110,78.17,187.58
110,49,78.17,187.58
49,111,53.44,128.25
111,49,53.44,128.25
49,112,61.73,148.15
112,49,61.73,148.15
49,113,81.56,195.72
113,49,81.56,195.72
49,114,58.38,140.11
114,49,58.38,140.11
49,115,30.05,72.13
115,49,30.05,72.13
49,118,60.19,144.47
118,49,60.19,144.47
49,119,64.51,154.81
119,49,64.51,154.81
49,121,17.03,40.85
121,49,17.03,40.85
49,122,45.07,108.18
122,49,45.07,108.18
49,123,52.6,126.24
123,49,52.6,126.24
49,124,10.61,25.47
124,49,10.61,25.47
49,125,32.79,78.68
125,49,32.79,78.68
49,126,17.61,42.27
126,49,17.61,42.27
49,127,67.46,161.91
127,49,67.46,161.91
49,128,50.35,120.83
128,49,50.35,120.83
49,129,24.88,59.71
129,49,24.88,59.71
49,132,36.72,88.14
132,49,36.72,88.14
49,133,20.66,49.59
133,49,20.66,49.59
49,134,24.09,57.82
134,49,24.09,57.82
49,135,68.63,164.71
135,49,68.63,164.71
49,136,60.0,143.99
136,49,60.0,143.99
49,137,14.08,33.78
137,49,14.08,33.78
49,138,59.44,142.66
138,49,59.44,142.66
49,139,57.87,138.88
139,49,57.87,138.88
49,140,48.37,116.08
140,49,48.37,116.08
49,141,26.08,62.6
141,49,26.08,62.6
49,142,13.79,33.09
142,49,13.79,33.09
49,143,13.42,32.21
143,49,13.42,32.21
49,144,25.41,60.99
144,49,25.41,60.99
49,146,59.84,143.62
146,49,59.84,143.62
49,147,57.74,138.58
147,49,57.74,138.58
49,148,32.35,77.64
148,49,32.35,77.64
49,149,49.93,119.84
149,49,49.93,119.84
49,150,40.56,97.34
150,49,40.56,97.34
50,51,35.0,84.0
51,50,35.0,84.0
50,52,43.4,104.15
52,50,43.4,104.15
50,53,42.63,102.3
53,50,42.63,102.3
50,54,27.91,66.98
54,50,27.91,66.98
50,55,34.46,82.7
55,50,34.46,82.7
50,56,37.99,91.18
56,50,37.99,91.18
50,57,38.33,92.0
57,50,38.33,92.0
50,58,23.12,55.49
58,50,23.12,55.49
50,59,16.81,40.33
59,50,16.81,40.33
50,60,15.97,38.33
60,50,15.97,38.33
50,61,23.01,55.23
61,50,23.01,55.23
50,62,29.61,71.06
62,50,29.61,71.06
50,63,37.43,89.84
63,50,37.43,89.84
50,64,19.71,47.29
64,50,19.71,47.29
50,65,18.6,44.63
65,50,18.6,44.63
50,66,32.22,77.34
66,50,32.22,77.34
50,67,35.75,85.79
67,50,35.75,85.79
50,68,43.84,105.22
68,50,43.84,105.22
50,69,48.11,115.45
69,50,48.11,115.45
50,70,49.28,118.27
70,50,49.28,118.27
50,73,43.16,103.58
73,50,43.16,103.58
50,74,28.56,68.55
74,50,28.56,68.55
50,75,54.52,130.84
75,50,54.52,130.84
50,76,24.36,58.47
76,50,24.36,58.47
50,77,25.97,62.33
77,50,25.97,62.33
50,78,26.72,64.12
78,50,26.72,64.12
50,79,54.28,130.26
79,50,54.28,130.26
50,80,50.48,121.14
80,50,50.48,121.14
50,81,29.46,70.7
81,50,29.46,70.7
50,82,18.44,44.25
82,50,18.44,44.25
50,83,29.8,71.52
83,50,29.8,71.52
50,84,27.22,65.32
84,50,27.22,65.32
50,85,27.35,65.64
85,50,27.35,65.64
50,86,19.9,47.77
86,50,19.9,47.77
50,87,25.5,61.2
87,50,25.5,61.2
50,88,40.28,96.67
88,50,40.28,96.67
50,90,28.14,67.54
90,50,28.14,67.54
50,91,23.72,56.94
91,50,23.72,56.94
50,93,49.81,119.53
93,50,49.81,119.53
50,94,41.93,100.64
94,50,41.93,100.64
50,95,34.43,82.64
95,50,34.43,82.64
50,97,42.32,101.56
97,50,42.32,101.56
50,98,29.6,71.04
98,50,29.6,71.04
50,99,34.42,82.6
99,50,34.42,82.6
50,100,13.89,33.34
100,50,13.89,33.34
50,102,59.71,143.29
102,50,59.71,143.29
50,103,55.6,133.44
103,50,55.6,133.44
50,105,31.91,76.59
105,50,31.91,76.59
50,106,39.29,94.3
106,50,39.29,94.3
50,107,43.02,103.26
107,50,43.02,103.26
50,108,45.05,108.11
108,50,45.05,108.11
50,109,41.89,100.52
109,50,41.89,100.52
50,110,60.53,145.25
110,50,60.53,145.25
50,111,44.1,105.83
111,50,44.1,105.83
50,112,48.35,116.03
112,50,48.35,116.03
50,113,63.92,153.39
113,50,63.92,153.39
50,114,48.67,116.81
114,50,48.67,116.81
50,115,13.03,31.26
115,50,13.03,31.26
50,118,44.1,105.85
118,50,44.1,105.85
50,119,50.33,120.8
119,50,50.33,120.8
50,121,23.78,57.08
121,50,23.78,57.08
50,122,29.96,71.91
122,50,29.96,71.91
50,123,42.05,100.93
123,50,42.05,100.93
50,124,27.62,66.3
124,50,27.62,66.3
50,125,20.14,48.34
125,50,20.14,48.34
50,126,35.28,84.66
126,50,35.28,84.66
50,127,49.82,119.58
127,50,49.82,119.58
50,128,39.32,94.38
128,50,39.32,94.38
50,129,10.63,25.52
129,50,10.63,25.52
50,132,23.15,55.57
132,50,23.15,55.57
50,133,13.55,32.52
133,50,13.55,32.52
50,134,15.61,37.47
134,50,15.61,37.47
50,135,51.51,123.61
135,50,51.51,123.61
50,136,42.36,101.66
136,50,42.36,101.66
50,137,31.76,76.22
137,50,31.76,76.22
50,138,49.07,117.77
138,50,49.07,117.77
50,139,44.25,106.2
139,50,44.25,106.2
50,140,31.03,74.47
140,50,31.03,74.47
50,141,21.11,50.67
141,50,21.11,50.67
50,142,31.19,74.86
142,50,31.19,74.86
50,143,6.55,15.71
143,50,6.55,15.71
50,144,10.84,26.02
144,50,10.84,26.02
50,146,48.77,117.06
146,50,48.77,117.06
50,147,49.4,118.57
147,50,49.4,118.57
50,148,28.86,69.26
148,50,28.86,69.26
50,149,41.24,98.98
149,50,41.24,98.98
50,150,34.65,83.15
150,50,34.65,83.15
51,52,24.99,59.98
52,51,24.99,59.98
51,53,19.99,47.98
53,51,19.99,47.98
51,54,57.52,138.05
54,51,57.52,138.05
51,55,64.51,154.83
55,51,64.51,154.83
51,56,64.48,154.77
56,51,64.48,154.77
51,57,58.83,141.19
57,51,58.83,141.19
51,58,56.41,135.39
58,51,56.41,135.39
51,59,46.57,111.77
59,51,46.57,111.77
51,60,41.31,99.14
60,51,41.31,99.14
51,61,23.77,57.05
61,51,23.77,57.05
51,62,34.69,83.25
62,51,34.69,83.25
51,63,43.79,105.09
63,51,43.79,105.09
51,64,18.68,44.84
64,51,18.68,44.84
51,65,28.17,67.61
65,51,28.17,67.61
51,66,43.22,103.74
66,51,43.22,103.74
51,67,5.16,12.38
67,51,5.16,12.38
51,68,29.02,69.64
68,51,29.02,69.64
51,69,28.4,68.15
69,51,28.4,68.15
51,70,34.21,82.11
70,51,34.21,82.11
51,73,36.74,88.18
73,51,36.74,88.18
51,74,25.11,60.26
74,51,25.11,60.26
51,75,33.51,80.42
75,51,33.51,80.42
51,76,58.72,140.92
76,51,58.72,140.92
51,77,29.64,71.14
77,51,29.64,71.14
51,78,40.17,96.4
78,51,40.17,96.4
51,79,35.49,85.16
79,51,35.49,85.16
51,80,19.01,45.62
80,51,19.01,45.62
51,81,37.19,89.25
81,51,37.19,89.25
51,82,24.28,58.28
82,51,24.28,58.28
51,83,60.78,145.86
83,51,60.78,145.86
51,84,17.14,41.14
84,51,17.14,41.14
51,85,8.34,20.03
85,51,8.34,20.03
51,86,54.85,131.65
86,51,54.85,131.65
51,87,57.48,137.96
87,51,57.48,137.96
51,88,57.18,137.22
88,51,57.18,137.22
51,90,61.26,147.03
90,51,61.26,147.03
51,91,31.3,75.12
91,51,31.3,75.12
51,93,32.23,77.35
93,51,32.23,77.35
51,94,66.27,159.05
94,51,66.27,159.05
51,95,54.61,131.07
95,51,54.61,131.07
51,97,8.01,19.22
97,51,8.01,19.22
51,98,61.44,147.46
98,51,61.44,147.46
51,99,65.87,158.08
99,51,65.87,158.08
51,100,35.17,84.4
100,51,35.17,84.4
51,102,38.7,92.87
102,51,38.7,92.87
51,103,31.75,76.19
103,51,31.75,76.19
51,105,33.06,79.33
105,51,33.06,79.33
51,106,5.06,12.14
106,51,5.06,12.14
51,107,64.98,155.96
107,51,64.98,155.96
51,108,50.64,121.54
108,51,50.64,121.54
51,109,53.5,128.41
109,51,53.5,128.41
51,110,38.38,92.1
110,51,38.38,92.1
51,111,62.29,149.48
111,51,62.29,149.48
51,112,55.49,133.17
112,51,55.49,133.17
51,113,39.68,95.22
113,51,39.68,95.22
51,114,65.11,156.26
114,51,65.11,156.26
51,115,22.41,53.79
115,51,22.41,53.79
51,118,41.25,99.0
118,51,41.25,99.0
51,119,54.62,131.08
119,51,54.62,131.08
51,121,58.46,140.29
121,51,58.46,140.29
51,122,39.78,95.47
122,51,39.78,95.47
51,123,19.05,45.71
123,51,19.05,45.71
51,124,57.82,138.77
124,51,57.82,138.77
51,125,42.11,101.08
125,51,42.11,101.08
51,126,66.5,159.6
126,51,66.5,159.6
51,127,33.28,79.87
127,51,33.28,79.87
51,128,16.66,39.99
128,51,16.66,39.99
51,129,25.57,61.36
129,51,25.57,61.36
51,132,14.39,34.53
132,51,14.39,34.53
51,133,45.49,109.18
133,51,45.49,109.18
51,134,28.11,67.48
134,51,28.11,67.48
51,135,18.98,45.56
135,51,18.98,45.56
51,136,16.33,39.19
136,51,16.33,39.19
51,137,63.59,152.61
137,51,63.59,152.61
51,138,64.08,153.8
138,51,64.08,153.8
51,139,11.76,28.23
139,51,11.76,28.23
51,140,28.29,67.89
140,51,28.29,67.89
51,141,30.57,73.37
141,51,30.57,73.37
51,142,61.68,148.04
142,51,61.68,148.04
51,143,37.06,88.95
143,51,37.06,88.95
51,144,25.08,60.18
144,51,25.08,60.18
51,146,62.38,149.71
146,51,62.38,149.71
51,147,68.07,163.36
147,51,68.07,163.36
51,148,58.19,139.67
148,51,58.19,139.67
51,149,23.65,56.75
149,51,23.65,56.75
51,150,28.3,67.91
150,51,28.3,67.91
52,53,5.74,13.77
53,52,5.74,13.77
52,54,56.24,134.98
54,52,56.24,134.98
52,55,62.45,149.88
55,52,62.45,149.88
52,56,59.1,141.85
56,52,59.1,141.85
52,57,49.83,119.6
57,52,49.83,119.6
52,58,59.41,142.58
58,52,59.41,142.58
52,59,60.84,146.03
59,52,60.84,146.03
52,60,57.41,137.79
60,52,57.41,137.79
52,61,45.27,108.65
61,52,45.27,108.65
52,62,24.68,59.23
62,52,24.68,59.23
52,63,29.52,70.84
63,52,29.52,70.84
52,64,24.8,59.53
64,52,24.8,59.53
52,65,28.16,67.59
65,52,28.16,67.59
52,66,32.53,78.08
66,52,32.53,78.08
52,67,19.84,47.61
67,52,19.84,47.61
52,68,4.99,11.97
68,52,4.99,11.97
52,69,4.72,11.32
69,52,4.72,11.32
52,70,9.27,22.26
70,52,9.27,22.26
52,73,16.38,39.31
73,52,16.38,39.31
52,74,17.19,41.26
74,52,17.19,41.26
52,75,11.12,26.7
75,52,11.12,26.7
52,76,68.67,164.82
76,52,68.67,164.82
52,77,23.11,55.47
77,52,23.11,55.47
52,78,60.79,145.89
78,52,60.79,145.89
52,79,11.97,28.73
79,52,11.97,28.73
52,80,15.43,37.04
80,52,15.43,37.04
52,81,59.2,142.08
81,52,59.2,142.08
52,82,26.47,63.53
82,52,26.47,63.53
52,83,74.62,179.08
83,52,74.62,179.08
52,84,40.27,96.66
84,52,40.27,96.66
52,85,29.65,71.16
85,52,29.65,71.16
52,86,63.15,151.56
86,52,63.15,151.56
52,87,58.65,140.76
87,52,58.65,140.76
52,88,45.98,110.34
88,52,45.98,110.34
52,90,73.02,175.25
90,52,73.02,175.25
52,91,52.44,125.86
91,52,52.44,125.86
52,93,7.46,17.9
93,52,7.46,17.9
52,94,58.79,141.1
94,52,58.79,141.1
52,95,46.42,111.4
95,52,46.42,111.4
52,97,19.41,46.57
97,52,19.41,46.57
52,98,61.81,148.35
98,52,61.81,148.35
52,99,79.34,190.41
99,52,79.34,190.41
52,100,36.62,87.88
100,52,36.62,87.88
52,102,16.31,39.15
102,52,16.31,39.15
52,103,12.46,29.9
103,52,12.46,29.9
52,105,21.15,50.77
105,52,21.15,50.77
52,106,27.75,66.61
106,52,27.75,66.61
52,107,55.86,134.07
107,52,55.86,134.07
52,108,34.58,82.99
108,52,34.58,82.99
52,109,39.61,95.05
109,52,39.61,95.05
52,110,17.13,41.11
110,52,17.13,41.11
52,111,50.9,122.16
111,52,50.9,122.16
52,112,39.22,94.13
112,52,39.22,94.13
52,113,20.52,49.25
113,52,20.52,49.25
52,114,51.99,124.78
114,52,51.99,124.78
52,115,33.2,79.69
115,52,33.2,79.69
52,118,21.56,51.75
118,52,21.56,51.75
52,119,36.53,87.68
119,52,36.53,87.68
52,121,63.84,153.21
121,52,63.84,153.21
52,122,30.01,72.02
122,52,30.01,72.02
52,123,43.74,104.98
123,52,43.74,104.98
52,124,72.2,173.3
124,52,72.2,173.3
52,125,39.79,95.49
125,52,39.79,95.49
52,126,80.18,192.43
126,52,80.18,192.43
52,127,8.32,19.97
127,52,8.32,19.97
52,128,41.56,99.75
128,52,41.56,99.75
52,129,40.12,96.3
129,52,40.12,96.3
52,132,34.95,83.87
132,52,34.95,83.87
52,133,49.28,118.27
133,52,49.28,118.27
52,134,46.35,111.23
134,52,46.35,111.23
52,135,17.18,41.24
135,52,17.18,41.24
52,136,9.78,23.48
136,52,9.78,23.48
52,137,76.7,184.08
137,52,76.7,184.08
52,138,50.18,120.44
138,52,50.18,120.44
52,139,33.55,80.53
139,52,33.55,80.53
52,140,17.64,42.34
140,52,17.64,42.34
52,141,50.89,122.13
141,52,50.89,122.13
52,142,75.92,182.21
142,52,75.92,182.21
52,143,49.94,119.86
143,52,49.94,119.86
52,144,39.48,94.74
144,52,39.48,94.74
52,146,47.85,114.84
146,52,47.85,114.84
52,147,56.02,134.44
147,52,56.02,134.44
52,148,56.52,135.64
148,52,56.52,135.64
52,149,48.62,116.69
149,52,48.62,116.69
52,150,52.56,126.14
150,52,52.56,126.14
53,54,58.1,139.45
54,53,58.1,139.45
53,55,64.57,154.98
55,53,64.57,154.98
53,56,61.9,148.56
56,53,61.9,148.56
53,57,53.27,127.83
57,53,53.27,127.83
53,58,60.36,144.87
58,53,60.36,144.87
53,59,59.21,142.09
59,53,59.21,142.09
53,60,55.28,132.66
60,53,55.28,132.66
53,61,41.59,99.81
61,53,41.59,99.81
53,62,27.56,66.15
62,53,27.56,66.15
53,63,33.67,80.8
63,53,33.67,80.8
53,64,23.47,56.33
64,53,23.47,56.33
53,65,28.71,68.9
65,53,28.71,68.9
53,66,35.95,86.27
66,53,35.95,86.27
53,67,14.91,35.79
67,53,14.91,35.79
53,68,10.65,25.57
68,53,10.65,25.57
53,69,8.41,20.18
69,53,8.41,20.18
53,70,14.82,35.57
70,53,14.82,35.57
53,73,21.54,51.69
73,53,21.54,51.69
53,74,18.71,44.9
74,53,18.71,44.9
53,75,13.98,33.55
75,53,13.98,33.55
53,76,68.16,163.59
76,53,68.16,163.59
53,77,24.94,59.86
77,53,24.94,59.86
53,78,57.52,138.05
78,53,57.52,138.05
53,79,15.96,38.29
79,53,15.96,38.29
53,80,10.68,25.64
80,53,10.68,25.64
53,81,55.51,133.23
81,53,55.51,133.23
53,82,26.31,63.15
82,53,26.31,63.15
53,83,73.23,175.76
83,53,73.23,175.76
53,84,36.07,86.56
84,53,36.07,86.56
53,85,25.56,61.35
85,53,25.56,61.35
53,86,62.95,151.09
86,53,62.95,151.09
53,87,60.01,144.01
87,53,60.01,144.01
53,88,49.81,119.55
88,53,49.81,119.55
53,90,72.12,173.1
90,53,72.12,173.1
53,91,48.95,117.47
91,53,48.95,117.47
53,93,12.34,29.61
93,53,12.34,29.61
53,94,62.03,148.87
94,53,62.03,148.87
53,95,49.62,119.08
95,53,49.62,119.08
53,97,13.73,32.95
97,53,13.73,32.95
53,98,63.39,152.14
98,53,63.39,152.14
53,99,78.09,187.41
99,53,78.09,187.41
53,100,37.31,89.55
100,53,37.31,89.55
53,102,19.17,46.0
102,53,19.17,46.0
53,103,13.68,32.83
103,53,13.68,32.83
53,105,24.31,58.34
105,53,24.31,58.34
53,106,22.32,53.57
106,53,22.32,53.57
53,107,59.4,142.57
107,53,59.4,142.57
53,108,39.38,94.52
108,53,39.38,94.52
53,109,43.9,105.36
109,53,43.9,105.36
53,110,19.99,47.96
110,53,19.99,47.96
53,111,54.84,131.62
111,53,54.84,131.62
53,112,44.12,105.89
112,53,44.12,105.89
53,113,22.56,54.15
113,53,22.56,54.15
53,114,56.29,135.1
114,53,56.29,135.1
53,115,31.55,75.71
115,53,31.55,75.71
53,118,26.71,64.11
118,53,26.71,64.11
53,119,41.7,100.08
119,53,41.7,100.08
53,121,64.32,154.37
121,53,64.32,154.37
53,122,33.11,79.45
122,53,33.11,79.45
53,123,38.4,92.17
123,53,38.4,92.17
53,124,70.67,169.6
124,53,70.67,169.6
53,125,41.49,99.58
125,53,41.49,99.58
53,126,78.88,189.32
126,53,78.88,189.32
53,127,13.54,32.49
127,53,13.54,32.49
53,128,36.34,87.22
128,53,36.34,87.22
53,129,37.96,91.1
129,53,37.96,91.1
53,132,31.25,75.0
132,53,31.25,75.0
53,133,49.86,119.65
133,53,49.86,119.65
53,134,43.5,104.4
134,53,43.5,104.4
53,135,12.36,29.66
135,53,12.36,29.66
53,136,4.06,9.74
136,53,4.06,9.74
53,137,75.51,181.24
137,53,75.51,181.24
53,138,54.62,131.09
138,53,54.62,131.09
53,139,27.92,67.01
139,53,27.92,67.01
53,140,20.09,48.23
140,53,20.09,48.23
53,141,47.6,114.23
141,53,47.6,114.23
53,142,74.45,178.68
142,53,74.45,178.68
53,143,48.44,116.25
143,53,48.44,116.25
53,144,37.32,89.56
144,53,37.32,89.56
53,146,52.38,125.72
146,53,52.38,125.72
53,147,60.15,144.37
147,53,60.15,144.37
53,148,58.47,140.33
148,53,58.47,140.33
53,149,43.47,104.33
149,53,43.47,104.33
53,150,48.04,115.29
150,53,48.04,115.29
54,55,7.0,16.81
55,54,7.0,16.81
54,56,11.03,26.47
56,54,11.03,26.47
54,57,17.73,42.55
57,54,17.73,42.55
54,58,9.88,23.71
58,54,9.88,23.71
54,59,35.86,86.06
59,54,35.86,86.06
54,60,39.53,94.87
60,54,39.53,94.87
54,61,50.85,122.06
61,54,50.85,122.06
54,62,32.03,76.88
62,54,32.03,76.88
54,63,32.57,78.18
63,54,32.57,78.18
54,64,38.95,93.48
64,54,38.95,93.48
54,65,30.32,72.76
65,54,30.32,72.76
54,66,26.65,63.96
66,54,26.65,63.96
54,67,56.15,134.77
67,54,56.15,134.77
54,68,53.95,129.49
68,54,53.95,129.49
54,69,60.26,144.63
69,54,60.26,144.63
54,70,57.44,137.85
70,54,57.44,137.85
54,73,45.46,109.1
73,54,45.46,109.1
54,74,39.42,94.61
74,54,39.42,94.61
54,75,66.24,158.99
75,54,66.24,158.99
54,76,28.35,68.04
76,54,28.35,68.04
54,77,33.24,79.76
77,54,33.24,79.76
54,78,52.52,126.05
78,54,52.52,126.05
54,79,63.25,151.79
79,54,63.25,151.79
54,80,67.84,162.8
80,54,67.84,162.8
54,81,56.33,135.19
81,54,56.33,135.19
54,82,33.81,81.14
82,54,33.81,81.14
54,83,40.4,96.96
83,54,40.4,96.96
54,84,54.33,130.4
84,54,54.33,130.4
54,85,51.61,123.86
85,54,51.61,123.86
54,86,22.53,54.06
86,54,22.53,54.06
54,87,5.76,13.82
87,54,5.76,13.82
54,88,22.86,54.86
88,54,22.86,54.86
54,90,34.62,83.08
90,54,34.62,83.08
54,91,51.31,123.14
91,54,51.31,123.14
54,93,59.87,143.69
93,54,59.87,143.69
54,94,16.09,38.62
94,54,16.09,38.62
54,95,16.45,39.49
95,54,16.45,39.49
54,97,62.32,149.56
97,54,62.32,149.56
54,98,6.23,14.95
98,54,6.23,14.95
54,99,42.33,101.58
99,54,42.33,101.58
54,100,22.4,53.75
100,54,22.4,53.75
54,102,69.92,167.81
102,54,69.92,167.81
54,103,68.31,163.95
103,54,68.31,163.95
54,105,35.7,85.68
105,54,35.7,85.68
54,106,62.3,149.54
106,54,62.3,149.54
54,107,19.15,45.96
107,54,19.15,45.96
54,108,36.06,86.53
108,54,36.06,86.53
54,109,29.28,70.28
109,54,29.28,70.28
54,110,72.25,173.4
110,54,72.25,173.4
54,111,23.41,56.17
111,54,23.41,56.17
54,112,36.58,87.79
112,54,36.58,87.79
54,113,75.64,181.54
113,54,75.64,181.54
54,114,28.16,67.59
114,54,28.16,67.59
54,115,36.23,86.95
115,54,36.23,86.95
54,118,41.8,100.33
118,54,41.8,100.33
54,119,40.6,97.44
119,54,40.6,97.44
54,121,16.36,39.27
121,54,16.36,39.27
54,122,27.61,66.26
122,54,27.61,66.26
54,123,68.79,165.1
123,54,68.79,165.1
54,124,40.48,97.14
124,54,40.48,97.14
54,125,16.62,39.88
125,54,16.62,39.88
54,126,43.35,104.04
126,54,43.35,104.04
54,127,59.05,141.72
127,54,59.05,141.72
54,128,65.91,158.2
128,54,65.91,158.2
54,129,37.82,90.76
129,54,37.82,90.76
54,132,49.15,117.96
132,54,49.15,117.96
54,133,14.38,34.5
133,54,14.38,34.5
54,134,43.5,104.4
134,54,43.5,104.4
54,135,69.17,166.0
135,54,69.17,166.0
54,136,59.31,142.33
136,54,59.31,142.33
54,137,39.86,95.66
137,54,39.86,95.66
54,138,30.02,72.04
138,54,30.02,72.04
54,139,68.53,164.48
139,54,68.53,164.48
54,140,38.61,92.65
140,54,38.61,92.65
54,141,48.75,117.0
141,54,48.75,117.0
54,142,42.1,101.04
142,54,42.1,101.04
54,143,32.09,77.01
143,54,32.09,77.01
54,144,37.81,90.74
144,54,37.81,90.74
54,146,31.41,75.38
146,54,31.41,75.38
54,147,26.8,64.32
147,54,26.8,64.32
54,148,1.03,2.48
148,54,1.03,2.48
54,149,68.71,164.91
149,54,68.71,164.91
54,150,62.55,150.13
150,54,62.55,150.13
55,56,8.59,20.61
56,55,8.59,20.61
55,57,18.85,45.23
57,55,18.85,45.23
55,58,13.53,32.47
58,55,13.53,32.47
55,59,40.7,97.69
59,55,40.7,97.69
55,60,44.97,107.94
60,55,44.97,107.94
55,61,57.47,137.92
61,55,57.47,137.92
55,62,37.94,91.06
62,55,37.94,91.06
55,63,37.21,89.32
63,55,37.21,89.32
55,64,45.95,110.27
64,55,45.95,110.27
55,65,37.15,89.17
65,55,37.15,89.17
55,66,31.67,76.0
66,55,31.67,76.0
55,67,63.15,151.56
67,55,63.15,151.56
55,68,59.9,143.76
68,55,59.9,143.76
55,69,66.33,159.18
69,55,66.33,159.18
55,70,62.8,150.72
70,55,62.8,150.72
55,73,50.37,120.87
73,55,50.37,120.87
55,74,45.87,110.08
74,55,45.87,110.08
55,75,72.2,173.28
75,55,72.2,173.28
55,76,30.98,74.35
76,55,30.98,74.35
55,77,39.64,95.13
77,55,39.64,95.13
55,78,58.15,139.57
78,55,58.15,139.57
55,79,68.32,163.95
79,55,68.32,163.95
55,80,74.46,178.72
80,55,74.46,178.72
55,81,62.24,149.38
81,55,62.24,149.38
55,82,40.71,97.71
82,55,40.71,97.71
55,83,43.23,103.76
83,55,43.23,103.76
55,84,61.17,146.8
84,55,61.17,146.8
55,85,58.61,140.65
85,55,58.61,140.65
55,86,25.97,62.34
86,55,25.97,62.34
55,87,9.6,23.04
87,55,9.6,23.04
55,88,24.33,58.39
88,55,24.33,58.39
55,90,37.03,88.86
90,55,37.03,88.86
55,91,57.53,138.09
91,55,57.53,138.09
55,93,65.69,157.65
93,55,65.69,157.65
55,94,13.94,33.46
94,55,13.94,33.46
55,95,19.43,46.64
95,55,19.43,46.64
55,97,69.2,166.07
97,55,69.2,166.07
55,98,6.37,15.29
98,55,6.37,15.29
55,99,44.41,106.58
99,55,44.41,106.58
55,100,29.36,70.47
100,55,29.36,70.47
55,102,74.83,179.58
102,55,74.83,179.58
55,103,74.34,178.42
103,55,74.34,178.42
55,105,41.59,99.82
105,55,41.59,99.82
55,106,69.3,166.33
106,55,69.3,166.33
55,107,18.22,43.72
107,55,18.22,43.72
55,108,39.48,94.74
108,55,39.48,94.74
55,109,32.24,77.38
109,55,32.24,77.38
55,110,78.16,187.57
110,55,78.16,187.57
55,111,23.04,55.27
111,55,23.04,55.27
55,112,38.53,92.47
112,55,38.53,92.47
55,113,81.6,195.83
113,55,81.6,195.83
55,114,27.79,66.69
114,55,27.79,66.69
55,115,43.21,103.71
115,55,43.21,103.71
55,118,46.71,112.1
118,55,46.71,112.1
55,119,43.09,103.4
119,55,43.09,103.4
55,121,18.75,45.0
121,55,18.75,45.0
55,122,33.13,79.5
122,55,33.13,79.5
55,123,75.69,181.67
123,55,75.69,181.67
55,124,43.79,105.11
124,55,43.79,105.11
55,125,23.24,55.78
125,55,23.24,55.78
55,126,45.4,108.96
126,55,45.4,108.96
55,127,64.78,155.48
127,55,64.78,155.48
55,128,72.83,174.8
128,55,72.83,174.8
55,129,44.58,107.0
129,55,44.58,107.0
55,132,56.08,134.6
132,55,56.08,134.6
55,133,20.93,50.22
133,55,20.93,50.22
55,134,49.96,119.91
134,55,49.96,119.91
55,135,75.83,181.99
135,55,75.83,181.99
55,136,65.93,158.24
136,55,65.93,158.24
55,137,42.17,101.2
137,55,42.17,101.2
55,138,29.65,71.14
138,55,29.65,71.14
55,139,75.53,181.29
139,55,75.53,181.29
55,140,44.83,107.58
140,55,44.83,107.58
55,141,55.02,132.05
141,55,55.02,132.05
55,142,44.88,107.72
142,55,44.88,107.72
55,143,38.17,91.6
143,55,38.17,91.6
55,144,44.6,107.05
144,55,44.6,107.05
55,146,31.21,74.89
146,55,31.21,74.89
55,147,26.2,62.89
147,55,26.2,62.89
55,148,6.33,15.19
148,55,6.33,15.19
55,149,75.49,181.18
149,55,75.49,181.18
55,150,69.05,165.73
150,55,69.05,165.73
56,57,10.49,25.18
57,56,10.49,25.18
56,58,20.47,49.12
58,56,20.47,49.12
56,59,46.88,112.52
59,56,46.88,112.52
56,60,50.45,121.08
60,56,50.45,121.08
56,61,60.61,145.46
61,56,60.61,145.46
56,62,34.46,82.7
62,56,34.46,82.7
56,63,31.58,75.79
63,56,31.58,75.79
56,64,45.81,109.93
64,56,45.81,109.93
56,65,36.37,87.3
65,56,36.37,87.3
56,66,26.93,64.64
66,56,26.93,64.64
56,67,62.48,149.95
67,56,62.48,149.95
56,68,56.01,134.43
68,56,56.01,134.43
56,69,62.61,150.27
69,56,62.61,150.27
56,70,57.61,138.26
70,56,57.61,138.26
56,73,45.18,108.41
73,56,45.18,108.41
56,74,43.42,104.21
74,56,43.42,104.21
56,75,67.73,162.53
75,56,67.73,162.53
56,76,38.73,92.95
76,56,38.73,92.95
56,77,37.23,89.36
77,56,37.23,89.36
56,78,63.33,152.0
78,56,63.33,152.0
56,79,63.13,151.49
79,56,63.13,151.49
56,80,72.21,173.29
80,56,72.21,173.29
56,81,66.96,160.71
81,56,66.96,160.71
56,82,40.21,96.51
82,56,40.21,96.51
56,83,50.93,122.24
83,56,50.93,122.24
56,84,63.42,152.22
84,56,63.42,152.22
56,85,59.46,142.69
85,56,59.46,142.69
56,86,33.23,79.76
86,56,33.23,79.76
56,87,16.21,38.91
87,56,16.21,38.91
56,88,15.97,38.34
88,56,15.97,38.34
56,90,44.91,107.78
90,56,44.91,107.78
56,91,61.66,147.99
91,56,61.66,147.99
56,93,60.92,146.18
93,56,60.92,146.18
56,94,5.44,13.06
94,56,5.44,13.06
56,95,13.26,31.84
95,56,13.26,31.84
56,97,68.13,163.5
97,56,68.13,163.5
56,98,14.27,34.25
98,56,14.27,34.25
56,99,52.46,125.9
99,56,52.46,125.9
56,100,29.79,71.51
100,56,29.79,71.51
56,102,69.64,167.12
102,56,69.64,167.12
56,103,70.23,168.53
103,56,70.23,168.53
56,105,37.95,91.08
105,56,37.95,91.08
56,106,69.53,166.86
106,56,69.53,166.86
56,107,9.65,23.15
107,56,9.65,23.15
56,108,31.38,75.32
108,56,31.38,75.32
56,109,23.91,57.39
109,56,23.91,57.39
56,110,72.97,175.11
110,56,72.97,175.11
56,111,14.68,35.22
111,56,14.68,35.22
56,112,30.17,72.42
112,56,30.17,72.42
56,113,76.6,183.83
113,56,76.6,183.83
56,114,19.43,46.64
114,56,19.43,46.64
56,115,44.58,106.99
115,56,44.58,106.99
56,118,41.52,99.64
118,56,41.52,99.64
56,119,34.73,83.35
119,56,34.73,83.35
56,121,26.49,63.57
121,56,26.49,63.57
56,122,29.11,69.88
122,56,29.11,69.88
56,123,77.46,185.9
123,56,77.46,185.9
56,124,51.21,122.91
124,56,51.21,122.91
56,125,22.38,53.72
125,56,22.38,53.72
56,126,53.47,128.32
126,56,53.47,128.32
56,127,59.65,143.14
127,56,59.65,143.14
56,128,74.53,178.87
128,56,74.53,178.87
56,129,47.28,113.49
129,56,47.28,113.49
56,132,57.78,138.68
132,56,57.78,138.68
56,133,24.77,59.44
133,56,24.77,59.44
56,134,53.58,128.58
134,56,53.58,128.58
56,135,73.68,176.84
135,56,73.68,176.84
56,136,63.73,152.97
136,56,63.73,152.97
56,137,50.12,120.28
137,56,50.12,120.28
56,138,21.29,51.09
138,56,21.29,51.09
56,139,75.93,182.23
139,56,75.93,182.23
56,140,41.81,100.36
140,56,41.81,100.36
56,141,59.07,141.76
141,56,59.07,141.76
56,142,52.61,126.27
142,56,52.61,126.27
56,143,42.69,102.47
143,56,42.69,102.47
56,144,47.19,113.26
144,56,47.19,113.26
56,146,22.85,54.84
146,56,22.85,54.84
56,147,17.62,42.28
147,56,17.62,42.28
56,148,10.0,24.0
148,56,10.0,24.0
56,149,77.91,186.99
149,56,77.91,186.99
56,150,72.46,173.92
150,56,72.46,173.92
57,58,27.36,65.67
58,57,27.36,65.67
57,59,50.65,121.57
59,57,50.65,121.57
57,60,52.94,127.06
60,57,52.94,127.06
57,61,59.26,142.21
61,57,59.26,142.21
57,62,25.83,61.98
62,57,25.83,61.98
57,63,21.09,50.62
63,57,21.09,50.62
57,64,40.6,97.44
64,57,40.6,97.44
57,65,31.02,74.46
65,57,31.02,74.46
57,66,17.34,41.61
66,57,17.34,41.61
57,67,56.07,134.58
67,57,56.07,134.58
57,68,45.85,110.05
68,57,45.85,110.05
57,69,52.45,125.89
69,57,52.45,125.89
57,70,47.13,113.13
70,57,47.13,113.13
57,73,34.7,83.28
73,57,34.7,83.28
57,74,35.55,85.33
74,57,35.55,85.33
57,75,57.25,137.4
75,57,57.25,137.4
57,76,45.64,109.53
76,57,45.64,109.53
57,77,29.74,71.38
77,57,29.74,71.38
57,78,64.95,155.87
78,57,64.95,155.87
57,79,52.65,126.36
79,57,52.65,126.36
57,80,63.84,153.22
80,57,63.84,153.22
57,81,67.76,162.62
81,57,67.76,162.62
57,82,34.94,83.87
82,57,34.94,83.87
57,83,57.37,137.69
83,57,57.37,137.69
57,84,60.76,145.83
84,57,60.76,145.83
57,85,55.04,132.11
85,57,55.04,132.11
57,86,39.48,94.74
86,57,39.48,94.74
57,87,23.45,56.27
87,57,23.45,56.27
57,88,5.81,13.95
88,57,5.81,13.95
57,90,51.92,124.6
90,57,51.92,124.6
57,91,61.71,148.1
91,57,61.71,148.1
57,93,50.44,121.05
93,57,50.44,121.05
57,94,9.17,22.01
94,57,9.17,22.01
57,95,4.3,10.33
95,57,4.3,10.33
57,97,61.14,146.74
97,57,61.14,146.74
57,98,23.24,55.78
98,57,23.24,55.78
57,99,59.7,143.29
99,57,59.7,143.29
57,100,26.77,64.24
100,57,26.77,64.24
57,102,59.16,141.99
102,57,59.16,141.99
57,103,59.75,143.4
103,57,59.75,143.4
57,105,28.96,69.49
105,57,28.96,69.49
57,106,63.87,153.29
106,57,63.87,153.29
57,107,6.23,14.95
107,57,6.23,14.95
57,108,21.08,50.59
108,57,21.08,50.59
57,109,13.62,32.69
109,57,13.62,32.69
57,110,62.49,149.98
110,57,62.49,149.98
57,111,6.23,14.95
111,57,6.23,14.95
57,112,20.17,48.4
112,57,20.17,48.4
57,113,66.12,158.7
113,57,66.12,158.7
57,114,11.19,26.86
114,57,11.19,26.86
57,115,41.49,99.58
115,57,41.49,99.58
57,118,31.04,74.51
118,57,31.04,74.51
57,119,24.64,59.14
119,57,24.64,59.14
57,121,33.98,81.54
121,57,33.98,81.54
57,122,20.23,48.55
122,57,20.23,48.55
57,123,73.8,177.13
123,57,73.8,177.13
57,124,57.06,136.95
124,57,57.06,136.95
57,125,18.93,45.42
125,57,18.93,45.42
57,126,60.73,145.76
126,57,60.73,145.76
57,127,49.17,118.01
127,57,49.17,118.01
57,128,70.84,170.04
128,57,70.84,170.04
57,129,45.87,110.09
129,57,45.87,110.09
57,132,54.54,130.9
132,57,54.54,130.9
57,133,27.06,64.95
133,57,27.06,64.95
57,134,53.15,127.56
134,57,53.15,127.56
57,135,65.42,157.02
135,57,65.42,157.02
57,136,55.58,133.39
136,57,55.58,133.39
57,137,57.15,137.16
137,57,57.15,137.16
57,138,12.58,30.19
138,57,12.58,30.19
57,139,70.56,169.33
139,57,70.56,169.33
57,140,33.36,80.07
140,57,33.36,80.07
57,141,59.08,141.79
141,57,59.08,141.79
57,142,59.08,141.8
142,57,59.08,141.8
57,143,44.13,105.9
143,57,44.13,105.9
57,144,45.62,109.49
144,57,45.62,109.49
57,146,13.7,32.88
146,57,13.7,32.88
57,147,11.07,26.58
147,57,11.07,26.58
57,148,17.01,40.83
148,57,17.01,40.83
57,149,75.14,180.34
149,57,75.14,180.34
57,150,71.19,170.86
150,57,71.19,170.86
58,59,27.19,65.26
59,58,27.19,65.26
58,60,31.67,76.01
60,58,31.67,76.01
58,61,45.79,109.91
61,58,45.79,109.91
58,62,36.67,88.01
62,58,36.67,88.01
58,63,39.41,94.57
63,58,39.41,94.57
58,64,38.19,91.64
64,58,38.19,91.64
58,65,31.67,76.0
65,58,31.67,76.0
58,66,33.21,79.71
66,58,33.21,79.71
58,67,55.39,132.93
67,58,55.39,132.93
58,68,57.86,138.88
68,58,57.86,138.88
58,69,63.76,153.02
69,58,63.76,153.02
58,70,62.01,148.82
70,58,62.01,148.82
58,73,51.26,123.03
73,58,51.26,123.03
58,74,42.22,101.33
74,58,42.22,101.33
58,75,69.97,167.93
75,58,69.97,167.93
58,76,18.47,44.33
76,58,18.47,44.33
58,77,36.44,87.46
77,58,36.44,87.46
58,78,44.92,107.8
78,58,44.92,107.8
58,79,67.77,162.64
79,58,67.77,162.64
58,80,68.96,165.49
80,58,68.96,165.49
58,81,49.24,118.17
81,58,49.24,118.17
58,82,34.46,82.7
82,58,34.46,82.7
58,83,30.55,73.33
83,58,30.55,73.33
58,84,50.34,120.81
84,58,50.34,120.81
58,85,49.53,118.87
85,58,49.53,118.87
58,86,12.77,30.64
86,58,12.77,30.64
58,87,4.26,10.22
87,58,4.26,10.22
58,88,32.15,77.16
88,58,32.15,77.16
58,90,24.74,59.37
90,58,24.74,59.37
58,91,44.99,107.97
91,58,44.99,107.97
58,93,63.99,153.57
93,58,63.99,153.57
58,94,25.76,61.83
94,58,25.76,61.83
58,95,25.51,61.22
95,58,25.51,61.22
58,97,61.71,148.11
97,58,61.71,148.11
58,98,7.35,17.65
98,58,7.35,17.65
58,99,32.46,77.89
99,58,32.46,77.89
58,100,23.06,55.35
100,58,23.06,55.35
58,102,74.71,179.31
102,58,74.71,179.31
58,103,71.79,172.32
103,58,71.79,172.32
58,105,40.23,96.55
105,58,40.23,96.55
58,106,61.11,146.65
106,58,61.11,146.65
58,107,29.02,69.66
107,58,29.02,69.66
58,108,44.11,105.87
108,58,44.11,105.87
58,109,37.87,90.88
109,58,37.87,90.88
58,110,75.98,182.34
110,58,75.98,182.34
58,111,33.29,79.88
111,58,33.29,79.88
58,112,45.26,108.62
112,58,45.26,108.62
58,113,79.37,190.48
113,58,79.37,190.48
58,114,38.04,91.3
114,58,38.04,91.3
58,115,34.11,81.86
115,58,34.11,81.86
58,118,48.19,115.67
118,58,48.19,115.67
58,119,48.97,117.53
119,58,48.97,117.53
58,121,6.64,15.94
121,58,6.64,15.94
58,122,33.28,79.88
122,58,33.28,79.88
58,123,65.17,156.4
123,58,65.17,156.4
58,124,30.75,73.8
124,58,30.75,73.8
58,125,20.38,48.91
125,58,20.38,48.91
58,126,33.48,80.35
126,58,33.48,80.35
58,127,63.38,152.12
127,58,63.38,152.12
58,128,62.42,149.81
128,58,62.42,149.81
58,129,33.72,80.94
129,58,33.72,80.94
58,132,46.02,110.46
132,58,46.02,110.46
58,133,10.96,26.3
133,58,10.96,26.3
58,134,37.98,91.15
134,58,37.98,91.15
58,135,69.99,167.96
135,58,69.99,167.96
58,136,60.84,146.01
136,58,60.84,146.01
58,137,29.98,71.95
137,58,29.98,71.95
58,138,39.9,95.75
138,58,39.9,95.75
58,139,66.64,159.92
139,58,66.64,159.92
58,140,42.16,101.2
140,58,42.16,101.2
58,141,42.56,102.14
141,58,42.56,102.14
58,142,32.25,77.4
142,58,32.25,77.4
58,143,25.62,61.49
143,58,25.62,61.49
58,144,33.88,81.31
144,58,33.88,81.31
58,146,40.93,98.22
146,58,40.93,98.22
58,147,36.68,88.03
147,58,36.68,88.03
58,148,10.79,25.91
148,58,10.79,25.91
58,149,64.27,154.25
149,58,64.27,154.25
58,150,56.97,136.73
150,58,56.97,136.73
59,60,6.46,15.5
60,59,6.46,15.5
59,61,26.49,63.58
61,59,26.49,63.58
59,62,46.3,111.11
62,59,46.3,111.11
59,63,53.64,128.73
63,59,53.64,128.73
59,64,35.7,85.68
64,59,35.7,85.68
59,65,35.39,84.94
65,59,35.39,84.94
59,66,48.05,115.33
66,59,48.05,115.33
59,67,48.7,116.88
67,59,48.7,116.88
59,68,59.83,143.61
68,59,59.83,143.61
59,69,64.1,153.84
69,59,64.1,153.84
59,70,65.27,156.66
70,59,65.27,156.66
59,73,59.49,142.77
73,59,59.49,142.77
59,74,44.55,106.94
74,59,44.55,106.94
59,75,70.51,169.23
75,59,70.51,169.23
59,76,14.96,35.9
76,59,14.96,35.9
59,77,42.77,102.66
77,59,42.77,102.66
59,78,18.78,45.08
78,59,18.78,45.08
59,79,70.27,168.65
79,59,70.27,168.65
59,80,64.91,155.78
80,59,64.91,155.78
59,81,23.94,57.46
81,59,23.94,57.46
59,82,34.43,82.64
82,59,34.43,82.64
59,83,14.26,34.22
83,59,14.26,34.22
59,84,33.35,80.03
84,59,33.35,80.03
59,85,38.24,91.78
85,59,38.24,91.78
59,86,15.25,36.61
86,59,15.25,36.61
59,87,31.17,74.81
87,59,31.17,74.81
59,88,53.83,129.19
88,59,53.83,129.19
59,90,15.36,36.87
90,59,15.36,36.87
59,91,22.08,52.99
91,59,22.08,52.99
59,93,65.8,157.92
93,59,65.8,157.92
59,94,51.8,124.31
94,59,51.8,124.31
59,95,47.36,113.67
95,59,47.36,113.67
59,97,54.53,130.87
97,59,54.53,130.87
59,98,33.38,80.13
98,59,33.38,80.13
59,99,19.31,46.35
99,59,19.31,46.35
59,100,30.06,72.15
100,59,30.06,72.15
59,102,75.7,181.68
102,59,75.7,181.68
59,103,71.59,171.83
103,59,71.59,171.83
59,105,48.7,116.88
105,59,48.7,116.88
59,106,49.88,119.72
106,59,49.88,119.72
59,107,54.12,129.9
107,59,54.12,129.9
59,108,60.87,146.09
108,59,60.87,146.09
59,109,56.85,136.43
109,59,56.85,136.43
59,110,76.52,183.64
110,59,76.52,183.64
59,111,56.81,136.35
111,59,56.81,136.35
59,112,63.74,152.98
112,59,63.74,152.98
59,113,79.91,191.78
113,59,79.91,191.78
59,114,61.69,148.05
114,59,61.69,148.05
59,115,27.7,66.49
115,59,27.7,66.49
59,118,60.85,146.03
118,59,60.85,146.03
59,119,66.17,158.82
119,59,66.17,158.82
59,121,22.85,54.84
121,59,22.85,54.84
59,122,46.16,110.79
122,59,46.16,110.79
59,123,47.29,113.51
123,59,47.29,113.51
59,124,11.49,27.57
124,59,11.49,27.57
59,125,34.73,83.35
125,59,34.73,83.35
59,126,19.99,47.97
126,59,19.99,47.97
59,127,65.81,157.97
127,59,65.81,157.97
59,128,45.16,108.38
128,59,45.16,108.38
59,129,21.54,51.69
129,59,21.54,51.69
59,132,32.49,77.97
132,59,32.49,77.97
59,133,23.61,56.67
133,59,23.61,56.67
59,134,19.21,46.11
134,59,19.21,46.11
59,135,65.46,157.1
135,59,65.46,157.1
59,136,57.93,139.02
136,59,57.93,139.02
59,137,17.02,40.85
137,59,17.02,40.85
59,138,62.55,150.13
138,59,62.55,150.13
59,139,53.26,127.83
139,59,53.26,127.83
59,140,47.02,112.86
140,59,47.02,112.86
59,141,20.45,49.08
141,59,20.45,49.08
59,142,15.32,36.76
142,59,15.32,36.76
59,143,10.94,26.25
143,59,10.94,26.25
59,144,22.14,53.14
144,59,22.14,53.14
59,146,62.73,150.54
146,59,62.73,150.54
59,147,61.48,147.56
147,59,61.48,147.56
59,148,36.89,88.53
148,59,36.89,88.53
59,149,44.34,106.42
149,59,44.34,106.42
59,150,34.74,83.37
150,59,34.74,83.37
60,61,20.23,48.55
61,60,20.23,48.55
60,62,45.27,108.65
62,60,45.27,108.65
60,63,53.38,128.11
63,60,53.38,128.11
60,64,32.75,78.59
64,60,32.75,78.59
60,65,33.75,81.01
65,60,33.75,81.01
60,66,48.19,115.65
66,60,48.19,115.65
60,67,43.85,105.23
67,60,43.85,105.23
60,68,57.07,136.97
68,60,57.07,136.97
60,69,61.34,147.2
69,60,61.34,147.2
60,70,62.51,150.02
70,60,62.51,150.02
60,73,56.73,136.13
73,60,56.73,136.13
60,74,41.79,100.3
74,60,41.79,100.3
60,75,67.75,162.59
75,60,67.75,162.59
60,76,21.34,51.2
76,60,21.34,51.2
60,77,40.79,97.88
77,60,40.79,97.88
60,78,13.27,31.84
78,60,13.27,31.84
60,79,67.51,162.01
79,60,67.51,162.01
60,80,60.23,144.56
80,60,60.23,144.56
60,81,17.98,43.16
81,60,17.98,43.16
60,82,31.67,76.0
82,60,31.67,76.0
60,83,19.72,47.33
83,60,19.72,47.33
60,84,27.24,65.38
84,60,27.24,65.38
60,85,32.97,79.12
85,60,32.97,79.12
60,86,21.63,51.91
86,60,21.63,51.91
60,87,35.37,84.9
87,60,35.37,84.9
60,88,55.53,133.28
88,60,55.53,133.28
60,90,21.69,52.06
90,60,21.69,52.06
60,91,15.63,37.51
91,60,15.63,37.51
60,93,63.04,151.28
93,60,63.04,151.28
60,94,55.08,132.19
94,60,55.08,132.19
60,95,49.33,118.41
95,60,49.33,118.41
60,97,49.3,118.33
97,60,49.3,118.33
60,98,39.01,93.64
98,60,39.01,93.64
60,99,24.83,59.59
99,60,24.83,59.59
60,100,29.86,71.67
100,60,29.86,71.67
60,102,72.94,175.04
102,60,72.94,175.04
60,103,68.83,165.19
103,60,68.83,165.19
60,105,46.8,112.3
105,60,46.8,112.3
60,106,44.32,106.36
106,60,44.32,106.36
60,107,56.96,136.7
107,60,56.96,136.7
60,108,61.02,146.44
108,60,61.02,146.44
60,109,57.7,138.48
109,60,57.7,138.48
60,110,73.76,177.0
110,60,73.76,177.0
60,111,58.96,141.5
111,60,58.96,141.5
60,112,64.28,154.26
112,60,64.28,154.26
60,113,77.15,185.14
113,60,77.15,185.14
60,114,63.71,152.91
114,60,63.71,152.91
60,115,24.31,58.35
115,60,24.31,58.35
60,118,58.88,141.3
118,60,58.88,141.3
60,119,66.28,159.07
119,60,66.28,159.07
60,121,28.78,69.08
121,60,28.78,69.08
60,122,45.92,110.2
122,60,45.92,110.2
60,123,40.94,98.26
123,60,40.94,98.26
60,124,16.63,39.91
124,60,16.63,39.91
60,125,35.69,85.67
125,60,35.69,85.67
60,126,25.37,60.89
126,60,25.37,60.89
60,127,63.05,151.33
127,60,63.05,151.33
60,128,38.87,93.3
128,60,38.87,93.3
60,129,17.33,41.6
129,60,17.33,41.6
60,132,27.0,64.81
132,60,27.0,64.81
60,133,26.1,62.65
133,60,26.1,62.65
60,134,13.36,32.07
134,60,13.36,32.07
60,135,60.27,144.67
135,60,60.27,144.67
60,136,53.66,128.79
136,60,53.66,128.79
60,137,22.79,54.71
137,60,22.79,54.71
60,138,64.34,154.4
138,60,64.34,154.4
60,139,47.33,113.59
139,60,47.33,113.59
60,140,44.26,106.22
140,60,44.26,106.22
60,141,14.01,33.62
141,60,14.01,33.62
60,142,20.47,49.13
142,60,20.47,49.13
60,143,9.43,22.62
143,60,9.43,22.62
60,144,17.98,43.14
144,60,17.98,43.14
60,146,64.25,154.19
146,60,64.25,154.19
60,147,63.95,153.49
147,60,63.95,153.49
60,148,40.56,97.34
148,60,40.56,97.34
60,149,37.9,90.95
149,60,37.9,90.95
60,150,28.3,67.93
150,60,28.3,67.93
61,62,40.98,98.34
62,61,40.98,98.34
61,63,50.58,121.39
63,61,50.58,121.39
61,64,24.39,58.54
64,61,24.39,58.54
61,65,29.88,71.71
65,61,29.88,71.71
61,66,47.5,113.99
66,61,47.5,113.99
61,67,27.65,66.37
67,61,27.65,66.37
61,68,47.91,114.99
68,61,47.91,114.99
61,69,49.55,118.92
69,61,49.55,118.92
61,70,53.62,128.68
70,61,53.62,128.68
61,73,51.42,123.42
73,61,51.42,123.42
61,74,36.4,87.37
74,61,36.4,87.37
61,75,55.52,133.25
75,61,55.52,133.25
61,76,40.88,98.09
76,61,40.88,98.09
61,77,35.76,85.81
77,61,35.76,85.81
61,78,16.4,39.36
78,61,16.4,39.36
61,79,57.24,137.38
79,61,57.24,137.38
61,80,42.66,102.39
80,61,42.66,102.39
61,81,13.94,33.46
81,61,13.94,33.46
61,82,26.64,63.93
82,61,26.64,63.93
61,83,39.77,95.45
83,61,39.77,95.45
61,84,7.32,17.57
84,61,7.32,17.57
61,85,16.19,38.85
85,61,16.19,38.85
61,86,39.32,94.36
86,61,39.32,94.36
61,87,48.46,116.3
87,61,48.46,116.3
61,88,59.94,143.86
88,61,59.94,143.86
61,90,41.85,100.45
90,61,41.85,100.45
61,91,7.54,18.09
91,61,7.54,18.09
61,93,52.71,126.49
93,61,52.71,126.49
61,94,64.14,153.93
94,61,64.14,153.93
61,95,55.05,132.13
95,61,55.05,132.13
61,97,31.66,75.99
97,61,31.66,75.99
61,98,52.54,126.08
98,61,52.54,126.08
61,99,44.84,107.62
99,61,44.84,107.62
61,100,32.53,78.07
100,61,32.53,78.07
61,102,60.71,145.7
102,61,60.71,145.7
61,103,55.02,132.05
103,61,55.02,132.05
61,105,41.77,100.23
105,61,41.77,100.23
61,106,25.57,61.36
106,61,25.57,61.36
61,107,64.59,155.02
107,61,64.59,155.02
61,108,58.49,140.38
108,61,58.49,140.38
61,109,58.37,140.09
109,61,58.37,140.09
61,110,61.53,147.66
110,61,61.53,147.66
61,111,64.43,154.62
111,61,64.43,154.62
61,112,63.13,151.51
112,61,63.13,151.51
61,113,63.33,151.99
113,61,63.33,151.99
61,114,68.51,164.42
114,61,68.51,164.42
61,115,18.69,44.85
115,61,18.69,44.85
61,118,53.85,129.23
118,61,53.85,129.23
61,119,62.47,149.92
119,61,62.47,149.92
61,121,45.19,108.45
121,61,45.19,108.45
61,122,44.2,106.06
122,61,44.2,106.06
61,123,20.86,50.06
123,61,20.86,50.06
61,124,36.59,87.82
124,61,36.59,87.82
61,125,40.33,96.79
125,61,40.33,96.79
61,126,45.3,108.72
126,61,45.3,108.72
61,127,53.34,128.03
127,61,53.34,128.03
61,128,18.67,44.8
128,61,18.67,44.8
61,129,13.44,32.25
129,61,13.44,32.25
61,132,10.35,24.84
132,61,10.35,24.84
61,133,36.55,87.71
133,61,36.55,87.71
61,134,8.0,19.21
134,61,8.0,19.21
61,135,42.63,102.33
135,61,42.63,102.33
61,136,38.92,93.41
136,61,38.92,93.41
61,137,42.95,103.08
137,61,42.95,103.08
61,138,68.01,163.23
138,61,68.01,163.23
61,139,27.51,66.03
139,61,27.51,66.03
61,140,39.23,94.15
140,61,39.23,94.15
61,141,7.05,16.92
141,61,7.05,16.92
61,142,40.34,96.82
142,61,40.34,96.82
61,143,20.64,49.55
143,61,20.64,49.55
61,144,13.64,32.75
144,61,13.64,32.75
61,146,66.83,160.4
146,61,66.83,160.4
61,147,70.09,168.21
147,61,70.09,168.21
61,148,51.79,124.3
148,61,51.79,124.3
61,149,18.67,44.8
149,61,18.67,44.8
61,150,11.95,28.68
150,61,11.95,28.68
62,63,9.74,23.38
63,62,9.74,23.38
62,64,18.74,44.98
64,62,18.74,44.98
62,65,11.89,28.54
65,62,11.89,28.54
62,66,8.78,21.08
66,62,8.78,21.08
62,67,31.17,74.82
67,62,31.17,74.82
62,68,21.96,52.71
68,62,21.96,52.71
62,69,28.4,68.15
69,62,28.4,68.15
62,70,25.49,61.19
70,62,25.49,61.19
62,73,14.77,35.45
73,62,14.77,35.45
62,74,9.95,23.87
74,62,9.95,23.87
62,75,34.26,82.23
75,62,34.26,82.23
62,76,49.52,118.85
76,62,49.52,118.85
62,77,5.48,13.15
77,62,5.48,13.15
62,78,53.62,128.69
78,62,53.62,128.69
62,79,31.3,75.11
79,62,31.3,75.11
62,80,38.06,91.35
80,62,38.06,91.35
62,81,54.41,130.57
81,62,54.41,130.57
62,82,14.35,34.45
82,62,14.35,34.45
62,83,58.16,139.57
83,62,58.16,139.57
62,84,41.24,98.98
84,62,41.24,98.98
62,85,32.93,79.02
85,62,32.93,79.02
62,86,43.29,103.9
86,62,43.29,103.9
62,87,35.15,84.36
87,62,35.15,84.36
62,88,22.99,55.18
88,62,22.99,55.18
62,90,54.91,131.79
90,62,54.91,131.79
62,91,47.43,113.82
91,62,47.43,113.82
62,93,27.84,66.81
93,62,27.84,66.81
62,94,34.48,82.74
94,62,34.48,82.74
62,95,22.07,52.97
95,62,22.07,52.97
62,97,35.67,85.62
97,62,35.67,85.62
62,98,37.89,90.95
98,62,37.89,90.95
62,99,62.19,149.27
99,62,62.19,149.27
62,100,16.58,39.79
100,62,16.58,39.79
62,102,38.23,91.76
102,62,38.23,91.76
62,103,36.4,87.36
103,62,36.4,87.36
62,105,3.67,8.8
105,62,3.67,8.8
62,106,39.57,94.96
106,62,39.57,94.96
62,107,32.02,76.85
107,62,32.02,76.85
62,108,17.52,42.04
108,62,17.52,42.04
62,109,18.84,45.21
109,62,18.84,45.21
62,110,40.27,96.64
110,62,40.27,96.64
62,111,28.13,67.52
111,62,28.13,67.52
62,112,22.37,53.67
112,62,22.37,53.67
62,113,43.66,104.78
113,62,43.66,104.78
62,114,30.53,73.27
114,62,30.53,73.27
62,115,24.0,57.61
115,62,24.0,57.61
62,118,14.6,35.03
118,62,14.6,35.03
62,119,21.5,51.58
119,62,21.5,51.58
62,121,42.06,100.94
121,62,42.06,100.94
62,122,5.6,13.43
122,62,5.6,13.43
62,123,51.84,124.41
123,62,51.84,124.41
62,124,56.47,135.52
124,62,56.47,135.52
62,125,16.3,39.11
125,62,16.3,39.11
62,126,63.16,151.58
126,62,63.16,151.58
62,127,27.04,64.89
127,62,27.04,64.89
62,128,48.96,117.51
128,62,48.96,117.51
62,129,31.02,74.44
129,62,31.02,74.44
62,132,34.55,82.92
132,62,34.55,82.92
62,133,28.0,67.21
133,62,28.0,67.21
62,134,39.05,93.73
134,62,39.05,93.73
62,135,39.62,95.09
135,62,39.62,95.09
62,136,29.76,71.41
136,62,29.76,71.41
62,137,59.43,142.65
137,62,59.43,142.65
62,138,29.41,70.58
138,62,29.41,70.58
62,139,46.39,111.34
139,62,46.39,111.34
62,140,7.54,18.09
140,62,7.54,18.09
62,141,45.05,108.11
141,62,45.05,108.11
62,142,59.71,143.31
142,62,59.71,143.31
62,143,36.03,86.48
143,62,36.03,86.48
62,144,30.48,73.16
144,62,30.48,73.16
62,146,27.7,66.49
146,62,27.7,66.49
62,147,33.78,81.08
147,62,33.78,81.08
62,148,32.2,77.28
148,62,32.2,77.28
62,149,54.5,130.79
149,62,54.5,130.79
62,150,53.42,128.21
150,62,53.42,128.21
63,64,28.48,68.35
64,63,28.48,68.35
63,65,21.14,50.75
65,63,21.14,50.75
63,66,6.22,14.92
66,63,6.22,14.92
63,67,39.9,95.76
67,63,39.9,95.76
63,68,24.88,59.71
68,63,24.88,59.71
63,69,31.48,75.55
69,63,31.48,75.55
63,70,26.16,62.79
70,63,26.16,62.79
63,73,13.73,32.94
73,63,13.73,32.94
63,74,18.68,44.84
74,63,18.68,44.84
63,75,36.28,87.06
75,63,36.28,87.06
63,76,54.64,131.14
76,63,54.64,131.14
63,77,15.22,36.52
77,63,15.22,36.52
63,78,62.59,150.21
78,63,62.59,150.21
63,79,31.68,76.02
79,63,31.68,76.02
63,80,44.19,106.04
80,63,44.19,106.04
63,81,63.69,152.87
81,63,63.69,152.87
63,82,23.99,57.57
82,63,23.99,57.57
63,83,64.41,154.58
83,63,64.41,154.58
63,84,50.98,122.36
84,63,50.98,122.36
63,85,42.56,102.14
85,63,42.56,102.14
63,86,48.21,115.69
86,63,48.21,115.69
63,87,36.93,88.62
87,63,36.93,88.62
63,88,16.59,39.82
88,63,16.59,39.82
63,90,60.45,145.08
90,63,60.45,145.08
63,91,56.78,136.28
91,63,56.78,136.28
63,93,29.47,70.71
93,63,29.47,70.71
63,94,30.26,72.62
94,63,30.26,72.62
63,95,18.48,44.35
95,63,18.48,44.35
63,97,43.73,104.96
97,63,43.73,104.96
63,98,38.79,93.09
98,63,38.79,93.09
63,99,68.04,163.3
99,63,68.04,163.3
63,100,23.62,56.69
100,63,23.62,56.69
63,102,38.19,91.65
102,63,38.19,91.65
63,103,38.78,93.06
103,63,38.78,93.06
63,105,10.74,25.77
105,63,10.74,25.77
63,106,48.53,116.48
106,63,48.53,116.48
63,107,26.78,64.26
107,63,26.78,64.26
63,108,8.26,19.82
108,63,8.26,19.82
63,109,10.26,24.63
109,63,10.26,24.63
63,110,41.52,99.64
110,63,41.52,99.64
63,111,21.4,51.37
111,63,21.4,51.37
63,112,12.73,30.55
112,63,12.73,30.55
63,113,45.15,108.36
113,63,45.15,108.36
63,114,22.63,54.32
114,63,22.63,54.32
63,115,33.46,80.31
115,63,33.46,80.31
63,118,10.07,24.17
118,63,10.07,24.17
63,119,13.24,31.77
119,63,13.24,31.77
63,121,45.53,109.27
121,63,45.53,109.27
63,122,7.48,17.96
122,63,7.48,17.96
63,123,61.39,147.34
123,63,61.39,147.34
63,124,63.06,151.35
124,63,63.06,151.35
63,125,20.11,48.25
125,63,20.11,48.25
63,126,69.04,165.7
126,63,69.04,165.7
63,127,28.2,67.67
127,63,28.2,67.67
63,128,58.53,140.49
128,63,58.53,140.49
63,129,40.22,96.54
129,63,40.22,96.54
63,132,44.29,106.3
132,63,44.29,106.3
63,133,32.8,78.72
133,63,32.8,78.72
63,134,48.28,115.88
134,63,48.28,115.88
63,135,45.89,110.13
135,63,45.89,110.13
63,136,36.58,87.79
136,63,36.58,87.79
63,137,65.29,156.69
137,63,65.29,156.69
63,138,21.06,50.53
138,63,21.06,50.53
63,139,55.36,132.87
139,63,55.36,132.87
63,140,15.56,37.35
140,63,15.56,37.35
63,141,54.34,130.43
141,63,54.34,130.43
63,142,66.04,158.49
142,63,66.04,158.49
63,143,43.98,105.55
143,63,43.98,105.55
63,144,39.72,95.35
144,63,39.72,95.35
63,146,18.98,45.56
146,63,18.98,45.56
63,147,26.52,63.65
147,63,26.52,63.65
63,148,32.43,77.84
148,63,32.43,77.84
63,149,64.19,154.05
149,63,64.19,154.05
63,150,63.13,151.52
150,63,63.13,151.52
64,65,9.61,23.05
65,64,9.61,23.05
64,66,26.28,63.07
66,64,26.28,63.07
64,67,17.24,41.38
67,64,17.24,41.38
64,68,25.85,62.04
68,64,25.85,62.04
64,69,29.51,70.83
69,64,29.51,70.83
64,70,31.46,75.51
70,64,31.46,75.51
64,73,27.22,65.32
73,64,27.22,65.32
64,74,12.07,28.98
74,64,12.07,28.98
64,75,35.9,86.17
75,64,35.9,86.17
64,76,44.77,107.46
76,64,44.77,107.46
64,77,13.26,31.83
77,64,13.26,31.83
64,78,37.78,90.67
78,64,37.78,90.67
64,79,36.13,86.72
79,64,36.13,86.72
64,80,30.9,74.16
80,64,30.9,74.16
64,81,37.44,89.85
81,64,37.44,89.85
64,82,5.68,13.62
82,64,5.68,13.62
64,83,49.9,119.75
83,64,49.9,119.75
64,84,22.52,54.05
84,64,22.52,54.05
64,85,14.62,35.08
85,64,14.62,35.08
64,86,39.78,95.48
86,64,39.78,95.48
64,87,39.48,94.75
87,64,39.48,94.75
64,88,39.55,94.91
88,64,39.55,94.91
64,90,48.65,116.77
90,64,48.65,116.77
64,91,30.37,72.88
91,64,30.37,72.88
64,93,31.58,75.8
93,64,31.58,75.8
64,94,47.71,114.5
94,64,47.71,114.5
64,95,36.32,87.17
95,64,36.32,87.17
64,97,23.53,56.48
97,64,23.53,56.48
64,98,43.31,103.95
98,64,43.31,103.95
64,99,54.69,131.26
99,64,54.69,131.26
64,100,16.65,39.97
100,64,16.65,39.97
64,102,41.09,98.62
102,64,41.09,98.62
64,103,36.74,88.18
103,64,36.74,88.18
64,105,18.65,44.75
105,64,18.65,44.75
64,106,23.72,56.93
106,64,23.72,56.93
64,107,46.66,111.99
107,64,46.66,111.99
64,108,35.99,86.39
108,64,35.99,86.39
64,109,37.08,89.0
109,64,37.08,89.0
64,110,41.91,100.58
110,64,41.91,100.58
64,111,44.54,106.91
111,64,44.54,106.91
64,112,40.84,98.02
112,64,40.84,98.02
64,113,45.3,108.72
113,64,45.3,108.72
64,114,47.84,114.81
114,64,47.84,114.81
64,115,8.44,20.25
115,64,8.44,20.25
64,118,30.07,72.16
118,64,30.07,72.16
64,119,39.97,95.93
119,64,39.97,95.93
64,121,41.94,100.65
121,64,41.94,100.65
64,122,22.85,54.83
122,64,22.85,54.83
64,123,33.62,80.68
123,64,33.62,80.68
64,124,47.43,113.84
124,64,47.43,113.84
64,125,23.43,56.24
125,64,23.43,56.24
64,126,55.5,133.21
126,64,55.5,133.21
64,127,31.77,76.25
127,64,31.77,76.25
64,128,30.68,73.63
128,64,30.68,73.63
64,129,15.68,37.64
129,64,15.68,37.64
64,132,15.83,38.0
132,64,15.83,38.0
64,133,27.99,67.18
133,64,27.99,67.18
64,134,22.85,54.84
134,64,22.85,54.84
64,135,31.89,76.53
135,64,31.89,76.53
64,136,22.91,54.98
136,64,22.91,54.98
64,137,52.09,125.02
137,64,52.09,125.02
64,138,47.14,113.14
138,64,47.14,113.14
64,139,30.18,72.44
139,64,30.18,72.44
64,140,15.11,36.26
140,64,15.11,36.26
64,141,28.29,67.9
141,64,28.29,67.9
64,142,51.17,122.8
142,64,51.17,122.8
64,143,25.15,60.37
143,64,25.15,60.37
64,144,15.04,36.09
144,64,15.04,36.09
64,146,45.77,109.84
146,64,45.77,109.84
64,147,50.37,120.89
147,64,50.37,120.89
64,148,39.67,95.22
148,64,39.67,95.22
64,149,35.86,86.07
149,64,35.86,86.07
64,150,34.87,83.68
150,64,34.87,83.68
65,66,17.67,42.42
66,65,17.67,42.42
65,67,26.16,62.79
67,65,26.16,62.79
65,68,27.46,65.92
68,65,27.46,65.92
65,69,32.72,78.52
69,65,32.72,78.52
65,70,32.42,77.82
70,65,32.42,77.82
65,73,24.58,58.98
73,65,24.58,58.98
65,74,11.26,27.03
74,65,11.26,27.03
65,75,39.06,93.76
75,65,39.06,93.76
65,76,40.88,98.11
76,65,40.88,98.11
65,77,7.44,17.85
77,65,7.44,17.85
65,78,41.73,100.15
78,65,41.73,100.15
65,79,37.86,90.87
79,65,37.86,90.87
65,80,37.8,90.72
80,65,37.8,90.72
65,81,42.59,102.2
81,65,42.59,102.2
65,82,3.93,9.43
82,65,3.93,9.43
65,83,48.12,115.49
83,65,48.12,115.49
65,84,30.75,73.8
84,65,30.75,73.8
65,85,24.04,57.7
85,65,24.04,57.7
65,86,35.13,84.3
86,65,35.13,84.3
65,87,31.52,75.65
87,65,31.52,75.65
65,88,30.23,72.55
88,65,30.23,72.55
65,90,45.67,109.6
90,65,45.67,109.6
65,91,35.65,85.55
91,65,35.65,85.55
65,93,33.64,80.74
93,65,33.64,80.74
65,94,38.13,91.5
94,65,38.13,91.5
65,95,26.74,64.17
95,65,26.74,64.17
65,97,32.06,76.94
97,65,32.06,76.94
65,98,35.11,84.26
98,65,35.11,84.26
65,99,52.51,126.02
99,65,52.51,126.02
65,100,8.61,20.66
100,65,8.61,20.66
65,102,44.25,106.21
102,65,44.25,106.21
65,103,40.62,97.48
103,65,40.62,97.48
65,105,13.53,32.48
105,65,13.53,32.48
65,106,33.22,79.73
106,65,33.22,79.73
65,107,37.07,88.96
107,65,37.07,88.96
65,108,29.35,70.44
108,65,29.35,70.44
65,109,28.54,68.5
109,65,28.54,68.5
65,110,45.07,108.17
110,65,45.07,108.17
65,111,35.15,84.35
111,65,35.15,84.35
65,112,33.51,80.43
112,65,33.51,80.43
65,113,48.46,116.31
113,65,48.46,116.31
65,114,38.65,92.76
114,65,38.65,92.76
65,115,12.35,29.63
115,65,12.35,29.63
65,118,25.84,62.01
118,65,25.84,62.01
65,119,33.33,79.98
119,65,33.33,79.98
65,121,35.73,85.75
121,65,35.73,85.75
65,122,14.44,34.65
122,65,14.44,34.65
65,123,42.93,103.02
123,65,42.93,103.02
65,124,46.12,110.68
124,65,46.12,110.68
65,125,14.11,33.86
125,65,14.11,33.86
65,126,53.42,128.21
126,65,53.42,128.21
65,127,33.36,80.06
127,65,33.36,80.06
65,128,39.97,95.94
128,65,39.97,95.94
65,129,19.15,45.95
129,65,19.15,45.95
65,132,24.19,58.05
132,65,24.19,58.05
65,133,21.2,50.87
133,65,21.2,50.87
65,134,27.2,65.27
134,65,27.2,65.27
65,135,39.04,93.7
135,65,39.04,93.7
65,136,29.34,70.4
136,65,29.34,70.4
65,137,49.78,119.48
137,65,49.78,119.48
65,138,38.13,91.52
138,65,38.13,91.52
65,139,39.76,95.42
139,65,39.76,95.42
65,140,12.51,30.03
140,65,12.51,30.03
65,141,33.23,79.75
141,65,33.23,79.75
65,142,49.58,119.0
142,65,49.58,119.0
65,143,24.74,59.39
143,65,24.74,59.39
65,144,18.63,44.7
144,65,18.63,44.7
65,146,36.96,88.7
146,65,36.96,88.7
65,147,40.97,98.33
147,65,40.97,98.33
65,148,30.85,74.04
148,65,30.85,74.04
65,149,44.73,107.35
149,65,44.73,107.35
65,150,42.41,101.77
150,65,42.41,101.77
66,67,39.88,95.71
67,66,39.88,95.71
66,68,29.15,69.97
68,66,29.15,69.97
66,69,35.79,85.91
69,66,35.79,85.91
66,70,31.24,74.99
70,66,31.24,74.99
66,73,18.81,45.14
73,66,18.81,45.14
66,74,18.73,44.94
74,66,18.73,44.94
66,75,41.31,99.15
75,66,41.31,99.15
66,76,48.5,116.4
76,66,48.5,116.4
66,77,13.59,32.62
77,66,13.59,32.62
66,78,58.05,139.31
78,66,58.05,139.31
66,79,36.76,88.22
79,66,36.76,88.22
66,80,46.55,111.72
80,66,46.55,111.72
66,81,59.55,142.93
81,66,59.55,142.93
66,82,21.11,50.67
82,66,21.11,50.67
66,83,58.44,140.26
83,66,58.44,140.26
66,84,48.35,116.04
84,66,48.35,116.04
66,85,40.82,97.98
85,66,40.82,97.98
66,86,42.05,100.92
86,66,42.05,100.92
66,87,30.82,73.96
87,66,30.82,73.96
66,88,14.21,34.1
88,66,14.21,34.1
66,90,54.35,130.46
90,66,54.35,130.46
66,91,52.78,126.68
91,66,52.78,126.68
66,93,34.55,82.91
93,66,34.55,82.91
66,94,26.26,63.03
94,66,26.26,63.03
66,95,13.92,33.42
95,66,13.92,33.42
66,97,44.45,106.7
97,66,44.45,106.7
66,98,32.83,78.79
98,66,32.83,78.79
66,99,61.98,148.76
99,66,61.98,148.76
66,100,18.33,44.0
100,66,18.33,44.0
66,102,43.27,103.85
102,66,43.27,103.85
66,103,43.59,104.61
103,66,43.59,104.61
66,105,11.65,27.95
105,66,11.65,27.95
66,106,48.16,115.59
106,66,48.16,115.59
66,107,23.46,56.3
107,66,23.46,56.3
66,108,12.84,30.83
108,66,12.84,30.83
66,109,10.88,26.11
109,66,10.88,26.11
66,110,46.6,111.84
110,66,46.6,111.84
66,111,19.35,46.44
111,66,19.35,46.44
66,112,16.28,39.06
112,66,16.28,39.06
66,113,50.23,120.56
113,66,50.23,120.56
66,114,21.89,52.53
114,66,21.89,52.53
66,115,29.9,71.77
115,66,29.9,71.77
66,118,15.15,36.37
118,66,15.15,36.37
66,119,18.14,43.54
119,66,18.14,43.54
66,121,39.31,94.35
121,66,39.31,94.35
66,122,3.46,8.31
122,66,3.46,8.31
66,123,59.83,143.6
123,66,59.83,143.6
66,124,57.19,137.26
124,66,57.19,137.26
66,125,13.99,33.59
125,66,13.99,33.59
66,126,62.98,151.17
126,66,62.98,151.17
66,127,33.28,79.87
127,66,33.28,79.87
66,128,56.91,136.6
128,66,56.91,136.6
66,129,36.15,86.76
129,66,36.15,86.76
66,132,41.72,100.14
132,66,41.72,100.14
66,133,26.69,64.05
133,66,26.69,64.05
66,134,44.16,105.98
134,66,44.16,105.98
66,135,48.15,115.56
135,66,48.15,115.56
66,136,38.36,92.07
136,66,38.36,92.07
66,137,59.23,142.16
137,66,59.23,142.16
66,138,20.95,50.28
138,66,20.95,50.28
66,139,54.97,131.93
139,66,54.97,131.93
66,140,16.21,38.91
140,66,16.21,38.91
66,141,50.27,120.65
141,66,50.27,120.65
66,142,60.09,144.21
142,66,60.09,144.21
66,143,38.76,93.03
143,66,38.76,93.03
66,144,35.71,85.69
144,66,35.71,85.69
66,146,19.49,46.77
146,66,19.49,46.77
66,147,25.01,60.04
147,66,25.01,60.04
66,148,26.58,63.79
148,66,26.58,63.79
66,149,62.1,149.04
149,66,62.1,149.04
66,150,60.08,144.18
150,66,60.08,144.18
67,68,23.88,57.32
68,67,23.88,57.32
67,69,23.31,55.94
69,67,23.31,55.94
67,70,29.06,69.73
70,67,29.06,69.73
67,73,31.95,76.69
73,67,31.95,76.69
67,74,21.33,51.18
74,67,21.33,51.18
67,75,28.77,69.05
75,67,28.77,69.05
67,76,59.93,143.84
76,67,59.93,143.84
67,77,26.45,63.47
77,67,26.45,63.47
67,78,43.97,105.53
78,67,43.97,105.53
67,79,30.75,73.79
79,67,30.75,73.79
67,80,16.46,39.51
80,67,16.46,39.51
67,81,41.38,99.32
81,67,41.38,99.32
67,82,22.46,53.91
82,67,22.46,53.91
67,83,62.96,151.1
83,67,62.96,151.1
67,84,21.52,51.64
84,67,21.52,51.64
67,85,11.51,27.62
85,67,11.51,27.62
67,86,55.63,133.5
86,67,55.63,133.5
67,87,56.7,136.09
87,67,56.7,136.09
67,88,54.01,129.62
88,67,54.01,129.62
67,90,62.94,151.05
90,67,62.94,151.05
67,91,35.17,84.42
91,67,35.17,84.42
67,93,27.09,65.03
93,67,27.09,65.03
67,94,63.89,153.33
94,67,63.89,153.33
67,95,51.94,124.64
95,67,51.94,124.64
67,97,6.57,15.77
97,67,6.57,15.77
67,98,60.55,145.32
98,67,60.55,145.32
67,99,68.0,163.2
99,67,68.0,163.2
67,100,33.87,81.29
100,67,33.87,81.29
67,102,33.96,81.5
102,67,33.96,81.5
67,103,27.66,66.38
103,67,27.66,66.38
67,105,29.18,70.04
105,67,29.18,70.04
67,106,8.84,21.22
106,67,8.84,21.22
67,107,62.28,149.47
107,67,62.28,149.47
67,108,46.62,111.89
108,67,46.62,111.89
67,109,49.84,119.61
109,67,49.84,119.61
67,110,34.37,82.48
110,67,34.37,82.48
67,111,59.15,141.96
111,67,59.15,141.96
67,112,51.47,123.52
112,67,51.47,123.52
67,113,36.05,86.51
113,67,36.05,86.51
67,114,61.7,148.09
114,67,61.7,148.09
67,115,22.76,54.62
115,67,22.76,54.62
67,118,36.6,87.84
118,67,36.6,87.84
67,119,50.6,121.43
119,67,50.6,121.43
67,121,58.61,140.67
121,67,58.61,140.67
67,122,36.49,87.58
122,67,36.49,87.58
67,123,24.11,57.87
123,67,24.11,57.87
67,124,60.11,144.26
124,67,60.11,144.26
67,125,40.27,96.65
125,67,40.27,96.65
67,126,68.69,164.85
126,67,68.69,164.85
67,127,28.13,67.51
127,67,28.13,67.51
67,128,21.8,52.31
128,67,21.8,52.31
67,129,27.25,65.39
129,67,27.25,65.39
67,132,17.63,42.31
132,67,17.63,42.31
67,133,45.05,108.12
133,67,45.05,108.12
67,134,31.02,74.44
134,67,31.02,74.44
67,135,16.82,40.37
135,67,16.82,40.37
67,136,11.57,27.77
136,67,11.57,27.77
67,137,65.61,157.47
137,67,65.61,157.47
67,138,60.54,145.29
138,67,60.54,145.29
67,139,15.56,37.36
139,67,15.56,37.36
67,140,24.34,58.42
140,67,24.34,58.42
67,141,34.17,82.01
141,67,34.17,82.01
67,142,63.97,153.53
142,67,63.97,153.53
67,143,38.64,92.74
143,67,38.64,92.74
67,144,26.68,64.04
144,67,26.68,64.04
67,146,58.71,140.91
146,67,58.71,140.91
67,147,64.87,155.7
147,67,64.87,155.7
67,148,56.83,136.4
148,67,56.83,136.4
67,149,28.8,69.12
149,67,28.8,69.12
67,150,33.18,79.63
150,67,33.18,79.63
68,69,6.67,16.01
69,68,6.67,16.01
68,70,5.72,13.73
70,68,5.72,13.73
68,73,11.69,28.05
73,68,11.69,28.05
68,74,16.2,38.89
74,68,16.2,38.89
68,75,12.3,29.52
75,68,12.3,29.52
68,76,68.34,164.01
76,68,68.34,164.01
68,77,21.46,51.49
77,68,21.46,51.49
68,78,62.95,151.08
78,68,62.95,151.08
68,79,10.47,25.12
79,68,10.47,25.12
68,80,20.31,48.74
80,68,20.31,48.74
68,81,61.75,148.21
81,68,61.75,148.21
68,82,26.45,63.48
82,68,26.45,63.48
68,83,75.01,180.03
83,68,75.01,180.03
68,84,43.43,104.23
84,68,43.43,104.23
68,85,32.83,78.78
85,68,32.83,78.78
68,86,62.57,150.18
86,68,62.57,150.18
68,87,56.77,136.26
87,68,56.77,136.26
68,88,42.11,101.07
88,68,42.11,101.07
68,90,72.99,175.18
90,68,72.99,175.18
68,91,54.86,131.66
91,68,54.86,131.66
68,93,6.19,14.85
93,68,6.19,14.85
68,94,55.35,132.84
94,68,55.35,132.84
68,95,43.07,103.38
95,68,43.07,103.38
68,97,24.14,57.93
97,68,24.14,57.93
68,98,59.72,143.33
98,68,59.72,143.33
68,99,79.6,191.04
99,68,79.6,191.04
68,100,35.57,85.38
100,68,35.57,85.38
68,102,17.2,41.28
102,68,17.2,41.28
68,103,14.48,34.76
103,68,14.48,34.76
68,105,18.31,43.94
105,68,18.31,43.94
68,106,32.16,77.19
106,68,32.16,77.19
68,107,52.18,125.24
107,68,52.18,125.24
68,108,30.02,72.06
108,68,30.02,72.06
68,109,35.42,85.0
109,68,35.42,85.0
68,110,18.31,43.93
110,68,18.31,43.93
68,111,46.92,112.62
111,68,46.92,112.62
68,112,34.58,82.99
112,68,34.58,82.99
68,113,21.7,52.07
113,68,21.7,52.07
68,114,47.74,114.57
114,68,47.74,114.57
68,115,34.27,82.24
115,68,34.27,82.24
68,118,16.83,40.38
118,68,16.83,40.38
68,119,31.73,76.14
119,68,31.73,76.14
68,121,62.67,150.41
121,68,62.67,150.41
68,122,26.95,64.69
122,68,26.95,64.69
68,123,47.97,115.14
123,68,47.97,115.14
68,124,72.76,174.61
124,68,72.76,174.61
68,125,37.8,90.72
125,68,37.8,90.72
68,126,80.47,193.13
126,68,80.47,193.13
68,127,5.98,14.36
127,68,5.98,14.36
68,128,45.68,109.62
128,68,45.68,109.62
68,129,41.5,99.6
129,68,41.5,99.6
68,132,37.71,90.51
132,68,37.71,90.51
68,133,48.15,115.57
133,68,48.15,115.57
68,134,48.23,115.76
134,68,48.23,115.76
68,135,22.06,52.95
135,68,22.06,52.95
68,136,14.64,35.14
136,68,14.64,35.14
68,137,76.91,184.59
137,68,76.91,184.59
68,138,45.84,110.02
138,68,45.84,110.02
68,139,38.18,91.64
139,68,38.18,91.64
68,140,15.7,37.69
140,68,15.7,37.69
68,141,53.13,127.51
141,68,53.13,127.51
68,142,76.38,183.32
142,68,76.38,183.32
68,143,50.61,121.47
143,68,50.61,121.47
68,144,40.85,98.04
144,68,40.85,98.04
68,146,43.45,104.27
146,68,43.45,104.27
68,147,51.88,124.51
147,68,51.88,124.51
68,148,54.15,129.96
148,68,54.15,129.96
68,149,52.64,126.33
149,68,52.64,126.33
68,150,55.93,134.22
150,68,55.93,134.22
69,70,7.57,18.18
70,69,7.57,18.18
69,73,18.06,43.35
73,69,18.06,43.35
69,74,21.61,51.87
74,69,21.61,51.87
69,75,6.41,15.39
75,69,6.41,15.39
69,76,73.33,176.0
76,69,73.33,176.0
69,77,27.35,65.64
77,69,27.35,65.64
69,78,65.23,156.56
78,69,65.23,156.56
69,79,8.01,19.23
79,69,8.01,19.23
69,80,15.26,36.63
80,69,15.26,36.63
69,81,63.49,152.38
81,69,63.49,152.38
69,82,31.14,74.73
82,69,31.14,74.73
69,83,79.33,190.4
83,69,79.33,190.4
69,84,44.29,106.3
84,69,44.29,106.3
69,85,33.71,80.91
85,69,33.71,80.91
69,86,67.77,162.65
86,69,67.77,162.65
69,87,62.87,150.89
87,69,62.87,150.89
69,88,48.77,117.05
88,69,48.77,117.05
69,90,77.72,186.52
90,69,77.72,186.52
69,91,56.8,136.32
91,69,56.8,136.32
69,93,4.22,10.13
93,69,4.22,10.13
69,94,62.01,148.82
94,69,62.01,148.82
69,95,49.71,119.32
95,69,49.71,119.32
69,97,21.74,52.17
97,69,21.74,52.17
69,98,65.93,158.24
98,69,65.93,158.24
69,99,84.05,201.72
99,69,84.05,201.72
69,100,41.1,98.65
100,69,41.1,98.65
69,102,11.6,27.84
102,69,11.6,27.84
69,103,8.07,19.36
103,69,8.07,19.36
69,105,24.78,59.46
105,69,24.78,59.46
69,106,30.6,73.45
106,69,30.6,73.45
69,107,58.85,141.25
107,69,58.85,141.25
69,108,36.39,87.34
108,69,36.39,87.34
69,109,42.0,100.8
109,69,42.0,100.8
69,110,12.42,29.8
110,69,12.42,29.8
69,111,53.56,128.55
111,69,53.56,128.55
69,112,40.84,98.02
112,69,40.84,98.02
69,113,15.81,37.94
113,69,15.81,37.94
69,114,54.28,130.28
114,69,54.28,130.28
69,115,37.9,90.97
115,69,37.9,90.97
69,118,23.07,55.37
118,69,23.07,55.37
69,119,37.73,90.54
119,69,37.73,90.54
69,121,68.32,163.96
121,69,68.32,163.96
69,122,33.52,80.44
122,69,33.52,80.44
69,123,46.72,112.13
123,69,46.72,112.13
69,124,76.92,184.61
124,69,76.92,184.61
69,125,43.93,105.44
125,69,43.93,105.44
69,126,84.89,203.74
126,69,84.89,203.74
69,127,5.71,13.71
127,69,5.71,13.71
69,128,44.71,107.3
128,69,44.71,107.3
69,129,44.78,107.48
129,69,44.78,107.48
69,132,39.2,94.09
132,69,39.2,94.09
69,133,53.76,129.02
133,69,53.76,129.02
69,134,50.89,122.14
134,69,50.89,122.14
69,135,16.97,40.74
135,69,16.97,40.74
69,136,12.18,29.24
136,69,12.18,29.24
69,137,81.41,195.39
137,69,81.41,195.39
69,138,52.34,125.61
138,69,52.34,125.61
69,139,35.91,86.19
139,69,35.91,86.19
69,140,21.72,52.13
140,69,21.72,52.13
69,141,55.31,132.75
141,69,55.31,132.75
69,142,80.64,193.52
142,69,80.64,193.52
69,143,54.65,131.17
143,69,54.65,131.17
69,144,44.14,105.92
144,69,44.14,105.92
69,146,49.9,119.76
146,69,49.9,119.76
69,147,58.47,140.32
147,69,58.47,140.32
69,148,60.49,145.18
148,69,60.49,145.18
69,149,51.85,124.45
149,69,51.85,124.45
69,150,56.38,135.32
150,69,56.38,135.32
70,73,12.44,29.86
73,70,12.44,29.86
70,74,21.24,50.98
74,70,21.24,50.98
70,75,10.14,24.34
75,70,10.14,24.34
70,76,73.27,175.85
76,70,73.27,175.85
70,77,25.93,62.23
77,70,25.93,62.23
70,78,68.66,164.8
78,70,68.66,164.8
70,79,5.81,13.94
79,70,5.81,13.94
70,80,22.83,54.8
80,70,22.83,54.8
70,81,67.47,161.92
81,70,67.47,161.92
70,82,31.74,76.17
82,70,31.74,76.17
70,83,80.29,192.7
83,70,80.29,192.7
70,84,49.04,117.69
84,70,49.04,117.69
70,85,38.42,92.2
85,70,38.42,92.2
70,86,67.38,161.72
86,70,67.38,161.72
70,87,60.63,145.53
87,70,60.63,145.53
70,88,43.61,104.67
88,70,43.61,104.67
70,90,78.08,187.39
90,70,78.08,187.39
70,91,60.58,145.38
91,70,60.58,145.38
70,93,3.79,9.09
93,70,3.79,9.09
70,94,57.4,137.76
94,70,57.4,137.76
70,95,45.39,108.93
95,70,45.39,108.93
70,97,28.54,68.51
97,70,28.54,68.51
70,98,63.37,152.08
98,70,63.37,152.08
70,99,84.81,203.55
99,70,84.81,203.55
70,100,40.23,96.56
100,70,40.23,96.56
70,102,12.74,30.57
102,70,12.74,30.57
70,103,12.95,31.08
103,70,12.95,31.08
70,105,21.85,52.45
105,70,21.85,52.45
70,106,37.02,88.86
106,70,37.02,88.86
70,107,53.89,129.35
107,70,53.89,129.35
70,108,30.17,72.41
108,70,30.17,72.41
70,109,36.37,87.3
109,70,36.37,87.3
70,110,15.47,37.13
110,70,15.47,37.13
70,111,48.16,115.6
111,70,48.16,115.6
70,112,34.36,82.47
112,70,34.36,82.47
70,113,19.08,45.79
113,70,19.08,45.79
70,114,48.4,116.15
114,70,48.4,116.15
70,115,39.85,95.65
115,70,39.85,95.65
70,118,16.89,40.53
118,70,16.89,40.53
70,119,30.91,74.19
119,70,30.91,74.19
70,121,67.08,161.0
121,70,67.08,161.0
70,122,29.95,71.87
122,70,29.95,71.87
70,123,53.01,127.23
123,70,53.01,127.23
70,124,78.1,187.44
124,70,78.1,187.44
70,125,41.72,100.12
125,70,41.72,100.12
70,126,85.7,205.69
126,70,85.7,205.69
70,127,2.21,5.3
127,70,2.21,5.3
70,128,50.82,121.96
128,70,50.82,121.96
70,129,47.13,113.12
129,70,47.13,113.12
70,132,43.4,104.15
132,70,43.4,104.15
70,133,52.66,126.39
133,70,52.66,126.39
70,134,53.94,129.45
134,70,53.94,129.45
70,135,24.54,58.91
135,70,24.54,58.91
70,136,18.86,45.28
136,70,18.86,45.28
70,137,82.11,197.06
137,70,82.11,197.06
70,138,46.3,111.13
138,70,46.3,111.13
70,139,42.74,102.57
139,70,42.74,102.57
70,140,20.18,48.44
140,70,20.18,48.44
70,141,58.85,141.24
141,70,58.85,141.24
70,142,81.69,196.06
142,70,81.69,196.06
70,143,56.04,134.5
143,70,56.04,134.5
70,144,46.49,111.57
144,70,46.49,111.57
70,146,43.78,105.06
146,70,43.78,105.06
70,147,52.74,126.58
147,70,52.74,126.58
70,148,57.55,138.12
148,70,57.55,138.12
70,149,57.86,138.85
149,70,57.86,138.85
70,150,61.48,147.55
150,70,61.48,147.55
73,74,15.17,36.4
74,73,15.17,36.4
73,75,22.55,54.13
75,73,22.55,54.13
73,76,64.19,154.07
76,73,64.19,154.07
73,77,17.2,41.28
77,73,17.2,41.28
73,78,64.84,155.61
78,73,64.84,155.61
73,79,18.03,43.26
79,73,18.03,43.26
73,80,31.81,76.33
80,73,31.81,76.33
73,81,64.65,155.17
81,73,64.65,155.17
73,82,25.3,60.73
82,73,25.3,60.73
73,83,72.42,173.82
83,73,72.42,173.82
73,84,48.37,116.08
84,73,48.37,116.08
73,85,38.33,91.99
85,73,38.33,91.99
73,86,58.01,139.23
86,73,58.01,139.23
73,87,49.47,118.74
87,73,49.47,118.74
73,88,31.18,74.84
88,73,31.18,74.84
73,90,69.47,166.72
90,73,69.47,166.72
73,91,57.59,138.2
91,73,57.59,138.2
73,93,15.77,37.84
93,73,15.77,37.84
73,94,44.98,107.94
94,73,44.98,107.94
73,95,33.05,79.31
95,73,33.05,79.31
73,97,33.93,81.43
97,73,33.93,81.43
73,98,51.91,124.58
98,73,51.91,124.58
73,99,76.62,183.9
99,73,76.62,183.9
73,100,31.04,74.49
100,73,31.04,74.49
73,102,24.68,59.24
102,73,24.68,59.24
73,103,25.1,60.25
103,73,25.1,60.25
73,105,11.56,27.74
105,73,11.56,27.74
73,106,40.75,97.81
106,73,40.75,97.81
73,107,41.45,99.49
107,73,41.45,99.49
73,108,18.35,44.04
108,73,18.35,44.04
73,109,24.07,57.76
109,73,24.07,57.76
73,110,27.85,66.83
110,73,27.85,66.83
73,111,35.79,85.89
111,73,35.79,85.89
73,112,22.9,54.95
112,73,22.9,54.95
73,113,31.47,75.54
113,73,31.47,75.54
73,114,36.26,87.02
114,73,36.26,87.02
73,115,34.79,83.5
115,73,34.79,83.5
73,118,5.19,12.46
118,73,5.19,12.46
73,119,20.18,48.43
119,73,20.18,48.43
73,121,56.79,136.3
121,73,56.79,136.3
73,122,18.25,43.79
122,73,18.25,43.79
73,123,55.66,133.58
123,73,55.66,133.58
73,124,70.56,169.34
124,73,70.56,169.34
73,125,30.91,74.18
125,73,30.91,74.18
73,126,77.57,186.16
126,73,77.57,186.16
73,127,14.47,34.74
127,73,14.47,34.74
73,128,53.07,127.36
128,73,53.07,127.36
73,129,42.26,101.43
129,73,42.26,101.43
73,132,41.96,100.71
132,73,41.96,100.71
73,133,42.77,102.65
133,73,42.77,102.65
73,134,49.9,119.76
134,73,49.9,119.76
73,135,33.55,80.52
135,73,33.55,80.52
73,136,25.18,60.42
136,73,25.18,60.42
73,137,73.87,177.29
137,73,73.87,177.29
73,138,34.28,82.27
138,73,34.28,82.27
73,139,47.28,113.48
139,73,47.28,113.48
73,140,12.47,29.93
140,73,12.47,29.93
73,141,55.48,133.17
141,73,55.48,133.17
73,142,73.94,177.45
142,73,73.94,177.45
73,143,49.3,118.32
143,73,49.3,118.32
73,144,41.65,99.96
144,73,41.65,99.96
73,146,31.84,76.41
146,73,31.84,76.41
73,147,40.51,97.22
147,73,40.51,97.22
73,148,45.86,110.07
148,73,45.86,110.07
73,149,59.6,143.05
149,73,59.6,143.05
73,150,61.05,146.52
150,73,61.05,146.52
74,75,27.91,66.99
75,74,27.91,66.99
74,76,52.14,125.13
76,74,52.14,125.13
74,77,6.24,14.98
77,74,6.24,14.98
74,78,49.69,119.25
78,74,49.69,119.25
74,79,26.61,63.87
79,74,26.61,63.87
74,80,28.8,69.11
80,74,28.8,69.11
74,81,49.5,118.81
81,74,49.5,118.81
74,82,10.65,25.56
82,74,10.65,25.56
74,83,59.08,141.8
83,74,59.08,141.8
74,84,33.88,81.32
84,74,33.88,81.32
74,85,24.49,58.79
85,74,24.49,58.79
74,86,46.38,111.31
86,74,46.38,111.31
74,87,41.54,99.7
87,74,41.54,99.7
74,88,32.93,79.04
88,74,32.93,79.04
74,90,56.86,136.45
90,74,56.86,136.45
74,91,42.43,101.84
91,74,42.43,101.84
74,93,22.38,53.71
93,74,22.38,53.71
74,94,43.95,105.49
94,74,43.95,105.49
74,95,31.63,75.92
95,74,31.63,75.92
74,97,25.73,61.76
97,74,25.73,61.76
74,98,44.8,107.53
98,74,44.8,107.53
74,99,63.58,152.58
99,74,63.58,152.58
74,100,19.5,46.8
100,74,19.5,46.8
74,102,33.1,79.44
102,74,33.1,79.44
74,103,29.61,71.06
103,74,29.61,71.06
74,105,7.95,19.08
105,74,7.95,19.08
74,106,29.87,71.69
106,74,29.87,71.69
74,107,41.78,100.27
107,74,41.78,100.27
74,108,25.58,61.39
108,74,25.58,61.39
74,109,28.51,68.43
109,74,28.51,68.43
74,110,33.92,81.4
110,74,33.92,81.4
74,111,38.08,91.38
111,74,38.08,91.38
74,112,30.43,73.02
112,74,30.43,73.02
74,113,37.31,89.54
113,74,37.31,89.54
74,114,40.42,97.02
114,74,40.42,97.02
74,115,19.72,47.32
115,74,19.72,47.32
74,118,18.11,43.45
118,74,18.11,43.45
74,119,29.56,70.93
119,74,29.56,70.93
74,121,46.71,112.09
121,74,46.71,112.09
74,122,15.45,37.08
122,74,15.45,37.08
74,123,42.98,103.16
123,74,42.98,103.16
74,124,56.94,136.66
124,74,56.94,136.66
74,125,22.83,54.79
125,74,22.83,54.79
74,126,64.47,154.73
126,74,64.47,154.73
74,127,22.1,53.05
127,74,22.1,53.05
74,128,40.19,96.45
128,74,40.19,96.45
74,129,27.2,65.27
129,74,27.2,65.27
74,132,27.3,65.53
132,74,27.3,65.53
74,133,32.15,77.16
133,74,32.15,77.16
74,134,34.75,83.4
134,74,34.75,83.4
74,135,30.26,72.64
135,74,30.26,72.64
74,136,20.31,48.76
136,74,20.31,48.76
74,137,60.87,146.09
137,74,60.87,146.09
74,138,39.21,94.11
138,74,39.21,94.11
74,139,36.7,88.09
139,74,36.7,88.09
74,140,3.32,7.98
140,74,3.32,7.98
74,141,40.32,96.77
141,74,40.32,96.77
74,142,60.5,145.2
142,74,60.5,145.2
74,143,35.06,84.14
143,74,35.06,84.14
74,144,26.57,63.78
144,74,26.57,63.78
74,146,37.39,89.74
146,74,37.39,89.74
74,147,43.73,104.95
147,74,43.73,104.95
74,148,39.77,95.45
148,74,39.77,95.45
74,149,46.18,110.84
149,74,46.18,110.84
74,150,46.48,111.55
150,74,46.48,111.55
75,76,80.67,193.6
76,75,80.67,193.6
75,77,34.26,82.23
77,75,34.26,82.23
75,78,72.26,173.43
78,75,72.26,173.43
75,79,5.5,13.2
79,75,5.5,13.2
75,80,17.69,42.45
80,75,17.69,42.45
75,81,70.31,168.76
81,75,70.31,168.76
75,82,38.49,92.39
82,75,38.49,92.39
75,83,86.73,208.16
83,75,86.73,208.16
75,84,50.82,121.97
84,75,50.82,121.97
75,85,40.36,96.86
85,75,40.36,96.86
75,86,75.05,180.12
86,75,75.05,180.12
75,87,69.63,167.13
87,75,69.63,167.13
75,88,53.73,128.96
88,75,53.73,128.96
75,90,85.1,204.23
90,75,85.1,204.23
75,91,63.73,152.96
91,75,63.73,152.96
75,93,6.96,16.71
93,75,6.96,16.71
75,94,67.44,161.86
94,75,67.44,161.86
75,95,55.34,132.81
95,75,55.34,132.81
75,97,26.67,64.01
97,75,26.67,64.01
75,98,72.57,174.17
98,75,72.57,174.17
75,99,91.45,219.49
99,75,91.45,219.49
75,100,48.24,115.78
100,75,48.24,115.78
75,102,6.23,14.96
102,75,6.23,14.96
75,103,3.61,8.66
103,75,3.61,8.66
75,105,31.08,74.6
105,75,31.08,74.6
75,106,35.85,86.05
106,75,35.85,86.05
75,107,64.0,153.6
107,75,64.0,153.6
75,108,40.24,96.57
108,75,40.24,96.57
75,109,46.51,111.63
109,75,46.51,111.63
75,110,6.15,14.75
110,75,6.15,14.75
75,111,58.3,139.93
111,75,58.3,139.93
75,112,44.32,106.37
112,75,44.32,106.37
75,113,9.44,22.66
113,75,9.44,22.66
75,114,58.51,140.42
114,75,58.51,140.42
75,115,45.29,108.69
115,75,45.29,108.69
75,118,27.01,64.82
118,75,27.01,64.82
75,119,40.68,97.64
119,75,40.68,97.64
75,121,75.42,181.0
121,75,75.42,181.0
75,122,39.56,94.95
122,75,39.56,94.95
75,123,51.89,124.53
123,75,51.89,124.53
75,124,84.32,202.38
124,75,84.32,202.38
75,125,50.66,121.59
125,75,50.66,121.59
75,126,92.29,221.5
126,75,92.29,221.5
75,127,8.08,19.4
127,75,8.08,19.4
75,128,50.12,120.29
128,75,50.12,120.29
75,129,52.11,125.07
129,75,52.11,125.07
75,132,46.05,110.52
132,75,46.05,110.52
75,133,60.87,146.1
133,75,60.87,146.1
75,134,58.07,139.37
134,75,58.07,139.37
75,135,19.1,45.85
135,75,19.1,45.85
75,136,17.89,42.93
136,75,17.89,42.93
75,137,88.81,213.14
137,75,88.81,213.14
75,138,56.39,135.33
138,75,56.39,135.33
75,139,40.43,97.02
139,75,40.43,97.02
75,140,28.54,68.49
140,75,28.54,68.49
75,141,62.34,149.61
141,75,62.34,149.61
75,142,88.04,211.29
142,75,88.04,211.29
75,143,62.05,148.93
143,75,62.05,148.93
75,144,51.47,123.52
144,75,51.47,123.52
75,146,53.84,129.22
146,75,53.84,129.22
75,147,62.87,150.89
147,75,62.87,150.89
75,148,66.95,160.67
148,75,66.95,160.67
75,149,57.32,137.56
149,75,57.32,137.56
75,150,62.61,150.27
150,75,62.61,150.27
76,77,47.5,114.01
77,76,47.5,114.01
76,78,33.83,81.18
78,76,33.83,81.18
76,79,78.41,188.18
79,76,78.41,188.18
76,80,74.61,179.06
80,76,74.61,179.06
76,81,39.17,94.01
81,76,39.17,94.01
76,82,42.2,101.29
82,76,42.2,101.29
76,83,12.25,29.41
83,76,12.25,29.41
76,84,47.52,114.04
84,76,47.52,114.04
76,85,50.64,121.55
85,76,50.64,121.55
76,86,6.47,15.53
86,76,6.47,15.53
76,87,21.9,52.56
87,76,21.9,52.56
76,88,50.09,120.23
88,76,50.09,120.23
76,90,6.28,15.07
90,76,6.28,15.07
76,91,37.35,89.63
91,76,37.35,89.63
76,93,73.94,177.45
93,76,73.94,177.45
76,94,42.31,101.54
94,76,42.31,101.54
76,95,43.37,104.1
95,76,43.37,104.1
76,97,66.49,159.57
97,76,66.49,159.57
76,98,22.65,54.36
98,76,22.65,54.36
76,99,14.07,33.77
99,76,14.07,33.77
76,100,33.23,79.74
100,76,33.23,79.74
76,102,83.84,201.21
102,76,83.84,201.21
76,103,79.73,191.36
103,76,79.73,191.36
76,105,52.65,126.35
105,76,52.65,126.35
76,106,62.61,150.27
106,76,62.61,150.27
76,107,46.03,110.46
107,76,46.03,110.46
76,108,60.56,145.35
108,76,60.56,145.35
76,109,55.04,132.09
109,76,55.04,132.09
76,110,84.66,203.17
110,76,84.66,203.17
76,111,50.57,121.34
111,76,50.57,121.34
76,112,62.39,149.72
112,76,62.39,149.72
76,113,88.05,211.31
113,76,88.05,211.31
76,114,55.32,132.76
114,76,55.32,132.76
76,115,37.35,89.65
115,76,37.35,89.65
76,118,62.85,150.85
118,76,62.85,150.85
76,119,65.69,157.65
119,76,65.69,157.65
76,121,12.27,29.44
121,76,12.27,29.44
76,122,47.63,114.3
122,76,47.63,114.3
76,123,61.96,148.71
123,76,61.96,148.71
76,124,13.1,31.43
124,76,13.1,31.43
76,125,34.54,82.89
125,76,34.54,82.89
76,126,15.1,36.24
126,76,15.1,36.24
76,127,73.95,177.5
127,76,73.95,177.5
76,128,59.65,143.16
128,76,59.65,143.16
76,129,33.19,79.65
129,76,33.19,79.65
76,132,45.48,109.15
132,76,45.48,109.15
76,133,21.86,52.46
133,76,21.86,52.46
76,134,33.34,80.03
134,76,33.34,80.03
76,135,75.64,181.53
135,76,75.64,181.53
76,136,66.49,159.58
136,76,66.49,159.58
76,137,11.52,27.65
137,76,11.52,27.65
76,138,57.18,137.21
138,76,57.18,137.21
76,139,66.78,160.26
139,76,66.78,160.26
76,140,53.15,127.55
140,76,53.15,127.55
76,141,35.56,85.35
141,76,35.56,85.35
76,142,13.91,33.38
142,76,13.91,33.38
76,143,21.77,52.26
143,76,21.77,52.26
76,144,33.65,80.76
144,76,33.65,80.76
76,146,58.74,140.96
146,76,58.74,140.96
76,147,53.96,129.49
147,76,53.96,129.49
76,148,28.14,67.53
148,76,28.14,67.53
76,149,59.4,142.55
149,76,59.4,142.55
76,150,50.03,120.08
150,76,50.03,120.08
77,78,48.82,117.17
78,77,48.82,117.17
77,79,31.57,75.77
79,77,31.57,75.77
77,80,35.02,84.05
80,77,35.02,84.05
77,81,49.35,118.43
81,77,49.35,118.43
77,82,9.12,21.88
82,77,9.12,21.88
77,83,55.28,132.69
83,77,55.28,132.69
77,84,35.77,85.85
84,77,35.77,85.85
77,85,27.5,66.0
85,77,27.5,66.0
77,86,41.51,99.63
86,77,41.51,99.63
77,87,35.54,85.3
87,77,35.54,85.3
77,88,27.59,66.21
88,77,27.59,66.21
77,90,52.55,126.12
90,77,52.55,126.12
77,91,42.32,101.58
91,77,42.32,101.58
77,93,27.61,66.28
93,77,27.61,66.28
77,94,37.93,91.03
94,77,37.93,91.03
77,95,25.71,61.69
95,77,25.71,61.69
77,97,31.41,75.37
97,77,31.41,75.37
77,98,38.71,92.9
98,77,38.71,92.9
77,99,59.57,142.97
99,77,59.57,142.97
77,100,14.33,34.38
100,77,14.33,34.38
77,102,38.48,92.37
102,77,38.48,92.37
77,103,35.41,84.98
103,77,35.41,84.98
77,105,6.15,14.77
105,77,6.15,14.77
77,106,34.6,83.03
106,77,34.6,83.03
77,107,35.97,86.32
107,77,35.97,86.32
77,108,22.83,54.79
108,77,22.83,54.79
77,109,24.11,57.87
109,77,24.11,57.87
77,110,39.54,94.89
110,77,39.54,94.89
77,111,32.72,78.52
111,77,32.72,78.52
77,112,27.68,66.42
112,77,27.68,66.42
77,113,42.93,103.03
113,77,42.93,103.03
77,114,35.47,85.13
114,77,35.47,85.13
77,115,18.9,45.36
115,77,18.9,45.36
77,118,18.45,44.28
118,77,18.45,44.28
77,119,26.81,64.33
119,77,26.81,64.33
77,121,41.24,98.96
121,77,41.24,98.96
77,122,10.14,24.33
122,77,10.14,24.33
77,123,46.45,111.48
123,77,46.45,111.48
77,124,53.38,128.1
124,77,53.38,128.1
77,125,16.69,40.06
125,77,16.69,40.06
77,126,60.5,145.2
126,77,60.5,145.2
77,127,27.11,65.07
127,77,27.11,65.07
77,128,43.56,104.54
128,77,43.56,104.54
77,129,26.12,62.69
129,77,26.12,62.69
77,132,29.08,69.79
132,77,29.08,69.79
77,133,26.76,64.21
133,77,26.76,64.21
77,134,34.09,81.81
134,77,34.09,81.81
77,135,36.47,87.53
135,77,36.47,87.53
77,136,26.52,63.65
136,77,26.52,63.65
77,137,56.83,136.39
137,77,56.83,136.39
77,138,34.51,82.83
138,77,34.51,82.83
77,139,41.4,99.35
139,77,41.4,99.35
77,140,5.77,13.85
140,77,5.77,13.85
77,141,40.0,96.0
141,77,40.0,96.0
77,142,56.78,136.28
142,77,56.78,136.28
77,143,32.17,77.22
143,77,32.17,77.22
77,144,25.56,61.33
144,77,25.56,61.33
77,146,32.93,79.03
146,77,32.93,79.03
77,147,38.47,92.33
147,77,38.47,92.33
77,148,33.57,80.56
148,77,33.57,80.56
77,149,49.03,117.68
149,77,49.03,117.68
77,150,47.99,115.19
150,77,47.99,115.19
78,79,72.71,174.5
79,78,72.71,174.5
78,80,59.05,141.72
80,78,59.05,141.72
78,81,5.66,13.58
81,78,5.66,13.58
78,82,38.18,91.63
82,78,38.18,91.63
78,83,28.08,67.4
83,78,28.08,67.4
78,84,23.36,56.07
84,78,23.36,56.07
78,85,32.47,77.92
85,78,32.47,77.92
78,86,33.87,81.28
86,78,33.87,81.28
78,87,48.56,116.54
87,78,48.56,116.54
78,88,66.99,160.78
88,78,66.99,160.78
78,90,32.19,77.26
90,78,32.19,77.26
78,91,8.87,21.3
91,78,8.87,21.3
78,93,68.13,163.5
93,78,68.13,163.5
78,94,67.78,162.68
94,78,67.78,162.68
78,95,61.12,146.69
95,78,61.12,146.69
78,97,48.05,115.32
97,78,48.05,115.32
78,98,52.0,124.8
98,78,52.0,124.8
78,99,32.71,78.49
99,78,32.71,78.49
78,100,40.01,96.03
100,78,40.01,96.03
78,102,76.52,183.66
102,78,76.52,183.66
78,103,71.09,170.62
103,78,71.09,170.62
78,105,53.31,127.93
105,78,53.31,127.93
78,106,41.76,100.24
106,78,41.76,100.24
78,107,69.36,166.46
107,78,69.36,166.46
78,108,70.03,168.08
108,78,70.03,168.08
78,109,68.23,163.75
109,78,68.23,163.75
78,110,77.34,185.62
110,78,77.34,185.62
78,111,70.79,169.88
111,78,70.79,169.88
78,112,74.32,178.37
112,78,74.32,178.37
78,113,79.72,191.32
113,78,79.72,191.32
78,114,75.39,180.93
114,78,75.39,180.93
78,115,30.1,72.24
115,78,30.1,72.24
78,118,65.39,156.93
118,78,65.39,156.93
78,119,74.01,177.62
119,78,74.01,177.62
78,121,41.47,99.51
121,78,41.47,99.51
78,122,55.35,132.83
122,78,55.35,132.83
78,123,33.76,81.04
123,78,33.76,81.04
78,124,24.9,59.75
124,78,24.9,59.75
78,125,46.83,112.38
125,78,46.83,112.38
78,126,32.89,78.93
126,78,32.89,78.93
78,127,68.62,164.68
127,78,68.62,164.68
78,128,32.45,77.88
128,78,32.45,77.88
78,129,22.71,54.51
129,78,22.71,54.51
78,132,26.41,63.39
132,78,26.41,63.39
78,133,38.68,92.84
133,78,38.68,92.84
78,134,14.94,35.86
134,78,14.94,35.86
78,135,59.02,141.66
135,78,59.02,141.66
78,136,55.07,132.17
136,78,55.07,132.17
78,137,31.5,75.61
137,78,31.5,75.61
78,138,75.77,181.86
138,78,75.77,181.86
78,139,42.89,102.94
139,78,42.89,102.94
78,140,50.77,121.85
140,78,50.77,121.85
78,141,9.93,23.82
141,78,9.93,23.82
78,142,28.09,67.42
142,78,28.09,67.42
78,143,20.87,50.09
143,78,20.87,50.09
78,144,23.29,55.9
144,78,23.29,55.9
78,146,75.42,181.01
146,78,75.42,181.01
78,147,76.02,182.44
147,78,76.02,182.44
78,148,53.54,128.5
148,78,53.54,128.5
78,149,29.29,70.3
149,78,29.29,70.3
78,150,18.57,44.58
150,78,18.57,44.58
79,80,21.88,52.52
80,79,21.88,52.52
79,81,71.17,170.81
81,79,71.17,170.81
79,82,36.92,88.6
82,79,36.92,88.6
79,83,85.48,205.14
83,79,85.48,205.14
79,84,52.17,125.21
84,79,52.17,125.21
79,85,41.56,99.75
85,79,41.56,99.75
79,86,72.93,175.02
86,79,72.93,175.02
79,87,66.43,159.44
87,79,66.43,159.44
79,88,49.06,117.75
88,79,49.06,117.75
79,90,83.44,200.27
90,79,83.44,200.27
79,91,64.4,154.56
91,79,64.4,154.56
79,93,4.59,11.02
93,79,4.59,11.02
79,94,62.98,151.16
94,79,62.98,151.16
79,95,51.06,122.55
95,79,51.06,122.55
79,97,29.59,71.01
97,79,29.59,71.01
79,98,69.18,166.02
98,79,69.18,166.02
79,99,90.07,216.16
99,79,90.07,216.16
79,100,45.83,109.99
100,79,45.83,109.99
79,102,6.95,16.67
102,79,6.95,16.67
79,103,9.0,21.61
103,79,9.0,21.61
79,105,27.65,66.36
105,79,27.65,66.36
79,106,38.56,92.54
106,79,38.56,92.54
79,107,59.39,142.53
107,79,59.39,142.53
79,108,35.16,84.38
108,79,35.16,84.38
79,109,41.66,99.98
109,79,41.66,99.98
79,110,9.84,23.63
110,79,9.84,23.63
79,111,53.5,128.41
111,79,53.5,128.41
79,112,39.11,93.87
112,79,39.11,93.87
79,113,13.48,32.36
113,79,13.48,32.36
79,114,53.49,128.36
114,79,53.49,128.36
79,115,44.57,106.97
115,79,44.57,106.97
79,118,22.11,53.06
118,79,22.11,53.06
79,119,35.36,84.86
119,79,35.36,84.86
79,121,72.78,174.68
121,79,72.78,174.68
79,122,35.74,85.79
122,79,35.74,85.79
79,123,54.68,131.23
123,79,54.68,131.23
79,124,83.2,199.69
124,79,83.2,199.69
79,125,47.5,114.0
125,79,47.5,114.0
79,126,90.94,218.25
126,79,90.94,218.25
79,127,4.51,10.82
127,79,4.51,10.82
79,128,52.7,126.48
128,79,52.7,126.48
79,129,51.7,124.08
129,79,51.7,124.08
79,132,46.92,112.6
132,79,46.92,112.6
79,133,58.33,139.98
133,79,58.33,139.98
79,134,58.17,139.62
134,79,58.17,139.62
79,135,23.45,56.29
135,79,23.45,56.29
79,136,20.15,48.35
136,79,20.15,48.35
79,137,87.38,209.71
137,79,87.38,209.71
79,138,51.31,123.14
138,79,51.31,123.14
79,139,43.69,104.86
139,79,43.69,104.86
79,140,25.81,61.93
140,79,25.81,61.93
79,141,62.82,150.76
141,79,62.82,150.76
79,142,86.84,208.43
142,79,86.84,208.43
79,143,61.04,146.49
143,79,61.04,146.49
79,144,51.05,122.52
144,79,51.05,122.52
79,146,48.73,116.96
146,79,48.73,116.96
79,147,57.91,138.97
147,79,57.91,138.97
79,148,63.36,152.06
148,79,63.36,152.06
79,149,59.85,143.65
149,79,59.85,143.65
79,150,64.35,154.43
150,79,64.35,154.43
80,81,57.29,137.49
81,80,57.29,137.49
80,82,34.86,83.67
82,80,34.86,83.67
80,83,79.15,189.95
83,80,79.15,189.95
80,84,37.23,89.36
84,80,37.23,89.36
80,85,27.87,66.88
85,80,27.87,66.88
80,86,70.63,169.5
86,80,70.63,169.5
80,87,69.32,166.37
87,80,69.32,166.37
80,88,60.48,145.14
88,80,60.48,145.14
80,90,78.78,189.08
90,80,78.78,189.08
80,91,51.37,123.28
91,80,51.37,123.28
80,93,19.35,46.43
93,80,19.35,46.43
80,94,72.53,174.07
94,80,72.53,174.07
80,95,60.13,144.31
95,80,60.13,144.31
80,97,11.05,26.53
97,80,11.05,26.53
80,98,72.87,174.9
98,80,72.87,174.9
80,99,84.15,201.96
99,80,84.15,201.96
80,100,46.32,111.17
100,80,46.32,111.17
80,102,23.39,56.14
102,80,23.39,56.14
80,103,14.6,35.04
103,80,14.6,35.04
80,105,34.9,83.77
105,80,34.9,83.77
80,106,19.89,47.74
106,80,19.89,47.74
80,107,70.0,168.01
107,80,70.0,168.01
80,108,49.91,119.78
108,80,49.91,119.78
80,109,54.57,130.97
109,80,54.57,130.97
80,110,20.66,49.59
110,80,20.66,49.59
80,111,65.52,157.24
111,80,65.52,157.24
80,112,54.6,131.04
112,80,54.6,131.04
80,113,21.3,51.11
113,80,21.3,51.11
80,114,66.97,160.72
114,80,66.97,160.72
80,115,38.05,91.31
115,80,38.05,91.31
80,118,36.99,88.79
118,80,36.99,88.79
80,119,51.96,124.72
119,80,51.96,124.72
80,121,72.76,174.62
121,80,72.76,174.62
80,122,43.64,104.73
122,80,43.64,104.73
80,123,35.26,84.63
123,80,35.26,84.63
80,124,76.36,183.27
124,80,76.36,183.27
80,125,51.24,122.99
125,80,51.24,122.99
80,126,84.87,203.68
126,80,84.87,203.68
80,127,20.92,50.22
127,80,20.92,50.22
80,128,33.89,81.33
128,80,33.89,81.33
80,129,43.37,104.09
129,80,43.37,104.09
80,132,34.03,81.68
132,80,34.03,81.68
80,133,58.55,140.51
133,80,58.55,140.51
80,134,47.48,113.95
134,80,47.48,113.95
80,135,1.75,4.21
135,80,1.75,4.21
80,136,8.53,20.48
136,80,8.53,20.48
80,137,81.7,196.09
137,80,81.7,196.09
80,138,65.27,156.66
138,80,65.27,156.66
80,139,23.29,55.91
139,80,23.29,55.91
80,140,30.54,73.29
140,80,30.54,73.29
80,141,50.51,121.23
141,80,50.51,121.23
80,142,80.22,192.52
142,80,80.22,192.52
80,143,54.58,130.98
143,80,54.58,130.98
80,144,42.78,102.67
144,80,42.78,102.67
80,146,63.02,151.24
146,80,63.02,151.24
80,147,70.83,170.0
147,80,70.83,170.0
80,148,68.26,163.84
148,80,68.26,163.84
80,149,41.02,98.44
149,80,41.02,98.44
80,150,47.75,114.6
150,80,47.75,114.6
81,82,38.6,92.63
82,81,38.6,92.63
81,83,33.74,80.97
83,81,33.74,80.97
81,84,20.06,48.13
84,81,20.06,48.13
81,85,30.02,72.05
85,81,30.02,72.05
81,86,39.14,93.94
86,81,39.14,93.94
81,87,52.7,126.48
87,81,52.7,126.48
81,88,69.39,166.54
88,81,69.39,166.54
81,90,37.78,90.66
90,81,37.78,90.66
81,91,7.07,16.97
91,81,7.07,16.97
81,93,66.63,159.91
93,81,66.63,159.91
81,94,71.2,170.88
94,81,71.2,170.88
81,95,63.79,153.1
95,81,63.79,153.1
81,97,44.92,107.81
97,81,44.92,107.81
81,98,56.51,135.64
98,81,56.51,135.64
81,99,38.35,92.04
99,81,38.35,92.04
81,100,41.99,100.78
100,81,41.99,100.78
81,102,74.64,179.14
102,81,74.64,179.14
81,103,68.66,164.78
103,81,68.66,164.78
81,105,53.73,128.93
105,81,53.73,128.93
81,106,38.21,91.71
106,81,38.21,91.71
81,107,72.47,173.92
107,81,72.47,173.92
81,108,70.45,169.08
108,81,70.45,169.08
81,109,70.02,168.06
109,81,70.02,168.06
81,110,75.29,180.69
110,81,75.29,180.69
81,111,73.43,176.23
111,81,73.43,176.23
81,112,75.09,180.21
112,81,75.09,180.21
81,113,76.59,183.81
113,81,76.59,183.81
81,114,77.89,186.94
114,81,77.89,186.94
81,115,30.45,73.08
115,81,30.45,73.08
81,118,65.81,157.93
118,81,65.81,157.93
81,119,74.43,178.62
119,81,74.43,178.62
81,121,46.74,112.17
121,81,46.74,112.17
81,122,56.16,134.76
122,81,56.16,134.76
81,123,28.81,69.15
123,81,28.81,69.15
81,124,30.55,73.32
124,81,30.55,73.32
81,125,49.23,118.14
125,81,49.23,118.14
81,126,38.52,92.45
126,81,38.52,92.45
81,127,67.24,161.39
127,81,67.24,161.39
81,128,27.76,66.63
128,81,27.76,66.63
81,129,23.48,56.34
129,81,23.48,56.34
81,132,24.29,58.29
132,81,24.29,58.29
81,133,42.19,101.27
133,81,42.19,101.27
81,134,15.42,37.01
134,81,15.42,37.01
81,135,55.89,134.15
135,81,55.89,134.15
81,136,52.76,126.65
136,81,52.76,126.65
81,137,37.16,89.18
137,81,37.16,89.18
81,138,78.11,187.46
138,81,78.11,187.46
81,139,38.65,92.76
139,81,38.65,92.76
81,140,51.19,122.85
140,81,51.19,122.85
81,141,9.36,22.46
141,81,9.36,22.46
81,142,33.74,80.98
142,81,33.74,80.98
81,143,24.27,58.25
143,81,24.27,58.25
81,144,23.97,57.53
144,81,23.97,57.53
81,146,77.58,186.19
146,81,77.58,186.19
81,147,78.82,189.17
147,81,78.82,189.17
81,148,57.34,137.62
148,81,57.34,137.62
81,149,24.02,57.64
149,81,24.02,57.64
81,150,13.21,31.71
150,81,13.21,31.71
82,83,48.57,116.57
83,82,48.57,116.57
82,84,27.25,65.4
84,82,27.25,65.4
82,85,20.16,48.37
85,82,20.16,48.37
82,86,36.75,88.21
86,82,36.75,88.21
82,87,34.64,83.15
87,82,34.64,83.15
82,88,34.04,81.69
88,82,34.04,81.69
82,90,46.62,111.89
90,82,46.62,111.89
82,91,33.21,79.7
91,82,33.21,79.7
82,93,32.52,78.06
93,82,32.52,78.06
82,94,42.04,100.9
94,82,42.04,100.9
82,95,30.66,73.59
95,82,30.66,73.59
82,97,28.51,68.43
97,82,28.51,68.43
82,98,38.36,92.06
98,82,38.36,92.06
82,99,53.15,127.56
99,82,53.15,127.56
82,100,11.59,27.81
100,82,11.59,27.81
82,102,42.73,102.55
102,82,42.73,102.55
82,103,38.84,93.21
103,82,38.84,93.21
82,105,15.15,36.36
105,82,15.15,36.36
82,106,29.33,70.4
106,82,29.33,70.4
82,107,41.0,98.39
107,82,41.0,98.39
82,108,31.85,76.45
108,82,31.85,76.45
82,109,31.99,76.77
109,82,31.99,76.77
82,110,43.55,104.51
110,82,43.55,104.51
82,111,38.99,93.58
111,82,38.99,93.58
82,112,36.58,87.8
112,82,36.58,87.8
82,113,46.94,112.65
113,82,46.94,112.65
82,114,42.4,101.76
114,82,42.4,101.76
82,115,9.8,23.52
115,82,9.8,23.52
82,118,27.29,65.5
118,82,27.29,65.5
82,119,35.83,85.99
119,82,35.83,85.99
82,121,38.06,91.34
121,82,38.06,91.34
82,122,17.76,42.62
122,82,17.76,42.62
82,123,39.09,93.81
123,82,39.09,93.81
82,124,46.37,111.27
124,82,46.37,111.27
82,125,17.87,42.9
125,82,17.87,42.9
82,126,54.02,129.66
126,82,54.02,129.66
82,127,32.43,77.82
127,82,32.43,77.82
82,128,36.14,86.73
128,82,36.14,86.73
82,129,17.13,41.1
129,82,17.13,41.1
82,132,20.61,49.47
132,82,20.61,49.47
82,133,23.7,56.89
133,82,23.7,56.89
82,134,25.02,60.05
134,82,25.02,60.05
82,135,36.01,86.43
135,82,36.01,86.43
82,136,26.51,63.63
136,82,26.51,63.63
82,137,50.47,121.12
137,82,50.47,121.12
82,138,41.8,100.33
138,82,41.8,100.33
82,139,35.84,86.02
139,82,35.84,86.02
82,140,12.84,30.82
140,82,12.84,30.82
82,141,30.9,74.16
141,82,30.9,74.16
82,142,49.96,119.91
142,82,49.96,119.91
82,143,24.41,58.58
143,82,24.41,58.58
82,144,16.54,39.7
144,82,16.54,39.7
82,146,40.54,97.3
146,82,40.54,97.3
82,147,44.82,107.56
147,82,44.82,107.56
82,148,34.39,82.53
148,82,34.39,82.53
82,149,41.04,98.49
149,82,41.04,98.49
82,150,39.18,94.03
150,82,39.18,94.03
83,84,46.91,112.57
84,83,46.91,112.57
83,85,52.44,125.85
85,83,52.44,125.85
83,86,17.52,42.04
86,83,17.52,42.04
83,87,34.15,81.96
87,83,34.15,81.96
83,88,59.74,143.37
88,83,59.74,143.37
83,90,6.53,15.67
90,83,6.53,15.67
83,91,34.15,81.96
91,83,34.15,81.96
83,93,79.43,190.62
93,83,79.43,190.62
83,94,54.56,130.94
94,83,54.56,130.94
83,95,53.05,127.31
95,83,53.05,127.31
83,97,68.75,164.99
97,83,68.75,164.99
83,98,34.9,83.76
98,83,34.9,83.76
83,99,5.11,12.27
99,83,5.11,12.27
83,100,39.99,95.97
100,83,39.99,95.97
83,102,89.33,214.38
102,83,89.33,214.38
83,103,85.22,204.53
103,83,85.22,204.53
83,105,59.47,142.71
105,83,59.47,142.71
83,106,63.97,153.52
106,83,63.97,153.52
83,107,58.28,139.86
107,83,58.28,139.86
83,108,68.92,165.4
108,83,68.92,165.4
83,109,63.93,153.43
109,83,63.93,153.43
83,110,90.15,216.34
110,83,90.15,216.34
83,111,62.03,148.86
111,83,62.03,148.86
83,112,71.16,170.77
112,83,71.16,170.77
83,113,93.54,224.48
113,83,93.54,224.48
83,114,66.99,160.77
114,83,66.99,160.77
83,115,41.69,100.05
115,83,41.69,100.05
83,118,70.42,169.02
118,83,70.42,169.02
83,119,74.14,177.94
119,83,74.14,177.94
83,121,24.51,58.82
121,83,24.51,58.82
83,122,55.21,132.5
122,83,55.21,132.5
83,123,60.17,144.4
123,83,60.17,144.4
83,124,3.24,7.77
124,83,3.24,7.77
83,125,42.5,102.0
125,83,42.5,102.0
83,126,5.73,13.75
126,83,5.73,13.75
83,127,79.44,190.67
127,83,79.44,190.67
83,128,58.28,139.86
128,83,58.28,139.86
83,129,35.78,85.86
129,83,35.78,85.86
83,132,46.6,111.83
132,83,46.6,111.83
83,133,29.97,71.91
133,83,29.97,71.91
83,134,33.07,79.36
134,83,33.07,79.36
83,135,79.71,191.3
135,83,79.71,191.3
83,136,71.98,172.75
136,83,71.98,172.75
83,137,3.42,8.22
137,83,3.42,8.22
83,138,68.18,163.62
138,83,68.18,163.62
83,139,67.04,160.9
139,83,67.04,160.9
83,140,59.55,142.91
140,83,59.55,142.91
83,141,33.12,79.49
141,83,33.12,79.49
83,142,1.71,4.11
142,83,1.71,4.11
83,143,24.8,59.51
143,83,24.8,59.51
83,144,36.37,87.29
144,83,36.37,87.29
83,146,68.72,164.93
146,83,68.72,164.93
83,147,66.01,158.41
147,83,66.01,158.41
83,148,40.39,96.93
148,83,40.39,96.93
83,149,56.55,135.72
149,83,56.55,135.72
83,150,46.22,110.93
150,83,46.22,110.93
84,85,10.63,25.51
85,84,10.63,25.51
84,86,45.15,108.37
86,84,45.15,108.37
84,87,52.58,126.2
87,84,52.58,126.2
84,88,59.9,143.75
88,84,59.9,143.75
84,90,48.69,116.85
90,84,48.69,116.85
84,91,14.53,34.88
91,84,14.53,34.88
84,93,47.73,114.55
93,84,47.73,114.55
84,94,66.49,159.57
94,84,66.49,159.57
84,95,56.16,134.79
95,84,56.16,134.79
84,97,24.87,59.68
97,84,24.87,59.68
84,98,56.69,136.07
98,84,56.69,136.07
84,99,52.0,124.79
99,84,52.0,124.79
84,100,34.15,81.96
100,84,34.15,81.96
84,102,55.23,132.56
102,84,55.23,132.56
84,103,48.61,116.65
103,84,48.61,116.65
84,105,41.08,98.6
105,84,41.08,98.6
84,106,18.4,44.17
106,84,18.4,44.17
84,107,66.42,159.39
107,84,66.42,159.39
84,108,58.32,139.97
108,84,58.32,139.97
84,109,58.2,139.68
109,84,58.2,139.68
84,110,55.24,132.56
110,84,55.24,132.56
84,111,64.77,155.45
111,84,64.77,155.45
84,112,62.96,151.1
112,84,62.96,151.1
84,113,56.54,135.68
113,84,56.54,135.68
84,114,68.34,164.01
114,84,68.34,164.01
84,115,19.27,46.25
115,84,19.27,46.25
84,118,51.93,124.62
118,84,51.93,124.62
84,119,62.3,149.51
119,84,62.3,149.51
84,121,50.48,121.15
121,84,50.48,121.15
84,122,44.03,105.65
122,84,44.03,105.65
84,123,14.88,35.72
123,84,14.88,35.72
84,124,43.75,105.0
124,84,43.75,105.0
84,125,42.04,100.89
125,84,42.04,100.89
84,126,52.48,125.96
126,84,52.48,125.96
84,127,48.52,116.46
127,84,48.52,116.46
84,128,12.28,29.47
128,84,12.28,29.47
84,129,16.66,39.99
129,84,16.66,39.99
84,132,6.69,16.06
132,84,6.69,16.06
84,133,40.36,96.87
133,84,40.36,96.87
84,134,14.22,34.12
134,84,14.22,34.12
84,135,35.84,86.02
135,84,35.84,86.02
84,136,33.04,79.31
136,84,33.04,79.31
84,137,50.03,120.08
137,84,50.03,120.08
84,138,67.84,162.82
138,84,67.84,162.82
84,139,20.22,48.53
139,84,20.22,48.53
84,140,37.15,89.16
140,84,37.15,89.16
84,141,14.36,34.47
141,84,14.36,34.47
84,142,47.53,114.08
142,84,47.53,114.08
84,143,26.26,63.03
143,84,26.26,63.03
84,144,16.59,39.8
144,84,16.59,39.8
84,146,66.66,159.99
146,84,66.66,159.99
84,147,70.59,169.41
147,84,70.59,169.41
84,148,55.21,132.5
148,84,55.21,132.5
84,149,14.5,34.8
149,84,14.5,34.8
84,150,12.69,30.46
150,84,12.69,30.46
85,86,47.04,112.89
86,85,47.04,112.89
85,87,50.97,122.35
87,85,50.97,122.35
85,88,54.16,129.98
88,85,54.16,129.98
85,90,53.01,127.24
90,85,53.01,127.24
85,91,23.69,56.84
91,85,23.69,56.84
85,93,37.1,89.06
93,85,37.1,89.06
85,94,61.47,147.53
94,85,61.47,147.53
85,95,50.44,121.07
95,85,50.44,121.07
85,97,16.34,39.21
97,85,16.34,39.21
85,98,55.02,132.06
98,85,55.02,132.06
85,99,57.53,138.07
99,85,57.53,138.07
85,100,29.68,71.23
100,85,29.68,71.23
85,102,44.72,107.35
102,85,44.72,107.35
85,103,38.87,93.29
103,85,38.87,93.29
85,105,32.15,77.17
105,85,32.15,77.17
85,106,12.0,28.79
106,85,12.0,28.79
85,107,60.7,145.67
107,85,60.7,145.67
85,108,49.79,119.49
108,85,49.79,119.49
85,109,51.56,123.75
109,85,51.56,123.75
85,110,45.54,109.31
110,85,45.54,109.31
85,111,59.05,141.73
111,85,59.05,141.73
85,112,54.64,131.12
112,85,54.64,131.12
85,113,47.42,113.82
113,85,47.42,113.82
85,114,62.45,149.89
114,85,62.45,149.89
85,115,15.5,37.2
115,85,15.5,37.2
85,118,42.2,101.28
118,85,42.2,101.28
85,119,53.77,129.03
119,85,53.77,129.03
85,121,51.06,122.55
121,85,51.06,122.55
85,122,37.38,89.7
122,85,37.38,89.7
85,123,19.01,45.63
123,85,19.01,45.63
85,124,49.48,118.74
124,85,49.48,118.74
85,125,36.95,88.67
125,85,36.95,88.67
85,126,58.16,139.58
126,85,58.16,139.58
85,127,37.89,90.95
127,85,37.89,90.95
85,128,16.09,38.62
128,85,16.09,38.62
85,129,17.46,41.91
129,85,17.46,41.91
85,132,6.17,14.81
132,85,6.17,14.81
85,133,38.76,93.03
133,85,38.76,93.03
85,134,19.82,47.56
134,85,19.82,47.56
85,135,27.31,65.55
135,85,27.31,65.55
85,136,22.74,54.6
136,85,22.74,54.6
85,137,55.26,132.63
137,85,55.26,132.63
85,138,61.73,148.16
138,85,61.73,148.16
85,139,17.11,41.06
139,85,17.11,41.06
85,140,27.81,66.76
140,85,27.81,66.76
85,141,22.67,54.41
141,85,22.67,54.41
85,142,53.34,128.02
142,85,53.34,128.02
85,143,28.91,69.38
143,85,28.91,69.38
85,144,17.01,40.83
144,85,17.01,40.83
85,146,60.31,144.74
146,85,60.31,144.74
85,147,64.87,155.69
147,85,64.87,155.69
85,148,52.36,125.67
148,85,52.36,125.67
85,149,21.7,52.08
149,85,21.7,52.08
85,150,23.12,55.49
150,85,23.12,55.49
86,87,17.02,40.86
87,86,17.02,40.86
86,88,43.78,105.09
88,86,43.78,105.09
86,90,12.59,30.23
90,86,12.59,30.23
86,91,36.67,88.01
91,86,36.67,88.01
86,93,68.76,165.02
93,86,68.76,165.02
86,94,37.79,90.7
94,86,37.79,90.7
86,95,37.06,88.95
95,86,37.06,88.95
86,97,62.2,149.27
97,86,62.2,149.27
86,98,18.13,43.52
98,86,18.13,43.52
86,99,20.4,48.97
99,86,20.4,48.97
86,100,27.19,65.25
100,86,27.19,65.25
86,102,78.8,189.11
102,86,78.8,189.11
86,103,74.69,179.26
103,86,74.69,179.26
86,105,46.49,111.57
105,86,46.49,111.57
86,106,59.03,141.66
106,86,59.03,141.66
86,107,41.51,99.62
107,86,41.51,99.62
86,108,54.09,129.82
108,86,54.09,129.82
86,109,48.6,116.63
109,86,48.6,116.63
86,110,79.62,191.07
110,86,79.62,191.07
86,111,45.68,109.64
111,86,45.68,109.64
86,112,55.93,134.24
112,86,55.93,134.24
86,113,83.01,199.21
113,86,83.01,199.21
86,114,50.63,121.52
114,86,50.63,121.52
86,115,32.87,78.89
115,86,32.87,78.89
86,118,56.45,135.49
118,86,56.45,135.49
86,119,59.22,142.12
119,86,59.22,142.12
86,121,7.6,18.23
121,86,7.6,18.23
86,122,41.23,98.96
122,86,41.23,98.96
86,123,59.91,143.79
123,86,59.91,143.79
86,124,17.98,43.16
124,86,17.98,43.16
86,125,28.11,67.46
125,86,28.11,67.46
86,126,21.43,51.44
126,86,21.43,51.44
86,127,68.43,164.23
127,86,68.43,164.23
86,128,57.42,137.82
128,86,57.42,137.82
86,129,29.7,71.29
129,86,29.7,71.29
86,132,42.31,101.54
132,86,42.31,101.54
86,133,15.45,37.09
133,86,15.45,37.09
86,134,31.33,75.2
134,86,31.33,75.2
86,135,70.6,169.43
135,86,70.6,169.43
86,136,61.45,147.48
136,86,61.45,147.48
86,137,17.76,42.62
137,86,17.76,42.62
86,138,51.99,124.79
138,86,51.99,124.79
86,139,63.65,152.75
139,86,63.65,152.75
86,140,47.21,113.31
140,86,47.21,113.31
86,141,34.57,82.98
141,86,34.57,82.98
86,142,19.63,47.12
142,86,19.63,47.12
86,143,18.89,45.34
143,86,18.89,45.34
86,144,30.09,72.21
144,86,30.09,72.21
86,146,52.73,126.55
146,86,52.73,126.55
86,147,49.27,118.25
147,86,49.27,118.25
86,148,23.48,56.36
148,86,23.48,56.36
86,149,57.93,139.04
149,86,57.93,139.04
86,150,49.27,118.25
150,86,49.27,118.25
87,88,28.45,68.28
88,87,28.45,68.28
87,90,28.92,69.41
90,87,28.92,69.41
87,91,48.15,115.55
91,87,48.15,115.55
87,93,62.82,150.78
93,87,62.82,150.78
87,94,21.51,51.62
94,87,21.51,51.62
87,95,21.91,52.58
95,87,21.91,52.58
87,97,62.49,149.99
97,87,62.49,149.99
87,98,4.11,9.87
98,87,4.11,9.87
87,99,36.6,87.84
99,87,36.6,87.84
87,100,23.06,55.35
100,87,23.06,55.35
87,102,73.37,176.09
102,87,73.37,176.09
87,103,70.93,170.24
103,87,70.93,170.24
87,105,38.78,93.08
105,87,38.78,93.08
87,106,62.29,149.51
106,87,62.29,149.51
87,107,24.83,59.59
107,87,24.83,59.59
87,108,41.07,98.57
108,87,41.07,98.57
87,109,34.55,82.92
109,87,34.55,82.92
87,110,75.0,179.99
110,87,75.0,179.99
87,111,29.12,69.88
111,87,29.12,69.88
87,112,41.91,100.58
112,87,41.91,100.58
87,113,78.39,188.13
113,87,78.39,188.13
87,114,33.87,81.3
114,87,33.87,81.3
87,115,35.47,85.15
115,87,35.47,85.15
87,118,45.92,110.22
118,87,45.92,110.22
87,119,45.79,109.89
119,87,45.79,109.89
87,121,10.61,25.46
121,87,10.61,25.46
87,122,31.28,75.07
122,87,31.28,75.07
87,123,67.3,161.53
123,87,67.3,161.53
87,124,35.0,84.01
124,87,35.0,84.01
87,125,18.97,45.54
125,87,18.97,45.54
87,126,37.62,90.29
126,87,37.62,90.29
87,127,62.12,149.09
127,87,62.12,149.09
87,128,64.5,154.8
128,87,64.5,154.8
87,129,35.92,86.21
129,87,35.92,86.21
87,132,47.89,114.94
132,87,47.89,114.94
87,133,12.3,29.52
133,87,12.3,29.52
87,134,40.79,97.9
134,87,40.79,97.9
87,135,70.56,169.33
135,87,70.56,169.33
87,136,60.85,146.03
136,87,60.85,146.03
87,137,34.16,81.97
137,87,34.16,81.97
87,138,35.73,85.75
138,87,35.73,85.75
87,139,68.06,163.36
139,87,68.06,163.36
87,140,41.16,98.78
140,87,41.16,98.78
87,141,45.66,109.59
141,87,45.66,109.59
87,142,36.49,87.57
142,87,36.49,87.57
87,143,28.74,68.98
143,87,28.74,68.98
87,144,36.01,86.43
144,87,36.01,86.43
87,146,37.1,89.03
146,87,37.1,89.03
87,147,32.51,78.03
147,87,32.51,78.03
87,148,6.61,15.87
148,87,6.61,15.87
87,149,66.74,160.17
149,87,66.74,160.17
87,150,59.87,143.69
150,87,59.87,143.69
88,90,56.34,135.23
90,88,56.34,135.23
88,91,63.05,151.32
91,88,63.05,151.32
88,93,46.05,110.5
93,88,46.05,110.5
88,94,14.42,34.61
94,88,14.42,34.61
88,95,6.72,16.14
95,88,6.72,16.14
88,97,58.66,140.8
97,88,58.66,140.8
88,98,28.65,68.76
98,88,28.65,68.76
88,99,64.15,153.98
99,88,64.15,153.98
88,100,27.56,66.14
100,88,27.56,66.14
88,102,54.77,131.44
102,88,54.77,131.44
88,103,55.36,132.85
103,88,55.36,132.85
88,105,25.7,61.67
105,88,25.7,61.67
88,106,62.16,149.19
106,88,62.16,149.19
88,107,10.36,24.86
107,88,10.36,24.86
88,108,15.42,37.02
108,88,15.42,37.02
88,109,7.96,19.1
109,88,7.96,19.1
88,110,58.1,139.43
110,88,58.1,139.43
88,111,5.15,12.35
111,88,5.15,12.35
88,112,14.36,34.45
112,88,14.36,34.45
88,113,61.73,148.15
113,88,61.73,148.15
88,114,8.58,20.6
114,88,8.58,20.6
88,115,41.62,99.89
115,88,41.62,99.89
88,118,26.65,63.96
118,88,26.65,63.96
88,119,18.83,45.19
119,88,18.83,45.19
88,121,38.79,93.1
121,88,38.79,93.1
88,122,17.52,42.06
122,88,17.52,42.06
88,123,73.12,175.49
123,88,73.12,175.49
88,124,61.01,146.41
124,88,61.01,146.41
88,125,20.19,48.45
125,88,20.19,48.45
88,126,65.18,156.45
126,88,65.18,156.45
88,127,44.78,107.46
127,88,44.78,107.46
88,128,70.18,168.42
128,88,70.18,168.42
88,129,46.76,112.23
129,88,46.76,112.23
88,132,54.31,130.35
132,88,54.31,130.35
88,133,30.3,72.72
133,88,30.3,72.72
88,134,54.39,130.53
134,88,54.39,130.53
88,135,62.11,149.06
135,88,62.11,149.06
88,136,52.42,125.8
136,88,52.42,125.8
88,137,61.54,147.7
137,88,61.54,147.7
88,138,8.81,21.13
138,88,8.81,21.13
88,139,68.94,165.45
139,88,68.94,165.45
88,140,30.38,72.92
140,88,30.38,72.92
88,141,60.43,145.05
141,88,60.43,145.05
88,142,63.25,151.8
142,88,63.25,151.8
88,143,46.41,111.39
143,88,46.41,111.39
88,144,46.44,111.45
144,88,46.44,111.45
88,146,8.98,21.56
146,88,8.98,21.56
88,147,10.89,26.14
147,88,10.89,26.14
88,148,22.25,53.4
148,88,22.25,53.4
88,149,74.91,179.79
149,88,74.91,179.79
88,150,71.77,172.26
150,88,71.77,172.26
90,91,37.09,89.03
91,90,37.09,89.03
90,93,76.82,184.37
93,90,76.82,184.37
90,94,48.35,116.04
94,90,48.35,116.04
90,95,49.62,119.09
95,90,49.62,119.09
90,97,68.79,165.11
97,90,68.79,165.11
90,98,28.69,68.86
98,90,28.69,68.86
90,99,7.81,18.75
99,90,7.81,18.75
90,100,37.32,89.58
100,90,37.32,89.58
90,102,86.72,208.13
102,90,86.72,208.13
90,103,82.61,198.28
103,90,82.61,198.28
90,105,56.8,136.32
105,90,56.8,136.32
90,106,64.82,155.59
106,90,64.82,155.59
90,107,52.07,124.96
107,90,52.07,124.96
90,108,66.25,159.01
108,90,66.25,159.01
90,109,61.18,146.83
109,90,61.18,146.83
90,110,87.54,210.09
110,90,87.54,210.09
90,111,56.61,135.84
111,90,56.61,135.84
90,112,68.49,164.38
112,90,68.49,164.38
90,113,90.93,218.23
113,90,90.93,218.23
90,114,61.36,147.26
114,90,61.36,147.26
90,115,39.91,95.79
115,90,39.91,95.79
90,118,67.75,162.63
118,90,67.75,162.63
90,119,71.47,171.55
119,90,71.47,171.55
90,121,18.42,44.22
121,90,18.42,44.22
90,122,52.54,126.11
122,90,52.54,126.11
90,123,62.63,150.31
123,90,62.63,150.31
90,124,8.41,20.17
124,90,8.41,20.17
90,125,39.83,95.61
125,90,39.83,95.61
90,126,8.84,21.22
126,90,8.84,21.22
90,127,76.83,184.42
127,90,76.83,184.42
90,128,60.52,145.25
128,90,60.52,145.25
90,129,35.43,85.03
129,90,35.43,85.03
90,132,47.48,113.96
132,90,47.48,113.96
90,133,27.3,65.52
133,90,27.3,65.52
90,134,34.51,82.82
134,90,34.51,82.82
90,135,78.52,188.45
135,90,78.52,188.45
90,136,69.37,166.5
136,90,69.37,166.5
90,137,5.24,12.58
137,90,5.24,12.58
90,138,63.22,151.71
138,90,63.22,151.71
90,139,68.49,164.38
139,90,68.49,164.38
90,140,56.88,136.52
140,90,56.88,136.52
90,141,35.67,85.61
141,90,35.67,85.61
90,142,8.03,19.26
142,90,8.03,19.26
90,143,23.97,57.53
143,90,23.97,57.53
90,144,35.91,86.19
144,90,35.91,86.19
90,146,64.78,155.46
146,90,64.78,155.46
90,147,60.0,143.99
147,90,60.0,143.99
90,148,34.18,82.03
148,90,34.18,82.03
90,149,59.52,142.84
149,90,59.52,142.84
90,150,49.59,119.02
150,90,49.59,119.02
91,93,59.84,143.61
93,91,59.84,143.61
91,94,65.65,157.58
94,91,65.65,157.58
91,95,57.65,138.37
95,91,57.65,138.37
91,97,39.18,94.03
97,91,39.18,94.03
91,98,52.1,125.04
98,91,52.1,125.04
91,99,39.1,93.85
99,91,39.1,93.85
91,100,35.52,85.25
100,91,35.52,85.25
91,102,68.02,163.26
102,91,68.02,163.26
91,103,62.45,149.88
103,91,62.45,149.88
91,105,46.71,112.1
105,91,46.71,112.1
91,106,32.93,79.04
106,91,32.93,79.04
91,107,66.64,159.94
107,91,66.64,159.94
91,108,63.43,152.25
108,91,63.43,152.25
91,109,63.31,151.96
109,91,63.31,151.96
91,110,68.84,165.22
110,91,68.84,165.22
91,111,67.23,161.36
111,91,67.23,161.36
91,112,68.07,163.38
112,91,68.07,163.38
91,113,70.85,170.03
113,91,70.85,170.03
91,114,71.59,171.82
114,91,71.59,171.82
91,115,23.44,56.25
115,91,23.44,56.25
91,118,58.79,141.1
118,91,58.79,141.1
91,119,67.41,161.79
119,91,67.41,161.79
91,121,43.29,103.91
121,91,43.29,103.91
91,122,49.14,117.93
122,91,49.14,117.93
91,123,26.1,62.65
123,91,26.1,62.65
91,124,30.92,74.2
124,91,30.92,74.2
91,125,42.97,103.12
125,91,42.97,103.12
91,126,39.45,94.68
126,91,39.45,94.68
91,127,60.41,144.98
127,91,60.41,144.98
91,128,24.43,58.62
128,91,24.43,58.62
91,129,16.64,39.93
129,91,16.64,39.93
91,132,17.72,42.52
132,91,17.72,42.52
91,133,36.98,88.74
133,91,36.98,88.74
91,134,8.68,20.84
134,91,8.68,20.84
91,135,50.15,120.37
135,91,50.15,120.37
91,136,46.38,111.3
136,91,46.38,111.3
91,137,37.47,89.93
137,91,37.47,89.93
91,138,71.7,172.09
138,91,71.7,172.09
91,139,34.35,82.43
139,91,34.35,82.43
91,140,44.17,106.02
140,91,44.17,106.02
91,141,2.63,6.31
141,91,2.63,6.31
91,142,34.51,82.81
142,91,34.51,82.81
91,143,19.41,46.57
143,91,19.41,46.57
91,144,17.09,41.02
144,91,17.09,41.02
91,146,71.07,170.57
146,91,71.07,170.57
91,147,72.72,174.54
147,91,72.72,174.54
91,148,52.3,125.51
148,91,52.3,125.51
91,149,22.46,53.9
149,91,22.46,53.9
91,150,12.69,30.46
150,91,12.69,30.46
93,94,60.53,145.26
94,93,60.53,145.26
93,95,48.4,116.15
95,93,48.4,116.15
93,97,25.88,62.11
97,93,25.88,62.11
93,98,65.7,157.69
98,93,65.7,157.69
93,99,85.67,205.6
99,93,85.67,205.6
93,100,41.76,100.23
100,93,41.76,100.23
93,102,11.04,26.5
102,93,11.04,26.5
93,103,9.35,22.44
103,93,9.35,22.44
93,105,24.17,58.01
105,93,24.17,58.01
93,106,34.65,83.16
106,93,34.65,83.16
93,107,57.14,137.15
107,93,57.14,137.15
93,108,33.78,81.08
108,93,33.78,81.08
93,109,39.82,95.57
109,93,39.82,95.57
93,110,12.83,30.8
110,93,12.83,30.8
93,111,51.55,123.73
111,93,51.55,123.73
93,112,38.05,91.31
112,93,38.05,91.31
93,113,16.32,39.16
113,93,16.32,39.16
93,114,51.94,124.65
114,93,51.94,124.65
93,115,40.02,96.05
115,93,40.02,96.05
93,118,20.45,49.08
118,93,20.45,49.08
93,119,34.66,83.19
119,93,34.66,83.19
93,121,68.84,165.23
121,93,68.84,165.23
93,122,32.6,78.25
122,93,32.6,78.25
93,123,50.74,121.78
123,93,50.74,121.78
93,124,78.74,188.98
124,93,78.74,188.98
93,125,43.85,105.25
125,93,43.85,105.25
93,126,86.53,207.68
126,93,86.53,207.68
93,127,1.63,3.9
127,93,1.63,3.9
93,128,48.67,116.81
128,93,48.67,116.81
93,129,47.12,113.1
129,93,47.12,113.1
93,132,42.39,101.74
132,93,42.39,101.74
93,133,54.33,130.4
133,93,54.33,130.4
93,134,53.58,128.6
134,93,53.58,128.6
93,135,21.03,50.48
135,93,21.03,50.48
93,136,16.25,39.01
136,93,16.25,39.01
93,137,82.99,199.18
137,93,82.99,199.18
93,138,49.88,119.72
138,93,49.88,119.72
93,139,40.07,96.18
139,93,40.07,96.18
93,140,21.85,52.44
140,93,21.85,52.44
93,141,58.24,139.78
141,93,58.24,139.78
93,142,82.4,197.76
142,93,82.4,197.76
93,143,56.54,135.71
143,93,56.54,135.71
93,144,46.47,111.54
144,93,46.47,111.54
93,146,47.38,113.71
146,93,47.38,113.71
93,147,56.24,134.97
147,93,56.24,134.97
93,148,60.03,144.08
148,93,60.03,144.08
93,149,55.79,133.89
149,93,55.79,133.89
93,150,59.98,143.96
150,93,59.98,143.96
94,95,10.84,26.01
95,94,10.84,26.01
94,97,67.94,163.06
97,94,67.94,163.06
94,98,19.71,47.31
98,94,19.71,47.31
94,99,57.88,138.91
99,94,57.88,138.91
94,100,32.43,77.82
100,94,32.43,77.82
94,102,66.34,159.21
102,94,66.34,159.21
94,103,66.93,160.62
103,94,66.93,160.62
94,105,36.0,86.38
105,94,36.0,86.38
94,106,70.45,169.06
106,94,70.45,169.06
94,107,4.79,11.49
107,94,4.79,11.49
94,108,28.07,67.36
108,94,28.07,67.36
94,109,20.6,49.43
109,94,20.6,49.43
94,110,69.67,167.2
110,94,69.67,167.2
94,111,11.37,27.26
111,94,11.37,27.26
94,112,26.86,64.46
112,94,26.86,64.46
94,113,73.3,175.92
113,94,73.3,175.92
94,114,15.49,37.18
114,94,15.49,37.18
94,115,47.37,113.69
115,94,47.37,113.69
94,118,38.22,91.73
118,94,38.22,91.73
94,119,31.42,75.39
119,94,31.42,75.39
94,121,31.88,76.52
121,94,31.88,76.52
94,122,27.22,65.31
122,94,27.22,65.31
94,123,80.0,192.0
123,94,80.0,192.0
94,124,56.5,135.6
124,94,56.5,135.6
94,125,24.65,59.16
125,94,24.65,59.16
94,126,58.89,141.33
126,94,58.89,141.33
94,127,56.35,135.23
127,94,56.35,135.23
94,128,77.05,184.9
128,94,77.05,184.9
94,129,50.72,121.73
129,94,50.72,121.73
94,132,60.6,145.43
132,94,60.6,145.43
94,133,29.1,69.84
133,94,29.1,69.84
94,134,57.39,137.73
134,94,57.39,137.73
94,135,72.42,173.8
135,94,72.42,173.8
94,136,62.56,150.12
136,94,62.56,150.12
94,137,55.52,133.25
137,94,55.52,133.25
94,138,17.83,42.78
138,94,17.83,42.78
94,139,77.09,185.0
139,94,77.09,185.0
94,140,40.34,96.81
140,94,40.34,96.81
94,141,63.04,151.3
141,94,63.04,151.3
94,142,57.97,139.13
142,94,57.97,139.13
94,143,47.0,112.8
143,94,47.0,112.8
94,144,50.57,121.37
144,94,50.57,121.37
94,146,19.54,46.88
146,94,19.54,46.88
94,147,12.37,29.68
147,94,12.37,29.68
94,148,15.09,36.23
148,94,15.09,36.23
94,149,80.98,194.35
149,94,80.98,194.35
94,150,76.06,182.55
150,94,76.06,182.55
95,97,57.1,137.05
97,95,57.1,137.05
95,98,22.45,53.89
98,95,22.45,53.89
95,99,57.43,137.84
99,95,57.43,137.84
95,100,22.54,54.09
100,95,22.54,54.09
95,102,56.39,135.34
102,95,56.39,135.34
95,103,56.98,136.75
103,95,56.98,136.75
95,105,25.35,60.85
105,95,25.35,60.85
95,106,59.66,143.18
106,95,59.66,143.18
95,107,10.37,24.89
107,95,10.37,24.89
95,108,20.05,48.12
108,95,20.05,48.12
95,109,12.94,31.05
109,95,12.94,31.05
95,110,59.72,143.33
110,95,59.72,143.33
95,111,9.67,23.2
111,95,9.67,23.2
95,112,20.15,48.37
112,95,20.15,48.37
95,113,63.35,152.05
113,95,63.35,152.05
95,114,14.38,34.51
114,95,14.38,34.51
95,115,37.21,89.3
115,95,37.21,89.3
95,118,28.27,67.86
118,95,28.27,67.86
95,119,24.29,58.3
119,95,24.29,58.3
95,121,32.14,77.15
121,95,32.14,77.15
95,122,16.51,39.63
122,95,16.51,39.63
95,123,69.5,166.8
123,95,69.5,166.8
95,124,54.32,130.37
124,95,54.32,130.37
95,125,14.75,35.39
125,95,14.75,35.39
95,126,58.46,140.31
126,95,58.46,140.31
95,127,46.4,111.36
127,95,46.4,111.36
95,128,66.54,159.71
128,95,66.54,159.71
95,129,41.69,100.07
129,95,41.69,100.07
95,132,50.24,120.59
132,95,50.24,120.59
95,133,23.77,57.04
133,95,23.77,57.04
95,134,49.06,117.74
134,95,49.06,117.74
95,135,61.68,148.04
135,95,61.68,148.04
95,136,51.79,124.3
136,95,51.79,124.3
95,137,54.82,131.57
137,95,54.82,131.57
95,138,15.21,36.51
138,95,15.21,36.51
95,139,66.32,159.18
139,95,66.32,159.18
95,140,29.59,71.03
140,95,29.59,71.03
95,141,55.03,132.06
141,95,55.03,132.06
95,142,56.53,135.68
142,95,56.53,135.68
95,143,40.37,96.9
143,95,40.37,96.9
95,144,41.43,99.44
144,95,41.43,99.44
95,146,15.69,37.65
146,95,15.69,37.65
95,147,15.08,36.19
147,95,15.08,36.19
95,148,15.94,38.26
148,95,15.94,38.26
95,149,70.85,170.03
149,95,70.85,170.03
95,150,66.98,160.75
150,95,66.98,160.75
97,98,66.8,160.32
98,97,66.8,160.32
97,99,74.37,178.49
99,97,74.37,178.49
97,100,40.04,96.1
100,97,40.04,96.1
97,102,31.57,75.78
102,97,31.57,75.78
97,103,24.26,58.22
103,97,24.26,58.22
97,105,33.24,79.76
105,97,33.24,79.76
97,106,9.22,22.12
106,97,9.22,22.12
97,107,67.37,161.69
107,97,67.37,161.69
97,108,50.27,120.66
108,97,50.27,120.66
97,109,53.9,129.35
109,97,53.9,129.35
97,110,30.81,73.94
110,97,30.81,73.94
97,111,63.8,153.14
111,97,63.8,153.14
97,112,55.12,132.29
112,97,55.12,132.29
97,113,31.95,76.67
113,97,31.95,76.67
97,114,66.03,158.48
114,97,66.03,158.48
97,115,29.33,70.39
115,97,29.33,70.39
97,118,38.91,93.38
118,97,38.91,93.38
97,119,53.62,128.68
119,97,53.62,128.68
97,121,65.14,156.33
121,97,65.14,156.33
97,122,41.18,98.82
122,97,41.18,98.82
97,123,25.22,60.53
123,97,25.22,60.53
97,124,66.42,159.41
124,97,66.42,159.41
97,125,46.13,110.71
125,97,46.13,110.71
97,126,75.04,180.09
126,97,75.04,180.09
97,127,27.18,65.24
127,97,27.18,65.24
97,128,23.48,56.36
128,97,23.48,56.36
97,129,33.69,80.85
129,97,33.69,80.85
97,132,23.35,56.05
132,97,23.35,56.05
97,133,51.47,123.53
133,97,51.47,123.53
97,134,37.0,88.8
134,97,37.0,88.8
97,135,10.97,26.34
135,97,10.97,26.34
97,136,9.68,23.24
136,97,9.68,23.24
97,137,72.01,172.84
137,97,72.01,172.84
97,138,64.69,155.25
138,97,64.69,155.25
97,139,14.21,34.09
139,97,14.21,34.09
97,140,28.41,68.17
140,97,28.41,68.17
97,141,39.68,95.23
141,97,39.68,95.23
97,142,70.29,168.69
142,97,70.29,168.69
97,143,45.13,108.31
143,97,45.13,108.31
97,144,33.14,79.53
144,97,33.14,79.53
97,146,62.71,150.5
146,97,62.71,150.5
97,147,69.44,166.67
147,97,69.44,166.67
97,148,62.88,150.92
148,97,62.88,150.92
97,149,30.68,73.63
149,97,30.68,73.63
97,150,36.8,88.32
150,97,36.8,88.32
98,99,38.23,91.75
99,98,38.23,91.75
98,100,26.78,64.26
100,98,26.78,64.26
98,102,76.1,182.64
102,98,76.1,182.64
98,103,74.0,177.6
103,98,74.0,177.6
98,105,41.55,99.73
105,98,41.55,99.73
98,106,66.24,158.98
106,98,66.24,158.98
98,107,23.57,56.57
107,98,23.57,56.57
98,108,42.23,101.35
108,98,42.23,101.35
98,109,35.36,84.86
109,98,35.36,84.86
98,110,77.99,187.18
110,98,77.99,187.18
98,111,28.07,67.36
111,98,28.07,67.36
98,112,42.6,102.25
112,98,42.6,102.25
98,113,81.38,195.32
113,98,81.38,195.32
98,114,32.82,78.78
114,98,32.82,78.78
98,115,39.52,94.86
115,98,39.52,94.86
98,118,47.98,115.16
118,98,47.98,115.16
98,119,46.7,112.09
119,98,46.7,112.09
98,121,12.41,29.77
121,98,12.41,29.77
98,122,33.66,80.79
122,98,33.66,80.79
98,123,71.41,171.4
123,98,71.41,171.4
98,124,37.43,89.83
124,98,37.43,89.83
98,125,22.02,52.86
125,98,22.02,52.86
98,126,39.23,94.16
126,98,39.23,94.16
98,127,64.93,155.83
127,98,64.93,155.83
98,128,68.61,164.67
128,98,68.61,164.67
98,129,40.03,96.08
129,98,40.03,96.08
98,132,52.0,124.79
132,98,52.0,124.79
98,133,16.41,39.37
133,98,16.41,39.37
98,134,44.84,107.62
134,98,44.84,107.62
98,135,74.14,177.95
135,98,74.14,177.95
98,136,64.37,154.5
136,98,64.37,154.5
98,137,35.93,86.24
137,98,35.93,86.24
98,138,34.68,83.23
138,98,34.68,83.23
98,139,72.1,173.04
139,98,72.1,173.04
98,140,44.22,106.13
140,98,44.22,106.13
98,141,49.63,119.12
141,98,49.63,119.12
98,142,38.57,92.57
142,98,38.57,92.57
98,143,32.69,78.47
143,98,32.69,78.47
98,144,40.12,96.3
144,98,40.12,96.3
98,146,36.24,86.98
146,98,36.24,86.98
98,147,31.46,75.51
147,98,31.46,75.51
98,148,6.54,15.69
148,98,6.54,15.69
98,149,70.84,170.02
149,98,70.84,170.02
98,150,63.91,153.38
150,98,63.91,153.38
99,100,43.92,105.41
100,99,43.92,105.41
99,102,93.32,223.96
102,99,93.32,223.96
99,103,89.21,214.11
103,99,89.21,214.11
99,105,63.4,152.15
105,99,63.4,152.15
99,106,69.08,165.78
106,99,69.08,165.78
99,107,59.53,142.86
107,99,59.53,142.86
99,108,72.85,174.84
108,99,72.85,174.84
99,109,67.86,162.87
109,99,67.86,162.87
99,110,94.14,225.92
110,99,94.14,225.92
99,111,64.07,153.74
111,99,64.07,153.74
99,112,75.09,180.21
112,99,75.09,180.21
99,113,97.53,234.06
113,99,97.53,234.06
99,114,68.82,165.16
114,99,68.82,165.16
99,115,46.51,111.62
115,99,46.51,111.62
99,118,74.35,178.46
118,99,74.35,178.46
99,119,78.07,187.38
119,99,78.07,187.38
99,121,26.03,62.47
121,99,26.03,62.47
99,122,59.14,141.94
122,99,59.14,141.94
99,123,65.16,156.39
123,99,65.16,156.39
99,124,8.25,19.8
124,99,8.25,19.8
99,125,46.43,111.44
125,99,46.43,111.44
99,126,1.03,2.47
126,99,1.03,2.47
99,127,83.43,200.25
127,99,83.43,200.25
99,128,63.3,151.94
128,99,63.3,151.94
99,129,40.79,97.89
129,99,40.79,97.89
99,132,51.7,124.09
132,99,51.7,124.09
99,133,33.9,81.35
133,99,33.9,81.35
99,134,38.18,91.63
134,99,38.18,91.63
99,135,84.73,203.36
135,99,84.73,203.36
99,136,75.97,182.33
136,99,75.97,182.33
99,137,2.76,6.63
137,99,2.76,6.63
99,138,70.68,169.61
138,99,70.68,169.61
99,139,72.14,173.15
139,99,72.14,173.15
99,140,63.48,152.35
140,99,63.48,152.35
99,141,38.14,91.55
141,99,38.14,91.55
99,142,4.63,11.1
142,99,4.63,11.1
99,143,29.68,71.24
143,99,29.68,71.24
99,144,41.37,99.3
144,99,41.37,99.3
99,146,72.24,173.36
146,99,72.24,173.36
99,147,67.46,161.89
147,99,67.46,161.89
99,148,41.64,99.93
148,99,41.64,99.93
99,149,61.45,147.47
149,99,61.45,147.47
99,150,51.03,122.46
150,99,51.03,122.46
100,102,52.6,126.24
102,100,52.6,126.24
100,103,49.07,117.77
103,100,49.07,117.77
100,105,19.48,46.76
105,100,19.48,46.76
100,106,40.06,96.16
106,100,40.06,96.16
100,107,32.29,77.51
107,100,32.29,77.51
100,108,31.16,74.77
108,100,31.16,74.77
100,109,28.22,67.73
109,100,28.22,67.73
100,110,53.42,128.2
110,100,53.42,128.2
100,111,31.91,76.6
111,100,31.91,76.6
100,112,34.5,82.8
112,100,34.5,82.8
100,113,56.81,136.34
113,100,56.81,136.34
100,114,36.13,86.7
114,100,36.13,86.7
100,115,14.95,35.88
115,100,14.95,35.88
100,118,31.01,74.44
118,100,31.01,74.44
100,119,36.44,87.46
119,100,36.44,87.46
100,121,27.22,65.33
121,100,27.22,65.33
100,122,16.14,38.73
122,100,16.14,38.73
100,123,47.77,114.65
123,100,47.77,114.65
100,124,39.93,95.83
124,100,39.93,95.83
100,125,7.89,18.94
125,100,7.89,18.94
100,126,46.6,111.83
126,100,46.6,111.83
100,127,41.35,99.23
127,100,41.35,99.23
100,128,44.83,107.59
128,100,44.83,107.59
100,129,19.23,46.14
129,100,19.23,46.14
100,132,28.17,67.61
132,100,28.17,67.61
100,133,12.66,30.39
133,100,12.66,30.39
100,134,26.85,64.44
134,100,26.85,64.44
100,135,47.52,114.05
135,100,47.52,114.05
100,136,37.89,90.93
136,100,37.89,90.93
100,137,42.88,102.91
137,100,42.88,102.91
100,138,36.18,86.84
138,100,36.18,86.84
100,139,46.35,111.23
139,100,46.35,111.23
100,140,20.05,48.12
140,100,20.05,48.12
100,141,32.92,79.02
141,100,32.92,79.02
100,142,43.14,103.54
142,100,43.14,103.54
100,143,20.44,49.05
143,100,20.44,49.05
100,144,18.93,45.44
144,100,18.93,45.44
100,146,35.59,85.41
146,100,35.59,85.41
100,147,37.56,90.14
147,100,37.56,90.14
100,148,23.04,55.3
148,100,23.04,55.3
100,149,48.62,116.68
149,100,48.62,116.68
100,150,44.45,106.67
150,100,44.45,106.67
102,103,8.83,21.2
103,102,8.83,21.2
102,105,34.59,83.02
105,102,34.59,83.02
102,106,42.04,100.89
106,102,42.04,100.89
102,107,65.78,157.87
107,102,65.78,157.87
102,108,41.08,98.58
108,102,41.08,98.58
102,109,47.86,114.86
109,102,47.86,114.86
102,110,4.54,10.89
110,102,4.54,10.89
102,111,59.72,143.32
111,102,59.72,143.32
102,112,44.74,107.37
112,102,44.74,107.37
102,113,7.74,18.57
113,102,7.74,18.57
102,114,59.4,142.57
114,102,59.4,142.57
102,115,50.85,122.03
115,102,50.85,122.03
102,118,28.4,68.16
118,102,28.4,68.16
102,119,40.71,97.71
119,102,40.71,97.71
102,121,79.71,191.31
121,102,79.71,191.31
102,122,42.61,102.26
122,102,42.61,102.26
102,123,58.04,139.28
123,102,58.04,139.28
102,124,89.71,215.31
124,102,89.71,215.31
102,125,54.45,130.67
125,102,54.45,130.67
102,126,97.55,234.11
126,102,97.55,234.11
102,127,11.37,27.3
127,102,11.37,27.3
102,128,56.31,135.14
128,102,56.31,135.14
102,129,57.82,138.77
129,102,57.82,138.77
102,132,52.16,125.19
132,102,52.16,125.19
102,133,65.23,156.58
133,102,65.23,156.58
102,134,63.99,153.57
134,102,63.99,153.57
102,135,24.71,59.31
135,102,24.71,59.31
102,136,24.12,57.89
136,102,24.12,57.89
102,137,94.01,225.63
137,102,94.01,225.63
102,138,57.14,137.14
138,102,57.14,137.14
102,139,46.46,111.51
139,102,46.46,111.51
102,140,32.71,78.52
140,102,32.71,78.52
102,141,68.37,164.09
141,102,68.37,164.09
102,142,93.38,224.12
142,102,93.38,224.12
102,143,67.48,161.95
143,102,67.48,161.95
102,144,57.17,137.21
144,102,57.17,137.21
102,146,54.52,130.85
146,102,54.52,130.85
102,147,63.9,153.36
147,102,63.9,153.36
102,148,70.25,168.6
148,102,70.25,168.6
102,149,63.51,152.41
149,102,63.51,152.41
102,150,68.84,165.22
150,102,68.84,165.22
103,105,32.76,78.63
105,103,32.76,78.63
103,106,33.47,80.34
106,103,33.47,80.34
103,107,66.36,159.26
107,103,66.36,159.26
103,108,42.7,102.47
108,103,42.7,102.47
103,109,48.91,117.38
109,103,48.91,117.38
103,110,6.71,16.1
110,103,6.71,16.1
103,111,60.69,145.65
111,103,60.69,145.65
103,112,46.83,112.39
112,103,46.83,112.39
103,113,8.93,21.44
113,103,8.93,21.44
103,114,60.94,146.25
114,103,60.94,146.25
103,115,45.0,108.0
115,103,45.0,108.0
103,118,29.43,70.64
118,103,29.43,70.64
103,119,43.26,103.81
119,103,43.26,103.81
103,121,76.29,183.09
121,103,76.29,183.09
103,122,41.43,99.45
122,103,41.43,99.45
103,123,49.37,118.49
123,103,49.37,118.49
103,124,84.14,201.92
124,103,84.14,201.92
103,125,52.0,124.8
125,103,52.0,124.8
103,126,92.24,221.39
126,103,92.24,221.39
103,127,10.45,25.07
127,103,10.45,25.07
103,128,47.73,114.56
128,103,47.73,114.56
103,129,51.58,123.79
129,103,51.58,123.79
103,132,44.73,107.36
132,103,44.73,107.36
103,133,61.73,148.15
133,103,61.73,148.15
103,134,57.18,137.22
134,103,57.18,137.22
103,135,15.9,38.16
135,103,15.9,38.16
103,136,16.14,38.72
136,103,16.14,38.72
103,137,88.82,213.16
137,103,88.82,213.16
103,138,58.84,141.21
138,103,58.84,141.21
103,139,37.69,90.45
139,103,37.69,90.45
103,140,29.79,71.49
140,103,29.79,71.49
103,141,61.18,146.83
141,103,61.18,146.83
103,142,87.89,210.94
142,103,87.89,210.94
103,143,61.87,148.48
143,103,61.87,148.48
103,144,50.94,122.25
144,103,50.94,122.25
103,146,56.3,135.12
146,103,56.3,135.12
103,147,65.29,156.69
147,103,65.29,156.69
103,148,68.54,164.49
148,103,68.54,164.49
103,149,54.93,131.83
149,103,54.93,131.83
103,150,60.68,145.62
150,103,60.68,145.62
105,106,37.8,90.71
106,105,37.8,90.71
105,107,35.1,84.24
107,105,35.1,84.24
105,108,17.67,42.4
108,105,17.67,42.4
105,109,20.7,49.68
109,105,20.7,49.68
105,110,36.62,87.87
110,105,36.62,87.87
105,111,30.8,73.93
111,105,30.8,73.93
105,112,22.52,54.03
112,105,22.52,54.03
105,113,40.01,96.01
113,105,40.01,96.01
105,114,32.8,78.73
114,105,32.8,78.73
105,115,24.95,59.88
115,105,24.95,59.88
105,118,12.31,29.54
118,105,12.31,29.54
105,119,21.65,51.94
119,105,21.65,51.94
105,121,45.51,109.23
121,105,45.51,109.23
105,122,8.87,21.28
122,105,8.87,21.28
105,123,50.83,121.99
123,105,50.83,121.99
105,124,59.13,141.91
124,105,59.13,141.91
105,125,19.88,47.72
125,105,19.88,47.72
105,126,66.04,158.49
126,105,66.04,158.49
105,127,23.38,56.1
127,105,23.38,56.1
105,128,48.01,115.21
128,105,48.01,115.21
105,129,32.23,77.36
129,105,32.23,77.36
105,132,34.41,82.6
132,105,34.41,82.6
105,133,31.32,75.17
133,105,31.32,75.17
105,134,40.17,96.41
134,105,40.17,96.41
105,135,36.5,87.61
135,105,36.5,87.61
105,136,26.74,64.17
136,105,26.74,64.17
105,137,62.34,149.61
137,105,62.34,149.61
105,138,31.47,75.52
138,105,31.47,75.52
105,139,44.63,107.1
139,105,44.63,107.1
105,140,4.86,11.66
140,105,4.86,11.66
105,141,46.04,110.5
141,105,46.04,110.5
105,142,62.46,149.91
142,105,62.46,149.91
105,143,38.2,91.69
143,105,38.2,91.69
105,144,31.66,75.99
144,105,31.66,75.99
105,146,29.56,70.94
146,105,29.56,70.94
105,147,36.32,87.17
147,105,36.32,87.17
105,148,35.87,86.08
148,105,35.87,86.08
105,149,53.85,129.24
149,105,53.85,129.24
105,150,53.51,128.42
150,105,53.51,128.42
106,107,70.03,168.07
107,106,70.03,168.07
106,108,54.95,131.87
108,106,54.95,131.87
106,109,58.25,139.79
109,106,58.25,139.79
106,110,38.78,93.06
110,106,38.78,93.06
106,111,67.28,161.47
111,106,67.28,161.47
106,112,59.8,143.5
112,106,59.8,143.5
106,113,40.08,96.18
113,106,40.08,96.18
106,114,70.04,168.1
114,106,70.04,168.1
106,115,27.01,64.82
115,106,27.01,64.82
106,118,44.3,106.3
118,106,44.3,106.3
106,119,58.73,140.95
119,106,58.73,140.95
106,121,62.92,151.02
121,106,62.92,151.02
106,122,44.73,107.35
122,106,44.73,107.35
106,123,16.12,38.69
123,106,16.12,38.69
106,124,60.93,146.24
124,106,60.93,146.24
106,125,47.15,113.16
125,106,47.15,113.16
106,126,69.66,167.19
126,106,69.66,167.19
106,127,34.13,81.9
127,106,34.13,81.9
106,128,14.27,34.25
128,106,14.27,34.25
106,129,29.45,70.67
129,106,29.45,70.67
106,132,17.4,41.75
132,106,17.4,41.75
106,133,50.23,120.54
133,106,50.23,120.54
106,134,30.97,74.32
134,106,30.97,74.32
106,135,19.38,46.52
135,106,19.38,46.52
106,136,16.73,40.15
136,106,16.73,40.15
106,137,66.89,160.54
137,106,66.89,160.54
106,138,68.98,165.54
138,106,68.98,165.54
106,139,6.83,16.4
139,106,6.83,16.4
106,140,32.7,78.47
140,106,32.7,78.47
106,141,32.58,78.2
141,106,32.58,78.2
106,142,64.78,155.48
142,106,64.78,155.48
106,143,40.86,98.06
143,106,40.86,98.06
106,144,29.01,69.62
144,106,29.01,69.62
106,146,67.11,161.06
146,106,67.11,161.06
106,147,73.05,175.33
147,106,73.05,175.33
106,148,63.15,151.56
148,106,63.15,151.56
106,149,21.47,51.52
149,106,21.47,51.52
106,150,27.92,67.0
150,106,27.92,67.0
107,108,25.54,61.28
108,107,25.54,61.28
107,109,18.17,43.62
109,107,18.17,43.62
107,110,68.24,163.78
110,107,68.24,163.78
107,111,6.98,16.76
111,107,6.98,16.76
107,112,23.63,56.72
112,107,23.63,56.72
107,113,71.87,172.5
113,107,71.87,172.5
107,114,10.75,25.8
114,107,10.75,25.8
107,115,46.45,111.5
115,107,46.45,111.5
107,118,36.79,88.31
118,107,36.79,88.31
107,119,28.29,67.89
119,107,28.29,67.89
107,121,35.39,84.95
121,107,35.39,84.95
107,122,26.21,62.91
122,107,26.21,62.91
107,123,78.99,189.6
123,107,78.99,189.6
107,124,59.56,142.95
124,107,59.56,142.95
107,125,23.69,56.86
125,107,23.69,56.86
107,126,62.44,149.85
126,107,62.44,149.85
107,127,54.92,131.81
127,107,54.92,131.81
107,128,76.04,182.5
128,107,76.04,182.5
107,129,50.48,121.15
129,107,50.48,121.15
107,132,59.6,143.04
132,107,59.6,143.04
107,133,30.55,73.33
133,107,30.55,73.33
107,134,57.56,138.15
134,107,57.56,138.15
107,135,71.41,171.4
135,107,71.41,171.4
107,136,61.55,147.72
136,107,61.55,147.72
107,137,58.98,141.56
137,107,58.98,141.56
107,138,13.04,31.31
138,107,13.04,31.31
107,139,76.08,182.6
139,107,76.08,182.6
107,140,39.33,94.41
140,107,39.33,94.41
107,141,63.4,152.18
141,107,63.4,152.18
107,142,61.25,147.0
142,107,61.25,147.0
107,143,48.03,115.27
143,107,48.03,115.27
107,144,50.26,120.64
144,107,50.26,120.64
107,146,15.12,36.29
146,107,15.12,36.29
107,147,8.07,19.36
147,107,8.07,19.36
107,148,18.23,43.75
148,107,18.23,43.75
107,149,80.14,192.36
149,107,80.14,192.36
107,150,75.85,182.06
150,107,75.85,182.06
108,109,7.47,17.93
109,108,7.47,17.93
108,110,44.89,107.73
110,108,44.89,107.73
108,111,18.95,45.49
111,108,18.95,45.49
108,112,4.85,11.64
112,108,4.85,11.64
108,113,48.5,116.4
113,108,48.5,116.4
108,114,18.34,44.02
114,108,18.34,44.02
108,115,41.7,100.07
115,108,41.7,100.07
108,118,13.35,32.05
118,108,13.35,32.05
108,119,5.3,12.73
119,108,5.3,12.73
108,121,50.55,121.32
121,108,50.55,121.32
108,122,15.27,36.65
122,108,15.27,36.65
108,123,69.33,166.39
123,108,69.33,166.39
108,124,69.81,167.54
124,108,69.81,167.54
108,125,26.46,63.5
125,108,26.46,63.5
108,126,75.3,180.72
126,108,75.3,180.72
108,127,32.34,77.62
127,108,32.34,77.62
108,128,66.5,159.61
128,108,66.5,159.61
108,129,48.38,116.12
129,108,48.38,116.12
108,132,52.51,126.02
132,108,52.51,126.02
108,133,38.98,93.56
133,108,38.98,93.56
108,134,56.44,135.45
134,108,56.44,135.45
108,135,51.64,123.93
135,108,51.64,123.93
108,136,42.69,102.46
136,108,42.69,102.46
108,137,71.56,171.74
137,108,71.56,171.74
108,138,16.15,38.77
138,108,16.15,38.77
108,139,62.8,150.72
139,108,62.8,150.72
108,140,23.13,55.51
140,108,23.13,55.51
108,141,62.52,150.04
141,108,62.52,150.04
108,142,72.6,174.24
142,108,72.6,174.24
108,143,51.59,123.82
143,108,51.59,123.82
108,144,47.9,114.95
144,108,47.9,114.95
108,146,13.61,32.66
146,108,13.61,32.66
108,147,22.82,54.78
147,108,22.82,54.78
108,148,35.69,85.66
148,108,35.69,85.66
108,149,72.28,173.47
149,108,72.28,173.47
108,150,71.39,171.33
150,108,71.39,171.33
109,110,51.48,123.55
110,109,51.48,123.55
109,111,11.86,28.47
111,109,11.86,28.47
109,112,7.39,17.74
112,109,7.39,17.74
109,113,55.12,132.28
113,109,55.12,132.28
109,114,12.4,29.76
114,109,12.4,29.76
109,115,40.71,97.71
115,109,40.71,97.71
109,118,19.55,46.93
118,109,19.55,46.93
109,119,11.35,27.25
119,109,11.35,27.25
109,121,44.43,106.64
121,109,44.43,106.64
109,122,14.25,34.2
122,109,14.25,34.2
109,123,70.55,169.32
123,109,70.55,169.32
109,124,65.05,156.13
124,109,65.05,156.13
109,125,22.13,53.12
125,109,22.13,53.12
109,126,69.99,167.98
126,109,69.99,167.98
109,127,38.39,92.12
127,109,38.39,92.12
109,128,67.65,162.35
128,109,67.65,162.35
109,129,46.75,112.19
129,109,46.75,112.19
109,132,52.6,126.24
132,109,52.6,126.24
109,133,34.0,81.61
133,109,34.0,81.61
109,134,54.69,131.25
134,109,54.69,131.25
109,135,56.08,134.58
135,109,56.08,134.58
109,136,46.84,112.42
136,109,46.84,112.42
109,137,66.28,159.06
137,109,66.28,159.06
109,138,10.81,25.93
138,109,10.81,25.93
109,139,65.18,156.43
139,109,65.18,156.43
109,140,25.56,61.33
140,109,25.56,61.33
109,141,60.81,145.93
141,109,60.81,145.93
109,142,67.61,162.27
142,109,67.61,162.27
109,143,48.33,115.99
143,109,48.33,115.99
109,144,46.33,111.2
144,109,46.33,111.2
109,146,8.88,21.31
146,109,8.88,21.31
109,147,16.47,39.52
147,109,16.47,39.52
109,148,28.83,69.19
148,109,28.83,69.19
109,149,72.94,175.05
149,109,72.94,175.05
109,150,70.93,170.23
150,109,70.93,170.23
110,111,63.33,151.99
111,110,63.33,151.99
110,112,48.71,116.9
112,110,48.71,116.9
110,113,3.64,8.73
113,110,3.64,8.73
110,114,63.23,151.74
114,110,63.23,151.74
110,115,51.26,123.03
115,110,51.26,123.03
110,118,31.93,76.64
118,110,31.93,76.64
110,119,44.8,107.51
119,110,44.8,107.51
110,121,81.54,195.7
121,110,81.54,195.7
110,122,45.33,108.8
122,110,45.33,108.8
110,123,55.79,133.9
123,110,55.79,133.9
110,124,90.35,216.84
124,110,90.35,216.84
110,125,56.68,136.04
125,110,56.68,136.04
110,126,98.36,236.07
126,110,98.36,236.07
110,127,13.67,32.81
127,110,13.67,32.81
110,128,54.24,130.18
128,110,54.24,130.18
110,129,57.99,139.18
129,110,57.99,139.18
110,132,51.42,123.4
132,110,51.42,123.4
110,133,67.0,160.8
133,110,67.0,160.8
110,134,63.75,153.0
134,110,63.75,153.0
110,135,21.74,52.18
135,110,21.74,52.18
110,136,22.84,54.82
136,110,22.84,54.82
110,137,94.89,227.74
137,110,94.89,227.74
110,138,61.01,146.43
138,110,61.01,146.43
110,139,43.94,105.46
139,110,43.94,105.46
110,140,34.61,83.08
140,110,34.61,83.08
110,141,67.83,162.8
141,110,67.83,162.8
110,142,94.08,225.79
142,110,94.08,225.79
110,143,68.07,163.38
143,110,68.07,163.38
110,144,57.34,137.63
144,110,57.34,137.63
110,146,58.42,140.2
146,110,58.42,140.2
110,147,67.67,162.42
147,110,67.67,162.42
110,148,72.84,174.82
148,110,72.84,174.82
110,149,61.42,147.42
149,110,61.42,147.42
110,150,67.35,161.64
150,110,67.35,161.64
111,112,16.71,40.11
112,111,16.71,40.11
111,113,66.55,159.73
113,111,66.55,159.73
111,114,4.97,11.92
114,111,4.97,11.92
111,115,46.29,111.1
115,111,46.29,111.1
111,118,31.4,75.35
118,111,31.4,75.35
111,119,21.37,51.3
119,111,21.37,51.3
111,121,40.06,96.14
121,111,40.06,96.14
111,122,22.67,54.41
122,111,22.67,54.41
111,123,78.07,187.37
123,111,78.07,187.37
111,124,63.29,151.9
124,111,63.29,151.9
111,125,24.27,58.25
125,111,24.27,58.25
111,126,66.9,160.55
126,111,66.9,160.55
111,127,49.6,119.04
127,111,49.6,119.04
111,128,75.12,180.29
128,111,75.12,180.29
111,129,51.14,122.73
129,111,51.14,122.73
111,132,59.12,141.89
132,111,59.12,141.89
111,133,33.2,79.69
133,111,33.2,79.69
111,134,58.62,140.68
134,111,58.62,140.68
111,135,67.16,161.18
135,111,67.16,161.18
111,136,57.5,138.01
136,111,57.5,138.01
111,137,63.33,151.99
137,111,63.33,151.99
111,138,6.61,15.87
138,111,6.61,15.87
111,139,74.05,177.71
139,111,74.05,177.71
111,140,35.51,85.23
140,111,35.51,85.23
111,141,64.61,155.07
141,111,64.61,155.07
111,142,65.3,156.71
142,111,65.3,156.71
111,143,50.03,120.08
143,111,50.03,120.08
111,144,50.84,122.03
144,111,50.84,122.03
111,146,8.3,19.91
146,111,8.3,19.91
111,147,5.83,13.98
147,111,5.83,13.98
111,148,22.95,55.07
148,111,22.95,55.07
111,149,79.74,191.38
149,111,79.74,191.38
111,150,76.31,183.15
150,111,76.31,183.15
112,113,52.29,125.5
113,112,52.29,125.5
112,114,14.99,35.98
114,112,14.99,35.98
112,115,45.86,110.06
115,112,45.86,110.06
112,118,17.78,42.67
118,112,17.78,42.67
112,119,4.66,11.2
119,112,4.66,11.2
112,121,51.82,124.38
121,112,51.82,124.38
112,122,19.15,45.96
122,112,19.15,45.96
112,123,74.05,177.72
123,112,74.05,177.72
112,124,72.22,173.33
124,112,72.22,173.33
112,125,29.03,69.69
125,112,29.03,69.69
112,126,77.31,185.53
126,112,77.31,185.53
112,127,36.56,87.74
127,112,36.56,87.74
112,128,71.21,170.91
128,112,71.21,170.91
112,129,52.34,125.62
129,112,52.34,125.62
112,132,57.0,136.79
132,112,57.0,136.79
112,133,41.2,98.88
133,112,41.2,98.88
112,134,60.37,144.9
134,112,60.37,144.9
112,135,56.33,135.2
135,112,56.33,135.2
112,136,47.48,113.95
136,112,47.48,113.95
112,137,73.58,176.6
137,112,73.58,176.6
112,138,12.56,30.14
138,112,12.56,30.14
112,139,67.63,162.32
139,112,67.63,162.32
112,140,27.92,67.01
140,112,27.92,67.01
112,141,66.47,159.55
141,112,66.47,159.55
112,142,74.85,179.64
142,112,74.85,179.64
112,143,54.86,131.66
143,112,54.86,131.66
112,144,51.88,124.51
144,112,51.88,124.51
112,146,9.9,23.75
146,112,9.9,23.75
112,147,19.61,47.05
147,112,19.61,47.05
112,148,36.09,86.62
148,112,36.09,86.62
112,149,76.91,184.59
149,112,76.91,184.59
112,150,75.76,181.82
150,112,75.76,181.82
113,114,66.84,160.42
114,113,66.84,160.42
113,115,53.93,129.43
115,113,53.93,129.43
113,118,35.57,85.37
118,113,35.57,85.37
113,119,48.34,116.02
119,113,48.34,116.02
113,121,84.8,203.53
121,113,84.8,203.53
113,122,48.89,117.33
122,113,48.89,117.33
113,123,56.55,135.73
123,113,56.55,135.73
113,124,93.06,223.36
124,113,93.06,223.36
113,125,60.1,144.24
125,113,60.1,144.24
113,126,101.16,242.79
126,113,101.16,242.79
113,127,17.24,41.36
127,113,17.24,41.36
113,128,55.17,132.4
128,113,55.17,132.4
113,129,60.5,145.2
129,113,60.5,145.2
113,132,53.38,128.11
132,113,53.38,128.11
113,133,70.25,168.6
133,113,70.25,168.6
113,134,66.0,158.41
134,113,66.0,158.41
113,135,22.13,53.1
135,113,22.13,53.1
113,136,24.71,59.3
136,113,24.71,59.3
113,137,97.72,234.54
137,113,97.72,234.54
113,138,64.62,155.09
138,113,64.62,155.09
113,139,44.51,106.83
139,113,44.51,106.83
113,140,37.97,91.13
140,113,37.97,91.13
113,141,69.88,167.72
141,113,69.88,167.72
113,142,96.82,232.36
142,113,96.82,232.36
113,143,70.79,169.9
143,113,70.79,169.9
113,144,59.86,143.66
144,113,59.86,143.66
113,146,62.02,148.85
146,113,62.02,148.85
113,147,71.3,171.12
147,113,71.3,171.12
113,148,76.35,183.24
148,113,76.35,183.24
113,149,62.31,149.55
149,113,62.31,149.55
113,150,68.71,164.91
150,113,68.71,164.91
114,115,50.17,120.42
115,114,50.17,120.42
114,118,31.51,75.62
118,114,31.51,75.62
114,119,19.53,46.88
119,114,19.53,46.88
114,121,44.98,107.94
121,114,44.98,107.94
114,122,25.33,60.8
122,114,25.33,60.8
114,123,81.45,195.48
123,114,81.45,195.48
114,124,68.25,163.81
124,114,68.25,163.81
114,125,28.67,68.8
125,114,28.67,68.8
114,126,71.85,172.44
126,114,71.85,172.44
114,127,50.54,121.3
127,114,50.54,121.3
114,128,78.51,188.42
128,114,78.51,188.42
114,129,55.34,132.81
129,114,55.34,132.81
114,132,62.79,150.7
132,114,62.79,150.7
114,133,38.08,91.38
133,114,38.08,91.38
114,134,62.94,151.06
134,114,62.94,151.06
114,135,68.47,164.32
135,114,68.47,164.32
114,136,59.2,142.08
136,114,59.2,142.08
114,137,68.29,163.89
137,114,68.29,163.89
114,138,2.57,6.18
138,114,2.57,6.18
114,139,76.85,184.45
139,114,76.85,184.45
114,140,37.63,90.31
140,114,37.63,90.31
114,141,68.98,165.55
141,114,68.98,165.55
114,142,70.26,168.63
142,114,70.26,168.63
114,143,54.71,131.3
143,114,54.71,131.3
114,144,55.02,132.04
144,114,55.02,132.04
114,146,5.18,12.42
146,114,5.18,12.42
114,147,4.62,11.09
147,114,4.62,11.09
114,148,27.82,66.78
148,114,27.82,66.78
114,149,83.37,200.09
149,114,83.37,200.09
114,150,80.35,192.84
150,114,80.35,192.84
115,118,35.36,84.86
118,115,35.36,84.86
115,119,43.98,105.55
119,115,43.98,105.55
115,121,36.06,86.56
121,115,36.06,86.56
115,122,25.71,61.69
122,115,25.71,61.69
115,123,32.88,78.91
123,115,32.88,78.91
115,124,39.14,93.94
124,115,39.14,93.94
115,125,22.81,54.73
125,115,22.81,54.73
115,126,47.34,113.62
126,115,47.34,113.62
115,127,39.53,94.89
127,115,39.53,94.89
115,128,29.95,71.88
128,115,29.95,71.88
115,129,7.48,17.95
129,115,7.48,17.95
115,132,13.23,31.75
132,115,13.23,31.75
115,133,23.28,55.88
133,115,23.28,55.88
115,134,15.23,36.56
134,115,15.23,36.56
115,135,38.83,93.19
135,115,38.83,93.19
115,136,30.53,73.27
136,115,30.53,73.27
115,137,44.0,105.61
137,115,44.0,105.61
115,138,49.52,118.86
138,115,49.52,118.86
115,139,32.59,78.23
139,115,32.59,78.23
115,140,20.74,49.78
140,115,20.74,49.78
115,141,21.1,50.65
141,115,21.1,50.65
115,142,42.91,102.98
142,115,42.91,102.98
115,143,16.89,40.54
143,115,16.89,40.54
115,144,6.86,16.46
144,115,6.86,16.46
115,146,48.34,116.03
146,115,48.34,116.03
115,147,52.05,124.91
147,115,52.05,124.91
115,148,37.02,88.84
148,115,37.02,88.84
115,149,33.69,80.86
149,115,33.69,80.86
115,150,30.27,72.64
150,115,30.27,72.64
118,119,14.99,35.98
119,118,14.99,35.98
118,121,55.62,133.48
121,118,55.62,133.48
118,122,16.51,39.63
122,118,16.51,39.63
118,123,60.01,144.01
123,118,60.01,144.01
118,124,71.06,170.54
124,118,71.06,170.54
118,125,29.7,71.28
125,118,29.7,71.28
118,126,77.68,186.44
126,118,77.68,186.44
118,127,19.03,45.68
127,118,19.03,45.68
118,128,57.34,137.63
128,118,57.34,137.63
118,129,44.41,106.6
129,118,44.41,106.6
118,132,45.39,108.92
132,118,45.39,108.92
118,133,42.08,101.0
133,118,42.08,101.0
118,134,52.27,125.45
134,118,52.27,125.45
118,135,38.74,92.98
135,118,38.74,92.98
118,136,30.31,72.74
136,118,30.31,72.74
118,137,73.95,177.49
137,118,73.95,177.49
118,138,29.43,70.64
138,118,29.43,70.64
118,139,52.05,124.92
139,118,52.05,124.92
118,140,14.96,35.9
140,118,14.96,35.9
118,141,58.05,139.32
141,118,58.05,139.32
118,142,74.29,178.3
142,118,74.29,178.3
118,143,50.45,121.09
143,118,50.45,121.09
118,144,43.83,105.19
144,118,43.83,105.19
118,146,26.93,64.64
146,118,26.93,64.64
118,147,35.86,86.07
147,118,35.86,86.07
118,148,43.45,104.28
148,118,43.45,104.28
118,149,63.72,152.92
149,118,63.72,152.92
118,150,64.56,154.93
150,118,64.56,154.93
119,121,55.47,133.14
121,119,55.47,133.14
119,122,20.48,49.15
122,119,20.48,49.15
119,123,73.42,176.2
123,119,73.42,176.2
119,124,75.07,180.17
124,119,75.07,180.17
119,125,31.72,76.13
125,119,31.72,76.13
119,126,80.48,193.16
126,119,80.48,193.16
119,127,33.12,79.49
127,119,33.12,79.49
119,128,70.64,169.53
128,119,70.64,169.53
119,129,53.46,128.31
129,119,53.46,128.31
119,132,57.11,137.07
132,119,57.11,137.07
119,133,44.19,106.07
133,119,44.19,106.07
119,134,61.52,147.65
134,119,61.52,147.65
119,135,53.71,128.92
135,119,53.71,128.92
119,136,45.25,108.6
136,119,45.25,108.6
119,137,76.74,184.18
137,119,76.74,184.18
119,138,17.05,40.91
138,119,17.05,40.91
119,139,66.33,159.21
139,119,66.33,159.21
119,140,27.14,65.14
140,119,27.14,65.14
119,141,67.58,162.19
141,119,67.58,162.19
119,142,77.83,186.8
142,119,77.83,186.8
119,143,56.88,136.5
143,119,56.88,136.5
119,144,52.96,127.11
144,119,52.96,127.11
119,146,14.38,34.51
146,119,14.38,34.51
119,147,24.15,57.97
147,119,24.15,57.97
119,148,40.17,96.4
148,119,40.17,96.4
119,149,76.6,183.84
149,119,76.6,183.84
119,150,76.11,182.66
150,119,76.11,182.66
121,122,39.11,93.86
122,121,39.11,93.86
121,123,65.36,156.85
123,121,65.36,156.85
121,124,25.07,60.16
124,121,25.07,60.16
121,125,25.95,62.28
125,121,25.95,62.28
121,126,27.05,64.91
126,121,27.05,64.91
121,127,68.34,164.02
127,121,68.34,164.02
121,128,62.74,150.57
128,121,62.74,150.57
121,129,34.28,82.28
129,121,34.28,82.28
121,132,46.9,112.57
132,121,46.9,112.57
121,133,14.56,34.94
133,121,14.56,34.94
121,134,37.2,89.27
134,121,37.2,89.27
121,135,72.81,174.74
135,121,72.81,174.74
121,136,63.66,152.79
136,121,63.66,152.79
121,137,23.64,56.73
137,121,23.64,56.73
121,138,45.09,108.19
138,121,45.09,108.19
121,139,68.03,163.26
139,121,68.03,163.26
121,140,47.0,112.81
140,121,47.0,112.81
121,141,41.05,98.52
141,121,41.05,98.52
121,142,26.17,62.81
142,121,26.17,62.81
121,143,24.55,58.91
143,121,24.55,58.91
121,144,34.56,82.94
144,121,34.56,82.94
121,146,46.65,111.94
146,121,46.65,111.94
121,147,41.87,100.47
147,121,41.87,100.47
121,148,16.05,38.51
148,121,16.05,38.51
121,149,63.85,153.24
149,121,63.85,153.24
121,150,55.72,133.73
150,121,55.72,133.73
122,123,56.38,135.31
123,122,56.38,135.31
122,124,55.68,133.65
124,122,55.68,133.65
122,125,13.22,31.74
125,122,13.22,31.74
122,126,61.83,148.39
126,122,61.83,148.39
122,127,31.66,75.99
127,122,31.66,75.99
122,128,53.46,128.32
128,122,53.46,128.32
122,129,33.2,79.68
129,122,33.2,79.68
122,132,38.37,92.08
132,122,38.37,92.08
122,133,25.78,61.87
133,122,25.78,61.87
122,134,41.24,98.99
134,122,41.24,98.99
122,135,45.21,108.49
135,122,45.21,108.49
122,136,35.35,84.84
136,122,35.35,84.84
122,137,58.08,139.39
137,122,58.08,139.39
122,138,24.41,58.59
138,122,24.41,58.59
122,139,51.53,123.67
139,122,51.53,123.67
122,140,13.13,31.52
140,122,13.13,31.52
122,141,47.34,113.62
141,122,47.34,113.62
122,142,58.72,140.93
142,122,58.72,140.93
122,143,36.51,87.62
143,122,36.51,87.62
122,144,32.73,78.56
144,122,32.73,78.56
122,146,22.93,55.04
146,122,22.93,55.04
122,147,28.38,68.12
147,122,28.38,68.12
122,148,27.66,66.39
148,122,27.66,66.39
122,149,58.69,140.85
149,122,58.69,140.85
122,150,56.82,136.39
150,122,56.82,136.39
123,124,56.95,136.67
124,123,56.95,136.67
123,125,55.41,132.98
125,123,55.41,132.98
123,126,65.54,157.29
126,123,65.54,157.29
123,127,50.2,120.48
127,123,50.2,120.48
123,128,2.96,7.1
128,123,2.96,7.1
123,129,31.45,75.47
129,123,31.45,75.47
123,132,19.69,47.26
132,123,19.69,47.26
123,133,55.03,132.08
133,123,55.03,132.08
123,134,28.67,68.8
134,123,28.67,68.8
123,135,34.48,82.75
135,123,34.48,82.75
123,136,32.8,78.73
136,123,32.8,78.73
123,137,63.44,152.25
137,123,63.44,152.25
123,138,80.58,193.41
138,123,80.58,193.41
123,139,12.26,29.42
139,123,12.26,29.42
123,140,46.29,111.09
140,123,46.29,111.09
123,141,27.07,64.97
141,123,27.07,64.97
123,142,60.58,145.4
142,123,60.58,145.4
123,143,41.05,98.51
143,123,41.05,98.51
123,144,31.31,75.15
144,123,31.31,75.15
123,146,79.31,190.35
146,123,79.31,190.35
123,147,83.33,200.0
147,123,83.33,200.0
123,148,69.63,167.12
148,123,69.63,167.12
123,149,6.06,14.54
149,123,6.06,14.54
123,150,15.92,38.21
150,123,15.92,38.21
124,125,41.59,99.82
125,124,41.59,99.82
124,126,8.75,20.99
126,124,8.75,20.99
124,127,77.08,185.01
127,124,77.08,185.01
124,128,55.07,132.17
128,124,55.07,132.17
124,129,33.01,79.23
129,124,33.01,79.23
124,132,43.58,104.6
132,124,43.58,104.6
124,133,29.06,69.73
133,124,29.06,69.73
124,134,29.99,71.98
134,124,29.99,71.98
124,135,76.77,184.26
135,124,76.77,184.26
124,136,69.41,166.59
136,124,69.41,166.59
124,137,6.62,15.89
137,124,6.62,15.89
124,138,67.27,161.44
138,124,67.27,161.44
124,139,63.91,153.39
139,124,63.91,153.39
124,140,58.29,139.9
140,124,58.29,139.9
124,141,29.91,71.78
141,124,29.91,71.78
124,142,3.87,9.28
142,124,3.87,9.28
124,143,22.28,53.47
143,124,22.28,53.47
124,144,33.62,80.68
144,124,33.62,80.68
124,146,67.81,162.75
146,124,67.81,162.75
124,147,65.1,156.23
147,124,65.1,156.23
124,148,39.53,94.88
148,124,39.53,94.88
124,149,53.32,127.96
149,124,53.32,127.96
124,150,42.99,103.18
150,124,42.99,103.18
125,126,48.99,117.59
126,125,48.99,117.59
125,127,43.16,103.59
127,125,43.16,103.59
125,128,52.58,126.2
128,125,52.58,126.2
125,129,26.95,64.68
129,125,26.95,64.68
125,132,36.0,86.4
132,125,36.0,86.4
125,133,12.7,30.47
133,125,12.7,30.47
125,134,34.35,82.43
134,125,34.35,82.43
125,135,52.6,126.23
135,125,52.6,126.23
125,136,42.71,102.51
136,125,42.71,102.51
125,137,45.24,108.58
137,125,45.24,108.58
125,138,28.95,69.48
138,125,28.95,69.48
125,139,53.55,128.52
139,125,53.55,128.52
125,140,22.21,53.31
140,125,22.21,53.31
125,141,40.35,96.83
141,125,40.35,96.83
125,142,46.16,110.78
142,125,46.16,110.78
125,143,26.41,63.39
143,125,26.41,63.39
125,144,26.7,64.07
144,125,26.7,64.07
125,146,28.64,68.73
146,125,28.64,68.73
125,147,29.82,71.57
147,125,29.82,71.57
125,148,17.02,40.86
148,125,17.02,40.86
125,149,56.49,135.58
149,125,56.49,135.58
125,150,52.27,125.44
150,125,52.27,125.44
126,127,84.37,202.51
127,126,84.37,202.51
126,128,63.71,152.92
128,126,63.71,152.92
126,129,41.5,99.6
129,126,41.5,99.6
126,132,52.3,125.52
132,126,52.3,125.52
126,133,34.84,83.61
133,126,34.84,83.61
126,134,38.73,92.96
134,126,38.73,92.96
126,135,85.44,205.05
135,126,85.44,205.05
126,136,76.91,184.59
136,126,76.91,184.59
126,137,3.75,9.01
137,126,3.75,9.01
126,138,71.68,172.02
138,126,71.68,172.02
126,139,72.65,174.37
139,126,72.65,174.37
126,140,64.42,154.61
140,126,64.42,154.61
126,141,38.55,92.53
141,126,38.55,92.53
126,142,4.96,11.91
142,126,4.96,11.91
126,143,30.46,73.1
143,126,30.46,73.1
126,144,42.09,101.01
144,126,42.09,101.01
126,146,73.24,175.77
146,126,73.24,175.77
126,147,68.46,164.3
147,126,68.46,164.3
126,148,42.64,102.34
148,126,42.64,102.34
126,149,61.75,148.19
149,126,61.75,148.19
126,150,51.28,123.07
150,126,51.28,123.07
127,128,49.8,119.51
128,127,49.8,119.51
127,129,47.39,113.73
129,127,47.39,113.73
127,132,43.06,103.34
132,127,43.06,103.34
127,133,53.86,129.28
133,127,53.86,129.28
127,134,53.99,129.58
134,127,53.99,129.58
127,135,22.62,54.29
135,127,22.62,54.29
127,136,17.52,42.05
136,127,17.52,42.05
127,137,82.88,198.92
137,127,82.88,198.92
127,138,48.46,116.31
138,127,48.46,116.31
127,139,41.39,99.33
139,127,41.39,99.33
127,140,21.34,51.22
140,127,21.34,51.22
127,141,58.76,141.02
141,127,58.76,141.02
127,142,82.36,197.68
142,127,82.36,197.68
127,143,56.59,135.82
143,127,56.59,135.82
127,144,46.74,112.17
144,127,46.74,112.17
127,146,45.95,110.27
146,127,45.95,110.27
127,147,54.87,131.69
147,127,54.87,131.69
127,148,59.19,142.05
148,127,59.19,142.05
127,149,56.89,136.53
149,127,56.89,136.53
127,150,60.86,146.07
150,127,60.86,146.07
128,129,28.7,68.88
129,128,28.7,68.88
128,132,16.79,40.28
132,128,16.79,40.28
128,133,52.22,125.32
133,128,52.22,125.32
128,134,26.31,63.14
134,128,26.31,63.14
128,135,33.23,79.75
135,128,33.23,79.75
128,136,30.83,74.0
136,128,30.83,74.0
128,137,61.51,147.62
137,128,61.51,147.62
128,138,77.63,186.31
138,128,77.63,186.31
128,139,11.6,27.84
139,128,11.6,27.84
128,140,43.5,104.39
140,128,43.5,104.39
128,141,25.16,60.39
141,128,25.16,60.39
128,142,58.75,141.01
142,128,58.75,141.01
128,143,38.53,92.49
143,128,38.53,92.49
128,144,28.54,68.51
144,128,28.54,68.51
128,146,76.39,183.35
146,128,76.39,183.35
128,147,80.38,192.9
147,128,80.38,192.9
128,148,66.75,160.21
148,128,66.75,160.21
128,149,7.2,17.27
149,128,7.2,17.27
128,150,15.38,36.91
150,128,15.38,36.91
129,132,12.65,30.37
132,129,12.65,30.37
129,133,23.72,56.93
133,129,23.72,56.93
129,134,8.06,19.34
134,129,8.06,19.34
129,135,43.94,105.47
135,129,43.94,105.47
129,136,36.46,87.51
136,129,36.46,87.51
129,137,38.38,92.1
137,129,38.38,92.1
129,138,55.32,132.76
138,129,55.32,132.76
129,139,33.95,81.49
139,129,33.95,81.49
129,140,28.07,67.37
140,129,28.07,67.37
129,141,14.14,33.94
141,129,14.14,33.94
129,142,36.85,88.45
142,129,36.85,88.45
129,143,11.5,27.6
143,129,11.5,27.6
129,144,0.65,1.56
144,129,0.65,1.56
129,146,54.58,130.99
146,129,54.58,130.99
129,147,56.75,136.21
147,129,56.75,136.21
129,148,38.72,92.92
148,129,38.72,92.92
129,149,30.91,74.18
149,129,30.91,74.18
129,150,25.39,60.93
150,129,25.39,60.93
132,133,35.59,85.42
133,132,35.59,85.42
132,134,13.74,32.97
134,132,13.74,32.97
132,135,33.36,80.09
135,132,33.36,80.09
132,136,28.67,68.81
136,132,28.67,68.81
132,137,49.5,118.8
137,132,49.5,118.8
132,138,61.38,147.33
138,132,61.38,147.33
132,139,21.35,51.25
139,132,21.35,51.25
132,140,30.55,73.31
140,132,30.55,73.31
132,141,16.56,39.74
141,132,16.56,39.74
132,142,47.44,113.87
142,132,47.44,113.87
132,143,23.72,56.92
143,132,23.72,56.92
132,144,12.35,29.64
144,132,12.35,29.64
132,146,60.2,144.5
146,132,60.2,144.5
132,147,64.13,153.92
147,132,64.13,153.92
132,148,49.98,119.95
148,132,49.98,119.95
132,149,20.62,49.49
149,132,20.62,49.49
132,150,19.18,46.02
150,132,19.18,46.02
133,134,29.13,69.9
134,133,29.13,69.9
133,135,59.03,141.66
135,133,59.03,141.66
133,136,49.88,119.71
136,133,49.88,119.71
133,137,32.59,78.21
137,133,32.59,78.21
133,138,38.97,93.54
138,133,38.97,93.54
133,139,55.87,134.09
139,133,55.87,134.09
133,140,32.52,78.06
140,133,32.52,78.06
133,141,34.4,82.57
141,133,34.4,82.57
133,142,33.66,80.79
142,133,33.66,80.79
133,143,17.93,43.04
143,133,17.93,43.04
133,144,23.78,57.07
144,133,23.78,57.07
133,146,39.25,94.2
146,133,39.25,94.2
133,147,37.97,91.12
147,133,37.97,91.12
133,148,15.35,36.83
148,133,15.35,36.83
133,149,54.61,131.06
149,133,54.61,131.06
133,150,48.19,115.66
150,133,48.19,115.66
134,135,47.09,113.04
135,134,47.09,113.04
134,136,41.44,99.46
136,134,41.44,99.46
134,137,36.08,86.6
137,134,36.08,86.6
134,138,63.03,151.27
138,134,63.03,151.27
134,139,34.06,81.74
139,134,34.06,81.74
134,140,35.95,86.28
140,134,35.95,86.28
134,141,6.12,14.68
141,134,6.12,14.68
134,142,33.83,81.2
142,134,33.83,81.2
134,143,12.65,30.36
143,134,12.65,30.36
134,144,8.57,20.57
144,134,8.57,20.57
134,146,62.39,149.74
146,134,62.39,149.74
134,147,64.14,153.93
147,134,64.14,153.93
134,148,44.46,106.71
148,134,44.46,106.71
134,149,26.67,64.01
149,134,26.67,64.01
134,150,19.09,45.82
150,134,19.09,45.82
135,136,9.95,23.88
136,135,9.95,23.88
135,137,82.31,197.55
137,135,82.31,197.55
135,138,66.97,160.73
138,135,66.97,160.73
135,139,22.39,53.73
139,135,22.39,53.73
135,140,32.09,77.01
140,135,32.09,77.01
135,141,50.63,121.52
141,135,50.63,121.52
135,142,80.75,193.8
142,135,80.75,193.8
135,143,55.23,132.55
143,135,55.23,132.55
135,144,43.36,104.07
144,135,43.36,104.07
135,146,64.72,155.33
146,135,64.72,155.33
135,147,72.5,174.0
147,135,72.5,174.0
135,148,69.61,167.07
148,135,69.61,167.07
135,149,40.31,96.75
149,135,40.31,96.75
135,150,47.36,113.66
150,135,47.36,113.66
136,137,74.49,178.79
137,136,74.49,178.79
136,138,57.62,138.29
138,136,57.62,138.29
136,139,23.88,57.32
139,136,23.88,57.32
136,140,22.22,53.32
140,136,22.22,53.32
136,141,45.18,108.43
141,136,45.18,108.43
136,142,73.23,175.76
142,136,73.23,175.76
136,143,47.33,113.59
143,136,47.33,113.59
136,144,35.84,86.01
144,136,35.84,86.01
136,146,55.46,133.1
146,136,55.46,133.1
136,147,62.93,151.03
147,136,62.93,151.03
136,148,59.73,143.36
148,136,59.73,143.36
136,149,39.72,95.34
149,136,39.72,95.34
136,150,44.72,107.34
150,136,44.72,107.34
137,138,68.38,164.1
138,137,68.38,164.1
137,139,70.12,168.28
139,137,70.12,168.28
137,140,60.73,145.76
140,137,60.73,145.76
137,141,36.37,87.29
141,137,36.37,87.29
137,142,3.94,9.47
142,137,3.94,9.47
137,143,27.17,65.21
143,137,27.17,65.21
137,144,38.95,93.48
144,137,38.95,93.48
137,146,69.9,167.78
146,137,69.9,167.78
137,147,65.16,156.38
147,137,65.16,156.38
137,148,39.34,94.42
148,137,39.34,94.42
137,149,59.89,143.75
149,137,59.89,143.75
137,150,49.6,119.05
150,137,49.6,119.05
138,139,75.8,181.92
139,138,75.8,181.92
138,140,36.32,87.16
140,138,36.32,87.16
138,141,69.1,165.84
141,138,69.1,165.84
138,142,71.57,171.76
142,138,71.57,171.76
138,143,55.22,132.52
143,138,55.22,132.52
138,144,54.97,131.93
144,138,54.97,131.93
138,146,2.67,6.4
146,138,2.67,6.4
138,147,7.15,17.16
147,138,7.15,17.16
138,148,29.51,70.82
148,138,29.51,70.82
138,149,82.84,198.81
149,138,82.84,198.81
138,150,80.14,192.34
150,138,80.14,192.34
139,140,38.97,93.54
140,139,38.97,93.54
139,141,34.51,82.84
141,139,34.51,82.84
139,142,67.71,162.51
142,139,67.71,162.51
139,143,45.05,108.11
143,139,45.05,108.11
139,144,33.6,80.64
144,139,33.6,80.64
139,146,73.38,176.13
146,139,73.38,176.13
139,147,79.72,191.35
147,139,79.72,191.35
139,148,69.25,166.21
148,139,69.25,166.21
139,149,18.26,43.83
149,139,18.26,43.83
139,150,26.85,64.44
150,139,26.85,64.44
140,141,43.2,103.68
141,140,43.2,103.68
140,142,62.09,149.03
142,140,62.09,149.03
140,143,37.02,88.86
143,140,37.02,88.86
140,144,29.2,70.09
144,140,29.2,70.09
140,146,34.41,82.59
146,140,34.41,82.59
140,147,41.08,98.59
147,140,41.08,98.59
140,148,38.88,93.3
148,140,38.88,93.3
140,149,49.5,118.82
149,140,49.5,118.82
140,150,49.72,119.32
150,140,49.72,119.32
141,142,33.59,80.63
142,141,33.59,80.63
141,143,16.95,40.67
143,141,16.95,40.67
141,144,14.62,35.09
144,141,14.62,35.09
141,146,68.49,164.37
146,141,68.49,164.37
141,147,70.1,168.24
147,141,70.1,168.24
141,148,49.74,119.37
148,141,49.74,119.37
141,149,23.9,57.35
149,141,23.9,57.35
141,150,14.7,35.29
150,141,14.7,35.29
142,143,26.03,62.46
143,142,26.03,62.46
142,144,37.46,89.89
144,142,37.46,89.89
142,146,70.37,168.89
146,142,70.37,168.89
142,147,67.66,162.37
147,142,67.66,162.37
142,148,42.03,100.88
148,142,42.03,100.88
142,149,56.83,136.39
149,142,56.83,136.39
142,150,46.4,111.36
150,142,46.4,111.36
143,144,12.01,28.83
144,143,12.01,28.83
143,146,55.03,132.07
146,143,55.03,132.07
143,147,55.19,132.46
147,143,55.19,132.46
143,148,33.09,79.43
148,143,33.09,79.43
143,149,39.31,94.35
149,143,39.31,94.35
143,150,31.4,75.36
150,143,31.4,75.36
144,146,54.21,130.1
146,144,54.21,130.1
144,147,56.48,135.55
147,144,56.48,135.55
144,148,38.7,92.88
148,144,38.7,92.88
144,149,30.9,74.17
149,144,30.9,74.17
144,150,25.59,61.42
150,144,25.59,61.42
146,147,9.79,23.5
147,146,9.79,23.5
146,148,30.71,73.7
148,146,30.71,73.7
146,149,81.57,195.76
149,146,81.57,195.76
146,150,79.18,190.04
150,146,79.18,190.04
147,148,26.21,62.89
148,147,26.21,62.89
147,149,85.54,205.3
149,147,85.54,205.3
147,150,82.0,196.79
150,147,82.0,196.79
148,149,69.6,167.05
149,148,69.6,167.05
148,150,63.51,152.41
150,148,63.51,152.41
149,150,10.81,25.95
150,149,10.81,25.95
151,1,58.4,140.17
1,151,58.4,140.17
151,2,59.76,143.42
2,151,59.76,143.42
151,3,10.84,26.02
3,151,10.84,26.02
151,4,15.7,37.67
4,151,15.7,37.67
151,5,20.19,48.45
5,151,20.19,48.45
151,6,15.39,36.93
6,151,15.39,36.93
151,7,45.09,108.22
7,151,45.09,108.22
151,8,31.54,75.7
8,151,31.54,75.7
151,10,32.22,77.33
10,151,32.22,77.33
151,11,41.55,99.71
11,151,41.55,99.71
151,12,35.88,86.11
12,151,35.88,86.11
151,13,39.62,95.1
13,151,39.62,95.1
151,14,32.99,79.17
14,151,32.99,79.17
151,16,22.54,54.09
16,151,22.54,54.09
151,17,12.23,29.35
17,151,12.23,29.35
151,19,34.34,82.41
19,151,34.34,82.41
151,20,35.31,84.73
20,151,35.31,84.73
151,21,32.77,78.64
21,151,32.77,78.64
151,22,53.57,128.56
22,151,53.57,128.56
151,23,42.62,102.28
23,151,42.62,102.28
151,24,50.83,121.98
24,151,50.83,121.98
151,25,36.74,88.18
25,151,36.74,88.18
151,26,41.66,99.98
26,151,41.66,99.98
151,27,42.03,100.87
27,151,42.03,100.87
151,28,19.25,46.19
28,151,19.25,46.19
151,29,15.68,37.63
29,151,15.68,37.63
151,30,50.32,120.77
30,151,50.32,120.77
151,31,52.96,127.09
31,151,52.96,127.09
151,32,22.22,53.32
32,151,22.22,53.32
151,33,8.82,21.16
33,151,8.82,21.16
151,35,41.07,98.56
35,151,41.07,98.56
151,36,40.17,96.41
36,151,40.17,96.41
151,37,37.59,90.21
37,151,37.59,90.21
151,38,32.87,78.88
38,151,32.87,78.88
151,40,46.92,112.61
40,151,46.92,112.61
151,41,49.71,119.3
41,151,49.71,119.3
151,43,56.02,134.45
43,151,56.02,134.45
151,44,47.56,114.14
44,151,47.56,114.14
151,45,24.66,59.19
45,151,24.66,59.19
151,46,24.34,58.42
46,151,24.34,58.42
151,48,25.6,61.43
48,151,25.6,61.43
151,49,20.66,49.59
49,151,20.66,49.59
151,50,16.75,40.2
50,151,16.75,40.2
151,51,33.36,80.05
51,151,33.36,80.05
151,52,51.63,123.92
52,151,51.63,123.92
151,53,48.87,117.3
53,151,48.87,117.3
151,54,43.86,105.27
54,151,43.86,105.27
151,55,49.97,119.93
55,151,49.97,119.93
151,56,54.37,130.49
56,151,54.37,130.49
151,57,55.07,132.16
57,151,55.07,132.16
151,58,37.3,89.52
58,151,37.3,89.52
151,59,15.18,36.43
59,151,15.18,36.43
151,60,8.85,21.23
60,151,8.85,21.23
151,61,11.38,27.32
61,151,11.38,27.32
151,62,42.13,101.1
62,151,42.13,101.1
151,63,51.73,124.15
63,151,51.73,124.15
151,64,27.79,66.7
64,151,27.79,66.7
151,65,31.03,74.47
65,151,31.03,74.47
151,66,47.51,114.02
66,151,47.51,114.02
151,67,36.38,87.31
67,151,36.38,87.31
151,68,53.19,127.66
68,151,53.19,127.66
151,69,56.2,134.89
69,151,56.2,134.89
151,70,58.63,140.71
70,151,58.63,140.71
151,73,52.85,126.82
73,151,52.85,126.82
151,74,37.91,90.99
74,151,37.91,90.99
151,75,62.43,149.85
75,151,62.43,149.85
151,76,29.79,71.48
76,151,29.79,71.48
151,77,36.91,88.57
77,151,36.91,88.57
151,78,10.57,25.37
78,151,10.57,25.37
151,79,63.42,152.2
79,151,63.42,152.2
151,80,52.36,125.67
80,151,52.36,125.67
151,81,12.71,30.51
81,151,12.71,30.51
151,82,27.79,66.69
82,151,27.79,66.69
151,83,28.43,68.24
83,151,28.43,68.24
151,84,18.48,44.34
84,151,18.48,44.34
151,85,25.11,60.26
85,151,25.11,60.26
151,86,29.06,69.74
86,151,29.06,69.74
151,87,40.53,97.26
87,151,40.53,97.26
151,88,56.81,136.35
88,151,56.81,136.35
151,90,30.51,73.23
90,151,30.51,73.23
151,91,7.72,18.53
91,151,7.72,18.53
151,93,58.83,141.18
93,151,58.83,141.18
151,94,58.53,140.48
94,151,58.53,140.48
151,95,51.12,122.7
95,151,51.12,122.7
151,97,41.36,99.27
97,151,41.36,99.27
151,98,44.45,106.68
98,151,44.45,106.68
151,99,33.52,80.45
99,151,33.52,80.45
151,100,29.59,71.0
100,151,29.59,71.0
151,102,67.62,162.3
102,151,67.62,162.3
151,103,62.55,150.12
103,151,62.55,150.12
151,105,42.92,102.99
105,151,42.92,102.99
151,106,35.99,86.37
106,151,35.99,86.37
151,107,59.76,143.42
107,151,59.76,143.42
151,108,59.64,143.14
108,151,59.64,143.14
151,109,57.77,138.65
109,151,57.77,138.65
151,110,68.44,164.26
110,151,68.44,164.26
151,111,60.77,145.85
111,151,60.77,145.85
151,112,63.78,153.08
112,151,63.78,153.08
151,113,71.39,171.33
113,151,71.39,171.33
151,114,65.28,156.67
114,151,65.28,156.67
151,115,19.79,47.5
115,151,19.79,47.5
151,118,55.0,131.99
118,151,55.0,131.99
151,119,63.62,152.68
119,151,63.62,152.68
151,121,35.59,85.41
121,151,35.59,85.41
151,122,44.78,107.48
122,151,44.78,107.48
151,123,32.12,77.08
123,151,32.12,77.08
151,124,25.28,60.66
124,151,25.28,60.66
151,125,36.63,87.9
125,151,36.63,87.9
151,126,34.01,81.63
126,151,34.01,81.63
151,127,59.17,142.02
127,151,59.17,142.02
151,128,30.03,72.06
128,151,30.03,72.06
151,129,12.32,29.57
129,151,12.32,29.57
151,132,18.97,45.53
132,151,18.97,45.53
151,133,29.61,71.07
133,151,29.61,71.07
151,134,5.4,12.95
134,151,5.4,12.95
151,135,52.33,125.61
135,151,52.33,125.61
151,136,46.84,112.41
136,151,46.84,112.41
151,137,31.58,75.79
137,151,31.58,75.79
151,138,65.56,157.34
138,151,65.56,157.34
151,139,38.65,92.76
139,151,38.65,92.76
151,140,40.38,96.91
140,151,40.38,96.91
151,141,5.52,13.24
141,151,5.52,13.24
151,142,29.07,69.76
142,151,29.07,69.76
151,143,11.8,28.33
143,151,11.8,28.33
151,144,12.93,31.04
144,151,12.93,31.04
151,146,65.11,156.26
146,151,65.11,156.26
151,147,66.13,158.72
147,151,66.13,158.72
151,148,44.86,107.67
148,151,44.86,107.67
151,149,29.27,70.25
149,151,29.27,70.25
151,150,20.21,48.51
150,151,20.21,48.51
158,159,0.0,0.0
164,165,0.0,0.0
162,163,0.0,0.0
160,161,0.0,0.0
166,167,0.0,0.0
152,153,0.0,0.0
170,171,0.0,0.0
1,152,35.63,85.52
1,158,28.61,68.66
1,160,35.66,85.58
1,162,45.31,108.75
1,164,55.31,132.75
1,166,63.88,153.31
1,170,9.91,23.78
2,152,36.99,88.79
2,158,18.07,43.38
2,160,46.22,110.93
2,162,39.57,94.96
2,164,63.15,151.55
2,166,69.04,165.69
2,170,18.09,43.42
3,152,14.12,33.88
3,158,51.71,124.1
3,160,47.53,114.08
3,162,32.9,78.95
3,164,34.25,82.2
3,166,24.47,58.73
3,170,40.56,97.34
4,152,9.79,23.49
4,158,44.95,107.88
4,160,48.83,117.19
4,162,25.78,61.88
4,164,39.61,95.06
4,166,31.63,75.9
4,170,37.32,89.56
5,152,10.47,25.14
5,158,40.13,96.32
5,160,51.6,123.85
5,162,19.86,47.66
5,164,44.92,107.81
5,166,37.56,90.15
5,170,36.62,87.9
6,152,18.24,43.77
6,158,46.85,112.45
6,160,58.35,140.03
6,162,22.42,53.81
6,164,47.84,114.81
6,166,36.85,88.44
6,170,45.11,108.26
7,152,22.31,53.55
7,158,23.63,56.71
7,160,38.15,91.57
7,162,31.83,76.38
7,164,49.8,119.53
7,166,54.2,130.08
7,170,10.79,25.89
8,152,8.71,20.9
8,158,32.66,78.38
8,160,37.53,90.08
8,162,27.5,66.01
8,164,40.52,97.24
8,166,41.53,99.68
8,170,19.25,46.2
10,152,18.89,45.34
10,158,29.86,71.65
10,160,58.16,139.59
10,162,7.47,17.93
10,164,56.42,135.4
10,166,50.52,121.25
10,170,36.97,88.72
11,152,18.71,44.9
11,158,20.64,49.53
11,160,45.13,108.32
11,162,22.82,54.77
11,164,52.27,125.45
11,166,53.27,127.84
11,170,19.57,46.96
12,152,14.81,35.54
12,158,24.64,59.15
12,160,49.03,117.67
12,162,16.35,39.24
12,164,51.68,124.03
12,166,49.73,119.35
12,170,26.2,62.87
13,152,21.85,52.44
13,158,21.48,51.56
13,160,56.88,136.51
13,162,10.02,24.05
13,164,59.36,142.47
13,166,56.0,134.41
13,170,32.57,78.18
14,152,10.17,24.4
14,158,28.96,69.5
14,160,41.92,100.61
14,162,23.13,55.51
14,164,44.97,107.92
14,166,44.78,107.48
14,170,21.19,50.85
16,152,12.63,30.3
16,158,50.19,120.45
16,160,34.75,83.4
16,162,38.53,92.48
16,164,25.33,60.8
16,166,23.98,57.56
16,170,31.35,75.25
17,152,19.29,46.31
17,158,57.98,139.14
17,160,44.79,107.49
17,162,40.63,97.51
17,164,27.55,66.13
17,166,16.77,40.25
17,170,42.88,102.9
19,152,20.94,50.27
19,158,52.24,125.37
19,160,22.56,54.14
19,162,46.99,112.77
19,164,20.43,49.04
19,166,28.87,69.28
19,170,26.12,62.68
20,152,14.76,35.42
20,158,41.65,99.97
20,160,26.77,64.24
20,162,38.65,92.77
20,164,30.97,74.33
20,166,36.49,87.58
20,170,17.66,42.39
21,152,15.46,37.11
21,158,46.16,110.79
21,160,26.1,62.63
21,162,41.01,98.43
21,164,26.38,63.3
21,166,31.89,76.53
21,170,22.13,53.12
22,152,38.95,93.49
22,158,61.07,146.58
22,160,3.57,8.56
22,162,63.35,152.04
22,164,25.74,61.77
22,166,42.98,103.15
22,170,29.05,69.72
23,152,21.19,50.85
23,158,40.61,97.47
23,160,22.6,54.25
23,162,42.63,102.31
23,164,34.03,81.68
23,166,42.49,101.98
23,170,11.85,28.45
24,152,29.47,70.72
24,158,42.85,102.83
24,160,18.33,43.98
24,162,49.35,118.44
24,164,37.42,89.82
24,166,48.79,117.11
24,170,10.56,25.34
25,152,13.46,32.31
25,158,35.93,86.23
25,160,30.64,73.54
25,162,34.38,82.51
25,164,36.65,87.96
25,166,40.95,98.28
25,170,14.67,35.2
26,152,19.55,46.91
26,158,19.26,46.23
26,160,49.08,117.79
26,162,18.91,45.39
26,164,54.9,131.76
26,166,54.54,130.91
26,170,23.68,56.82
27,152,21.35,51.25
27,158,18.28,43.87
27,160,52.7,126.48
27,162,15.78,37.88
27,164,57.69,138.46
27,166,56.32,135.16
27,170,27.26,65.42
28,152,9.32,22.36
28,158,48.01,115.21
28,160,39.25,94.2
28,162,34.13,81.92
28,164,29.88,71.71
28,166,25.73,61.75
28,170,32.64,78.34
29,152,10.83,26.0
29,158,49.49,118.78
29,160,42.66,102.38
29,162,33.45,80.28
29,164,31.4,75.36
29,166,24.75,59.39
29,170,35.95,86.27
30,152,30.98,74.34
30,158,48.36,116.07
30,160,12.93,31.04
30,162,52.95,127.09
30,164,32.67,78.42
30,166,45.67,109.62
30,170,16.27,39.05
31,152,32.72,78.53
31,158,47.08,112.99
31,160,14.19,34.06
31,162,53.53,128.47
31,164,35.95,86.29
31,166,48.96,117.49
31,170,14.69,35.25
32,152,26.54,63.71
32,158,64.81,155.54
32,160,38.74,92.98
32,162,50.72,121.74
32,164,16.7,40.08
32,166,9.77,23.45
32,170,44.25,106.2
33,152,18.12,43.48
33,158,51.75,124.19
33,160,55.27,132.66
33,162,29.06,69.75
33,164,41.97,100.73
33,166,29.91,71.77
33,170,45.64,109.53
35,152,25.36,60.86
35,158,22.17,53.22
35,160,61.26,147.02
35,162,6.85,16.44
35,164,63.08,151.38
35,166,58.75,140.99
35,170,36.81,88.34
36,152,29.18,70.03
36,158,59.12,141.89
36,160,17.29,41.51
36,162,55.23,132.55
36,164,15.54,37.3
36,166,29.68,71.23
36,170,30.42,73.01
37,152,29.73,71.36
37,158,62.1,149.04
37,160,21.41,51.38
37,162,56.07,134.58
37,164,11.13,26.71
37,166,25.18,60.44
37,170,34.55,82.92
38,152,28.04,67.29
38,158,62.81,150.75
38,160,26.71,64.1
38,162,54.28,130.28
38,164,9.9,23.75
38,166,20.01,48.01
38,170,37.24,89.37
40,152,30.1,72.24
40,158,52.56,126.13
40,160,11.16,26.79
40,162,54.06,129.74
40,164,26.43,63.43
40,166,40.15,96.36
40,170,21.37,51.29
41,152,26.86,64.47
41,158,26.42,63.41
41,160,34.78,83.48
41,162,37.82,90.78
41,164,49.96,119.91
41,166,56.53,135.68
41,170,6.0,14.39
43,152,33.25,79.8
43,158,13.68,32.83
43,160,48.07,115.38
43,162,33.74,80.97
43,164,62.35,149.64
43,166,66.56,159.75
43,170,19.25,46.19
44,152,24.75,59.4
44,158,15.77,37.84
44,160,46.73,112.14
44,162,26.0,62.39
44,164,56.8,136.32
44,166,58.98,141.56
44,170,18.96,45.51
45,152,1.64,3.93
45,158,37.79,90.69
45,160,42.69,102.45
45,162,24.72,59.33
45,164,39.36,94.46
45,166,36.18,86.83
45,170,28.06,67.33
46,152,3.02,7.24
46,158,40.94,98.27
46,160,38.8,93.12
46,162,29.37,70.49
46,164,34.79,83.5
46,166,32.78,78.66
46,170,27.11,65.06
48,152,33.43,80.24
48,158,71.76,172.22
48,160,41.95,100.67
48,162,57.09,137.02
48,164,15.6,37.44
48,166,4.64,11.14
48,170,50.54,121.31
49,152,32.85,78.83
49,158,71.62,171.88
49,160,47.09,113.02
49,162,54.67,131.2
49,164,21.72,52.13
49,166,2.93,7.02
49,170,52.93,127.04
50,152,15.21,36.5
50,158,53.94,129.46
50,160,40.05,96.11
50,162,38.98,93.56
50,164,26.09,62.62
50,166,19.81,47.55
50,170,37.36,89.66
51,152,23.09,55.42
51,158,31.62,75.88
51,160,62.85,150.84
51,162,4.4,10.55
51,164,60.21,144.5
51,166,53.12,127.49
51,170,41.55,99.72
52,152,29.79,71.5
52,158,8.99,21.58
52,160,54.76,131.43
52,162,22.96,55.11
52,164,64.06,153.75
52,166,64.74,155.37
52,170,26.71,64.11
53,152,28.83,69.2
53,158,11.85,28.43
53,160,58.07,139.38
53,162,17.54,42.09
53,164,64.89,155.75
53,166,63.79,153.09
53,170,30.9,74.17
54,152,34.45,82.69
54,158,64.11,153.87
54,160,16.15,38.76
54,162,60.57,145.38
54,164,13.35,32.04
54,166,30.63,73.51
54,170,34.54,82.9
55,152,41.45,99.48
55,158,70.07,168.16
55,160,15.78,37.86
55,162,67.53,162.07
55,164,14.93,35.84
55,166,34.45,82.67
55,170,39.45,94.67
56,152,41.94,100.66
56,158,66.09,158.61
56,160,7.42,17.81
56,162,67.06,160.96
56,164,22.91,54.99
56,166,41.5,99.6
56,170,34.26,82.21
57,152,37.85,90.84
57,158,56.14,134.73
57,160,5.07,12.16
57,162,60.81,145.95
57,164,31.08,74.59
57,166,46.98,112.76
57,170,23.78,57.08
58,152,33.69,80.85
58,158,67.84,162.81
58,160,26.03,62.48
58,162,59.95,143.88
58,164,4.79,11.5
58,166,21.09,50.61
58,170,40.93,98.24
59,152,31.2,74.89
59,158,69.82,167.56
59,160,51.02,122.45
59,162,50.92,122.2
59,164,27.26,65.43
59,166,8.75,21.01
59,170,53.81,129.14
60,152,28.44,68.25
60,158,66.29,159.1
60,160,53.88,129.31
60,162,45.69,109.67
60,164,32.43,77.84
60,166,15.13,36.31
60,170,53.21,127.71
61,152,23.41,56.18
61,158,53.39,128.13
61,160,61.78,148.27
61,162,28.05,67.32
61,164,48.15,115.55
61,166,34.67,83.2
61,170,50.8,121.92
62,152,19.11,45.85
62,158,32.13,77.11
62,160,30.55,73.31
62,162,35.95,86.28
62,164,41.46,99.5
62,166,47.28,113.47
62,170,8.43,20.22
63,152,28.62,68.7
63,158,35.17,84.42
63,160,26.16,62.77
63,162,44.63,107.1
63,164,44.11,105.86
63,166,53.39,128.15
63,170,2.81,6.74
64,152,5.49,13.17
64,158,33.77,81.05
64,160,44.39,106.55
64,162,21.53,51.67
64,164,43.1,103.43
64,166,40.31,96.75
64,170,26.9,64.57
65,152,7.63,18.31
65,158,36.93,88.64
65,160,34.79,83.49
65,162,30.7,73.68
65,164,36.19,86.85
65,166,37.6,90.24
65,170,20.26,48.62
66,152,25.3,60.71
66,158,39.18,94.03
66,160,22.23,53.35
66,162,44.66,107.18
66,164,37.93,91.03
66,166,47.42,113.82
66,170,7.89,18.94
67,152,22.32,53.57
67,158,26.64,63.93
67,160,60.31,144.74
67,162,4.78,11.47
67,164,60.05,144.12
67,166,54.67,131.2
67,170,37.53,90.07
68,152,30.35,72.84
68,158,10.17,24.4
68,160,51.27,123.06
68,162,27.39,65.74
68,164,62.59,150.23
68,166,64.81,155.54
68,170,22.73,54.55
69,152,34.51,82.82
69,158,4.28,10.27
69,160,57.94,139.05
69,162,25.85,62.04
69,164,68.44,164.26
69,166,69.44,166.65
69,170,29.39,70.52
70,152,35.82,85.96
70,158,8.6,20.65
70,160,53.3,127.91
70,162,32.23,77.35
70,164,66.77,160.26
70,166,69.96,167.91
70,170,24.46,58.7
73,152,30.07,72.17
73,158,20.64,49.54
73,160,40.87,98.09
73,162,36.21,86.91
73,164,56.05,134.53
73,166,61.67,148.02
73,170,12.05,28.92
74,152,15.15,36.36
74,158,25.78,61.87
74,160,40.13,96.31
74,162,26.09,62.62
74,164,46.87,112.49
74,166,48.72,116.93
74,170,16.49,39.57
75,152,41.91,100.58
75,158,3.14,7.54
75,160,63.34,152.01
75,162,31.27,75.05
75,164,75.42,181.0
75,166,76.83,184.38
75,170,34.51,82.82
76,152,39.34,94.42
76,158,77.6,186.23
76,160,44.5,106.81
76,162,62.88,150.91
76,164,16.06,38.54
76,166,6.61,15.86
76,170,55.59,133.42
77,152,13.98,33.55
77,158,31.4,75.36
77,160,34.18,82.02
77,162,31.22,74.92
77,164,41.15,98.77
77,166,44.62,107.1
77,170,13.74,32.97
78,152,34.95,83.88
78,158,69.2,166.09
78,160,66.31,159.15
78,162,44.44,106.65
78,164,45.67,109.6
78,166,27.37,65.68
78,170,61.95,148.69
79,152,40.77,97.86
79,158,5.82,13.98
79,160,58.88,141.31
79,162,33.82,81.17
79,164,72.53,174.07
79,166,75.27,180.65
79,170,30.08,72.18
80,152,36.39,87.33
80,158,16.07,38.57
80,160,68.61,164.66
80,162,16.04,38.5
80,164,73.69,176.86
80,166,70.45,169.08
80,170,41.58,99.79
81,152,35.37,84.88
81,158,67.32,161.57
81,160,69.47,166.73
81,162,41.31,99.14
81,164,50.33,120.79
81,166,32.64,78.34
81,170,62.82,150.77
82,152,4.89,11.74
82,158,35.41,84.98
82,160,38.72,92.92
82,162,26.93,64.63
82,164,38.84,93.21
82,166,38.39,92.14
82,170,22.76,54.63
83,152,44.83,107.59
83,158,83.61,200.65
83,160,56.53,135.67
83,162,65.14,156.32
83,164,28.31,67.94
83,166,11.02,26.44
83,170,65.01,156.02
84,152,23.24,55.77
84,158,47.91,114.99
84,160,63.78,153.07
84,162,21.26,51.01
84,164,53.15,127.55
84,166,41.21,98.91
84,170,49.42,118.62
85,152,17.52,42.05
85,158,37.41,89.78
85,160,58.65,140.75
85,162,12.73,30.54
85,164,53.07,127.37
85,166,44.93,107.82
85,170,40.7,97.67
86,152,34.3,82.32
86,158,72.01,172.83
86,160,38.62,92.69
86,162,58.88,141.31
86,164,11.54,27.7
86,166,8.51,20.43
86,170,49.19,118.06
87,152,34.47,82.73
87,158,66.86,160.46
87,160,21.86,52.47
87,162,60.83,145.99
87,164,7.7,18.48
87,166,25.32,60.76
87,170,38.66,92.79
88,152,37.54,90.09
88,158,51.75,124.19
88,160,10.47,25.13
88,162,58.78,141.08
88,164,36.14,86.75
88,166,50.9,122.15
88,170,19.39,46.53
90,152,43.35,104.03
90,158,81.99,196.79
90,160,50.77,121.84
90,162,65.54,157.29
90,164,22.1,53.04
90,166,8.35,20.05
90,170,61.28,147.08
91,152,28.35,68.05
91,158,60.7,145.69
91,160,63.7,152.88
91,162,35.57,85.36
91,164,46.64,111.93
91,166,30.74,73.78
91,170,55.85,134.04
93,152,36.28,87.08
93,158,4.91,11.78
93,160,56.43,135.44
93,162,29.87,71.7
93,164,68.73,164.95
93,166,70.91,170.19
93,170,27.62,66.29
94,152,44.3,106.33
94,158,65.26,156.63
94,160,4.11,9.85
94,162,68.57,164.56
94,164,28.34,68.02
94,166,46.71,112.1
94,170,32.94,79.07
95,152,33.55,80.51
95,158,53.07,127.36
95,160,8.5,20.39
95,162,56.66,135.99
95,164,29.61,71.06
95,166,44.21,106.11
95,170,21.01,50.43
97,152,28.75,69.0
97,158,24.25,58.21
97,160,65.56,157.34
97,162,4.99,11.98
97,164,66.52,159.64
97,166,61.17,146.82
97,170,41.18,98.84
98,152,38.39,92.14
98,158,69.85,167.65
98,160,20.81,49.95
98,162,64.73,155.35
98,164,8.67,20.82
98,166,28.09,67.41
98,170,40.72,97.73
99,152,49.55,118.91
99,158,88.33,211.99
99,160,58.46,140.31
99,162,70.22,168.53
99,164,29.56,70.94
99,166,14.95,35.88
99,170,68.79,165.09
100,152,12.21,29.31
100,158,45.28,108.67
100,160,29.63,71.1
100,162,38.18,91.63
100,164,27.58,66.2
100,166,30.71,73.7
100,170,23.75,57.01
102,152,47.24,113.38
102,158,9.13,21.9
102,160,65.4,156.96
102,162,37.48,89.95
102,164,79.47,190.74
102,166,81.95,196.67
102,170,36.7,88.09
103,152,41.93,100.63
103,158,4.47,10.72
103,160,65.62,157.48
103,162,29.03,69.66
103,164,76.47,183.53
103,166,76.95,184.68
103,170,36.87,88.48
105,152,20.04,48.1
105,158,28.48,68.34
105,160,33.78,81.07
105,162,33.93,81.42
105,164,45.01,108.02
105,166,50.15,120.35
105,170,8.58,20.58
106,152,28.01,67.22
106,158,33.37,80.08
106,160,67.9,162.97
106,162,4.8,11.51
106,164,64.8,155.53
106,166,56.83,136.38
106,170,46.23,110.95
107,152,43.72,104.93
107,158,61.94,148.66
107,160,3.1,7.45
107,162,67.02,160.84
107,164,32.05,76.91
107,166,49.62,119.08
107,170,29.53,70.88
108,152,36.87,88.5
108,158,38.69,92.86
108,160,25.89,62.14
108,162,51.9,124.56
108,164,48.61,116.68
108,166,59.94,143.84
108,170,9.92,23.82
109,152,36.16,86.78
109,158,44.7,107.29
109,160,18.42,44.22
109,162,54.59,131.03
109,164,42.2,101.28
109,166,55.02,132.05
109,170,13.0,31.19
110,152,47.98,115.15
110,158,9.22,22.12
110,160,68.71,164.91
110,162,35.64,85.53
110,164,81.51,195.61
110,166,82.93,199.04
110,170,39.89,95.74
111,152,42.34,101.62
111,158,56.42,135.4
111,160,8.55,20.52
111,162,63.92,153.42
111,164,37.04,88.89
111,166,53.21,127.71
111,170,24.21,58.11
112,152,41.1,98.63
112,158,42.94,103.06
112,160,24.55,58.92
112,162,56.74,136.19
112,164,49.57,118.97
112,166,62.23,149.35
112,170,14.67,35.22
113,152,50.82,121.97
113,158,12.33,29.59
113,160,72.34,173.63
113,162,36.88,88.51
113,164,84.84,203.62
113,166,85.83,205.99
113,170,43.52,104.45
114,152,46.03,110.48
114,158,56.84,136.42
114,160,13.01,31.23
114,162,66.48,159.55
114,164,41.91,100.58
114,166,58.17,139.61
114,170,25.39,60.93
115,152,4.92,11.81
115,158,42.15,101.15
115,160,44.56,106.93
115,162,26.2,62.87
115,164,37.81,90.75
115,166,32.46,77.9
115,170,32.43,77.83
118,152,32.17,77.22
118,158,25.36,60.86
118,160,37.06,88.95
118,162,40.98,98.35
118,164,54.54,130.89
118,166,61.82,148.38
118,170,8.99,21.59
119,152,41.8,100.32
119,158,39.51,94.83
119,160,29.13,69.92
119,162,55.33,132.79
119,164,53.4,128.15
119,166,65.17,156.42
119,170,14.39,34.53
121,152,36.51,87.63
121,158,72.48,173.94
121,160,32.46,77.9
121,162,62.25,149.4
121,164,3.97,9.52
121,166,16.06,38.55
121,170,46.9,112.57
122,152,22.06,52.95
122,158,37.09,89.0
122,160,24.97,59.93
122,162,41.27,99.05
122,164,38.06,91.34
122,166,46.1,110.64
122,170,7.97,19.12
123,152,35.98,86.36
123,158,49.46,118.7
123,160,77.21,185.3
123,162,20.87,50.09
123,164,68.02,163.26
123,166,55.53,133.26
123,170,59.4,142.57
124,152,42.47,101.93
124,158,81.19,194.85
124,160,56.51,135.61
124,162,62.19,149.25
124,164,28.97,69.54
124,166,10.11,24.26
124,170,63.54,152.49
125,152,19.68,47.22
125,158,47.89,114.95
125,160,21.75,52.2
125,162,44.79,107.5
125,164,25.17,60.4
125,166,33.49,80.38
125,170,21.14,50.73
126,152,50.38,120.92
126,158,89.17,214.0
126,160,59.48,142.76
126,162,70.86,170.07
126,164,30.56,73.35
126,166,15.89,38.14
126,170,69.78,167.46
127,152,36.33,87.19
127,158,6.4,15.35
127,160,55.26,132.63
127,162,31.06,74.56
127,164,68.14,163.52
127,166,70.77,169.85
127,170,26.43,63.42
128,152,33.03,79.26
128,158,47.6,114.25
128,160,74.26,178.21
128,162,18.9,45.36
128,164,65.35,156.83
128,166,53.27,127.84
128,170,56.58,135.79
129,152,12.25,29.4
129,158,48.98,117.55
129,160,48.34,116.02
129,162,29.8,71.52
129,164,36.71,88.1
129,166,27.56,66.15
129,170,39.41,94.58
132,152,16.78,40.28
132,158,43.04,103.3
132,160,57.74,138.57
132,162,18.78,45.08
132,164,49.23,118.14
132,166,39.54,94.89
132,170,42.74,102.57
133,152,22.73,54.55
133,158,57.92,139.02
133,160,27.77,66.66
133,162,49.0,117.59
133,164,15.15,36.35
133,166,21.03,50.47
133,170,33.74,80.98
134,152,20.13,48.31
134,158,54.97,131.93
134,160,55.29,132.69
134,162,32.51,78.03
134,164,40.2,96.48
134,166,27.0,64.8
134,170,47.45,113.89
135,152,37.36,89.66
135,158,17.63,42.32
135,160,70.17,168.4
135,162,15.89,38.14
135,164,74.81,179.54
135,166,71.16,170.79
135,170,43.26,103.83
136,152,28.39,68.13
136,158,15.15,36.36
136,160,60.28,144.68
136,162,13.68,32.82
136,164,65.35,156.83
136,166,62.98,151.14
136,170,33.87,81.29
137,152,46.92,112.6
137,158,85.69,205.66
137,160,56.01,134.42
137,162,67.93,163.02
137,164,27.26,65.43
137,166,12.2,29.29
137,170,66.03,158.46
138,152,45.62,109.48
138,158,54.79,131.5
138,160,15.07,36.17
138,162,65.3,156.73
138,164,43.6,104.64
138,166,59.35,142.45
138,170,23.75,57.0
139,152,34.14,81.94
139,158,38.22,91.72
139,160,74.52,178.84
139,162,11.07,26.58
139,164,70.14,168.32
139,166,60.72,145.74
139,170,53.04,127.3
140,152,17.6,42.25
140,158,25.71,61.7
140,160,38.08,91.39
140,162,29.08,69.78
140,164,46.89,112.54
140,166,50.08,120.19
140,170,13.26,31.83
141,152,26.02,62.45
141,158,59.28,142.27
141,160,61.07,146.58
141,162,34.9,83.77
141,164,44.33,106.39
141,166,28.99,69.57
141,170,53.46,128.31
142,152,46.15,110.76
142,158,84.91,203.77
142,160,58.23,139.75
142,162,66.06,158.54
142,164,29.95,71.89
142,166,12.67,30.4
142,170,66.62,159.88
143,152,20.26,48.64
143,158,58.92,141.4
143,160,45.45,109.08
143,162,41.3,99.12
143,164,27.59,66.22
143,166,16.07,38.56
143,170,43.87,105.29
144,152,11.66,27.98
144,158,48.33,115.99
144,160,48.15,115.56
144,162,29.29,70.3
144,164,36.93,88.64
144,166,28.08,67.39
144,170,38.88,93.32
146,152,44.52,106.84
146,158,52.29,125.5
146,160,16.84,40.42
146,162,63.47,152.32
146,164,44.76,107.41
146,166,59.88,143.72
146,170,21.61,51.87
147,152,48.14,115.54
147,158,61.13,146.72
147,160,10.95,26.28
147,162,69.65,167.17
147,164,40.1,96.24
147,166,57.36,137.66
147,170,29.32,70.36
148,152,35.15,84.35
148,158,64.31,154.35
148,160,15.25,36.61
148,162,61.2,146.89
148,164,14.09,33.83
148,166,31.62,75.88
148,170,34.46,82.7
149,152,37.4,89.76
149,158,54.79,131.49
149,160,78.24,187.78
149,162,26.08,62.6
149,164,66.77,160.25
149,166,52.85,126.83
149,170,62.38,149.71
150,152,34.78,83.47
150,158,59.81,143.55
150,160,73.73,176.95
150,162,31.84,76.41
150,164,58.94,141.46
150,166,43.43,104.23
150,170,61.72,148.13
151,152,24.56,58.94
151,158,60.3,144.73
151,160,56.77,136.24
151,162,37.75,90.6
151,164,38.92,93.4
151,166,23.58,56.59
151,170,51.39,123.34
153,1,33.94,81.45
153,2,35.2,84.48
153,3,15.91,38.19
153,4,11.37,27.29
153,5,11.37,27.28
153,6,19.45,46.68
153,7,20.53,49.28
153,8,6.98,16.76
153,10,18.49,44.38
153,11,16.99,40.77
153,12,13.47,32.33
153,13,20.79,49.91
153,14,8.43,20.23
153,16,13.73,32.96
153,17,21.0,50.41
153,19,21.12,50.68
153,20,14.09,33.81
153,21,15.35,36.84
153,22,38.61,92.66
153,23,20.17,48.41
153,24,28.36,68.07
153,25,12.19,29.25
153,26,17.98,43.15
153,27,19.94,47.87
153,28,10.84,26.01
153,29,12.57,30.16
153,30,30.15,72.36
153,31,31.75,76.2
153,32,27.93,67.04
153,33,19.73,47.36
153,35,24.47,58.72
153,36,29.37,70.49
153,37,30.21,72.5
153,38,28.8,69.13
153,40,29.62,71.08
153,41,25.15,60.36
153,43,31.46,75.51
153,44,23.0,55.2
153,45,2.15,5.17
153,46,3.97,9.52
153,48,34.85,83.64
153,49,34.44,82.65
153,50,16.77,40.24
153,51,22.86,54.87
153,52,28.19,67.65
153,53,27.42,65.8
153,54,34.69,83.26
153,55,41.67,100.01
153,56,41.79,100.3
153,57,37.23,89.34
153,58,34.42,82.62
153,59,32.92,79.0
153,60,30.22,72.53
153,61,24.85,59.63
153,62,17.57,42.16
153,63,27.17,65.21
153,64,4.5,10.79
153,65,6.47,15.53
153,66,24.09,57.81
153,67,21.7,52.08
153,68,28.63,68.72
153,69,32.9,78.95
153,70,34.07,81.77
153,73,28.29,67.88
153,74,13.35,32.05
153,75,40.3,96.71
153,76,40.75,97.8
153,77,12.35,29.63
153,78,36.69,88.05
153,79,39.07,93.76
153,80,35.27,84.64
153,81,37.02,88.85
153,82,3.23,7.75
153,83,46.47,111.54
153,84,24.29,58.29
153,85,17.87,42.88
153,86,35.58,85.39
153,87,35.0,84.01
153,88,36.66,87.98
153,90,44.87,107.69
153,91,29.99,71.97
153,93,34.6,83.03
153,94,43.95,105.48
153,95,32.92,79.02
153,97,28.02,67.26
153,98,38.86,93.26
153,99,51.16,122.78
153,100,12.31,29.54
153,102,45.57,109.38
153,103,40.39,96.94
153,105,18.36,44.05
153,106,27.85,66.85
153,107,43.18,103.62
153,108,35.43,85.03
153,109,34.96,83.91
153,110,46.38,111.32
153,111,41.53,99.68
153,112,39.72,95.33
153,113,49.26,118.23
153,114,45.1,108.24
153,115,6.6,15.85
153,118,30.44,73.05
153,119,40.3,96.72
153,121,37.51,90.02
153,122,20.79,49.88
153,123,36.6,87.83
153,124,44.15,105.95
153,125,19.43,46.62
153,126,52.01,124.81
153,127,34.61,83.08
153,128,33.64,80.73
153,129,14.01,33.62
153,132,17.72,42.52
153,133,23.5,56.4
153,134,21.84,52.41
153,135,36.3,87.11
153,136,27.15,65.16
153,137,48.51,116.43
153,138,44.6,107.05
153,139,34.15,81.96
153,140,15.82,37.97
153,141,27.69,66.45
153,142,47.81,114.75
153,143,21.98,52.76
153,144,13.41,32.18
153,146,43.42,104.22
153,147,47.35,113.64
153,148,35.35,84.83
153,149,38.27,91.85
153,150,36.06,86.55
153,151,26.32,63.18
159,1,28.0,67.19
159,2,17.2,41.27
159,3,53.25,127.81
159,4,46.57,111.76
159,5,41.84,100.42
159,6,48.67,116.82
159,7,24.08,57.8
159,8,33.77,81.05
159,10,31.76,76.23
159,11,21.79,52.31
159,12,26.22,62.94
159,13,23.37,56.1
159,14,30.23,72.55
159,16,51.37,123.29
159,17,59.4,142.57
159,19,53.01,127.22
159,20,42.43,101.82
159,21,47.01,112.81
159,22,61.24,146.97
159,23,41.05,98.52
159,24,42.9,102.95
159,25,36.72,88.14
159,26,20.71,49.71
159,27,19.96,47.9
159,28,49.33,118.4
159,29,50.92,122.2
159,30,48.49,116.37
159,31,47.07,112.98
159,32,66.01,158.43
159,33,53.47,128.33
159,35,24.16,57.99
159,36,59.73,143.36
159,37,62.83,150.79
159,38,63.7,152.88
159,40,52.86,126.86
159,41,26.44,63.45
159,43,13.32,31.97
159,44,16.59,39.82
159,45,39.21,94.11
159,46,42.24,101.38
159,48,72.96,175.11
159,49,72.95,175.09
159,50,55.27,132.65
159,51,33.59,80.62
159,52,10.44,25.07
159,53,13.76,33.01
159,54,64.66,155.19
159,55,70.51,169.22
159,56,66.31,159.14
159,57,56.17,134.8
159,58,68.65,164.75
159,59,71.27,171.05
159,60,67.85,162.85
159,61,55.22,132.53
159,62,32.63,78.32
159,63,35.12,84.29
159,64,35.24,84.57
159,65,38.01,91.21
159,66,39.38,94.5
159,67,28.6,68.63
159,68,10.79,25.89
159,69,5.78,13.88
159,70,8.08,19.39
159,73,20.45,49.09
159,74,26.78,64.28
159,75,2.13,5.12
159,76,78.78,189.07
159,77,32.22,77.34
159,78,70.98,170.34
159,79,4.11,9.86
159,80,17.96,43.11
159,81,69.16,165.99
159,82,36.65,87.95
159,83,84.99,203.98
159,84,49.82,119.57
159,85,39.29,94.29
159,86,73.13,175.5
159,87,67.55,162.13
159,88,51.64,123.92
159,90,83.27,199.84
159,91,62.51,150.02
159,93,4.83,11.59
159,94,65.32,156.76
159,95,53.21,127.7
159,97,26.27,63.05
159,98,70.47,169.13
159,99,89.68,215.23
159,100,46.25,111.01
159,102,7.32,17.57
159,103,5.07,12.17
159,105,28.97,69.52
159,106,35.38,84.91
159,107,61.89,148.54
159,108,38.23,91.75
159,109,44.44,106.67
159,110,8.14,19.53
159,111,56.22,134.93
159,112,42.36,101.67
159,113,11.53,27.67
159,114,56.47,135.53
159,115,43.65,104.75
159,118,24.96,59.92
159,119,38.79,93.09
159,121,73.41,176.18
159,122,37.43,89.83
159,123,51.47,123.54
159,124,82.61,198.27
159,125,48.58,116.59
159,126,90.53,217.27
159,127,5.98,14.35
159,128,49.61,119.07
159,129,50.56,121.34
159,132,44.87,107.7
159,133,58.87,141.29
159,134,56.67,136.01
159,135,19.49,46.77
159,136,17.14,41.13
159,137,87.03,208.87
159,138,54.37,130.49
159,139,40.23,96.54
159,140,26.48,63.56
159,141,61.05,146.53
159,142,86.31,207.14
159,143,60.35,144.85
159,144,49.91,119.78
159,146,51.83,124.4
159,147,60.82,145.97
159,148,64.83,155.6
159,149,56.8,136.31
159,150,61.77,148.24
159,151,61.98,148.76
161,1,33.68,80.83
161,2,44.22,106.13
161,3,46.68,112.03
161,4,47.71,114.51
161,5,50.32,120.76
161,6,57.21,137.3
161,7,36.22,86.94
161,8,35.93,86.22
161,10,56.59,135.81
161,11,43.3,103.91
161,12,47.33,113.59
161,13,55.14,132.33
161,14,40.26,96.63
161,16,33.91,81.39
161,17,44.23,106.16
161,19,21.79,52.3
161,20,25.32,60.77
161,21,24.93,59.84
161,22,4.25,10.19
161,23,20.86,50.07
161,24,16.35,39.23
161,25,29.0,69.6
161,26,47.26,113.43
161,27,50.89,122.14
161,28,38.3,91.91
161,29,41.76,100.21
161,30,11.02,26.45
161,31,12.19,29.26
161,32,38.65,92.75
161,33,54.33,130.4
161,35,59.52,142.86
161,36,17.19,41.24
161,37,21.54,51.69
161,38,26.77,64.24
161,40,9.84,23.6
161,41,32.8,78.71
161,43,46.08,110.59
161,44,44.8,107.52
161,45,41.33,99.19
161,46,37.54,90.09
161,48,42.15,101.17
161,49,47.14,113.14
161,50,39.36,94.47
161,51,61.29,147.08
161,52,52.83,126.79
161,53,56.19,134.86
161,54,16.67,40.01
161,55,17.05,40.93
161,56,9.0,21.59
161,57,3.07,7.37
161,58,26.51,63.63
161,59,50.88,122.12
161,60,53.52,128.44
161,61,60.8,145.93
161,62,28.69,68.87
161,63,24.16,57.98
161,64,42.91,102.98
161,65,33.31,79.93
161,66,20.31,48.74
161,67,58.66,140.78
161,68,49.31,118.35
161,69,55.98,134.34
161,70,51.3,123.13
161,73,38.88,93.3
161,74,38.34,92.01
161,75,61.35,147.25
161,76,44.95,107.88
161,77,32.44,77.84
161,78,65.79,157.9
161,79,56.88,136.52
161,80,66.74,160.19
161,81,68.82,165.17
161,82,37.24,89.37
161,83,56.87,136.49
161,84,62.61,150.26
161,85,57.25,137.39
161,86,38.95,93.47
161,87,22.43,53.83
161,88,8.55,20.53
161,90,51.23,122.95
161,91,62.93,151.04
161,93,54.45,130.68
161,94,6.1,14.65
161,95,6.73,16.16
161,97,63.84,153.21
161,98,21.72,52.13
161,99,58.97,141.52
161,100,28.48,68.35
161,102,63.4,152.16
161,103,63.64,152.74
161,105,31.89,76.53
161,106,66.34,159.21
161,107,3.82,9.17
161,108,23.96,57.51
161,109,16.49,39.58
161,110,66.72,160.12
161,111,7.26,17.41
161,112,22.75,54.61
161,113,70.35,168.84
161,114,12.01,28.83
161,115,43.35,104.05
161,118,35.06,84.15
161,119,27.31,65.54
161,121,33.03,79.28
161,122,23.11,55.46
161,123,75.89,182.15
161,124,56.74,136.17
161,125,20.59,49.41
161,126,59.99,143.98
161,127,53.27,127.86
161,128,72.94,175.05
161,129,47.38,113.7
161,132,56.5,135.59
161,133,27.45,65.88
161,134,54.46,130.7
161,135,68.31,163.95
161,136,58.45,140.27
161,137,56.47,135.53
161,138,13.87,33.28
161,139,72.98,175.15
161,140,36.23,86.96
161,141,60.3,144.73
161,142,58.58,140.59
161,143,44.93,107.82
161,144,47.16,113.19
161,146,15.43,37.03
161,147,10.65,25.56
161,148,15.84,38.01
161,149,77.05,184.91
161,150,72.75,174.61
161,151,56.11,134.66
163,1,43.83,105.19
163,2,37.91,90.99
163,3,33.46,80.3
163,4,26.27,63.06
163,5,20.34,48.81
163,6,23.49,56.37
163,7,30.49,73.18
163,8,26.8,64.31
163,10,7.52,18.05
163,11,21.49,51.58
163,12,15.35,36.84
163,13,8.55,20.53
163,14,22.32,53.57
163,16,38.54,92.49
163,17,41.14,98.73
163,19,46.62,111.9
163,20,38.04,91.3
163,21,40.57,97.38
163,22,62.65,150.37
163,23,41.77,100.25
163,24,48.33,115.98
163,25,33.6,80.65
163,26,17.51,42.03
163,27,14.28,34.27
163,28,34.26,82.22
163,29,33.76,81.02
163,30,52.06,124.94
163,31,52.54,126.1
163,32,51.04,122.49
163,33,29.99,71.97
163,35,5.13,12.32
163,36,54.85,131.64
163,37,55.84,134.02
163,38,54.21,130.1
163,40,53.34,128.03
163,41,36.46,87.5
163,43,32.07,76.97
163,44,24.45,58.67
163,45,24.57,58.98
163,46,29.21,70.11
163,48,57.49,137.98
163,49,55.24,132.57
163,50,39.27,94.24
163,51,5.52,13.24
163,52,21.24,50.97
163,53,15.8,37.92
163,54,60.21,144.5
163,55,67.14,161.14
163,56,66.46,159.51
163,57,59.97,143.93
163,58,59.87,143.68
163,59,51.63,123.92
163,60,46.53,111.68
163,61,29.28,70.28
163,62,34.9,83.75
163,63,43.42,104.21
163,64,21.19,50.86
163,65,30.16,72.37
163,66,43.64,104.74
163,67,3.99,9.58
163,68,25.7,61.69
163,69,24.11,57.86
163,70,30.5,73.21
163,73,34.68,83.24
163,74,24.99,59.97
163,75,29.55,70.93
163,76,63.31,151.95
163,77,30.29,72.69
163,78,45.68,109.64
163,79,32.08,76.99
163,80,14.61,35.07
163,81,42.68,102.42
163,82,26.45,63.49
163,83,65.87,158.1
163,84,22.62,54.29
163,85,13.63,32.71
163,86,59.17,142.01
163,87,60.63,145.5
163,88,57.8,138.73
163,90,66.12,158.68
163,91,36.82,88.36
163,93,28.13,67.52
163,94,67.84,162.81
163,95,55.85,134.04
163,97,3.61,8.67
163,98,64.49,154.78
163,99,70.95,170.27
163,100,37.84,90.81
163,102,35.77,85.84
163,103,27.35,65.64
163,105,32.75,78.61
163,106,6.53,15.66
163,107,66.18,158.84
163,108,50.59,121.42
163,109,53.45,128.28
163,110,33.98,81.55
163,111,62.95,151.08
163,112,55.44,133.05
163,113,35.28,84.67
163,114,65.41,156.98
163,115,26.36,63.27
163,118,39.5,94.79
163,119,53.93,129.44
163,121,62.35,149.63
163,122,40.28,96.67
163,123,22.62,54.28
163,124,62.96,151.11
163,125,44.27,106.24
163,126,71.6,171.85
163,127,29.33,70.39
163,128,20.64,49.53
163,129,30.36,72.86
163,132,19.77,47.45
163,133,48.91,117.38
163,134,33.45,80.27
163,135,14.59,35.01
163,136,11.93,28.64
163,137,68.62,164.68
163,138,64.19,154.05
163,139,12.62,30.29
163,140,27.9,66.96
163,141,36.06,86.56
163,142,66.83,160.39
163,143,41.84,100.41
163,144,29.83,71.58
163,146,62.31,149.55
163,147,68.65,164.77
163,148,60.81,145.96
163,149,27.82,66.76
163,150,33.43,80.24
163,151,38.73,92.96
165,1,53.8,129.13
165,2,61.84,148.43
165,3,34.84,83.61
165,4,39.92,95.8
165,5,45.09,108.22
165,6,48.36,116.07
165,7,48.72,116.92
165,8,39.87,95.69
165,10,56.33,135.19
165,11,51.5,123.61
165,12,51.22,122.93
165,13,58.99,141.57
165,14,44.39,106.54
165,16,25.3,60.72
165,17,28.41,68.18
165,19,19.42,46.6
165,20,30.0,72.0
165,21,25.52,61.24
165,22,23.68,56.83
165,23,32.7,78.47
165,24,35.77,85.84
165,25,35.71,85.71
165,26,54.25,130.2
165,27,57.12,137.1
165,28,30.0,71.99
165,29,31.74,76.17
165,30,30.9,74.17
165,31,34.16,81.99
165,32,17.84,42.83
165,33,42.67,102.42
165,35,62.78,150.67
165,36,13.92,33.42
165,37,9.77,23.44
165,38,9.53,22.86
165,40,24.65,59.15
165,41,48.67,116.8
165,43,61.21,146.89
165,44,55.88,134.12
165,45,39.17,94.01
165,46,34.56,82.94
165,48,17.35,41.64
165,49,23.42,56.21
165,50,26.55,63.73
165,51,60.22,144.52
165,52,63.25,151.8
165,53,64.26,154.22
165,54,11.37,27.29
165,55,12.89,30.93
165,56,20.82,49.97
165,57,29.08,69.8
165,58,3.91,9.39
165,59,28.83,69.2
165,60,33.81,81.14
165,61,48.94,117.46
165,62,40.3,96.73
165,63,42.6,102.23
165,64,42.81,102.75
165,65,35.57,85.36
165,66,36.44,87.47
165,67,59.88,143.71
165,68,61.64,147.94
165,69,67.58,162.19
165,70,65.71,157.7
165,73,54.81,131.55
165,74,46.07,110.56
165,75,74.49,178.77
165,76,18.09,43.43
165,77,40.24,96.58
165,78,47.07,112.97
165,79,71.48,171.56
165,80,73.23,175.74
165,81,51.62,123.9
165,82,38.37,92.09
165,83,30.35,72.84
165,84,53.73,128.95
165,85,53.25,127.79
165,86,13.34,32.01
165,87,5.84,14.02
165,88,34.21,82.11
165,90,24.17,58.0
165,91,47.72,114.54
165,93,67.75,162.6
165,94,26.25,63.0
165,95,27.72,66.53
165,97,66.3,159.13
165,98,6.59,15.82
165,99,31.65,75.95
165,100,26.97,64.72
165,102,78.43,188.23
165,103,75.63,181.5
165,105,43.89,105.34
165,106,64.88,155.72
165,107,29.97,71.92
165,108,46.9,112.56
165,109,40.39,96.94
165,110,80.55,193.33
165,111,35.01,84.03
165,112,47.75,114.59
165,113,83.92,201.41
165,114,39.87,95.68
165,115,37.87,90.9
165,118,53.15,127.55
165,119,51.63,123.91
165,121,5.89,14.13
165,122,36.72,88.13
165,123,68.59,164.62
165,124,30.95,74.29
165,125,24.01,57.62
165,126,32.65,78.36
165,127,67.12,161.08
165,128,65.88,158.11
165,129,37.19,89.25
165,132,49.6,119.04
165,133,14.83,35.6
165,134,41.04,98.5
165,135,74.38,178.52
165,136,64.83,155.6
165,137,29.34,70.42
165,138,41.58,99.8
165,139,70.34,168.82
165,140,45.95,110.28
165,141,45.37,108.88
165,142,32.0,76.8
165,143,28.51,68.43
165,144,37.37,89.7
165,146,42.77,102.66
165,147,38.02,91.25
165,148,12.08,28.99
165,149,67.51,162.03
165,150,59.91,143.78
165,151,40.0,96.01
167,1,62.01,148.82
167,2,67.36,161.66
167,3,24.01,57.62
167,4,31.05,74.51
167,5,36.98,88.75
167,6,36.77,88.26
167,7,52.58,126.18
167,8,40.1,96.24
167,10,49.87,119.69
167,11,51.92,124.61
167,12,48.64,116.74
167,13,55.1,132.24
167,14,43.48,104.36
167,16,22.47,53.93
167,17,16.22,38.92
167,19,26.8,64.33
167,20,34.66,83.19
167,21,30.01,72.03
167,22,40.77,97.85
167,23,40.54,97.3
167,24,46.73,112.15
167,25,39.25,94.19
167,26,53.33,127.99
167,27,55.21,132.51
167,28,24.55,58.93
167,29,23.85,57.23
167,30,43.54,104.49
167,31,46.83,112.38
167,32,7.97,19.12
167,33,29.92,71.8
167,35,57.97,139.12
167,36,27.48,65.95
167,37,22.97,55.14
167,38,17.8,42.72
167,40,37.98,91.15
167,41,54.76,131.43
167,43,65.01,156.02
167,44,57.56,138.15
167,45,35.09,84.22
167,46,31.51,75.64
167,48,2.49,5.97
167,49,3.88,9.32
167,50,18.71,44.89
167,51,52.63,126.32
167,52,63.48,152.34
167,53,62.69,150.46
167,54,28.43,68.23
167,55,32.33,77.59
167,56,39.32,94.37
167,57,44.78,107.47
167,58,18.93,45.43
167,59,9.88,23.7
167,60,16.0,38.4
167,61,34.98,83.94
167,62,45.52,109.24
167,63,51.45,123.47
167,64,39.23,94.15
167,65,36.09,86.61
167,66,45.44,109.06
167,67,53.99,129.57
167,68,63.41,152.19
167,69,68.17,163.6
167,70,68.5,164.4
167,73,59.99,143.98
167,74,47.27,113.45
167,75,75.54,181.29
167,76,6.21,14.89
167,77,43.01,103.23
167,78,28.66,68.78
167,79,73.86,177.27
167,80,69.6,167.04
167,81,33.8,81.12
167,82,37.05,88.93
167,83,13.04,31.29
167,84,41.32,99.17
167,85,44.52,106.85
167,86,6.5,15.6
167,87,23.15,55.55
167,88,48.72,116.93
167,90,9.58,23.0
167,91,31.48,75.55
167,93,69.54,166.89
167,94,44.52,106.84
167,95,42.03,100.87
167,97,60.52,145.25
167,98,25.98,62.36
167,99,16.69,40.05
167,100,28.97,69.54
167,102,80.58,193.39
167,103,75.75,181.79
167,105,48.45,116.27
167,106,56.47,135.54
167,107,47.41,113.78
167,108,57.9,138.96
167,109,52.91,126.99
167,110,81.66,195.98
167,111,51.01,122.43
167,112,60.14,144.33
167,113,84.6,203.05
167,114,55.97,134.33
167,115,31.56,75.74
167,118,60.03,144.06
167,119,63.13,151.5
167,121,14.1,33.83
167,122,44.19,106.06
167,123,55.81,133.94
167,124,12.3,29.51
167,125,31.48,75.56
167,126,17.66,42.39
167,127,69.36,166.46
167,128,53.47,128.34
167,129,27.08,64.98
167,132,39.3,94.31
167,133,18.95,45.47
167,134,27.17,65.2
167,135,70.36,168.87
167,136,62.01,148.82
167,137,13.93,33.42
167,138,57.16,137.18
167,139,60.58,145.39
167,140,48.53,116.47
167,141,29.59,71.02
167,142,14.72,35.32
167,143,15.62,37.48
167,144,27.56,66.14
167,146,57.7,138.49
167,147,55.15,132.36
167,148,29.42,70.62
167,149,53.35,128.03
167,150,44.17,106.01
167,151,24.11,57.87
171,1,7.85,18.85
171,2,16.47,39.52
171,3,42.38,101.72
171,4,38.96,93.51
171,5,38.06,91.34
171,6,46.57,111.78
171,7,11.04,26.5
171,8,20.77,49.85
171,10,37.81,90.74
171,11,20.01,48.03
171,12,26.99,64.77
171,13,33.02,79.25
171,14,22.39,53.73
171,16,33.36,80.05
171,17,44.84,107.62
171,19,28.16,67.58
171,20,19.7,47.28
171,21,24.19,58.05
171,22,30.43,73.04
171,23,13.89,33.34
171,24,11.93,28.63
171,25,16.54,39.7
171,26,24.06,57.75
171,27,27.57,66.16
171,28,34.55,82.92
171,29,37.82,90.77
171,30,17.71,42.5
171,31,15.84,38.01
171,32,46.31,111.14
171,33,47.31,113.53
171,35,37.18,89.24
171,36,32.33,77.59
171,37,36.51,87.62
171,38,39.26,94.22
171,40,23.04,55.31
171,41,5.46,13.1
171,43,18.1,43.44
171,44,18.76,45.03
171,45,29.64,71.15
171,46,28.89,69.33
171,48,52.6,126.25
171,49,54.98,131.96
171,50,39.34,94.41
171,51,42.33,101.59
171,52,26.28,63.08
171,53,30.74,73.79
171,54,36.36,87.26
171,55,41.12,98.69
171,56,35.69,85.65
171,57,24.96,59.9
171,58,42.9,102.97
171,59,55.82,133.97
171,60,55.16,132.38
171,61,52.36,125.67
171,62,10.14,24.35
171,63,3.95,9.47
171,64,28.3,67.91
171,65,22.03,52.88
171,66,9.76,23.42
171,67,38.16,91.58
171,68,22.07,52.97
171,69,28.67,68.81
171,70,23.35,56.05
171,73,10.92,26.2
171,74,17.43,41.84
171,75,33.47,80.32
171,76,57.64,138.35
171,77,15.28,36.67
171,78,63.76,153.02
171,79,28.87,69.28
171,80,41.38,99.3
171,81,64.53,154.87
171,82,24.37,58.5
171,83,67.06,160.95
171,84,50.78,121.87
171,85,41.84,100.41
171,86,51.25,122.99
171,87,40.57,97.37
171,88,20.27,48.64
171,90,63.34,152.02
171,91,57.54,138.09
171,93,26.66,63.97
171,94,34.13,81.92
171,95,22.42,53.81
171,97,41.53,99.67
171,98,42.56,102.14
171,99,70.85,170.03
171,100,25.77,61.86
171,102,35.38,84.91
171,103,35.97,86.32
171,105,9.71,23.31
171,106,46.92,112.61
171,107,30.54,73.3
171,108,9.09,21.82
171,109,13.35,32.04
171,110,38.71,92.9
171,111,24.92,59.82
171,112,13.94,33.45
171,113,42.34,101.62
171,114,25.71,61.71
171,115,34.1,81.84
171,118,7.26,17.43
171,119,13.07,31.36
171,121,48.91,117.38
171,122,10.02,24.05
171,123,60.42,145.0
171,124,65.59,157.41
171,125,23.18,55.63
171,126,71.83,172.4
171,127,25.39,60.93
171,128,57.62,138.28
171,129,41.16,98.78
171,132,44.1,105.84
171,133,35.79,85.91
171,134,49.19,118.06
171,135,43.08,103.39
171,136,33.88,81.31
171,137,68.08,163.4
171,138,23.92,57.4
171,139,53.71,128.91
171,140,14.14,33.93
171,141,55.17,132.42
171,142,68.67,164.81
171,143,45.84,110.01
171,144,40.62,97.5
171,146,21.64,51.94
171,147,29.81,71.54
171,148,36.25,87.0
171,149,63.54,152.49
171,150,63.16,151.57
171,151,53.21,127.69
