state,Period 1 ET Cost,Period 2 ET Cost,Period 3 ET Cost,Period 4 ET Cost,Period 5 ET Cost,Period 6 ET Cost,Period 7 ET Cost,Period 8 ET Cost,Period 9 ET Cost,Period 10 ET Cost
"({1, 2, 3, 4, 5, 6, 7}, 20)",9054810.917,10440682.58,11360742.75,13602641.38,13947822,15676972.5,17209561.95,19228778.92,20867437.5,23860886.58
"({1, 2, 3, 4, 5, 6, 7}, 19)",9054810.917,10440682.58,11360742.75,13602641.38,13947822,15676972.5,17209561.95,19228778.92,20867437.5,23860886.58
"({1, 2, 3, 4, 5, 6, 7}, 18)",9054810.917,10440682.58,11360742.75,13602641.38,13947822,15676972.5,17209561.95,19228778.92,20867437.5,23860886.58
"({1, 2, 3, 4, 5, 6, 7}, 17)",9054810.917,10440682.58,11360742.75,13602641.38,13947822,15676972.5,17209561.95,19228778.92,20867437.5,23860886.58
"({1, 2, 3, 4, 5, 6, 7}, 16)",9054810.917,10440682.58,11360742.75,13602641.38,13947822,15676972.5,17209561.95,19228778.92,20867437.5,23860886.58
"({1, 2, 3, 4, 5, 6, 7}, 15)",9054810.917,10440682.58,11360742.75,13602641.38,13947822,15676972.5,17209561.95,19228778.92,20867437.5,23860886.58
"({1, 2, 3, 4, 5, 6, 7}, 14)",9054810.917,10440682.58,11360742.75,13602641.38,13947822,15676972.5,17209561.95,19228778.92,0,0
"({1, 2, 3, 4, 5, 6, 7}, 13)",9054810.917,10440682.58,11360742.75,13602641.38,13947822,15676972.5,17209561.95,0,0,0
"({1, 2, 3, 4, 5, 6, 7}, 12)",9054810.917,10440682.58,11360742.75,13602641.38,13947822,15676972.5,17209561.95,0,0,0
"({1, 2, 3, 4, 5, 6, 7}, 11)",9054810.917,10440682.58,11360742.75,13602641.38,13947822,15676972.5,0,0,0,0
"({1, 2, 3, 4, 5, 6, 7}, 10)",9054810.917,10440682.58,11360742.75,13602641.38,13947822,15676972.5,0,0,0,0
"({1, 2, 3, 4, 5, 6, 7}, 9)",9054810.917,10440682.58,11360742.75,13602641.38,0,0,0,0,0,0
"({1, 2, 3, 4, 5, 6, 7}, 8)",9054810.917,10440682.58,11360742.75,13602641.38,0,0,0,0,0,0
"({1, 2, 3, 4, 5, 6, 7}, 7)",9054810.917,10440682.58,11360742.75,0,0,0,0,0,0,0
"({1, 2, 3, 4, 5, 6, 7}, 6)",9054810.917,10440682.58,0,0,0,0,0,0,0,0
"({1, 2, 3, 4, 5, 6, 7}, 5)",9054810.917,10440682.58,0,0,0,0,0,0,0,0
"({1, 3, 4, 5, 6, 7}, 20)",9206490.417,10336921,11670492.75,13602641.5,14022834.35,15735903.75,17989475.12,19922962.92,21076678,24620684.67
"({1, 3, 4, 5, 6, 7}, 19)",9206490.417,10336921,11670492.75,13602641.5,14022834.35,15735903.75,17989475.12,19922962.92,21076678,24620684.67
"({1, 3, 4, 5, 6, 7}, 18)",9206490.417,10336921,11670492.75,13602641.5,14022834.35,15735903.75,17989475.12,19922962.92,21076678,24620684.67
"({1, 3, 4, 5, 6, 7}, 17)",9206490.417,10336921,11670492.75,13602641.5,14022834.35,15735903.75,17989475.12,19922962.92,21076678,24620684.67
"({1, 3, 4, 5, 6, 7}, 16)",9206490.417,10336921,11670492.75,13602641.5,14022834.35,15735903.75,17989475.12,19922962.92,21076678,24620684.67
"({1, 3, 4, 5, 6, 7}, 15)",9206490.417,10336921,11670492.75,13602641.5,14022834.35,15735903.75,17989475.12,19922962.92,21076678,24620684.67
"({1, 3, 4, 5, 6, 7}, 14)",9206490.417,10336921,11670492.75,13602641.5,14022834.35,15735903.75,17989475.12,19922962.92,0,0
"({1, 3, 4, 5, 6, 7}, 13)",9206490.417,10336921,11670492.75,13602641.5,14022834.35,15735903.75,17989475.12,0,0,0
"({1, 3, 4, 5, 6, 7}, 12)",9206490.417,10336921,11670492.75,13602641.5,14022834.35,15735903.75,17989475.12,0,0,0
"({1, 3, 4, 5, 6, 7}, 11)",9206490.417,10336921,11670492.75,13602641.5,14022834.35,15735903.75,0,0,0,0
"({1, 3, 4, 5, 6, 7}, 10)",9206490.417,10336921,11670492.75,13602641.5,14022834.35,15735903.75,0,0,0,0
"({1, 3, 4, 5, 6, 7}, 9)",9206490.417,10336921,11670492.75,13602641.5,0,0,0,0,0,0
"({1, 3, 4, 5, 6, 7}, 8)",9206490.417,10336921,11670492.75,13602641.5,0,0,0,0,0,0
"({1, 3, 4, 5, 6, 7}, 7)",9206490.417,10336921,11670492.75,0,0,0,0,0,0,0
"({1, 3, 4, 5, 6, 7}, 6)",9206490.417,10336921,0,0,0,0,0,0,0,0
"({1, 3, 4, 5, 6, 7}, 5)",9206490.417,10336921,0,0,0,0,0,0,0,0
"({1, 2, 4, 5, 6, 7}, 20)",9270416.75,10707312.82,11342140.83,13909849.33,14104115.08,15814654.92,17909749.56,19544113.75,21599801.42,24110242.92
"({1, 2, 4, 5, 6, 7}, 19)",9270416.75,10707312.82,11342140.83,13909849.33,14104115.08,15814654.92,17909749.56,19544113.75,21599801.42,24110242.92
"({1, 2, 4, 5, 6, 7}, 18)",9270416.75,10707312.82,11342140.83,13909849.33,14104115.08,15814654.92,17909749.56,19544113.75,21599801.42,24110242.92
"({1, 2, 4, 5, 6, 7}, 17)",9270416.75,10707312.82,11342140.83,13909849.33,14104115.08,15814654.92,17909749.56,19544113.75,21599801.42,24110242.92
"({1, 2, 4, 5, 6, 7}, 16)",9270416.75,10707312.82,11342140.83,13909849.33,14104115.08,15814654.92,17909749.56,19544113.75,21599801.42,24110242.92
"({1, 2, 4, 5, 6, 7}, 15)",9270416.75,10707312.82,11342140.83,13909849.33,14104115.08,15814654.92,17909749.56,19544113.75,21599801.42,24110242.92
"({1, 2, 4, 5, 6, 7}, 14)",9270416.75,10707312.82,11342140.83,13909849.33,14104115.08,15814654.92,17909749.56,19544113.75,0,0
"({1, 2, 4, 5, 6, 7}, 13)",9270416.75,10707312.82,11342140.83,13909849.33,14104115.08,15814654.92,17909749.56,0,0,0
"({1, 2, 4, 5, 6, 7}, 12)",9270416.75,10707312.82,11342140.83,13909849.33,14104115.08,15814654.92,17909749.56,0,0,0
"({1, 2, 4, 5, 6, 7}, 11)",9270416.75,10707312.82,11342140.83,13909849.33,14104115.08,15814654.92,0,0,0,0
"({1, 2, 4, 5, 6, 7}, 10)",9270416.75,10707312.82,11342140.83,13909849.33,14104115.08,15814654.92,0,0,0,0
"({1, 2, 4, 5, 6, 7}, 9)",9270416.75,10707312.82,11342140.83,13909849.33,0,0,0,0,0,0
"({1, 2, 4, 5, 6, 7}, 8)",9270416.75,10707312.82,11342140.83,13909849.33,0,0,0,0,0,0
"({1, 2, 4, 5, 6, 7}, 7)",9270416.75,10707312.82,11342140.83,0,0,0,0,0,0,0
"({1, 2, 4, 5, 6, 7}, 6)",9270416.75,10707312.82,0,0,0,0,0,0,0,0
"({1, 2, 4, 5, 6, 7}, 5)",9270416.75,10707312.82,0,0,0,0,0,0,0,0
"({1, 2, 3, 5, 6, 7}, 20)",9012040.917,10397912.58,11360742.75,13602639.22,13947822,15679702.5,17226055.7,19240381.42,20834336.25,23860886.58
"({1, 2, 3, 5, 6, 7}, 19)",9012040.917,10397912.58,11360742.75,13602639.22,13947822,15679702.5,17226055.7,19240381.42,20834336.25,23860886.58
"({1, 2, 3, 5, 6, 7}, 18)",9012040.917,10397912.58,11360742.75,13602639.22,13947822,15679702.5,17226055.7,19240381.42,20834336.25,23860886.58
"({1, 2, 3, 5, 6, 7}, 17)",9012040.917,10397912.58,11360742.75,13602639.22,13947822,15679702.5,17226055.7,19240381.42,20834336.25,23860886.58
"({1, 2, 3, 5, 6, 7}, 16)",9012040.917,10397912.58,11360742.75,13602639.22,13947822,15679702.5,17226055.7,19240381.42,20834336.25,23860886.58
"({1, 2, 3, 5, 6, 7}, 15)",9012040.917,10397912.58,11360742.75,13602639.22,13947822,15679702.5,17226055.7,19240381.42,20834336.25,23860886.58
"({1, 2, 3, 5, 6, 7}, 14)",9012040.917,10397912.58,11360742.75,13602639.22,13947822,15679702.5,17226055.7,19240381.42,0,0
"({1, 2, 3, 5, 6, 7}, 13)",9012040.917,10397912.58,11360742.75,13602639.22,13947822,15679702.5,17226055.7,0,0,0
"({1, 2, 3, 5, 6, 7}, 12)",9012040.917,10397912.58,11360742.75,13602639.22,13947822,15679702.5,17226055.7,0,0,0
"({1, 2, 3, 5, 6, 7}, 11)",9012040.917,10397912.58,11360742.75,13602639.22,13947822,15679702.5,0,0,0,0
"({1, 2, 3, 5, 6, 7}, 10)",9012040.917,10397912.58,11360742.75,13602639.22,13947822,15679702.5,0,0,0,0
"({1, 2, 3, 5, 6, 7}, 9)",9012040.917,10397912.58,11360742.75,13602639.22,0,0,0,0,0,0
"({1, 2, 3, 5, 6, 7}, 8)",9012040.917,10397912.58,11360742.75,13602639.22,0,0,0,0,0,0
"({1, 2, 3, 5, 6, 7}, 7)",9012040.917,10397912.58,11360742.75,0,0,0,0,0,0,0
"({1, 2, 3, 5, 6, 7}, 6)",9012040.917,10397912.58,0,0,0,0,0,0,0,0
"({1, 2, 3, 5, 6, 7}, 5)",9012040.917,10397912.58,0,0,0,0,0,0,0,0
"({1, 2, 3, 4, 6, 7}, 20)",9012040.917,10397912.58,11360742.75,13602641.5,13947822,15676972.5,17216159.45,19250050.17,20834336.25,23924814.08
"({1, 2, 3, 4, 6, 7}, 19)",9012040.917,10397912.58,11360742.75,13602641.5,13947822,15676972.5,17216159.45,19250050.17,20834336.25,23924814.08
"({1, 2, 3, 4, 6, 7}, 18)",9012040.917,10397912.58,11360742.75,13602641.5,13947822,15676972.5,17216159.45,19250050.17,20834336.25,23924814.08
"({1, 2, 3, 4, 6, 7}, 17)",9012040.917,10397912.58,11360742.75,13602641.5,13947822,15676972.5,17216159.45,19250050.17,20834336.25,23924814.08
"({1, 2, 3, 4, 6, 7}, 16)",9012040.917,10397912.58,11360742.75,13602641.5,13947822,15676972.5,17216159.45,19250050.17,20834336.25,23924814.08
"({1, 2, 3, 4, 6, 7}, 15)",9012040.917,10397912.58,11360742.75,13602641.5,13947822,15676972.5,17216159.45,19250050.17,20834336.25,23924814.08
"({1, 2, 3, 4, 6, 7}, 14)",9012040.917,10397912.58,11360742.75,13602641.5,13947822,15676972.5,17216159.45,19250050.17,0,0
"({1, 2, 3, 4, 6, 7}, 13)",9012040.917,10397912.58,11360742.75,13602641.5,13947822,15676972.5,17216159.45,0,0,0
"({1, 2, 3, 4, 6, 7}, 12)",9012040.917,10397912.58,11360742.75,13602641.5,13947822,15676972.5,17216159.45,0,0,0
"({1, 2, 3, 4, 6, 7}, 11)",9012040.917,10397912.58,11360742.75,13602641.5,13947822,15676972.5,0,0,0,0
"({1, 2, 3, 4, 6, 7}, 10)",9012040.917,10397912.58,11360742.75,13602641.5,13947822,15676972.5,0,0,0,0
"({1, 2, 3, 4, 6, 7}, 9)",9012040.917,10397912.58,11360742.75,13602641.5,0,0,0,0,0,0
"({1, 2, 3, 4, 6, 7}, 8)",9012040.917,10397912.58,11360742.75,13602641.5,0,0,0,0,0,0
"({1, 2, 3, 4, 6, 7}, 7)",9012040.917,10397912.58,11360742.75,0,0,0,0,0,0,0
"({1, 2, 3, 4, 6, 7}, 6)",9012040.917,10397912.58,0,0,0,0,0,0,0,0
"({1, 2, 3, 4, 6, 7}, 5)",9012040.917,10397912.58,0,0,0,0,0,0,0,0
"({1, 2, 3, 4, 5, 7}, 20)",9054810.917,10440682.98,11360742.75,13602641.5,13947822,15664687.5,17209561.95,19249367.67,20879608.75,23947677.83
"({1, 2, 3, 4, 5, 7}, 19)",9054810.917,10440682.98,11360742.75,13602641.5,13947822,15664687.5,17209561.95,19249367.67,20879608.75,23947677.83
"({1, 2, 3, 4, 5, 7}, 18)",9054810.917,10440682.98,11360742.75,13602641.5,13947822,15664687.5,17209561.95,19249367.67,20879608.75,23947677.83
"({1, 2, 3, 4, 5, 7}, 17)",9054810.917,10440682.98,11360742.75,13602641.5,13947822,15664687.5,17209561.95,19249367.67,20879608.75,23947677.83
"({1, 2, 3, 4, 5, 7}, 16)",9054810.917,10440682.98,11360742.75,13602641.5,13947822,15664687.5,17209561.95,19249367.67,20879608.75,23947677.83
"({1, 2, 3, 4, 5, 7}, 15)",9054810.917,10440682.98,11360742.75,13602641.5,13947822,15664687.5,17209561.95,19249367.67,20879608.75,23947677.83
"({1, 2, 3, 4, 5, 7}, 14)",9054810.917,10440682.98,11360742.75,13602641.5,13947822,15664687.5,17209561.95,19249367.67,0,0
"({1, 2, 3, 4, 5, 7}, 13)",9054810.917,10440682.98,11360742.75,13602641.5,13947822,15664687.5,17209561.95,0,0,0
"({1, 2, 3, 4, 5, 7}, 12)",9054810.917,10440682.98,11360742.75,13602641.5,13947822,15664687.5,17209561.95,0,0,0
"({1, 2, 3, 4, 5, 7}, 11)",9054810.917,10440682.98,11360742.75,13602641.5,13947822,15664687.5,0,0,0,0
"({1, 2, 3, 4, 5, 7}, 10)",9054810.917,10440682.98,11360742.75,13602641.5,13947822,15664687.5,0,0,0,0
"({1, 2, 3, 4, 5, 7}, 9)",9054810.917,10440682.98,11360742.75,13602641.5,0,0,0,0,0,0
"({1, 2, 3, 4, 5, 7}, 8)",9054810.917,10440682.98,11360742.75,13602641.5,0,0,0,0,0,0
"({1, 2, 3, 4, 5, 7}, 7)",9054810.917,10440682.98,11360742.75,0,0,0,0,0,0,0
"({1, 2, 3, 4, 5, 7}, 6)",9054810.917,10440682.98,0,0,0,0,0,0,0,0
"({1, 2, 3, 4, 5, 7}, 5)",9054810.917,10440682.98,0,0,0,0,0,0,0,0
"({1, 2, 3, 4, 5, 6}, 20)",9357063.083,10390602.83,11376902.25,13682157.42,13877423,15655263.75,17689964.25,19828586.75,21205717.17,24573307.73
"({1, 2, 3, 4, 5, 6}, 19)",9357063.083,10390602.83,11376902.25,13682157.42,13877423,15655263.75,17689964.25,19828586.75,21205717.17,24573307.73
"({1, 2, 3, 4, 5, 6}, 18)",9357063.083,10390602.83,11376902.25,13682157.42,13877423,15655263.75,17689964.25,19828586.75,21205717.17,24573307.73
"({1, 2, 3, 4, 5, 6}, 17)",9357063.083,10390602.83,11376902.25,13682157.42,13877423,15655263.75,17689964.25,19828586.75,21205717.17,24573307.73
"({1, 2, 3, 4, 5, 6}, 16)",9357063.083,10390602.83,11376902.25,13682157.42,13877423,15655263.75,17689964.25,19828586.75,21205717.17,24573307.73
"({1, 2, 3, 4, 5, 6}, 15)",9357063.083,10390602.83,11376902.25,13682157.42,13877423,15655263.75,17689964.25,19828586.75,21205717.17,24573307.73
"({1, 2, 3, 4, 5, 6}, 14)",9357063.083,10390602.83,11376902.25,13682157.42,13877423,15655263.75,17689964.25,19828586.75,0,0
"({1, 2, 3, 4, 5, 6}, 13)",9357063.083,10390602.83,11376902.25,13682157.42,13877423,15655263.75,17689964.25,0,0,0
"({1, 2, 3, 4, 5, 6}, 12)",9357063.083,10390602.83,11376902.25,13682157.42,13877423,15655263.75,17689964.25,0,0,0
"({1, 2, 3, 4, 5, 6}, 11)",9357063.083,10390602.83,11376902.25,13682157.42,13877423,15655263.75,0,0,0,0
"({1, 2, 3, 4, 5, 6}, 10)",9357063.083,10390602.83,11376902.25,13682157.42,13877423,15655263.75,0,0,0,0
"({1, 2, 3, 4, 5, 6}, 9)",9357063.083,10390602.83,11376902.25,13682157.42,0,0,0,0,0,0
"({1, 2, 3, 4, 5, 6}, 8)",9357063.083,10390602.83,11376902.25,13682157.42,0,0,0,0,0,0
"({1, 2, 3, 4, 5, 6}, 7)",9357063.083,10390602.83,11376902.25,0,0,0,0,0,0,0
"({1, 2, 3, 4, 5, 6}, 6)",9357063.083,10390602.83,0,0,0,0,0,0,0,0
"({1, 2, 3, 4, 5, 6}, 5)",9357063.083,10390602.83,0,0,0,0,0,0,0,0
"({1, 4, 5, 6, 7}, 20)",9464864.767,10646320.42,11651890.83,13909849.33,14179127.47,15873586.17,18692392.83,20208381.67,21842143.17,24731493.5
"({1, 4, 5, 6, 7}, 19)",9464864.767,10646320.42,11651890.83,13909849.33,14179127.47,15873586.17,18692392.83,20208381.67,21842143.17,24731493.5
"({1, 4, 5, 6, 7}, 18)",9464864.767,10646320.42,11651890.83,13909849.33,14179127.47,15873586.17,18692392.83,20208381.67,21842143.17,24731493.5
"({1, 4, 5, 6, 7}, 17)",9464864.767,10646320.42,11651890.83,13909849.33,14179127.47,15873586.17,18692392.83,20208381.67,21842143.17,24731493.5
"({1, 4, 5, 6, 7}, 16)",9464864.767,10646320.42,11651890.83,13909849.33,14179127.47,15873586.17,18692392.83,20208381.67,21842143.17,24731493.5
"({1, 4, 5, 6, 7}, 15)",9464864.767,10646320.42,11651890.83,13909849.33,14179127.47,15873586.17,18692392.83,20208381.67,21842143.17,24731493.5
"({1, 4, 5, 6, 7}, 14)",9464864.767,10646320.42,11651890.83,13909849.33,14179127.47,15873586.17,18692392.83,20208381.67,0,0
"({1, 4, 5, 6, 7}, 13)",9464864.767,10646320.42,11651890.83,13909849.33,14179127.47,15873586.17,18692392.83,0,0,0
"({1, 4, 5, 6, 7}, 12)",9464864.767,10646320.42,11651890.83,13909849.33,14179127.47,15873586.17,18692392.83,0,0,0
"({1, 4, 5, 6, 7}, 11)",9464864.767,10646320.42,11651890.83,13909849.33,14179127.47,15873586.17,0,0,0,0
"({1, 4, 5, 6, 7}, 10)",9464864.767,10646320.42,11651890.83,13909849.33,14179127.47,15873586.17,0,0,0,0
"({1, 4, 5, 6, 7}, 9)",9464864.767,10646320.42,11651890.83,13909849.33,0,0,0,0,0,0
"({1, 4, 5, 6, 7}, 8)",9464864.767,10646320.42,11651890.83,13909849.33,0,0,0,0,0,0
"({1, 4, 5, 6, 7}, 7)",9464864.767,10646320.42,11651890.83,0,0,0,0,0,0,0
"({1, 4, 5, 6, 7}, 6)",9464864.767,10646320.42,0,0,0,0,0,0,0,0
"({1, 4, 5, 6, 7}, 5)",9464864.767,10646320.42,0,0,0,0,0,0,0,0
"({1, 3, 5, 6, 7}, 20)",9305566.667,10336921,11670492.75,13602641.5,14022834.35,15735903.75,17989475.12,19953220.58,21109779.25,24528774.67
"({1, 3, 5, 6, 7}, 19)",9305566.667,10336921,11670492.75,13602641.5,14022834.35,15735903.75,17989475.12,19953220.58,21109779.25,24528774.67
"({1, 3, 5, 6, 7}, 18)",9305566.667,10336921,11670492.75,13602641.5,14022834.35,15735903.75,17989475.12,19953220.58,21109779.25,24528774.67
"({1, 3, 5, 6, 7}, 17)",9305566.667,10336921,11670492.75,13602641.5,14022834.35,15735903.75,17989475.12,19953220.58,21109779.25,24528774.67
"({1, 3, 5, 6, 7}, 16)",9305566.667,10336921,11670492.75,13602641.5,14022834.35,15735903.75,17989475.12,19953220.58,21109779.25,24528774.67
"({1, 3, 5, 6, 7}, 15)",9305566.667,10336921,11670492.75,13602641.5,14022834.35,15735903.75,17989475.12,19953220.58,21109779.25,24528774.67
"({1, 3, 5, 6, 7}, 14)",9305566.667,10336921,11670492.75,13602641.5,14022834.35,15735903.75,17989475.12,19953220.58,0,0
"({1, 3, 5, 6, 7}, 13)",9305566.667,10336921,11670492.75,13602641.5,14022834.35,15735903.75,17989475.12,0,0,0
"({1, 3, 5, 6, 7}, 12)",9305566.667,10336921,11670492.75,13602641.5,14022834.35,15735903.75,17989475.12,0,0,0
"({1, 3, 5, 6, 7}, 11)",9305566.667,10336921,11670492.75,13602641.5,14022834.35,15735903.75,0,0,0,0
"({1, 3, 5, 6, 7}, 10)",9305566.667,10336921,11670492.75,13602641.5,14022834.35,15735903.75,0,0,0,0
"({1, 3, 5, 6, 7}, 9)",9305566.667,10336921,11670492.75,13602641.5,0,0,0,0,0,0
"({1, 3, 5, 6, 7}, 8)",9305566.667,10336921,11670492.75,13602641.5,0,0,0,0,0,0
"({1, 3, 5, 6, 7}, 7)",9305566.667,10336921,11670492.75,0,0,0,0,0,0,0
"({1, 3, 5, 6, 7}, 6)",9305566.667,10336921,0,0,0,0,0,0,0,0
"({1, 3, 5, 6, 7}, 5)",9305566.667,10336921,0,0,0,0,0,0,0,0
"({1, 3, 4, 6, 7}, 20)",9551105.083,10336921,11934743.33,13602641.5,14312994.18,16026341.92,17989475.12,19980179.33,21121950.5,24464847.17
"({1, 3, 4, 6, 7}, 19)",9551105.083,10336921,11934743.33,13602641.5,14312994.18,16026341.92,17989475.12,19980179.33,21121950.5,24464847.17
"({1, 3, 4, 6, 7}, 18)",9551105.083,10336921,11934743.33,13602641.5,14312994.18,16026341.92,17989475.12,19980179.33,21121950.5,24464847.17
"({1, 3, 4, 6, 7}, 17)",9551105.083,10336921,11934743.33,13602641.5,14312994.18,16026341.92,17989475.12,19980179.33,21121950.5,24464847.17
"({1, 3, 4, 6, 7}, 16)",9551105.083,10336921,11934743.33,13602641.5,14312994.18,16026341.92,17989475.12,19980179.33,21121950.5,24464847.17
"({1, 3, 4, 6, 7}, 15)",9551105.083,10336921,11934743.33,13602641.5,14312994.18,16026341.92,17989475.12,19980179.33,21121950.5,24464847.17
"({1, 3, 4, 6, 7}, 14)",9551105.083,10336921,11934743.33,13602641.5,14312994.18,16026341.92,17989475.12,19980179.33,0,0
"({1, 3, 4, 6, 7}, 13)",9551105.083,10336921,11934743.33,13602641.5,14312994.18,16026341.92,17989475.12,0,0,0
"({1, 3, 4, 6, 7}, 12)",9551105.083,10336921,11934743.33,13602641.5,14312994.18,16026341.92,17989475.12,0,0,0
"({1, 3, 4, 6, 7}, 11)",9551105.083,10336921,11934743.33,13602641.5,14312994.18,16026341.92,0,0,0,0
"({1, 3, 4, 6, 7}, 10)",9551105.083,10336921,11934743.33,13602641.5,14312994.18,16026341.92,0,0,0,0
"({1, 3, 4, 6, 7}, 9)",9551105.083,10336921,11934743.33,13602641.5,0,0,0,0,0,0
"({1, 3, 4, 6, 7}, 8)",9551105.083,10336921,11934743.33,13602641.5,0,0,0,0,0,0
"({1, 3, 4, 6, 7}, 7)",9551105.083,10336921,11934743.33,0,0,0,0,0,0,0
"({1, 3, 4, 6, 7}, 6)",9551105.083,10336921,0,0,0,0,0,0,0,0
"({1, 3, 4, 6, 7}, 5)",9551105.083,10336921,0,0,0,0,0,0,0,0
"({1, 3, 4, 5, 7}, 20)",9206490.417,10336921,11670492.75,13602641.5,14022834.35,15735903.75,17989475.12,19846978.08,21119561.75,24464847.17
"({1, 3, 4, 5, 7}, 19)",9206490.417,10336921,11670492.75,13602641.5,14022834.35,15735903.75,17989475.12,19846978.08,21119561.75,24464847.17
"({1, 3, 4, 5, 7}, 18)",9206490.417,10336921,11670492.75,13602641.5,14022834.35,15735903.75,17989475.12,19846978.08,21119561.75,24464847.17
"({1, 3, 4, 5, 7}, 17)",9206490.417,10336921,11670492.75,13602641.5,14022834.35,15735903.75,17989475.12,19846978.08,21119561.75,24464847.17
"({1, 3, 4, 5, 7}, 16)",9206490.417,10336921,11670492.75,13602641.5,14022834.35,15735903.75,17989475.12,19846978.08,21119561.75,24464847.17
"({1, 3, 4, 5, 7}, 15)",9206490.417,10336921,11670492.75,13602641.5,14022834.35,15735903.75,17989475.12,19846978.08,21119561.75,24464847.17
"({1, 3, 4, 5, 7}, 14)",9206490.417,10336921,11670492.75,13602641.5,14022834.35,15735903.75,17989475.12,19846978.08,0,0
"({1, 3, 4, 5, 7}, 13)",9206490.417,10336921,11670492.75,13602641.5,14022834.35,15735903.75,17989475.12,0,0,0
"({1, 3, 4, 5, 7}, 12)",9206490.417,10336921,11670492.75,13602641.5,14022834.35,15735903.75,17989475.12,0,0,0
"({1, 3, 4, 5, 7}, 11)",9206490.417,10336921,11670492.75,13602641.5,14022834.35,15735903.75,0,0,0,0
"({1, 3, 4, 5, 7}, 10)",9206490.417,10336921,11670492.75,13602641.5,14022834.35,15735903.75,0,0,0,0
"({1, 3, 4, 5, 7}, 9)",9206490.417,10336921,11670492.75,13602641.5,0,0,0,0,0,0
"({1, 3, 4, 5, 7}, 8)",9206490.417,10336921,11670492.75,13602641.5,0,0,0,0,0,0
"({1, 3, 4, 5, 7}, 7)",9206490.417,10336921,11670492.75,0,0,0,0,0,0,0
"({1, 3, 4, 5, 7}, 6)",9206490.417,10336921,0,0,0,0,0,0,0,0
"({1, 3, 4, 5, 7}, 5)",9206490.417,10336921,0,0,0,0,0,0,0,0
"({1, 3, 4, 5, 6}, 20)",9928593.85,10329611.25,11686652.25,14839101.22,13952435.35,15766520,18888399.44,21715613.94,22544301.15,25977207.9
"({1, 3, 4, 5, 6}, 19)",9928593.85,10329611.25,11686652.25,14839101.22,13952435.35,15766520,18888399.44,21715613.94,22544301.15,25977207.9
"({1, 3, 4, 5, 6}, 18)",9928593.85,10329611.25,11686652.25,14839101.22,13952435.35,15766520,18888399.44,21715613.94,22544301.15,25977207.9
"({1, 3, 4, 5, 6}, 17)",9928593.85,10329611.25,11686652.25,14839101.22,13952435.35,15766520,18888399.44,21715613.94,22544301.15,25977207.9
"({1, 3, 4, 5, 6}, 16)",9928593.85,10329611.25,11686652.25,14839101.22,13952435.35,15766520,18888399.44,21715613.94,22544301.15,25977207.9
"({1, 3, 4, 5, 6}, 15)",9928593.85,10329611.25,11686652.25,14839101.22,13952435.35,15766520,18888399.44,21715613.94,22544301.15,25977207.9
"({1, 3, 4, 5, 6}, 14)",9928593.85,10329611.25,11686652.25,14839101.22,13952435.35,15766520,18888399.44,21715613.94,0,0
"({1, 3, 4, 5, 6}, 13)",9928593.85,10329611.25,11686652.25,14839101.22,13952435.35,15766520,18888399.44,0,0,0
"({1, 3, 4, 5, 6}, 12)",9928593.85,10329611.25,11686652.25,14839101.22,13952435.35,15766520,18888399.44,0,0,0
"({1, 3, 4, 5, 6}, 11)",9928593.85,10329611.25,11686652.25,14839101.22,13952435.35,15766520,0,0,0,0
"({1, 3, 4, 5, 6}, 10)",9928593.85,10329611.25,11686652.25,14839101.22,13952435.35,15766520,0,0,0,0
"({1, 3, 4, 5, 6}, 9)",9928593.85,10329611.25,11686652.25,14839101.22,0,0,0,0,0,0
"({1, 3, 4, 5, 6}, 8)",9928593.85,10329611.25,11686652.25,14839101.22,0,0,0,0,0,0
"({1, 3, 4, 5, 6}, 7)",9928593.85,10329611.25,11686652.25,0,0,0,0,0,0,0
"({1, 3, 4, 5, 6}, 6)",9928593.85,10329611.25,0,0,0,0,0,0,0,0
"({1, 3, 4, 5, 6}, 5)",9928593.85,10329611.25,0,0,0,0,0,0,0,0
"({1, 2, 5, 6, 7}, 20)",9090755.917,10873615.67,11578791.58,13909849.33,14130198.83,16542829.33,17909749.67,19642719.25,21631101.61,24860603.25
"({1, 2, 5, 6, 7}, 19)",9090755.917,10873615.67,11578791.58,13909849.33,14130198.83,16542829.33,17909749.67,19642719.25,21631101.61,24860603.25
"({1, 2, 5, 6, 7}, 18)",9090755.917,10873615.67,11578791.58,13909849.33,14130198.83,16542829.33,17909749.67,19642719.25,21631101.61,24860603.25
"({1, 2, 5, 6, 7}, 17)",9090755.917,10873615.67,11578791.58,13909849.33,14130198.83,16542829.33,17909749.67,19642719.25,21631101.61,24860603.25
"({1, 2, 5, 6, 7}, 16)",9090755.917,10873615.67,11578791.58,13909849.33,14130198.83,16542829.33,17909749.67,19642719.25,21631101.61,24860603.25
"({1, 2, 5, 6, 7}, 15)",9090755.917,10873615.67,11578791.58,13909849.33,14130198.83,16542829.33,17909749.67,19642719.25,21631101.61,24860603.25
"({1, 2, 5, 6, 7}, 14)",9090755.917,10873615.67,11578791.58,13909849.33,14130198.83,16542829.33,17909749.67,19642719.25,0,0
"({1, 2, 5, 6, 7}, 13)",9090755.917,10873615.67,11578791.58,13909849.33,14130198.83,16542829.33,17909749.67,0,0,0
"({1, 2, 5, 6, 7}, 12)",9090755.917,10873615.67,11578791.58,13909849.33,14130198.83,16542829.33,17909749.67,0,0,0
"({1, 2, 5, 6, 7}, 11)",9090755.917,10873615.67,11578791.58,13909849.33,14130198.83,16542829.33,0,0,0,0
"({1, 2, 5, 6, 7}, 10)",9090755.917,10873615.67,11578791.58,13909849.33,14130198.83,16542829.33,0,0,0,0
"({1, 2, 5, 6, 7}, 9)",9090755.917,10873615.67,11578791.58,13909849.33,0,0,0,0,0,0
"({1, 2, 5, 6, 7}, 8)",9090755.917,10873615.67,11578791.58,13909849.33,0,0,0,0,0,0
"({1, 2, 5, 6, 7}, 7)",9090755.917,10873615.67,11578791.58,0,0,0,0,0,0,0
"({1, 2, 5, 6, 7}, 6)",9090755.917,10873615.67,0,0,0,0,0,0,0,0
"({1, 2, 5, 6, 7}, 5)",9090755.917,10873615.67,0,0,0,0,0,0,0,0
"({1, 2, 4, 6, 7}, 20)",9270416.75,10707312,11342140.83,13909849.52,14104115.08,15825233.67,17909749.66,19505211.25,21599801.42,24110242.92
"({1, 2, 4, 6, 7}, 19)",9270416.75,10707312,11342140.83,13909849.52,14104115.08,15825233.67,17909749.66,19505211.25,21599801.42,24110242.92
"({1, 2, 4, 6, 7}, 18)",9270416.75,10707312,11342140.83,13909849.52,14104115.08,15825233.67,17909749.66,19505211.25,21599801.42,24110242.92
"({1, 2, 4, 6, 7}, 17)",9270416.75,10707312,11342140.83,13909849.52,14104115.08,15825233.67,17909749.66,19505211.25,21599801.42,24110242.92
"({1, 2, 4, 6, 7}, 16)",9270416.75,10707312,11342140.83,13909849.52,14104115.08,15825233.67,17909749.66,19505211.25,21599801.42,24110242.92
"({1, 2, 4, 6, 7}, 15)",9270416.75,10707312,11342140.83,13909849.52,14104115.08,15825233.67,17909749.66,19505211.25,21599801.42,24110242.92
"({1, 2, 4, 6, 7}, 14)",9270416.75,10707312,11342140.83,13909849.52,14104115.08,15825233.67,17909749.66,19505211.25,0,0
"({1, 2, 4, 6, 7}, 13)",9270416.75,10707312,11342140.83,13909849.52,14104115.08,15825233.67,17909749.66,0,0,0
"({1, 2, 4, 6, 7}, 12)",9270416.75,10707312,11342140.83,13909849.52,14104115.08,15825233.67,17909749.66,0,0,0
"({1, 2, 4, 6, 7}, 11)",9270416.75,10707312,11342140.83,13909849.52,14104115.08,15825233.67,0,0,0,0
"({1, 2, 4, 6, 7}, 10)",9270416.75,10707312,11342140.83,13909849.52,14104115.08,15825233.67,0,0,0,0
"({1, 2, 4, 6, 7}, 9)",9270416.75,10707312,11342140.83,13909849.52,0,0,0,0,0,0
"({1, 2, 4, 6, 7}, 8)",9270416.75,10707312,11342140.83,13909849.52,0,0,0,0,0,0
"({1, 2, 4, 6, 7}, 7)",9270416.75,10707312,11342140.83,0,0,0,0,0,0,0
"({1, 2, 4, 6, 7}, 6)",9270416.75,10707312,0,0,0,0,0,0,0,0
"({1, 2, 4, 6, 7}, 5)",9270416.75,10707312,0,0,0,0,0,0,0,0
"({1, 2, 4, 5, 7}, 20)",9270416.75,10707312,11342140.83,13909849.33,14104115.08,15817384.92,17909749.4,19544113.75,21599801.42,24237301.67
"({1, 2, 4, 5, 7}, 19)",9270416.75,10707312,11342140.83,13909849.33,14104115.08,15817384.92,17909749.4,19544113.75,21599801.42,24237301.67
"({1, 2, 4, 5, 7}, 18)",9270416.75,10707312,11342140.83,13909849.33,14104115.08,15817384.92,17909749.4,19544113.75,21599801.42,24237301.67
"({1, 2, 4, 5, 7}, 17)",9270416.75,10707312,11342140.83,13909849.33,14104115.08,15817384.92,17909749.4,19544113.75,21599801.42,24237301.67
"({1, 2, 4, 5, 7}, 16)",9270416.75,10707312,11342140.83,13909849.33,14104115.08,15817384.92,17909749.4,19544113.75,21599801.42,24237301.67
"({1, 2, 4, 5, 7}, 15)",9270416.75,10707312,11342140.83,13909849.33,14104115.08,15817384.92,17909749.4,19544113.75,21599801.42,24237301.67
"({1, 2, 4, 5, 7}, 14)",9270416.75,10707312,11342140.83,13909849.33,14104115.08,15817384.92,17909749.4,19544113.75,0,0
"({1, 2, 4, 5, 7}, 13)",9270416.75,10707312,11342140.83,13909849.33,14104115.08,15817384.92,17909749.4,0,0,0
"({1, 2, 4, 5, 7}, 12)",9270416.75,10707312,11342140.83,13909849.33,14104115.08,15817384.92,17909749.4,0,0,0
"({1, 2, 4, 5, 7}, 11)",9270416.75,10707312,11342140.83,13909849.33,14104115.08,15817384.92,0,0,0,0
"({1, 2, 4, 5, 7}, 10)",9270416.75,10707312,11342140.83,13909849.33,14104115.08,15817384.92,0,0,0,0
"({1, 2, 4, 5, 7}, 9)",9270416.75,10707312,11342140.83,13909849.33,0,0,0,0,0,0
"({1, 2, 4, 5, 7}, 8)",9270416.75,10707312,11342140.83,13909849.33,0,0,0,0,0,0
"({1, 2, 4, 5, 7}, 7)",9270416.75,10707312,11342140.83,0,0,0,0,0,0,0
"({1, 2, 4, 5, 7}, 6)",9270416.75,10707312,0,0,0,0,0,0,0,0
"({1, 2, 4, 5, 7}, 5)",9270416.75,10707312,0,0,0,0,0,0,0,0
"({1, 2, 4, 5, 6}, 20)",9572670.9,10700001.32,11358300.33,14099391.43,14033716.08,15795221.17,18655428.75,20319039.42,21928298.58,25384402.62
"({1, 2, 4, 5, 6}, 19)",9572670.9,10700001.32,11358300.33,14099391.43,14033716.08,15795221.17,18655428.75,20319039.42,21928298.58,25384402.62
"({1, 2, 4, 5, 6}, 18)",9572670.9,10700001.32,11358300.33,14099391.43,14033716.08,15795221.17,18655428.75,20319039.42,21928298.58,25384402.62
"({1, 2, 4, 5, 6}, 17)",9572670.9,10700001.32,11358300.33,14099391.43,14033716.08,15795221.17,18655428.75,20319039.42,21928298.58,25384402.62
"({1, 2, 4, 5, 6}, 16)",9572670.9,10700001.32,11358300.33,14099391.43,14033716.08,15795221.17,18655428.75,20319039.42,21928298.58,25384402.62
"({1, 2, 4, 5, 6}, 15)",9572670.9,10700001.32,11358300.33,14099391.43,14033716.08,15795221.17,18655428.75,20319039.42,21928298.58,25384402.62
"({1, 2, 4, 5, 6}, 14)",9572670.9,10700001.32,11358300.33,14099391.43,14033716.08,15795221.17,18655428.75,20319039.42,0,0
"({1, 2, 4, 5, 6}, 13)",9572670.9,10700001.32,11358300.33,14099391.43,14033716.08,15795221.17,18655428.75,0,0,0
"({1, 2, 4, 5, 6}, 12)",9572670.9,10700001.32,11358300.33,14099391.43,14033716.08,15795221.17,18655428.75,0,0,0
"({1, 2, 4, 5, 6}, 11)",9572670.9,10700001.32,11358300.33,14099391.43,14033716.08,15795221.17,0,0,0,0
"({1, 2, 4, 5, 6}, 10)",9572670.9,10700001.32,11358300.33,14099391.43,14033716.08,15795221.17,0,0,0,0
"({1, 2, 4, 5, 6}, 9)",9572670.9,10700001.32,11358300.33,14099391.43,0,0,0,0,0,0
"({1, 2, 4, 5, 6}, 8)",9572670.9,10700001.32,11358300.33,14099391.43,0,0,0,0,0,0
"({1, 2, 4, 5, 6}, 7)",9572670.9,10700001.32,11358300.33,0,0,0,0,0,0,0
"({1, 2, 4, 5, 6}, 6)",9572670.9,10700001.32,0,0,0,0,0,0,0,0
"({1, 2, 4, 5, 6}, 5)",9572670.9,10700001.32,0,0,0,0,0,0,0,0
"({1, 2, 3, 6, 7}, 20)",9111117.167,10397912.58,11360742.75,13602641.5,13947822,15624647.5,17206831.95,19277008.92,20877220,23970655.33
"({1, 2, 3, 6, 7}, 19)",9111117.167,10397912.58,11360742.75,13602641.5,13947822,15624647.5,17206831.95,19277008.92,20877220,23970655.33
"({1, 2, 3, 6, 7}, 18)",9111117.167,10397912.58,11360742.75,13602641.5,13947822,15624647.5,17206831.95,19277008.92,20877220,23970655.33
"({1, 2, 3, 6, 7}, 17)",9111117.167,10397912.58,11360742.75,13602641.5,13947822,15624647.5,17206831.95,19277008.92,20877220,23970655.33
"({1, 2, 3, 6, 7}, 16)",9111117.167,10397912.58,11360742.75,13602641.5,13947822,15624647.5,17206831.95,19277008.92,20877220,23970655.33
"({1, 2, 3, 6, 7}, 15)",9111117.167,10397912.58,11360742.75,13602641.5,13947822,15624647.5,17206831.95,19277008.92,20877220,23970655.33
"({1, 2, 3, 6, 7}, 14)",9111117.167,10397912.58,11360742.75,13602641.5,13947822,15624647.5,17206831.95,19277008.92,0,0
"({1, 2, 3, 6, 7}, 13)",9111117.167,10397912.58,11360742.75,13602641.5,13947822,15624647.5,17206831.95,0,0,0
"({1, 2, 3, 6, 7}, 12)",9111117.167,10397912.58,11360742.75,13602641.5,13947822,15624647.5,17206831.95,0,0,0
"({1, 2, 3, 6, 7}, 11)",9111117.167,10397912.58,11360742.75,13602641.5,13947822,15624647.5,0,0,0,0
"({1, 2, 3, 6, 7}, 10)",9111117.167,10397912.58,11360742.75,13602641.5,13947822,15624647.5,0,0,0,0
"({1, 2, 3, 6, 7}, 9)",9111117.167,10397912.58,11360742.75,13602641.5,0,0,0,0,0,0
"({1, 2, 3, 6, 7}, 8)",9111117.167,10397912.58,11360742.75,13602641.5,0,0,0,0,0,0
"({1, 2, 3, 6, 7}, 7)",9111117.167,10397912.58,11360742.75,0,0,0,0,0,0,0
"({1, 2, 3, 6, 7}, 6)",9111117.167,10397912.58,0,0,0,0,0,0,0,0
"({1, 2, 3, 6, 7}, 5)",9111117.167,10397912.58,0,0,0,0,0,0,0,0
"({1, 2, 3, 5, 7}, 20)",9054810.917,10397912.58,11360742.75,13602641.5,13947822,15679702.5,17206831.95,19219792.67,20834336.25,24022525.33
"({1, 2, 3, 5, 7}, 19)",9054810.917,10397912.58,11360742.75,13602641.5,13947822,15679702.5,17206831.95,19219792.67,20834336.25,24022525.33
"({1, 2, 3, 5, 7}, 18)",9054810.917,10397912.58,11360742.75,13602641.5,13947822,15679702.5,17206831.95,19219792.67,20834336.25,24022525.33
"({1, 2, 3, 5, 7}, 17)",9054810.917,10397912.58,11360742.75,13602641.5,13947822,15679702.5,17206831.95,19219792.67,20834336.25,24022525.33
"({1, 2, 3, 5, 7}, 16)",9054810.917,10397912.58,11360742.75,13602641.5,13947822,15679702.5,17206831.95,19219792.67,20834336.25,24022525.33
"({1, 2, 3, 5, 7}, 15)",9054810.917,10397912.58,11360742.75,13602641.5,13947822,15679702.5,17206831.95,19219792.67,20834336.25,24022525.33
"({1, 2, 3, 5, 7}, 14)",9054810.917,10397912.58,11360742.75,13602641.5,13947822,15679702.5,17206831.95,19219792.67,0,0
"({1, 2, 3, 5, 7}, 13)",9054810.917,10397912.58,11360742.75,13602641.5,13947822,15679702.5,17206831.95,0,0,0
"({1, 2, 3, 5, 7}, 12)",9054810.917,10397912.58,11360742.75,13602641.5,13947822,15679702.5,17206831.95,0,0,0
"({1, 2, 3, 5, 7}, 11)",9054810.917,10397912.58,11360742.75,13602641.5,13947822,15679702.5,0,0,0,0
"({1, 2, 3, 5, 7}, 10)",9054810.917,10397912.58,11360742.75,13602641.5,13947822,15679702.5,0,0,0,0
"({1, 2, 3, 5, 7}, 9)",9054810.917,10397912.58,11360742.75,13602641.5,0,0,0,0,0,0
"({1, 2, 3, 5, 7}, 8)",9054810.917,10397912.58,11360742.75,13602641.5,0,0,0,0,0,0
"({1, 2, 3, 5, 7}, 7)",9054810.917,10397912.58,11360742.75,0,0,0,0,0,0,0
"({1, 2, 3, 5, 7}, 6)",9054810.917,10397912.58,0,0,0,0,0,0,0,0
"({1, 2, 3, 5, 7}, 5)",9054810.917,10397912.58,0,0,0,0,0,0,0,0
"({1, 2, 3, 5, 6}, 20)",9314296.1,10390602.83,11376902.25,13682157.42,13877423,15707588.75,17689964.25,19849858,21162833.42,24469567.73
"({1, 2, 3, 5, 6}, 19)",9314296.1,10390602.83,11376902.25,13682157.42,13877423,15707588.75,17689964.25,19849858,21162833.42,24469567.73
"({1, 2, 3, 5, 6}, 18)",9314296.1,10390602.83,11376902.25,13682157.42,13877423,15707588.75,17689964.25,19849858,21162833.42,24469567.73
"({1, 2, 3, 5, 6}, 17)",9314296.1,10390602.83,11376902.25,13682157.42,13877423,15707588.75,17689964.25,19849858,21162833.42,24469567.73
"({1, 2, 3, 5, 6}, 16)",9314296.1,10390602.83,11376902.25,13682157.42,13877423,15707588.75,17689964.25,19849858,21162833.42,24469567.73
"({1, 2, 3, 5, 6}, 15)",9314296.1,10390602.83,11376902.25,13682157.42,13877423,15707588.75,17689964.25,19849858,21162833.42,24469567.73
"({1, 2, 3, 5, 6}, 14)",9314296.1,10390602.83,11376902.25,13682157.42,13877423,15707588.75,17689964.25,19849858,0,0
"({1, 2, 3, 5, 6}, 13)",9314296.1,10390602.83,11376902.25,13682157.42,13877423,15707588.75,17689964.25,0,0,0
"({1, 2, 3, 5, 6}, 12)",9314296.1,10390602.83,11376902.25,13682157.42,13877423,15707588.75,17689964.25,0,0,0
"({1, 2, 3, 5, 6}, 11)",9314296.1,10390602.83,11376902.25,13682157.42,13877423,15707588.75,0,0,0,0
"({1, 2, 3, 5, 6}, 10)",9314296.1,10390602.83,11376902.25,13682157.42,13877423,15707588.75,0,0,0,0
"({1, 2, 3, 5, 6}, 9)",9314296.1,10390602.83,11376902.25,13682157.42,0,0,0,0,0,0
"({1, 2, 3, 5, 6}, 8)",9314296.1,10390602.83,11376902.25,13682157.42,0,0,0,0,0,0
"({1, 2, 3, 5, 6}, 7)",9314296.1,10390602.83,11376902.25,0,0,0,0,0,0,0
"({1, 2, 3, 5, 6}, 6)",9314296.1,10390602.83,0,0,0,0,0,0,0,0
"({1, 2, 3, 5, 6}, 5)",9314296.1,10390602.83,0,0,0,0,0,0,0,0
"({1, 2, 3, 4, 7}, 20)",9054810.917,10397912.58,11360742.75,13602641.5,13947822,15676972.5,17206831.95,19241063.92,20877220,23994542.83
"({1, 2, 3, 4, 7}, 19)",9054810.917,10397912.58,11360742.75,13602641.5,13947822,15676972.5,17206831.95,19241063.92,20877220,23994542.83
"({1, 2, 3, 4, 7}, 18)",9054810.917,10397912.58,11360742.75,13602641.5,13947822,15676972.5,17206831.95,19241063.92,20877220,23994542.83
"({1, 2, 3, 4, 7}, 17)",9054810.917,10397912.58,11360742.75,13602641.5,13947822,15676972.5,17206831.95,19241063.92,20877220,23994542.83
"({1, 2, 3, 4, 7}, 16)",9054810.917,10397912.58,11360742.75,13602641.5,13947822,15676972.5,17206831.95,19241063.92,20877220,23994542.83
"({1, 2, 3, 4, 7}, 15)",9054810.917,10397912.58,11360742.75,13602641.5,13947822,15676972.5,17206831.95,19241063.92,20877220,23994542.83
"({1, 2, 3, 4, 7}, 14)",9054810.917,10397912.58,11360742.75,13602641.5,13947822,15676972.5,17206831.95,19241063.92,0,0
"({1, 2, 3, 4, 7}, 13)",9054810.917,10397912.58,11360742.75,13602641.5,13947822,15676972.5,17206831.95,0,0,0
"({1, 2, 3, 4, 7}, 12)",9054810.917,10397912.58,11360742.75,13602641.5,13947822,15676972.5,17206831.95,0,0,0
"({1, 2, 3, 4, 7}, 11)",9054810.917,10397912.58,11360742.75,13602641.5,13947822,15676972.5,0,0,0,0
"({1, 2, 3, 4, 7}, 10)",9054810.917,10397912.58,11360742.75,13602641.5,13947822,15676972.5,0,0,0,0
"({1, 2, 3, 4, 7}, 9)",9054810.917,10397912.58,11360742.75,13602641.5,0,0,0,0,0,0
"({1, 2, 3, 4, 7}, 8)",9054810.917,10397912.58,11360742.75,13602641.5,0,0,0,0,0,0
"({1, 2, 3, 4, 7}, 7)",9054810.917,10397912.58,11360742.75,0,0,0,0,0,0,0
"({1, 2, 3, 4, 7}, 6)",9054810.917,10397912.58,0,0,0,0,0,0,0,0
"({1, 2, 3, 4, 7}, 5)",9054810.917,10397912.58,0,0,0,0,0,0,0,0
"({1, 2, 3, 4, 6}, 20)",9314296.25,10390602.83,11376902.25,13682157.42,13877423,15657538.75,17689964.25,19819259.25,21205717.17,24533495.23
"({1, 2, 3, 4, 6}, 19)",9314296.25,10390602.83,11376902.25,13682157.42,13877423,15657538.75,17689964.25,19819259.25,21205717.17,24533495.23
"({1, 2, 3, 4, 6}, 18)",9314296.25,10390602.83,11376902.25,13682157.42,13877423,15657538.75,17689964.25,19819259.25,21205717.17,24533495.23
"({1, 2, 3, 4, 6}, 17)",9314296.25,10390602.83,11376902.25,13682157.42,13877423,15657538.75,17689964.25,19819259.25,21205717.17,24533495.23
"({1, 2, 3, 4, 6}, 16)",9314296.25,10390602.83,11376902.25,13682157.42,13877423,15657538.75,17689964.25,19819259.25,21205717.17,24533495.23
"({1, 2, 3, 4, 6}, 15)",9314296.25,10390602.83,11376902.25,13682157.42,13877423,15657538.75,17689964.25,19819259.25,21205717.17,24533495.23
"({1, 2, 3, 4, 6}, 14)",9314296.25,10390602.83,11376902.25,13682157.42,13877423,15657538.75,17689964.25,19819259.25,0,0
"({1, 2, 3, 4, 6}, 13)",9314296.25,10390602.83,11376902.25,13682157.42,13877423,15657538.75,17689964.25,0,0,0
"({1, 2, 3, 4, 6}, 12)",9314296.25,10390602.83,11376902.25,13682157.42,13877423,15657538.75,17689964.25,0,0,0
"({1, 2, 3, 4, 6}, 11)",9314296.25,10390602.83,11376902.25,13682157.42,13877423,15657538.75,0,0,0,0
"({1, 2, 3, 4, 6}, 10)",9314296.25,10390602.83,11376902.25,13682157.42,13877423,15657538.75,0,0,0,0
"({1, 2, 3, 4, 6}, 9)",9314296.25,10390602.83,11376902.25,13682157.42,0,0,0,0,0,0
"({1, 2, 3, 4, 6}, 8)",9314296.25,10390602.83,11376902.25,13682157.42,0,0,0,0,0,0
"({1, 2, 3, 4, 6}, 7)",9314296.25,10390602.83,11376902.25,0,0,0,0,0,0,0
"({1, 2, 3, 4, 6}, 6)",9314296.25,10390602.83,0,0,0,0,0,0,0,0
"({1, 2, 3, 4, 6}, 5)",9314296.25,10390602.83,0,0,0,0,0,0,0,0
"({1, 2, 3, 4, 5}, 20)",9314296.25,10390602.83,11376902.25,13682157.42,13877423,15695303.75,17704296.75,19853384.25,21208105.92,24601290.23
"({1, 2, 3, 4, 5}, 19)",9314296.25,10390602.83,11376902.25,13682157.42,13877423,15695303.75,17704296.75,19853384.25,21208105.92,24601290.23
"({1, 2, 3, 4, 5}, 18)",9314296.25,10390602.83,11376902.25,13682157.42,13877423,15695303.75,17704296.75,19853384.25,21208105.92,24601290.23
"({1, 2, 3, 4, 5}, 17)",9314296.25,10390602.83,11376902.25,13682157.42,13877423,15695303.75,17704296.75,19853384.25,21208105.92,24601290.23
"({1, 2, 3, 4, 5}, 16)",9314296.25,10390602.83,11376902.25,13682157.42,13877423,15695303.75,17704296.75,19853384.25,21208105.92,24601290.23
"({1, 2, 3, 4, 5}, 15)",9314296.25,10390602.83,11376902.25,13682157.42,13877423,15695303.75,17704296.75,19853384.25,21208105.92,24601290.23
"({1, 2, 3, 4, 5}, 14)",9314296.25,10390602.83,11376902.25,13682157.42,13877423,15695303.75,17704296.75,19853384.25,0,0
"({1, 2, 3, 4, 5}, 13)",9314296.25,10390602.83,11376902.25,13682157.42,13877423,15695303.75,17704296.75,0,0,0
"({1, 2, 3, 4, 5}, 12)",9314296.25,10390602.83,11376902.25,13682157.42,13877423,15695303.75,17704296.75,0,0,0
"({1, 2, 3, 4, 5}, 11)",9314296.25,10390602.83,11376902.25,13682157.42,13877423,15695303.75,0,0,0,0
"({1, 2, 3, 4, 5}, 10)",9314296.25,10390602.83,11376902.25,13682157.42,13877423,15695303.75,0,0,0,0
"({1, 2, 3, 4, 5}, 9)",9314296.25,10390602.83,11376902.25,13682157.42,0,0,0,0,0,0
"({1, 2, 3, 4, 5}, 8)",9314296.25,10390602.83,11376902.25,13682157.42,0,0,0,0,0,0
"({1, 2, 3, 4, 5}, 7)",9314296.25,10390602.83,11376902.25,0,0,0,0,0,0,0
"({1, 2, 3, 4, 5}, 6)",9314296.25,10390602.83,0,0,0,0,0,0,0,0
"({1, 2, 3, 4, 5}, 5)",9314296.25,10390602.83,0,0,0,0,0,0,0,0
"({1, 5, 6, 7}, 20)",9285205.3,10812622.61,11888541.58,13909849.33,14205211.18,16599030.58,18692392.83,20345889.67,21873443.67,25443975.08
"({1, 5, 6, 7}, 19)",9285205.3,10812622.61,11888541.58,13909849.33,14205211.18,16599030.58,18692392.83,20345889.67,21873443.67,25443975.08
"({1, 5, 6, 7}, 18)",9285205.3,10812622.61,11888541.58,13909849.33,14205211.18,16599030.58,18692392.83,20345889.67,21873443.67,25443975.08
"({1, 5, 6, 7}, 17)",9285205.3,10812622.61,11888541.58,13909849.33,14205211.18,16599030.58,18692392.83,20345889.67,21873443.67,25443975.08
"({1, 5, 6, 7}, 16)",9285205.3,10812622.61,11888541.58,13909849.33,14205211.18,16599030.58,18692392.83,20345889.67,21873443.67,25443975.08
"({1, 5, 6, 7}, 15)",9285205.3,10812622.61,11888541.58,13909849.33,14205211.18,16599030.58,18692392.83,20345889.67,21873443.67,25443975.08
"({1, 5, 6, 7}, 14)",9285205.3,10812622.61,11888541.58,13909849.33,14205211.18,16599030.58,18692392.83,20345889.67,0,0
"({1, 5, 6, 7}, 13)",9285205.3,10812622.61,11888541.58,13909849.33,14205211.18,16599030.58,18692392.83,0,0,0
"({1, 5, 6, 7}, 12)",9285205.3,10812622.61,11888541.58,13909849.33,14205211.18,16599030.58,18692392.83,0,0,0
"({1, 5, 6, 7}, 11)",9285205.3,10812622.61,11888541.58,13909849.33,14205211.18,16599030.58,0,0,0,0
"({1, 5, 6, 7}, 10)",9285205.3,10812622.61,11888541.58,13909849.33,14205211.18,16599030.58,0,0,0,0
"({1, 5, 6, 7}, 9)",9285205.3,10812622.61,11888541.58,13909849.33,0,0,0,0,0,0
"({1, 5, 6, 7}, 8)",9285205.3,10812622.61,11888541.58,13909849.33,0,0,0,0,0,0
"({1, 5, 6, 7}, 7)",9285205.3,10812622.61,11888541.58,0,0,0,0,0,0,0
"({1, 5, 6, 7}, 6)",9285205.3,10812622.61,0,0,0,0,0,0,0,0
"({1, 5, 6, 7}, 5)",9285205.3,10812622.61,0,0,0,0,0,0,0,0
"({1, 4, 6, 7}, 20)",9809481.217,10646320.42,11916141.42,13909849.33,14469287.58,16164024.33,18692392.83,20217367.92,21842143.17,24731493.5
"({1, 4, 6, 7}, 19)",9809481.217,10646320.42,11916141.42,13909849.33,14469287.58,16164024.33,18692392.83,20217367.92,21842143.17,24731493.5
"({1, 4, 6, 7}, 18)",9809481.217,10646320.42,11916141.42,13909849.33,14469287.58,16164024.33,18692392.83,20217367.92,21842143.17,24731493.5
"({1, 4, 6, 7}, 17)",9809481.217,10646320.42,11916141.42,13909849.33,14469287.58,16164024.33,18692392.83,20217367.92,21842143.17,24731493.5
"({1, 4, 6, 7}, 16)",9809481.217,10646320.42,11916141.42,13909849.33,14469287.58,16164024.33,18692392.83,20217367.92,21842143.17,24731493.5
"({1, 4, 6, 7}, 15)",9809481.217,10646320.42,11916141.42,13909849.33,14469287.58,16164024.33,18692392.83,20217367.92,21842143.17,24731493.5
"({1, 4, 6, 7}, 14)",9809481.217,10646320.42,11916141.42,13909849.33,14469287.58,16164024.33,18692392.83,20217367.92,0,0
"({1, 4, 6, 7}, 13)",9809481.217,10646320.42,11916141.42,13909849.33,14469287.58,16164024.33,18692392.83,0,0,0
"({1, 4, 6, 7}, 12)",9809481.217,10646320.42,11916141.42,13909849.33,14469287.58,16164024.33,18692392.83,0,0,0
"({1, 4, 6, 7}, 11)",9809481.217,10646320.42,11916141.42,13909849.33,14469287.58,16164024.33,0,0,0,0
"({1, 4, 6, 7}, 10)",9809481.217,10646320.42,11916141.42,13909849.33,14469287.58,16164024.33,0,0,0,0
"({1, 4, 6, 7}, 9)",9809481.217,10646320.42,11916141.42,13909849.33,0,0,0,0,0,0
"({1, 4, 6, 7}, 8)",9809481.217,10646320.42,11916141.42,13909849.33,0,0,0,0,0,0
"({1, 4, 6, 7}, 7)",9809481.217,10646320.42,11916141.42,0,0,0,0,0,0,0
"({1, 4, 6, 7}, 6)",9809481.217,10646320.42,0,0,0,0,0,0,0,0
"({1, 4, 6, 7}, 5)",9809481.217,10646320.42,0,0,0,0,0,0,0,0
"({1, 4, 5, 7}, 20)",9464866.25,10646320.42,11651890.61,13909849.33,14179127.43,15873586.17,18692391.87,20208381.67,21842143.17,24731493.5
"({1, 4, 5, 7}, 19)",9464866.25,10646320.42,11651890.61,13909849.33,14179127.43,15873586.17,18692391.87,20208381.67,21842143.17,24731493.5
"({1, 4, 5, 7}, 18)",9464866.25,10646320.42,11651890.61,13909849.33,14179127.43,15873586.17,18692391.87,20208381.67,21842143.17,24731493.5
"({1, 4, 5, 7}, 17)",9464866.25,10646320.42,11651890.61,13909849.33,14179127.43,15873586.17,18692391.87,20208381.67,21842143.17,24731493.5
"({1, 4, 5, 7}, 16)",9464866.25,10646320.42,11651890.61,13909849.33,14179127.43,15873586.17,18692391.87,20208381.67,21842143.17,24731493.5
"({1, 4, 5, 7}, 15)",9464866.25,10646320.42,11651890.61,13909849.33,14179127.43,15873586.17,18692391.87,20208381.67,21842143.17,24731493.5
"({1, 4, 5, 7}, 14)",9464866.25,10646320.42,11651890.61,13909849.33,14179127.43,15873586.17,18692391.87,20208381.67,0,0
"({1, 4, 5, 7}, 13)",9464866.25,10646320.42,11651890.61,13909849.33,14179127.43,15873586.17,18692391.87,0,0,0
"({1, 4, 5, 7}, 12)",9464866.25,10646320.42,11651890.61,13909849.33,14179127.43,15873586.17,18692391.87,0,0,0
"({1, 4, 5, 7}, 11)",9464866.25,10646320.42,11651890.61,13909849.33,14179127.43,15873586.17,0,0,0,0
"({1, 4, 5, 7}, 10)",9464866.25,10646320.42,11651890.61,13909849.33,14179127.43,15873586.17,0,0,0,0
"({1, 4, 5, 7}, 9)",9464866.25,10646320.42,11651890.61,13909849.33,0,0,0,0,0,0
"({1, 4, 5, 7}, 8)",9464866.25,10646320.42,11651890.61,13909849.33,0,0,0,0,0,0
"({1, 4, 5, 7}, 7)",9464866.25,10646320.42,11651890.61,0,0,0,0,0,0,0
"({1, 4, 5, 7}, 6)",9464866.25,10646320.42,0,0,0,0,0,0,0,0
"({1, 4, 5, 7}, 5)",9464866.25,10646320.42,0,0,0,0,0,0,0,0
"({1, 4, 5, 6}, 20)",10031909.18,10639010.67,11668050.33,15623421.33,14108728.43,15904202.42,20708620.68,22780263.57,23747317.42,26887379.17
"({1, 4, 5, 6}, 19)",10031909.18,10639010.67,11668050.33,15623421.33,14108728.43,15904202.42,20708620.68,22780263.57,23747317.42,26887379.17
"({1, 4, 5, 6}, 18)",10031909.18,10639010.67,11668050.33,15623421.33,14108728.43,15904202.42,20708620.68,22780263.57,23747317.42,26887379.17
"({1, 4, 5, 6}, 17)",10031909.18,10639010.67,11668050.33,15623421.33,14108728.43,15904202.42,20708620.68,22780263.57,23747317.42,26887379.17
"({1, 4, 5, 6}, 16)",10031909.18,10639010.67,11668050.33,15623421.33,14108728.43,15904202.42,20708620.68,22780263.57,23747317.42,26887379.17
"({1, 4, 5, 6}, 15)",10031909.18,10639010.67,11668050.33,15623421.33,14108728.43,15904202.42,20708620.68,22780263.57,23747317.42,26887379.17
"({1, 4, 5, 6}, 14)",10031909.18,10639010.67,11668050.33,15623421.33,14108728.43,15904202.42,20708620.68,22780263.57,0,0
"({1, 4, 5, 6}, 13)",10031909.18,10639010.67,11668050.33,15623421.33,14108728.43,15904202.42,20708620.68,0,0,0
"({1, 4, 5, 6}, 12)",10031909.18,10639010.67,11668050.33,15623421.33,14108728.43,15904202.42,20708620.68,0,0,0
"({1, 4, 5, 6}, 11)",10031909.18,10639010.67,11668050.33,15623421.33,14108728.43,15904202.42,0,0,0,0
"({1, 4, 5, 6}, 10)",10031909.18,10639010.67,11668050.33,15623421.33,14108728.43,15904202.42,0,0,0,0
"({1, 4, 5, 6}, 9)",10031909.18,10639010.67,11668050.33,15623421.33,0,0,0,0,0,0
"({1, 4, 5, 6}, 8)",10031909.18,10639010.67,11668050.33,15623421.33,0,0,0,0,0,0
"({1, 4, 5, 6}, 7)",10031909.18,10639010.67,11668050.33,0,0,0,0,0,0,0
"({1, 4, 5, 6}, 6)",10031909.18,10639010.67,0,0,0,0,0,0,0,0
"({1, 4, 5, 6}, 5)",10031909.18,10639010.67,0,0,0,0,0,0,0,0
"({1, 3, 6, 7}, 20)",9593875.083,10379691,11934743.33,13602641.5,14312994.5,16026341.92,17989475.12,19931947.26,21159488,24568587.17
"({1, 3, 6, 7}, 19)",9593875.083,10379691,11934743.33,13602641.5,14312994.5,16026341.92,17989475.12,19931947.26,21159488,24568587.17
"({1, 3, 6, 7}, 18)",9593875.083,10379691,11934743.33,13602641.5,14312994.5,16026341.92,17989475.12,19931947.26,21159488,24568587.17
"({1, 3, 6, 7}, 17)",9593875.083,10379691,11934743.33,13602641.5,14312994.5,16026341.92,17989475.12,19931947.26,21159488,24568587.17
"({1, 3, 6, 7}, 16)",9593875.083,10379691,11934743.33,13602641.5,14312994.5,16026341.92,17989475.12,19931947.26,21159488,24568587.17
"({1, 3, 6, 7}, 15)",9593875.083,10379691,11934743.33,13602641.5,14312994.5,16026341.92,17989475.12,19931947.26,21159488,24568587.17
"({1, 3, 6, 7}, 14)",9593875.083,10379691,11934743.33,13602641.5,14312994.5,16026341.92,17989475.12,19931947.26,0,0
"({1, 3, 6, 7}, 13)",9593875.083,10379691,11934743.33,13602641.5,14312994.5,16026341.92,17989475.12,0,0,0
"({1, 3, 6, 7}, 12)",9593875.083,10379691,11934743.33,13602641.5,14312994.5,16026341.92,17989475.12,0,0,0
"({1, 3, 6, 7}, 11)",9593875.083,10379691,11934743.33,13602641.5,14312994.5,16026341.92,0,0,0,0
"({1, 3, 6, 7}, 10)",9593875.083,10379691,11934743.33,13602641.5,14312994.5,16026341.92,0,0,0,0
"({1, 3, 6, 7}, 9)",9593875.083,10379691,11934743.33,13602641.5,0,0,0,0,0,0
"({1, 3, 6, 7}, 8)",9593875.083,10379691,11934743.33,13602641.5,0,0,0,0,0,0
"({1, 3, 6, 7}, 7)",9593875.083,10379691,11934743.33,0,0,0,0,0,0,0
"({1, 3, 6, 7}, 6)",9593875.083,10379691,0,0,0,0,0,0,0,0
"({1, 3, 6, 7}, 5)",9593875.083,10379691,0,0,0,0,0,0,0,0
"({1, 3, 5, 7}, 20)",9249260.417,10336921,11670492.75,13602641.5,14022834.35,15735903.75,17989475.12,19922963.08,21159488,24528774.67
"({1, 3, 5, 7}, 19)",9249260.417,10336921,11670492.75,13602641.5,14022834.35,15735903.75,17989475.12,19922963.08,21159488,24528774.67
"({1, 3, 5, 7}, 18)",9249260.417,10336921,11670492.75,13602641.5,14022834.35,15735903.75,17989475.12,19922963.08,21159488,24528774.67
"({1, 3, 5, 7}, 17)",9249260.417,10336921,11670492.75,13602641.5,14022834.35,15735903.75,17989475.12,19922963.08,21159488,24528774.67
"({1, 3, 5, 7}, 16)",9249260.417,10336921,11670492.75,13602641.5,14022834.35,15735903.75,17989475.12,19922963.08,21159488,24528774.67
"({1, 3, 5, 7}, 15)",9249260.417,10336921,11670492.75,13602641.5,14022834.35,15735903.75,17989475.12,19922963.08,21159488,24528774.67
"({1, 3, 5, 7}, 14)",9249260.417,10336921,11670492.75,13602641.5,14022834.35,15735903.75,17989475.12,19922963.08,0,0
"({1, 3, 5, 7}, 13)",9249260.417,10336921,11670492.75,13602641.5,14022834.35,15735903.75,17989475.12,0,0,0
"({1, 3, 5, 7}, 12)",9249260.417,10336921,11670492.75,13602641.5,14022834.35,15735903.75,17989475.12,0,0,0
"({1, 3, 5, 7}, 11)",9249260.417,10336921,11670492.75,13602641.5,14022834.35,15735903.75,0,0,0,0
"({1, 3, 5, 7}, 10)",9249260.417,10336921,11670492.75,13602641.5,14022834.35,15735903.75,0,0,0,0
"({1, 3, 5, 7}, 9)",9249260.417,10336921,11670492.75,13602641.5,0,0,0,0,0,0
"({1, 3, 5, 7}, 8)",9249260.417,10336921,11670492.75,13602641.5,0,0,0,0,0,0
"({1, 3, 5, 7}, 7)",9249260.417,10336921,11670492.75,0,0,0,0,0,0,0
"({1, 3, 5, 7}, 6)",9249260.417,10336921,0,0,0,0,0,0,0,0
"({1, 3, 5, 7}, 5)",9249260.417,10336921,0,0,0,0,0,0,0,0
"({1, 3, 5, 6}, 20)",9872287.6,10329611.25,11686652.25,14839100.5,13952435.35,15766520,18888399.6,21854275.45,22544301.15,26081175.4
"({1, 3, 5, 6}, 19)",9872287.6,10329611.25,11686652.25,14839100.5,13952435.35,15766520,18888399.6,21854275.45,22544301.15,26081175.4
"({1, 3, 5, 6}, 18)",9872287.6,10329611.25,11686652.25,14839100.5,13952435.35,15766520,18888399.6,21854275.45,22544301.15,26081175.4
"({1, 3, 5, 6}, 17)",9872287.6,10329611.25,11686652.25,14839100.5,13952435.35,15766520,18888399.6,21854275.45,22544301.15,26081175.4
"({1, 3, 5, 6}, 16)",9872287.6,10329611.25,11686652.25,14839100.5,13952435.35,15766520,18888399.6,21854275.45,22544301.15,26081175.4
"({1, 3, 5, 6}, 15)",9872287.6,10329611.25,11686652.25,14839100.5,13952435.35,15766520,18888399.6,21854275.45,22544301.15,26081175.4
"({1, 3, 5, 6}, 14)",9872287.6,10329611.25,11686652.25,14839100.5,13952435.35,15766520,18888399.6,21854275.45,0,0
"({1, 3, 5, 6}, 13)",9872287.6,10329611.25,11686652.25,14839100.5,13952435.35,15766520,18888399.6,0,0,0
"({1, 3, 5, 6}, 12)",9872287.6,10329611.25,11686652.25,14839100.5,13952435.35,15766520,18888399.6,0,0,0
"({1, 3, 5, 6}, 11)",9872287.6,10329611.25,11686652.25,14839100.5,13952435.35,15766520,0,0,0,0
"({1, 3, 5, 6}, 10)",9872287.6,10329611.25,11686652.25,14839100.5,13952435.35,15766520,0,0,0,0
"({1, 3, 5, 6}, 9)",9872287.6,10329611.25,11686652.25,14839100.5,0,0,0,0,0,0
"({1, 3, 5, 6}, 8)",9872287.6,10329611.25,11686652.25,14839100.5,0,0,0,0,0,0
"({1, 3, 5, 6}, 7)",9872287.6,10329611.25,11686652.25,0,0,0,0,0,0,0
"({1, 3, 5, 6}, 6)",9872287.6,10329611.25,0,0,0,0,0,0,0,0
"({1, 3, 5, 6}, 5)",9872287.6,10329611.25,0,0,0,0,0,0,0,0
"({1, 3, 4, 7}, 20)",9551105.083,10336921,11934743.33,13602641.5,14312994.5,16026341.92,17989475.12,19922963.08,21109779.25,24516717.17
"({1, 3, 4, 7}, 19)",9551105.083,10336921,11934743.33,13602641.5,14312994.5,16026341.92,17989475.12,19922963.08,21109779.25,24516717.17
"({1, 3, 4, 7}, 18)",9551105.083,10336921,11934743.33,13602641.5,14312994.5,16026341.92,17989475.12,19922963.08,21109779.25,24516717.17
"({1, 3, 4, 7}, 17)",9551105.083,10336921,11934743.33,13602641.5,14312994.5,16026341.92,17989475.12,19922963.08,21109779.25,24516717.17
"({1, 3, 4, 7}, 16)",9551105.083,10336921,11934743.33,13602641.5,14312994.5,16026341.92,17989475.12,19922963.08,21109779.25,24516717.17
"({1, 3, 4, 7}, 15)",9551105.083,10336921,11934743.33,13602641.5,14312994.5,16026341.92,17989475.12,19922963.08,21109779.25,24516717.17
"({1, 3, 4, 7}, 14)",9551105.083,10336921,11934743.33,13602641.5,14312994.5,16026341.92,17989475.12,19922963.08,0,0
"({1, 3, 4, 7}, 13)",9551105.083,10336921,11934743.33,13602641.5,14312994.5,16026341.92,17989475.12,0,0,0
"({1, 3, 4, 7}, 12)",9551105.083,10336921,11934743.33,13602641.5,14312994.5,16026341.92,17989475.12,0,0,0
"({1, 3, 4, 7}, 11)",9551105.083,10336921,11934743.33,13602641.5,14312994.5,16026341.92,0,0,0,0
"({1, 3, 4, 7}, 10)",9551105.083,10336921,11934743.33,13602641.5,14312994.5,16026341.92,0,0,0,0
"({1, 3, 4, 7}, 9)",9551105.083,10336921,11934743.33,13602641.5,0,0,0,0,0,0
"({1, 3, 4, 7}, 8)",9551105.083,10336921,11934743.33,13602641.5,0,0,0,0,0,0
"({1, 3, 4, 7}, 7)",9551105.083,10336921,11934743.33,0,0,0,0,0,0,0
"({1, 3, 4, 7}, 6)",9551105.083,10336921,0,0,0,0,0,0,0,0
"({1, 3, 4, 7}, 5)",9551105.083,10336921,0,0,0,0,0,0,0,0
"({1, 3, 4, 6}, 20)",10739806.38,10372381.25,13026906.9,14839100.5,15923915,16433200,20648527.2,23349883.13,23493630.65,27047363
"({1, 3, 4, 6}, 19)",10739806.38,10372381.25,13026906.9,14839100.5,15923915,16433200,20648527.2,23349883.13,23493630.65,27047363
"({1, 3, 4, 6}, 18)",10739806.38,10372381.25,13026906.9,14839100.5,15923915,16433200,20648527.2,23349883.13,23493630.65,27047363
"({1, 3, 4, 6}, 17)",10739806.38,10372381.25,13026906.9,14839100.5,15923915,16433200,20648527.2,23349883.13,23493630.65,27047363
"({1, 3, 4, 6}, 16)",10739806.38,10372381.25,13026906.9,14839100.5,15923915,16433200,20648527.2,23349883.13,23493630.65,27047363
"({1, 3, 4, 6}, 15)",10739806.38,10372381.25,13026906.9,14839100.5,15923915,16433200,20648527.2,23349883.13,23493630.65,27047363
"({1, 3, 4, 6}, 14)",10739806.38,10372381.25,13026906.9,14839100.5,15923915,16433200,20648527.2,23349883.13,0,0
"({1, 3, 4, 6}, 13)",10739806.38,10372381.25,13026906.9,14839100.5,15923915,16433200,20648527.2,0,0,0
"({1, 3, 4, 6}, 12)",10739806.38,10372381.25,13026906.9,14839100.5,15923915,16433200,20648527.2,0,0,0
"({1, 3, 4, 6}, 11)",10739806.38,10372381.25,13026906.9,14839100.5,15923915,16433200,0,0,0,0
"({1, 3, 4, 6}, 10)",10739806.38,10372381.25,13026906.9,14839100.5,15923915,16433200,0,0,0,0
"({1, 3, 4, 6}, 9)",10739806.38,10372381.25,13026906.9,14839100.5,0,0,0,0,0,0
"({1, 3, 4, 6}, 8)",10739806.38,10372381.25,13026906.9,14839100.5,0,0,0,0,0,0
"({1, 3, 4, 6}, 7)",10739806.38,10372381.25,13026906.9,0,0,0,0,0,0,0
"({1, 3, 4, 6}, 6)",10739806.38,10372381.25,0,0,0,0,0,0,0,0
"({1, 3, 4, 6}, 5)",10739806.38,10372381.25,0,0,0,0,0,0,0,0
"({1, 3, 4, 5}, 20)",9829517.6,10329611.25,11686652.25,14839100.5,13952435.35,15766520,18888399.6,21854275.45,22577402.4,25977207.9
"({1, 3, 4, 5}, 19)",9829517.6,10329611.25,11686652.25,14839100.5,13952435.35,15766520,18888399.6,21854275.45,22577402.4,25977207.9
"({1, 3, 4, 5}, 18)",9829517.6,10329611.25,11686652.25,14839100.5,13952435.35,15766520,18888399.6,21854275.45,22577402.4,25977207.9
"({1, 3, 4, 5}, 17)",9829517.6,10329611.25,11686652.25,14839100.5,13952435.35,15766520,18888399.6,21854275.45,22577402.4,25977207.9
"({1, 3, 4, 5}, 16)",9829517.6,10329611.25,11686652.25,14839100.5,13952435.35,15766520,18888399.6,21854275.45,22577402.4,25977207.9
"({1, 3, 4, 5}, 15)",9829517.6,10329611.25,11686652.25,14839100.5,13952435.35,15766520,18888399.6,21854275.45,22577402.4,25977207.9
"({1, 3, 4, 5}, 14)",9829517.6,10329611.25,11686652.25,14839100.5,13952435.35,15766520,18888399.6,21854275.45,0,0
"({1, 3, 4, 5}, 13)",9829517.6,10329611.25,11686652.25,14839100.5,13952435.35,15766520,18888399.6,0,0,0
"({1, 3, 4, 5}, 12)",9829517.6,10329611.25,11686652.25,14839100.5,13952435.35,15766520,18888399.6,0,0,0
"({1, 3, 4, 5}, 11)",9829517.6,10329611.25,11686652.25,14839100.5,13952435.35,15766520,0,0,0,0
"({1, 3, 4, 5}, 10)",9829517.6,10329611.25,11686652.25,14839100.5,13952435.35,15766520,0,0,0,0
"({1, 3, 4, 5}, 9)",9829517.6,10329611.25,11686652.25,14839100.5,0,0,0,0,0,0
"({1, 3, 4, 5}, 8)",9829517.6,10329611.25,11686652.25,14839100.5,0,0,0,0,0,0
"({1, 3, 4, 5}, 7)",9829517.6,10329611.25,11686652.25,0,0,0,0,0,0,0
"({1, 3, 4, 5}, 6)",9829517.6,10329611.25,0,0,0,0,0,0,0,0
"({1, 3, 4, 5}, 5)",9829517.6,10329611.25,0,0,0,0,0,0,0,0
"({1, 2, 6, 7}, 20)",9090755.917,10873615.44,11578791.58,13909849.33,14130198.83,16542829.33,17928973.42,19654321.75,21631101.92,24952854.5
"({1, 2, 6, 7}, 19)",9090755.917,10873615.44,11578791.58,13909849.33,14130198.83,16542829.33,17928973.42,19654321.75,21631101.92,24952854.5
"({1, 2, 6, 7}, 18)",9090755.917,10873615.44,11578791.58,13909849.33,14130198.83,16542829.33,17928973.42,19654321.75,21631101.92,24952854.5
"({1, 2, 6, 7}, 17)",9090755.917,10873615.44,11578791.58,13909849.33,14130198.83,16542829.33,17928973.42,19654321.75,21631101.92,24952854.5
"({1, 2, 6, 7}, 16)",9090755.917,10873615.44,11578791.58,13909849.33,14130198.83,16542829.33,17928973.42,19654321.75,21631101.92,24952854.5
"({1, 2, 6, 7}, 15)",9090755.917,10873615.44,11578791.58,13909849.33,14130198.83,16542829.33,17928973.42,19654321.75,21631101.92,24952854.5
"({1, 2, 6, 7}, 14)",9090755.917,10873615.44,11578791.58,13909849.33,14130198.83,16542829.33,17928973.42,19654321.75,0,0
"({1, 2, 6, 7}, 13)",9090755.917,10873615.44,11578791.58,13909849.33,14130198.83,16542829.33,17928973.42,0,0,0
"({1, 2, 6, 7}, 12)",9090755.917,10873615.44,11578791.58,13909849.33,14130198.83,16542829.33,17928973.42,0,0,0
"({1, 2, 6, 7}, 11)",9090755.917,10873615.44,11578791.58,13909849.33,14130198.83,16542829.33,0,0,0,0
"({1, 2, 6, 7}, 10)",9090755.917,10873615.44,11578791.58,13909849.33,14130198.83,16542829.33,0,0,0,0
"({1, 2, 6, 7}, 9)",9090755.917,10873615.44,11578791.58,13909849.33,0,0,0,0,0,0
"({1, 2, 6, 7}, 8)",9090755.917,10873615.44,11578791.58,13909849.33,0,0,0,0,0,0
"({1, 2, 6, 7}, 7)",9090755.917,10873615.44,11578791.58,0,0,0,0,0,0,0
"({1, 2, 6, 7}, 6)",9090755.917,10873615.44,0,0,0,0,0,0,0,0
"({1, 2, 6, 7}, 5)",9090755.917,10873615.44,0,0,0,0,0,0,0,0
"({1, 2, 5, 7}, 20)",9090755.917,10873615.67,11578791.58,13909849.33,14130198.83,16540099.33,17909749.67,19654321.75,21631101.92,24949783.25
"({1, 2, 5, 7}, 19)",9090755.917,10873615.67,11578791.58,13909849.33,14130198.83,16540099.33,17909749.67,19654321.75,21631101.92,24949783.25
"({1, 2, 5, 7}, 18)",9090755.917,10873615.67,11578791.58,13909849.33,14130198.83,16540099.33,17909749.67,19654321.75,21631101.92,24949783.25
"({1, 2, 5, 7}, 17)",9090755.917,10873615.67,11578791.58,13909849.33,14130198.83,16540099.33,17909749.67,19654321.75,21631101.92,24949783.25
"({1, 2, 5, 7}, 16)",9090755.917,10873615.67,11578791.58,13909849.33,14130198.83,16540099.33,17909749.67,19654321.75,21631101.92,24949783.25
"({1, 2, 5, 7}, 15)",9090755.917,10873615.67,11578791.58,13909849.33,14130198.83,16540099.33,17909749.67,19654321.75,21631101.92,24949783.25
"({1, 2, 5, 7}, 14)",9090755.917,10873615.67,11578791.58,13909849.33,14130198.83,16540099.33,17909749.67,19654321.75,0,0
"({1, 2, 5, 7}, 13)",9090755.917,10873615.67,11578791.58,13909849.33,14130198.83,16540099.33,17909749.67,0,0,0
"({1, 2, 5, 7}, 12)",9090755.917,10873615.67,11578791.58,13909849.33,14130198.83,16540099.33,17909749.67,0,0,0
"({1, 2, 5, 7}, 11)",9090755.917,10873615.67,11578791.58,13909849.33,14130198.83,16540099.33,0,0,0,0
"({1, 2, 5, 7}, 10)",9090755.917,10873615.67,11578791.58,13909849.33,14130198.83,16540099.33,0,0,0,0
"({1, 2, 5, 7}, 9)",9090755.917,10873615.67,11578791.58,13909849.33,0,0,0,0,0,0
"({1, 2, 5, 7}, 8)",9090755.917,10873615.67,11578791.58,13909849.33,0,0,0,0,0,0
"({1, 2, 5, 7}, 7)",9090755.917,10873615.67,11578791.58,0,0,0,0,0,0,0
"({1, 2, 5, 7}, 6)",9090755.917,10873615.67,0,0,0,0,0,0,0,0
"({1, 2, 5, 7}, 5)",9090755.917,10873615.67,0,0,0,0,0,0,0,0
"({1, 2, 5, 6}, 20)",9393011.25,10628279.08,12819089.5,14963936.17,14004131.75,17508350.42,19602469.25,21120631.58,23083108.35,27088719
"({1, 2, 5, 6}, 19)",9393011.25,10628279.08,12819089.5,14963936.17,14004131.75,17508350.42,19602469.25,21120631.58,23083108.35,27088719
"({1, 2, 5, 6}, 18)",9393011.25,10628279.08,12819089.5,14963936.17,14004131.75,17508350.42,19602469.25,21120631.58,23083108.35,27088719
"({1, 2, 5, 6}, 17)",9393011.25,10628279.08,12819089.5,14963936.17,14004131.75,17508350.42,19602469.25,21120631.58,23083108.35,27088719
"({1, 2, 5, 6}, 16)",9393011.25,10628279.08,12819089.5,14963936.17,14004131.75,17508350.42,19602469.25,21120631.58,23083108.35,27088719
"({1, 2, 5, 6}, 15)",9393011.25,10628279.08,12819089.5,14963936.17,14004131.75,17508350.42,19602469.25,21120631.58,23083108.35,27088719
"({1, 2, 5, 6}, 14)",9393011.25,10628279.08,12819089.5,14963936.17,14004131.75,17508350.42,19602469.25,21120631.58,0,0
"({1, 2, 5, 6}, 13)",9393011.25,10628279.08,12819089.5,14963936.17,14004131.75,17508350.42,19602469.25,0,0,0
"({1, 2, 5, 6}, 12)",9393011.25,10628279.08,12819089.5,14963936.17,14004131.75,17508350.42,19602469.25,0,0,0
"({1, 2, 5, 6}, 11)",9393011.25,10628279.08,12819089.5,14963936.17,14004131.75,17508350.42,0,0,0,0
"({1, 2, 5, 6}, 10)",9393011.25,10628279.08,12819089.5,14963936.17,14004131.75,17508350.42,0,0,0,0
"({1, 2, 5, 6}, 9)",9393011.25,10628279.08,12819089.5,14963936.17,0,0,0,0,0,0
"({1, 2, 5, 6}, 8)",9393011.25,10628279.08,12819089.5,14963936.17,0,0,0,0,0,0
"({1, 2, 5, 6}, 7)",9393011.25,10628279.08,12819089.5,0,0,0,0,0,0,0
"({1, 2, 5, 6}, 6)",9393011.25,10628279.08,0,0,0,0,0,0,0,0
"({1, 2, 5, 6}, 5)",9393011.25,10628279.08,0,0,0,0,0,0,0,0
"({1, 2, 4, 7}, 20)",9270416.75,10707312,11342140.83,13909849.33,14104115.08,15817384.92,17909749.67,19505210.09,21599801.22,24110242.92
"({1, 2, 4, 7}, 19)",9270416.75,10707312,11342140.83,13909849.33,14104115.08,15817384.92,17909749.67,19505210.09,21599801.22,24110242.92
"({1, 2, 4, 7}, 18)",9270416.75,10707312,11342140.83,13909849.33,14104115.08,15817384.92,17909749.67,19505210.09,21599801.22,24110242.92
"({1, 2, 4, 7}, 17)",9270416.75,10707312,11342140.83,13909849.33,14104115.08,15817384.92,17909749.67,19505210.09,21599801.22,24110242.92
"({1, 2, 4, 7}, 16)",9270416.75,10707312,11342140.83,13909849.33,14104115.08,15817384.92,17909749.67,19505210.09,21599801.22,24110242.92
"({1, 2, 4, 7}, 15)",9270416.75,10707312,11342140.83,13909849.33,14104115.08,15817384.92,17909749.67,19505210.09,21599801.22,24110242.92
"({1, 2, 4, 7}, 14)",9270416.75,10707312,11342140.83,13909849.33,14104115.08,15817384.92,17909749.67,19505210.09,0,0
"({1, 2, 4, 7}, 13)",9270416.75,10707312,11342140.83,13909849.33,14104115.08,15817384.92,17909749.67,0,0,0
"({1, 2, 4, 7}, 12)",9270416.75,10707312,11342140.83,13909849.33,14104115.08,15817384.92,17909749.67,0,0,0
"({1, 2, 4, 7}, 11)",9270416.75,10707312,11342140.83,13909849.33,14104115.08,15817384.92,0,0,0,0
"({1, 2, 4, 7}, 10)",9270416.75,10707312,11342140.83,13909849.33,14104115.08,15817384.92,0,0,0,0
"({1, 2, 4, 7}, 9)",9270416.75,10707312,11342140.83,13909849.33,0,0,0,0,0,0
"({1, 2, 4, 7}, 8)",9270416.75,10707312,11342140.83,13909849.33,0,0,0,0,0,0
"({1, 2, 4, 7}, 7)",9270416.75,10707312,11342140.83,0,0,0,0,0,0,0
"({1, 2, 4, 7}, 6)",9270416.75,10707312,0,0,0,0,0,0,0,0
"({1, 2, 4, 7}, 5)",9270416.75,10707312,0,0,0,0,0,0,0,0
"({1, 2, 4, 6}, 20)",9572672.083,10700002.25,11358300.33,14099391.25,14033716.08,15795221.17,18655428.75,20289120.81,21928298.58,25384402.75
"({1, 2, 4, 6}, 19)",9572672.083,10700002.25,11358300.33,14099391.25,14033716.08,15795221.17,18655428.75,20289120.81,21928298.58,25384402.75
"({1, 2, 4, 6}, 18)",9572672.083,10700002.25,11358300.33,14099391.25,14033716.08,15795221.17,18655428.75,20289120.81,21928298.58,25384402.75
"({1, 2, 4, 6}, 17)",9572672.083,10700002.25,11358300.33,14099391.25,14033716.08,15795221.17,18655428.75,20289120.81,21928298.58,25384402.75
"({1, 2, 4, 6}, 16)",9572672.083,10700002.25,11358300.33,14099391.25,14033716.08,15795221.17,18655428.75,20289120.81,21928298.58,25384402.75
"({1, 2, 4, 6}, 15)",9572672.083,10700002.25,11358300.33,14099391.25,14033716.08,15795221.17,18655428.75,20289120.81,21928298.58,25384402.75
"({1, 2, 4, 6}, 14)",9572672.083,10700002.25,11358300.33,14099391.25,14033716.08,15795221.17,18655428.75,20289120.81,0,0
"({1, 2, 4, 6}, 13)",9572672.083,10700002.25,11358300.33,14099391.25,14033716.08,15795221.17,18655428.75,0,0,0
"({1, 2, 4, 6}, 12)",9572672.083,10700002.25,11358300.33,14099391.25,14033716.08,15795221.17,18655428.75,0,0,0
"({1, 2, 4, 6}, 11)",9572672.083,10700002.25,11358300.33,14099391.25,14033716.08,15795221.17,0,0,0,0
"({1, 2, 4, 6}, 10)",9572672.083,10700002.25,11358300.33,14099391.25,14033716.08,15795221.17,0,0,0,0
"({1, 2, 4, 6}, 9)",9572672.083,10700002.25,11358300.33,14099391.25,0,0,0,0,0,0
"({1, 2, 4, 6}, 8)",9572672.083,10700002.25,11358300.33,14099391.25,0,0,0,0,0,0
"({1, 2, 4, 6}, 7)",9572672.083,10700002.25,11358300.33,0,0,0,0,0,0,0
"({1, 2, 4, 6}, 6)",9572672.083,10700002.25,0,0,0,0,0,0,0,0
"({1, 2, 4, 6}, 5)",9572672.083,10700002.25,0,0,0,0,0,0,0,0
"({1, 2, 4, 5}, 20)",9572672.083,10700002.25,11358300.33,14099391.25,14033716.08,15795221.17,18664756.77,20309711.92,21928298.58,25431609
"({1, 2, 4, 5}, 19)",9572672.083,10700002.25,11358300.33,14099391.25,14033716.08,15795221.17,18664756.77,20309711.92,21928298.58,25431609
"({1, 2, 4, 5}, 18)",9572672.083,10700002.25,11358300.33,14099391.25,14033716.08,15795221.17,18664756.77,20309711.92,21928298.58,25431609
"({1, 2, 4, 5}, 17)",9572672.083,10700002.25,11358300.33,14099391.25,14033716.08,15795221.17,18664756.77,20309711.92,21928298.58,25431609
"({1, 2, 4, 5}, 16)",9572672.083,10700002.25,11358300.33,14099391.25,14033716.08,15795221.17,18664756.77,20309711.92,21928298.58,25431609
"({1, 2, 4, 5}, 15)",9572672.083,10700002.25,11358300.33,14099391.25,14033716.08,15795221.17,18664756.77,20309711.92,21928298.58,25431609
"({1, 2, 4, 5}, 14)",9572672.083,10700002.25,11358300.33,14099391.25,14033716.08,15795221.17,18664756.77,20309711.92,0,0
"({1, 2, 4, 5}, 13)",9572672.083,10700002.25,11358300.33,14099391.25,14033716.08,15795221.17,18664756.77,0,0,0
"({1, 2, 4, 5}, 12)",9572672.083,10700002.25,11358300.33,14099391.25,14033716.08,15795221.17,18664756.77,0,0,0
"({1, 2, 4, 5}, 11)",9572672.083,10700002.25,11358300.33,14099391.25,14033716.08,15795221.17,0,0,0,0
"({1, 2, 4, 5}, 10)",9572672.083,10700002.25,11358300.33,14099391.25,14033716.08,15795221.17,0,0,0,0
"({1, 2, 4, 5}, 9)",9572672.083,10700002.25,11358300.33,14099391.25,0,0,0,0,0,0
"({1, 2, 4, 5}, 8)",9572672.083,10700002.25,11358300.33,14099391.25,0,0,0,0,0,0
"({1, 2, 4, 5}, 7)",9572672.083,10700002.25,11358300.33,0,0,0,0,0,0,0
"({1, 2, 4, 5}, 6)",9572672.083,10700002.25,0,0,0,0,0,0,0,0
"({1, 2, 4, 5}, 5)",9572672.083,10700002.25,0,0,0,0,0,0,0,0
"({1, 2, 3, 7}, 20)",9054810.917,10397912.58,11360742.75,13602641.5,13947822,15687551.25,17221164.45,19249708.92,20877220,23985215.33
"({1, 2, 3, 7}, 19)",9054810.917,10397912.58,11360742.75,13602641.5,13947822,15687551.25,17221164.45,19249708.92,20877220,23985215.33
"({1, 2, 3, 7}, 18)",9054810.917,10397912.58,11360742.75,13602641.5,13947822,15687551.25,17221164.45,19249708.92,20877220,23985215.33
"({1, 2, 3, 7}, 17)",9054810.917,10397912.58,11360742.75,13602641.5,13947822,15687551.25,17221164.45,19249708.92,20877220,23985215.33
"({1, 2, 3, 7}, 16)",9054810.917,10397912.58,11360742.75,13602641.5,13947822,15687551.25,17221164.45,19249708.92,20877220,23985215.33
"({1, 2, 3, 7}, 15)",9054810.917,10397912.58,11360742.75,13602641.5,13947822,15687551.25,17221164.45,19249708.92,20877220,23985215.33
"({1, 2, 3, 7}, 14)",9054810.917,10397912.58,11360742.75,13602641.5,13947822,15687551.25,17221164.45,19249708.92,0,0
"({1, 2, 3, 7}, 13)",9054810.917,10397912.58,11360742.75,13602641.5,13947822,15687551.25,17221164.45,0,0,0
"({1, 2, 3, 7}, 12)",9054810.917,10397912.58,11360742.75,13602641.5,13947822,15687551.25,17221164.45,0,0,0
"({1, 2, 3, 7}, 11)",9054810.917,10397912.58,11360742.75,13602641.5,13947822,15687551.25,0,0,0,0
"({1, 2, 3, 7}, 10)",9054810.917,10397912.58,11360742.75,13602641.5,13947822,15687551.25,0,0,0,0
"({1, 2, 3, 7}, 9)",9054810.917,10397912.58,11360742.75,13602641.5,0,0,0,0,0,0
"({1, 2, 3, 7}, 8)",9054810.917,10397912.58,11360742.75,13602641.5,0,0,0,0,0,0
"({1, 2, 3, 7}, 7)",9054810.917,10397912.58,11360742.75,0,0,0,0,0,0,0
"({1, 2, 3, 7}, 6)",9054810.917,10397912.58,0,0,0,0,0,0,0,0
"({1, 2, 3, 7}, 5)",9054810.917,10397912.58,0,0,0,0,0,0,0,0
"({1, 2, 3, 6}, 20)",9314296.25,10433372.83,11376902.25,13682157.42,13877423,15710318.75,17689964.25,19819259.25,21205717.17,24538500.23
"({1, 2, 3, 6}, 19)",9314296.25,10433372.83,11376902.25,13682157.42,13877423,15710318.75,17689964.25,19819259.25,21205717.17,24538500.23
"({1, 2, 3, 6}, 18)",9314296.25,10433372.83,11376902.25,13682157.42,13877423,15710318.75,17689964.25,19819259.25,21205717.17,24538500.23
"({1, 2, 3, 6}, 17)",9314296.25,10433372.83,11376902.25,13682157.42,13877423,15710318.75,17689964.25,19819259.25,21205717.17,24538500.23
"({1, 2, 3, 6}, 16)",9314296.25,10433372.83,11376902.25,13682157.42,13877423,15710318.75,17689964.25,19819259.25,21205717.17,24538500.23
"({1, 2, 3, 6}, 15)",9314296.25,10433372.83,11376902.25,13682157.42,13877423,15710318.75,17689964.25,19819259.25,21205717.17,24538500.23
"({1, 2, 3, 6}, 14)",9314296.25,10433372.83,11376902.25,13682157.42,13877423,15710318.75,17689964.25,19819259.25,0,0
"({1, 2, 3, 6}, 13)",9314296.25,10433372.83,11376902.25,13682157.42,13877423,15710318.75,17689964.25,0,0,0
"({1, 2, 3, 6}, 12)",9314296.25,10433372.83,11376902.25,13682157.42,13877423,15710318.75,17689964.25,0,0,0
"({1, 2, 3, 6}, 11)",9314296.25,10433372.83,11376902.25,13682157.42,13877423,15710318.75,0,0,0,0
"({1, 2, 3, 6}, 10)",9314296.25,10433372.83,11376902.25,13682157.42,13877423,15710318.75,0,0,0,0
"({1, 2, 3, 6}, 9)",9314296.25,10433372.83,11376902.25,13682157.42,0,0,0,0,0,0
"({1, 2, 3, 6}, 8)",9314296.25,10433372.83,11376902.25,13682157.42,0,0,0,0,0,0
"({1, 2, 3, 6}, 7)",9314296.25,10433372.83,11376902.25,0,0,0,0,0,0,0
"({1, 2, 3, 6}, 6)",9314296.25,10433372.83,0,0,0,0,0,0,0,0
"({1, 2, 3, 6}, 5)",9314296.25,10433372.83,0,0,0,0,0,0,0,0
"({1, 2, 3, 5}, 20)",9357066.25,10390602.83,11376902.25,13682157.42,13877423,15707588.75,17689964.25,19828586.75,21162833.42,24521437.73
"({1, 2, 3, 5}, 19)",9357066.25,10390602.83,11376902.25,13682157.42,13877423,15707588.75,17689964.25,19828586.75,21162833.42,24521437.73
"({1, 2, 3, 5}, 18)",9357066.25,10390602.83,11376902.25,13682157.42,13877423,15707588.75,17689964.25,19828586.75,21162833.42,24521437.73
"({1, 2, 3, 5}, 17)",9357066.25,10390602.83,11376902.25,13682157.42,13877423,15707588.75,17689964.25,19828586.75,21162833.42,24521437.73
"({1, 2, 3, 5}, 16)",9357066.25,10390602.83,11376902.25,13682157.42,13877423,15707588.75,17689964.25,19828586.75,21162833.42,24521437.73
"({1, 2, 3, 5}, 15)",9357066.25,10390602.83,11376902.25,13682157.42,13877423,15707588.75,17689964.25,19828586.75,21162833.42,24521437.73
"({1, 2, 3, 5}, 14)",9357066.25,10390602.83,11376902.25,13682157.42,13877423,15707588.75,17689964.25,19828586.75,0,0
"({1, 2, 3, 5}, 13)",9357066.25,10390602.83,11376902.25,13682157.42,13877423,15707588.75,17689964.25,0,0,0
"({1, 2, 3, 5}, 12)",9357066.25,10390602.83,11376902.25,13682157.42,13877423,15707588.75,17689964.25,0,0,0
"({1, 2, 3, 5}, 11)",9357066.25,10390602.83,11376902.25,13682157.42,13877423,15707588.75,0,0,0,0
"({1, 2, 3, 5}, 10)",9357066.25,10390602.83,11376902.25,13682157.42,13877423,15707588.75,0,0,0,0
"({1, 2, 3, 5}, 9)",9357066.25,10390602.83,11376902.25,13682157.42,0,0,0,0,0,0
"({1, 2, 3, 5}, 8)",9357066.25,10390602.83,11376902.25,13682157.42,0,0,0,0,0,0
"({1, 2, 3, 5}, 7)",9357066.25,10390602.83,11376902.25,0,0,0,0,0,0,0
"({1, 2, 3, 5}, 6)",9357066.25,10390602.83,0,0,0,0,0,0,0,0
"({1, 2, 3, 5}, 5)",9357066.25,10390602.83,0,0,0,0,0,0,0,0
"({1, 2, 3, 4}, 20)",9357066.25,10390602.83,11376902.25,13682157.42,13877423,15707588.75,17689964.25,19828586.75,21245643.42,24625405.23
"({1, 2, 3, 4}, 19)",9357066.25,10390602.83,11376902.25,13682157.42,13877423,15707588.75,17689964.25,19828586.75,21245643.42,24625405.23
"({1, 2, 3, 4}, 18)",9357066.25,10390602.83,11376902.25,13682157.42,13877423,15707588.75,17689964.25,19828586.75,21245643.42,24625405.23
"({1, 2, 3, 4}, 17)",9357066.25,10390602.83,11376902.25,13682157.42,13877423,15707588.75,17689964.25,19828586.75,21245643.42,24625405.23
"({1, 2, 3, 4}, 16)",9357066.25,10390602.83,11376902.25,13682157.42,13877423,15707588.75,17689964.25,19828586.75,21245643.42,24625405.23
"({1, 2, 3, 4}, 15)",9357066.25,10390602.83,11376902.25,13682157.42,13877423,15707588.75,17689964.25,19828586.75,21245643.42,24625405.23
"({1, 2, 3, 4}, 14)",9357066.25,10390602.83,11376902.25,13682157.42,13877423,15707588.75,17689964.25,19828586.75,0,0
"({1, 2, 3, 4}, 13)",9357066.25,10390602.83,11376902.25,13682157.42,13877423,15707588.75,17689964.25,0,0,0
"({1, 2, 3, 4}, 12)",9357066.25,10390602.83,11376902.25,13682157.42,13877423,15707588.75,17689964.25,0,0,0
"({1, 2, 3, 4}, 11)",9357066.25,10390602.83,11376902.25,13682157.42,13877423,15707588.75,0,0,0,0
"({1, 2, 3, 4}, 10)",9357066.25,10390602.83,11376902.25,13682157.42,13877423,15707588.75,0,0,0,0
"({1, 2, 3, 4}, 9)",9357066.25,10390602.83,11376902.25,13682157.42,0,0,0,0,0,0
"({1, 2, 3, 4}, 8)",9357066.25,10390602.83,11376902.25,13682157.42,0,0,0,0,0,0
"({1, 2, 3, 4}, 7)",9357066.25,10390602.83,11376902.25,0,0,0,0,0,0,0
"({1, 2, 3, 4}, 6)",9357066.25,10390602.83,0,0,0,0,0,0,0,0
"({1, 2, 3, 4}, 5)",9357066.25,10390602.83,0,0,0,0,0,0,0,0
"({1, 6, 7}, 20)",9629820.083,10812624.08,12152792.17,13909849.33,14495371.33,16889468.75,18692392.83,20336903.42,21873443.67,25443975.08
"({1, 6, 7}, 19)",9629820.083,10812624.08,12152792.17,13909849.33,14495371.33,16889468.75,18692392.83,20336903.42,21873443.67,25443975.08
"({1, 6, 7}, 18)",9629820.083,10812624.08,12152792.17,13909849.33,14495371.33,16889468.75,18692392.83,20336903.42,21873443.67,25443975.08
"({1, 6, 7}, 17)",9629820.083,10812624.08,12152792.17,13909849.33,14495371.33,16889468.75,18692392.83,20336903.42,21873443.67,25443975.08
"({1, 6, 7}, 16)",9629820.083,10812624.08,12152792.17,13909849.33,14495371.33,16889468.75,18692392.83,20336903.42,21873443.67,25443975.08
"({1, 6, 7}, 15)",9629820.083,10812624.08,12152792.17,13909849.33,14495371.33,16889468.75,18692392.83,20336903.42,21873443.67,25443975.08
"({1, 6, 7}, 14)",9629820.083,10812624.08,12152792.17,13909849.33,14495371.33,16889468.75,18692392.83,20336903.42,0,0
"({1, 6, 7}, 13)",9629820.083,10812624.08,12152792.17,13909849.33,14495371.33,16889468.75,18692392.83,0,0,0
"({1, 6, 7}, 12)",9629820.083,10812624.08,12152792.17,13909849.33,14495371.33,16889468.75,18692392.83,0,0,0
"({1, 6, 7}, 11)",9629820.083,10812624.08,12152792.17,13909849.33,14495371.33,16889468.75,0,0,0,0
"({1, 6, 7}, 10)",9629820.083,10812624.08,12152792.17,13909849.33,14495371.33,16889468.75,0,0,0,0
"({1, 6, 7}, 9)",9629820.083,10812624.08,12152792.17,13909849.33,0,0,0,0,0,0
"({1, 6, 7}, 8)",9629820.083,10812624.08,12152792.17,13909849.33,0,0,0,0,0,0
"({1, 6, 7}, 7)",9629820.083,10812624.08,12152792.17,0,0,0,0,0,0,0
"({1, 6, 7}, 6)",9629820.083,10812624.08,0,0,0,0,0,0,0,0
"({1, 6, 7}, 5)",9629820.083,10812624.08,0,0,0,0,0,0,0,0
"({1, 5, 7}, 20)",9285205.4,10812624.08,11888541.58,13909849.33,14205211.18,16599030.58,18692392.83,20336903.42,21873443.67,25443975.08
"({1, 5, 7}, 19)",9285205.4,10812624.08,11888541.58,13909849.33,14205211.18,16599030.58,18692392.83,20336903.42,21873443.67,25443975.08
"({1, 5, 7}, 18)",9285205.4,10812624.08,11888541.58,13909849.33,14205211.18,16599030.58,18692392.83,20336903.42,21873443.67,25443975.08
"({1, 5, 7}, 17)",9285205.4,10812624.08,11888541.58,13909849.33,14205211.18,16599030.58,18692392.83,20336903.42,21873443.67,25443975.08
"({1, 5, 7}, 16)",9285205.4,10812624.08,11888541.58,13909849.33,14205211.18,16599030.58,18692392.83,20336903.42,21873443.67,25443975.08
"({1, 5, 7}, 15)",9285205.4,10812624.08,11888541.58,13909849.33,14205211.18,16599030.58,18692392.83,20336903.42,21873443.67,25443975.08
"({1, 5, 7}, 14)",9285205.4,10812624.08,11888541.58,13909849.33,14205211.18,16599030.58,18692392.83,20336903.42,0,0
"({1, 5, 7}, 13)",9285205.4,10812624.08,11888541.58,13909849.33,14205211.18,16599030.58,18692392.83,0,0,0
"({1, 5, 7}, 12)",9285205.4,10812624.08,11888541.58,13909849.33,14205211.18,16599030.58,18692392.83,0,0,0
"({1, 5, 7}, 11)",9285205.4,10812624.08,11888541.58,13909849.33,14205211.18,16599030.58,0,0,0,0
"({1, 5, 7}, 10)",9285205.4,10812624.08,11888541.58,13909849.33,14205211.18,16599030.58,0,0,0,0
"({1, 5, 7}, 9)",9285205.4,10812624.08,11888541.58,13909849.33,0,0,0,0,0,0
"({1, 5, 7}, 8)",9285205.4,10812624.08,11888541.58,13909849.33,0,0,0,0,0,0
"({1, 5, 7}, 7)",9285205.4,10812624.08,11888541.58,0,0,0,0,0,0,0
"({1, 5, 7}, 6)",9285205.4,10812624.08,0,0,0,0,0,0,0,0
"({1, 5, 7}, 5)",9285205.4,10812624.08,0,0,0,0,0,0,0,0
"({1, 5, 6}, 20)",9852248.35,10567287.5,13128839.5,16487966.25,14079144.1,17062605,21750697.5,23449387.15,24902127.25,29112326.95
"({1, 5, 6}, 19)",9852248.35,10567287.5,13128839.5,16487966.25,14079144.1,17062605,21750697.5,23449387.15,24902127.25,29112326.95
"({1, 5, 6}, 18)",9852248.35,10567287.5,13128839.5,16487966.25,14079144.1,17062605,21750697.5,23449387.15,24902127.25,29112326.95
"({1, 5, 6}, 17)",9852248.35,10567287.5,13128839.5,16487966.25,14079144.1,17062605,21750697.5,23449387.15,24902127.25,29112326.95
"({1, 5, 6}, 16)",9852248.35,10567287.5,13128839.5,16487966.25,14079144.1,17062605,21750697.5,23449387.15,24902127.25,29112326.95
"({1, 5, 6}, 15)",9852248.35,10567287.5,13128839.5,16487966.25,14079144.1,17062605,21750697.5,23449387.15,24902127.25,29112326.95
"({1, 5, 6}, 14)",9852248.35,10567287.5,13128839.5,16487966.25,14079144.1,17062605,21750697.5,23449387.15,0,0
"({1, 5, 6}, 13)",9852248.35,10567287.5,13128839.5,16487966.25,14079144.1,17062605,21750697.5,0,0,0
"({1, 5, 6}, 12)",9852248.35,10567287.5,13128839.5,16487966.25,14079144.1,17062605,21750697.5,0,0,0
"({1, 5, 6}, 11)",9852248.35,10567287.5,13128839.5,16487966.25,14079144.1,17062605,0,0,0,0
"({1, 5, 6}, 10)",9852248.35,10567287.5,13128839.5,16487966.25,14079144.1,17062605,0,0,0,0
"({1, 5, 6}, 9)",9852248.35,10567287.5,13128839.5,16487966.25,0,0,0,0,0,0
"({1, 5, 6}, 8)",9852248.35,10567287.5,13128839.5,16487966.25,0,0,0,0,0,0
"({1, 5, 6}, 7)",9852248.35,10567287.5,13128839.5,0,0,0,0,0,0,0
"({1, 5, 6}, 6)",9852248.35,10567287.5,0,0,0,0,0,0,0,0
"({1, 5, 6}, 5)",9852248.35,10567287.5,0,0,0,0,0,0,0,0
"({1, 4, 7}, 20)",9809480.917,10646320.42,11916141.42,13909849.33,14469287.58,16164024.33,18692392.83,20217367.92,21842143.17,24731493.5
"({1, 4, 7}, 19)",9809480.917,10646320.42,11916141.42,13909849.33,14469287.58,16164024.33,18692392.83,20217367.92,21842143.17,24731493.5
"({1, 4, 7}, 18)",9809480.917,10646320.42,11916141.42,13909849.33,14469287.58,16164024.33,18692392.83,20217367.92,21842143.17,24731493.5
"({1, 4, 7}, 17)",9809480.917,10646320.42,11916141.42,13909849.33,14469287.58,16164024.33,18692392.83,20217367.92,21842143.17,24731493.5
"({1, 4, 7}, 16)",9809480.917,10646320.42,11916141.42,13909849.33,14469287.58,16164024.33,18692392.83,20217367.92,21842143.17,24731493.5
"({1, 4, 7}, 15)",9809480.917,10646320.42,11916141.42,13909849.33,14469287.58,16164024.33,18692392.83,20217367.92,21842143.17,24731493.5
"({1, 4, 7}, 14)",9809480.917,10646320.42,11916141.42,13909849.33,14469287.58,16164024.33,18692392.83,20217367.92,0,0
"({1, 4, 7}, 13)",9809480.917,10646320.42,11916141.42,13909849.33,14469287.58,16164024.33,18692392.83,0,0,0
"({1, 4, 7}, 12)",9809480.917,10646320.42,11916141.42,13909849.33,14469287.58,16164024.33,18692392.83,0,0,0
"({1, 4, 7}, 11)",9809480.917,10646320.42,11916141.42,13909849.33,14469287.58,16164024.33,0,0,0,0
"({1, 4, 7}, 10)",9809480.917,10646320.42,11916141.42,13909849.33,14469287.58,16164024.33,0,0,0,0
"({1, 4, 7}, 9)",9809480.917,10646320.42,11916141.42,13909849.33,0,0,0,0,0,0
"({1, 4, 7}, 8)",9809480.917,10646320.42,11916141.42,13909849.33,0,0,0,0,0,0
"({1, 4, 7}, 7)",9809480.917,10646320.42,11916141.42,0,0,0,0,0,0,0
"({1, 4, 7}, 6)",9809480.917,10646320.42,0,0,0,0,0,0,0,0
"({1, 4, 7}, 5)",9809480.917,10646320.42,0,0,0,0,0,0,0,0
"({1, 4, 6}, 20)",11127354.58,10639010.67,12941107.08,15623421.33,16080208.08,16570882.42,21737415.58,22098988.92,24948789.83,28377815.08
"({1, 4, 6}, 19)",11127354.58,10639010.67,12941107.08,15623421.33,16080208.08,16570882.42,21737415.58,22098988.92,24948789.83,28377815.08
"({1, 4, 6}, 18)",11127354.58,10639010.67,12941107.08,15623421.33,16080208.08,16570882.42,21737415.58,22098988.92,24948789.83,28377815.08
"({1, 4, 6}, 17)",11127354.58,10639010.67,12941107.08,15623421.33,16080208.08,16570882.42,21737415.58,22098988.92,24948789.83,28377815.08
"({1, 4, 6}, 16)",11127354.58,10639010.67,12941107.08,15623421.33,16080208.08,16570882.42,21737415.58,22098988.92,24948789.83,28377815.08
"({1, 4, 6}, 15)",11127354.58,10639010.67,12941107.08,15623421.33,16080208.08,16570882.42,21737415.58,22098988.92,24948789.83,28377815.08
"({1, 4, 6}, 14)",11127354.58,10639010.67,12941107.08,15623421.33,16080208.08,16570882.42,21737415.58,22098988.92,0,0
"({1, 4, 6}, 13)",11127354.58,10639010.67,12941107.08,15623421.33,16080208.08,16570882.42,21737415.58,0,0,0
"({1, 4, 6}, 12)",11127354.58,10639010.67,12941107.08,15623421.33,16080208.08,16570882.42,21737415.58,0,0,0
"({1, 4, 6}, 11)",11127354.58,10639010.67,12941107.08,15623421.33,16080208.08,16570882.42,0,0,0,0
"({1, 4, 6}, 10)",11127354.58,10639010.67,12941107.08,15623421.33,16080208.08,16570882.42,0,0,0,0
"({1, 4, 6}, 9)",11127354.58,10639010.67,12941107.08,15623421.33,0,0,0,0,0,0
"({1, 4, 6}, 8)",11127354.58,10639010.67,12941107.08,15623421.33,0,0,0,0,0,0
"({1, 4, 6}, 7)",11127354.58,10639010.67,12941107.08,0,0,0,0,0,0,0
"({1, 4, 6}, 6)",11127354.58,10639010.67,0,0,0,0,0,0,0,0
"({1, 4, 6}, 5)",11127354.58,10639010.67,0,0,0,0,0,0,0,0
"({1, 4, 5}, 20)",10031909.18,10639010.67,11668050.33,15623421.33,14108728.43,15904202.42,20708620.68,22780263.57,23747317.42,26887379.17
"({1, 4, 5}, 19)",10031909.18,10639010.67,11668050.33,15623421.33,14108728.43,15904202.42,20708620.68,22780263.57,23747317.42,26887379.17
"({1, 4, 5}, 18)",10031909.18,10639010.67,11668050.33,15623421.33,14108728.43,15904202.42,20708620.68,22780263.57,23747317.42,26887379.17
"({1, 4, 5}, 17)",10031909.18,10639010.67,11668050.33,15623421.33,14108728.43,15904202.42,20708620.68,22780263.57,23747317.42,26887379.17
"({1, 4, 5}, 16)",10031909.18,10639010.67,11668050.33,15623421.33,14108728.43,15904202.42,20708620.68,22780263.57,23747317.42,26887379.17
"({1, 4, 5}, 15)",10031909.18,10639010.67,11668050.33,15623421.33,14108728.43,15904202.42,20708620.68,22780263.57,23747317.42,26887379.17
"({1, 4, 5}, 14)",10031909.18,10639010.67,11668050.33,15623421.33,14108728.43,15904202.42,20708620.68,22780263.57,0,0
"({1, 4, 5}, 13)",10031909.18,10639010.67,11668050.33,15623421.33,14108728.43,15904202.42,20708620.68,0,0,0
"({1, 4, 5}, 12)",10031909.18,10639010.67,11668050.33,15623421.33,14108728.43,15904202.42,20708620.68,0,0,0
"({1, 4, 5}, 11)",10031909.18,10639010.67,11668050.33,15623421.33,14108728.43,15904202.42,0,0,0,0
"({1, 4, 5}, 10)",10031909.18,10639010.67,11668050.33,15623421.33,14108728.43,15904202.42,0,0,0,0
"({1, 4, 5}, 9)",10031909.18,10639010.67,11668050.33,15623421.33,0,0,0,0,0,0
"({1, 4, 5}, 8)",10031909.18,10639010.67,11668050.33,15623421.33,0,0,0,0,0,0
"({1, 4, 5}, 7)",10031909.18,10639010.67,11668050.33,0,0,0,0,0,0,0
"({1, 4, 5}, 6)",10031909.18,10639010.67,0,0,0,0,0,0,0,0
"({1, 4, 5}, 5)",10031909.18,10639010.67,0,0,0,0,0,0,0,0
"({1, 3, 7}, 20)",9593875.083,10336921,11934743.33,13602641.5,14312994.5,16026341.92,17989475.12,19784301.83,21159488,24528774.67
"({1, 3, 7}, 19)",9593875.083,10336921,11934743.33,13602641.5,14312994.5,16026341.92,17989475.12,19784301.83,21159488,24528774.67
"({1, 3, 7}, 18)",9593875.083,10336921,11934743.33,13602641.5,14312994.5,16026341.92,17989475.12,19784301.83,21159488,24528774.67
"({1, 3, 7}, 17)",9593875.083,10336921,11934743.33,13602641.5,14312994.5,16026341.92,17989475.12,19784301.83,21159488,24528774.67
"({1, 3, 7}, 16)",9593875.083,10336921,11934743.33,13602641.5,14312994.5,16026341.92,17989475.12,19784301.83,21159488,24528774.67
"({1, 3, 7}, 15)",9593875.083,10336921,11934743.33,13602641.5,14312994.5,16026341.92,17989475.12,19784301.83,21159488,24528774.67
"({1, 3, 7}, 14)",9593875.083,10336921,11934743.33,13602641.5,14312994.5,16026341.92,17989475.12,19784301.83,0,0
"({1, 3, 7}, 13)",9593875.083,10336921,11934743.33,13602641.5,14312994.5,16026341.92,17989475.12,0,0,0
"({1, 3, 7}, 12)",9593875.083,10336921,11934743.33,13602641.5,14312994.5,16026341.92,17989475.12,0,0,0
"({1, 3, 7}, 11)",9593875.083,10336921,11934743.33,13602641.5,14312994.5,16026341.92,0,0,0,0
"({1, 3, 7}, 10)",9593875.083,10336921,11934743.33,13602641.5,14312994.5,16026341.92,0,0,0,0
"({1, 3, 7}, 9)",9593875.083,10336921,11934743.33,13602641.5,0,0,0,0,0,0
"({1, 3, 7}, 8)",9593875.083,10336921,11934743.33,13602641.5,0,0,0,0,0,0
"({1, 3, 7}, 7)",9593875.083,10336921,11934743.33,0,0,0,0,0,0,0
"({1, 3, 7}, 6)",9593875.083,10336921,0,0,0,0,0,0,0,0
"({1, 3, 7}, 5)",9593875.083,10336921,0,0,0,0,0,0,0,0
"({1, 3, 6}, 20)",10683500.1,10372381.17,13026906.9,14839100.5,15923914.59,16433200,20648527.2,23349887.75,23493630.65,27059420.5
"({1, 3, 6}, 19)",10683500.1,10372381.17,13026906.9,14839100.5,15923914.59,16433200,20648527.2,23349887.75,23493630.65,27059420.5
"({1, 3, 6}, 18)",10683500.1,10372381.17,13026906.9,14839100.5,15923914.59,16433200,20648527.2,23349887.75,23493630.65,27059420.5
"({1, 3, 6}, 17)",10683500.1,10372381.17,13026906.9,14839100.5,15923914.59,16433200,20648527.2,23349887.75,23493630.65,27059420.5
"({1, 3, 6}, 16)",10683500.1,10372381.17,13026906.9,14839100.5,15923914.59,16433200,20648527.2,23349887.75,23493630.65,27059420.5
"({1, 3, 6}, 15)",10683500.1,10372381.17,13026906.9,14839100.5,15923914.59,16433200,20648527.2,23349887.75,23493630.65,27059420.5
"({1, 3, 6}, 14)",10683500.1,10372381.17,13026906.9,14839100.5,15923914.59,16433200,20648527.2,23349887.75,0,0
"({1, 3, 6}, 13)",10683500.1,10372381.17,13026906.9,14839100.5,15923914.59,16433200,20648527.2,0,0,0
"({1, 3, 6}, 12)",10683500.1,10372381.17,13026906.9,14839100.5,15923914.59,16433200,20648527.2,0,0,0
"({1, 3, 6}, 11)",10683500.1,10372381.17,13026906.9,14839100.5,15923914.59,16433200,0,0,0,0
"({1, 3, 6}, 10)",10683500.1,10372381.17,13026906.9,14839100.5,15923914.59,16433200,0,0,0,0
"({1, 3, 6}, 9)",10683500.1,10372381.17,13026906.9,14839100.5,0,0,0,0,0,0
"({1, 3, 6}, 8)",10683500.1,10372381.17,13026906.9,14839100.5,0,0,0,0,0,0
"({1, 3, 6}, 7)",10683500.1,10372381.17,13026906.9,0,0,0,0,0,0,0
"({1, 3, 6}, 6)",10683500.1,10372381.17,0,0,0,0,0,0,0,0
"({1, 3, 6}, 5)",10683500.1,10372381.17,0,0,0,0,0,0,0,0
"({1, 3, 5}, 20)",9928593.85,10329611.18,11686652.25,14839100.5,13952435.35,15766520,18888399.6,21854275.45,22589573.65,25977207.9
"({1, 3, 5}, 19)",9928593.85,10329611.18,11686652.25,14839100.5,13952435.35,15766520,18888399.6,21854275.45,22589573.65,25977207.9
"({1, 3, 5}, 18)",9928593.85,10329611.18,11686652.25,14839100.5,13952435.35,15766520,18888399.6,21854275.45,22589573.65,25977207.9
"({1, 3, 5}, 17)",9928593.85,10329611.18,11686652.25,14839100.5,13952435.35,15766520,18888399.6,21854275.45,22589573.65,25977207.9
"({1, 3, 5}, 16)",9928593.85,10329611.18,11686652.25,14839100.5,13952435.35,15766520,18888399.6,21854275.45,22589573.65,25977207.9
"({1, 3, 5}, 15)",9928593.85,10329611.18,11686652.25,14839100.5,13952435.35,15766520,18888399.6,21854275.45,22589573.65,25977207.9
"({1, 3, 5}, 14)",9928593.85,10329611.18,11686652.25,14839100.5,13952435.35,15766520,18888399.6,21854275.45,0,0
"({1, 3, 5}, 13)",9928593.85,10329611.18,11686652.25,14839100.5,13952435.35,15766520,18888399.6,0,0,0
"({1, 3, 5}, 12)",9928593.85,10329611.18,11686652.25,14839100.5,13952435.35,15766520,18888399.6,0,0,0
"({1, 3, 5}, 11)",9928593.85,10329611.18,11686652.25,14839100.5,13952435.35,15766520,0,0,0,0
"({1, 3, 5}, 10)",9928593.85,10329611.18,11686652.25,14839100.5,13952435.35,15766520,0,0,0,0
"({1, 3, 5}, 9)",9928593.85,10329611.18,11686652.25,14839100.5,0,0,0,0,0,0
"({1, 3, 5}, 8)",9928593.85,10329611.18,11686652.25,14839100.5,0,0,0,0,0,0
"({1, 3, 5}, 7)",9928593.85,10329611.18,11686652.25,0,0,0,0,0,0,0
"({1, 3, 5}, 6)",9928593.85,10329611.18,0,0,0,0,0,0,0,0
"({1, 3, 5}, 5)",9928593.85,10329611.18,0,0,0,0,0,0,0,0
"({1, 3, 4}, 20)",11640380.15,10329611.25,13026906.9,14839100.5,15923915,16433200,20648527.2,23349887.75,23410820.65,26995493
"({1, 3, 4}, 19)",11640380.15,10329611.25,13026906.9,14839100.5,15923915,16433200,20648527.2,23349887.75,23410820.65,26995493
"({1, 3, 4}, 18)",11640380.15,10329611.25,13026906.9,14839100.5,15923915,16433200,20648527.2,23349887.75,23410820.65,26995493
"({1, 3, 4}, 17)",11640380.15,10329611.25,13026906.9,14839100.5,15923915,16433200,20648527.2,23349887.75,23410820.65,26995493
"({1, 3, 4}, 16)",11640380.15,10329611.25,13026906.9,14839100.5,15923915,16433200,20648527.2,23349887.75,23410820.65,26995493
"({1, 3, 4}, 15)",11640380.15,10329611.25,13026906.9,14839100.5,15923915,16433200,20648527.2,23349887.75,23410820.65,26995493
"({1, 3, 4}, 14)",11640380.15,10329611.25,13026906.9,14839100.5,15923915,16433200,20648527.2,23349887.75,0,0
"({1, 3, 4}, 13)",11640380.15,10329611.25,13026906.9,14839100.5,15923915,16433200,20648527.2,0,0,0
"({1, 3, 4}, 12)",11640380.15,10329611.25,13026906.9,14839100.5,15923915,16433200,20648527.2,0,0,0
"({1, 3, 4}, 11)",11640380.15,10329611.25,13026906.9,14839100.5,15923915,16433200,0,0,0,0
"({1, 3, 4}, 10)",11640380.15,10329611.25,13026906.9,14839100.5,15923915,16433200,0,0,0,0
"({1, 3, 4}, 9)",11640380.15,10329611.25,13026906.9,14839100.5,0,0,0,0,0,0
"({1, 3, 4}, 8)",11640380.15,10329611.25,13026906.9,14839100.5,0,0,0,0,0,0
"({1, 3, 4}, 7)",11640380.15,10329611.25,13026906.9,0,0,0,0,0,0,0
"({1, 3, 4}, 6)",11640380.15,10329611.25,0,0,0,0,0,0,0,0
"({1, 3, 4}, 5)",11640380.15,10329611.25,0,0,0,0,0,0,0,0
"({1, 2, 7}, 20)",9090755.917,10873615.67,11578791.58,13909849.33,14130198.83,16540099.33,17919077.17,19633733,21631101.92,24874935.75
"({1, 2, 7}, 19)",9090755.917,10873615.67,11578791.58,13909849.33,14130198.83,16540099.33,17919077.17,19633733,21631101.92,24874935.75
"({1, 2, 7}, 18)",9090755.917,10873615.67,11578791.58,13909849.33,14130198.83,16540099.33,17919077.17,19633733,21631101.92,24874935.75
"({1, 2, 7}, 17)",9090755.917,10873615.67,11578791.58,13909849.33,14130198.83,16540099.33,17919077.17,19633733,21631101.92,24874935.75
"({1, 2, 7}, 16)",9090755.917,10873615.67,11578791.58,13909849.33,14130198.83,16540099.33,17919077.17,19633733,21631101.92,24874935.75
"({1, 2, 7}, 15)",9090755.917,10873615.67,11578791.58,13909849.33,14130198.83,16540099.33,17919077.17,19633733,21631101.92,24874935.75
"({1, 2, 7}, 14)",9090755.917,10873615.67,11578791.58,13909849.33,14130198.83,16540099.33,17919077.17,19633733,0,0
"({1, 2, 7}, 13)",9090755.917,10873615.67,11578791.58,13909849.33,14130198.83,16540099.33,17919077.17,0,0,0
"({1, 2, 7}, 12)",9090755.917,10873615.67,11578791.58,13909849.33,14130198.83,16540099.33,17919077.17,0,0,0
"({1, 2, 7}, 11)",9090755.917,10873615.67,11578791.58,13909849.33,14130198.83,16540099.33,0,0,0,0
"({1, 2, 7}, 10)",9090755.917,10873615.67,11578791.58,13909849.33,14130198.83,16540099.33,0,0,0,0
"({1, 2, 7}, 9)",9090755.917,10873615.67,11578791.58,13909849.33,0,0,0,0,0,0
"({1, 2, 7}, 8)",9090755.917,10873615.67,11578791.58,13909849.33,0,0,0,0,0,0
"({1, 2, 7}, 7)",9090755.917,10873615.67,11578791.58,0,0,0,0,0,0,0
"({1, 2, 7}, 6)",9090755.917,10873615.67,0,0,0,0,0,0,0,0
"({1, 2, 7}, 5)",9090755.917,10873615.67,0,0,0,0,0,0,0,0
"({1, 2, 6}, 20)",9393011.25,10628279.08,12819089.5,14963936.17,14004131.75,17508350.42,19616801.75,21120631.58,23083108.42,27135925.25
"({1, 2, 6}, 19)",9393011.25,10628279.08,12819089.5,14963936.17,14004131.75,17508350.42,19616801.75,21120631.58,23083108.42,27135925.25
"({1, 2, 6}, 18)",9393011.25,10628279.08,12819089.5,14963936.17,14004131.75,17508350.42,19616801.75,21120631.58,23083108.42,27135925.25
"({1, 2, 6}, 17)",9393011.25,10628279.08,12819089.5,14963936.17,14004131.75,17508350.42,19616801.75,21120631.58,23083108.42,27135925.25
"({1, 2, 6}, 16)",9393011.25,10628279.08,12819089.5,14963936.17,14004131.75,17508350.42,19616801.75,21120631.58,23083108.42,27135925.25
"({1, 2, 6}, 15)",9393011.25,10628279.08,12819089.5,14963936.17,14004131.75,17508350.42,19616801.75,21120631.58,23083108.42,27135925.25
"({1, 2, 6}, 14)",9393011.25,10628279.08,12819089.5,14963936.17,14004131.75,17508350.42,19616801.75,21120631.58,0,0
"({1, 2, 6}, 13)",9393011.25,10628279.08,12819089.5,14963936.17,14004131.75,17508350.42,19616801.75,0,0,0
"({1, 2, 6}, 12)",9393011.25,10628279.08,12819089.5,14963936.17,14004131.75,17508350.42,19616801.75,0,0,0
"({1, 2, 6}, 11)",9393011.25,10628279.08,12819089.5,14963936.17,14004131.75,17508350.42,0,0,0,0
"({1, 2, 6}, 10)",9393011.25,10628279.08,12819089.5,14963936.17,14004131.75,17508350.42,0,0,0,0
"({1, 2, 6}, 9)",9393011.25,10628279.08,12819089.5,14963936.17,0,0,0,0,0,0
"({1, 2, 6}, 8)",9393011.25,10628279.08,12819089.5,14963936.17,0,0,0,0,0,0
"({1, 2, 6}, 7)",9393011.25,10628279.08,12819089.5,0,0,0,0,0,0,0
"({1, 2, 6}, 6)",9393011.25,10628279.08,0,0,0,0,0,0,0,0
"({1, 2, 6}, 5)",9393011.25,10628279.08,0,0,0,0,0,0,0,0
"({1, 2, 5}, 20)",9393011.25,10628279.08,12819089.5,14963936.17,14004131.75,17505620.42,19611796.75,21150547.83,23083108.42,27135925.25
"({1, 2, 5}, 19)",9393011.25,10628279.08,12819089.5,14963936.17,14004131.75,17505620.42,19611796.75,21150547.83,23083108.42,27135925.25
"({1, 2, 5}, 18)",9393011.25,10628279.08,12819089.5,14963936.17,14004131.75,17505620.42,19611796.75,21150547.83,23083108.42,27135925.25
"({1, 2, 5}, 17)",9393011.25,10628279.08,12819089.5,14963936.17,14004131.75,17505620.42,19611796.75,21150547.83,23083108.42,27135925.25
"({1, 2, 5}, 16)",9393011.25,10628279.08,12819089.5,14963936.17,14004131.75,17505620.42,19611796.75,21150547.83,23083108.42,27135925.25
"({1, 2, 5}, 15)",9393011.25,10628279.08,12819089.5,14963936.17,14004131.75,17505620.42,19611796.75,21150547.83,23083108.42,27135925.25
"({1, 2, 5}, 14)",9393011.25,10628279.08,12819089.5,14963936.17,14004131.75,17505620.42,19611796.75,21150547.83,0,0
"({1, 2, 5}, 13)",9393011.25,10628279.08,12819089.5,14963936.17,14004131.75,17505620.42,19611796.75,0,0,0
"({1, 2, 5}, 12)",9393011.25,10628279.08,12819089.5,14963936.17,14004131.75,17505620.42,19611796.75,0,0,0
"({1, 2, 5}, 11)",9393011.25,10628279.08,12819089.5,14963936.17,14004131.75,17505620.42,0,0,0,0
"({1, 2, 5}, 10)",9393011.25,10628279.08,12819089.5,14963936.17,14004131.75,17505620.42,0,0,0,0
"({1, 2, 5}, 9)",9393011.25,10628279.08,12819089.5,14963936.17,0,0,0,0,0,0
"({1, 2, 5}, 8)",9393011.25,10628279.08,12819089.5,14963936.17,0,0,0,0,0,0
"({1, 2, 5}, 7)",9393011.25,10628279.08,12819089.5,0,0,0,0,0,0,0
"({1, 2, 5}, 6)",9393011.25,10628279.08,0,0,0,0,0,0,0,0
"({1, 2, 5}, 5)",9393011.25,10628279.08,0,0,0,0,0,0,0,0
"({1, 2, 4}, 20)",9572672.083,10700002.25,11358300.33,14099391.25,14033716.08,15845271.17,18634840,20289123.17,21928298.58,25431609
"({1, 2, 4}, 19)",9572672.083,10700002.25,11358300.33,14099391.25,14033716.08,15845271.17,18634840,20289123.17,21928298.58,25431609
"({1, 2, 4}, 18)",9572672.083,10700002.25,11358300.33,14099391.25,14033716.08,15845271.17,18634840,20289123.17,21928298.58,25431609
"({1, 2, 4}, 17)",9572672.083,10700002.25,11358300.33,14099391.25,14033716.08,15845271.17,18634840,20289123.17,21928298.58,25431609
"({1, 2, 4}, 16)",9572672.083,10700002.25,11358300.33,14099391.25,14033716.08,15845271.17,18634840,20289123.17,21928298.58,25431609
"({1, 2, 4}, 15)",9572672.083,10700002.25,11358300.33,14099391.25,14033716.08,15845271.17,18634840,20289123.17,21928298.58,25431609
"({1, 2, 4}, 14)",9572672.083,10700002.25,11358300.33,14099391.25,14033716.08,15845271.17,18634840,20289123.17,0,0
"({1, 2, 4}, 13)",9572672.083,10700002.25,11358300.33,14099391.25,14033716.08,15845271.17,18634840,0,0,0
"({1, 2, 4}, 12)",9572672.083,10700002.25,11358300.33,14099391.25,14033716.08,15845271.17,18634840,0,0,0
"({1, 2, 4}, 11)",9572672.083,10700002.25,11358300.33,14099391.25,14033716.08,15845271.17,0,0,0,0
"({1, 2, 4}, 10)",9572672.083,10700002.25,11358300.33,14099391.25,14033716.08,15845271.17,0,0,0,0
"({1, 2, 4}, 9)",9572672.083,10700002.25,11358300.33,14099391.25,0,0,0,0,0,0
"({1, 2, 4}, 8)",9572672.083,10700002.25,11358300.33,14099391.25,0,0,0,0,0,0
"({1, 2, 4}, 7)",9572672.083,10700002.25,11358300.33,0,0,0,0,0,0,0
"({1, 2, 4}, 6)",9572672.083,10700002.25,0,0,0,0,0,0,0,0
"({1, 2, 4}, 5)",9572672.083,10700002.25,0,0,0,0,0,0,0,0
"({1, 2, 3}, 20)",9314296.25,10433372.83,11376902.25,13682157.42,13877423,15707588.75,17689964.25,19828586.75,21162833.42,24521437.73
"({1, 2, 3}, 19)",9314296.25,10433372.83,11376902.25,13682157.42,13877423,15707588.75,17689964.25,19828586.75,21162833.42,24521437.73
"({1, 2, 3}, 18)",9314296.25,10433372.83,11376902.25,13682157.42,13877423,15707588.75,17689964.25,19828586.75,21162833.42,24521437.73
"({1, 2, 3}, 17)",9314296.25,10433372.83,11376902.25,13682157.42,13877423,15707588.75,17689964.25,19828586.75,21162833.42,24521437.73
"({1, 2, 3}, 16)",9314296.25,10433372.83,11376902.25,13682157.42,13877423,15707588.75,17689964.25,19828586.75,21162833.42,24521437.73
"({1, 2, 3}, 15)",9314296.25,10433372.83,11376902.25,13682157.42,13877423,15707588.75,17689964.25,19828586.75,21162833.42,24521437.73
"({1, 2, 3}, 14)",9314296.25,10433372.83,11376902.25,13682157.42,13877423,15707588.75,17689964.25,19828586.75,0,0
"({1, 2, 3}, 13)",9314296.25,10433372.83,11376902.25,13682157.42,13877423,15707588.75,17689964.25,0,0,0
"({1, 2, 3}, 12)",9314296.25,10433372.83,11376902.25,13682157.42,13877423,15707588.75,17689964.25,0,0,0
"({1, 2, 3}, 11)",9314296.25,10433372.83,11376902.25,13682157.42,13877423,15707588.75,0,0,0,0
"({1, 2, 3}, 10)",9314296.25,10433372.83,11376902.25,13682157.42,13877423,15707588.75,0,0,0,0
"({1, 2, 3}, 9)",9314296.25,10433372.83,11376902.25,13682157.42,0,0,0,0,0,0
"({1, 2, 3}, 8)",9314296.25,10433372.83,11376902.25,13682157.42,0,0,0,0,0,0
"({1, 2, 3}, 7)",9314296.25,10433372.83,11376902.25,0,0,0,0,0,0,0
"({1, 2, 3}, 6)",9314296.25,10433372.83,0,0,0,0,0,0,0,0
"({1, 2, 3}, 5)",9314296.25,10433372.83,0,0,0,0,0,0,0,0
"({1, 7}, 20)",9629820.083,10812624.08,12152792.17,13909849.33,14495371.33,16889468.75,18692392.83,20336903.42,21873443.67,25443975.08
"({1, 7}, 19)",9629820.083,10812624.08,12152792.17,13909849.33,14495371.33,16889468.75,18692392.83,20336903.42,21873443.67,25443975.08
"({1, 7}, 18)",9629820.083,10812624.08,12152792.17,13909849.33,14495371.33,16889468.75,18692392.83,20336903.42,21873443.67,25443975.08
"({1, 7}, 17)",9629820.083,10812624.08,12152792.17,13909849.33,14495371.33,16889468.75,18692392.83,20336903.42,21873443.67,25443975.08
"({1, 7}, 16)",9629820.083,10812624.08,12152792.17,13909849.33,14495371.33,16889468.75,18692392.83,20336903.42,21873443.67,25443975.08
"({1, 7}, 15)",9629820.083,10812624.08,12152792.17,13909849.33,14495371.33,16889468.75,18692392.83,20336903.42,21873443.67,25443975.08
"({1, 7}, 14)",9629820.083,10812624.08,12152792.17,13909849.33,14495371.33,16889468.75,18692392.83,20336903.42,0,0
"({1, 7}, 13)",9629820.083,10812624.08,12152792.17,13909849.33,14495371.33,16889468.75,18692392.83,0,0,0
"({1, 7}, 12)",9629820.083,10812624.08,12152792.17,13909849.33,14495371.33,16889468.75,18692392.83,0,0,0
"({1, 7}, 11)",9629820.083,10812624.08,12152792.17,13909849.33,14495371.33,16889468.75,0,0,0,0
"({1, 7}, 10)",9629820.083,10812624.08,12152792.17,13909849.33,14495371.33,16889468.75,0,0,0,0
"({1, 7}, 9)",9629820.083,10812624.08,12152792.17,13909849.33,0,0,0,0,0,0
"({1, 7}, 8)",9629820.083,10812624.08,12152792.17,13909849.33,0,0,0,0,0,0
"({1, 7}, 7)",9629820.083,10812624.08,12152792.17,0,0,0,0,0,0,0
"({1, 7}, 6)",9629820.083,10812624.08,0,0,0,0,0,0,0,0
"({1, 7}, 5)",9629820.083,10812624.08,0,0,0,0,0,0,0,0
"({1, 6}, 20)",10947693.75,10567287.5,14401896.25,16487966.25,16050623.75,17729285,22256972.5,22768112.5,25914621.25,29732342.5
"({1, 6}, 19)",10947693.75,10567287.5,14401896.25,16487966.25,16050623.75,17729285,22256972.5,22768112.5,25914621.25,29732342.5
"({1, 6}, 18)",10947693.75,10567287.5,14401896.25,16487966.25,16050623.75,17729285,22256972.5,22768112.5,25914621.25,29732342.5
"({1, 6}, 17)",10947693.75,10567287.5,14401896.25,16487966.25,16050623.75,17729285,22256972.5,22768112.5,25914621.25,29732342.5
"({1, 6}, 16)",10947693.75,10567287.5,14401896.25,16487966.25,16050623.75,17729285,22256972.5,22768112.5,25914621.25,29732342.5
"({1, 6}, 15)",10947693.75,10567287.5,14401896.25,16487966.25,16050623.75,17729285,22256972.5,22768112.5,25914621.25,29732342.5
"({1, 6}, 14)",10947693.75,10567287.5,14401896.25,16487966.25,16050623.75,17729285,22256972.5,22768112.5,0,0
"({1, 6}, 13)",10947693.75,10567287.5,14401896.25,16487966.25,16050623.75,17729285,22256972.5,0,0,0
"({1, 6}, 12)",10947693.75,10567287.5,14401896.25,16487966.25,16050623.75,17729285,22256972.5,0,0,0
"({1, 6}, 11)",10947693.75,10567287.5,14401896.25,16487966.25,16050623.75,17729285,0,0,0,0
"({1, 6}, 10)",10947693.75,10567287.5,14401896.25,16487966.25,16050623.75,17729285,0,0,0,0
"({1, 6}, 9)",10947693.75,10567287.5,14401896.25,16487966.25,0,0,0,0,0,0
"({1, 6}, 8)",10947693.75,10567287.5,14401896.25,16487966.25,0,0,0,0,0,0
"({1, 6}, 7)",10947693.75,10567287.5,14401896.25,0,0,0,0,0,0,0
"({1, 6}, 6)",10947693.75,10567287.5,0,0,0,0,0,0,0,0
"({1, 6}, 5)",10947693.75,10567287.5,0,0,0,0,0,0,0,0
"({1, 5}, 20)",9852248.35,10567287.5,13128839.5,16487966.25,14079144.1,17062605,21750697.5,23449387.15,24902127.25,29112326.95
"({1, 5}, 19)",9852248.35,10567287.5,13128839.5,16487966.25,14079144.1,17062605,21750697.5,23449387.15,24902127.25,29112326.95
"({1, 5}, 18)",9852248.35,10567287.5,13128839.5,16487966.25,14079144.1,17062605,21750697.5,23449387.15,24902127.25,29112326.95
"({1, 5}, 17)",9852248.35,10567287.5,13128839.5,16487966.25,14079144.1,17062605,21750697.5,23449387.15,24902127.25,29112326.95
"({1, 5}, 16)",9852248.35,10567287.5,13128839.5,16487966.25,14079144.1,17062605,21750697.5,23449387.15,24902127.25,29112326.95
"({1, 5}, 15)",9852248.35,10567287.5,13128839.5,16487966.25,14079144.1,17062605,21750697.5,23449387.15,24902127.25,29112326.95
"({1, 5}, 14)",9852248.35,10567287.5,13128839.5,16487966.25,14079144.1,17062605,21750697.5,23449387.15,0,0
"({1, 5}, 13)",9852248.35,10567287.5,13128839.5,16487966.25,14079144.1,17062605,21750697.5,0,0,0
"({1, 5}, 12)",9852248.35,10567287.5,13128839.5,16487966.25,14079144.1,17062605,21750697.5,0,0,0
"({1, 5}, 11)",9852248.35,10567287.5,13128839.5,16487966.25,14079144.1,17062605,0,0,0,0
"({1, 5}, 10)",9852248.35,10567287.5,13128839.5,16487966.25,14079144.1,17062605,0,0,0,0
"({1, 5}, 9)",9852248.35,10567287.5,13128839.5,16487966.25,0,0,0,0,0,0
"({1, 5}, 8)",9852248.35,10567287.5,13128839.5,16487966.25,0,0,0,0,0,0
"({1, 5}, 7)",9852248.35,10567287.5,13128839.5,0,0,0,0,0,0,0
"({1, 5}, 6)",9852248.35,10567287.5,0,0,0,0,0,0,0,0
"({1, 5}, 5)",9852248.35,10567287.5,0,0,0,0,0,0,0,0
"({1, 4}, 20)",11715809.58,10639010.67,12941107.08,15623421.33,16080208.08,16570882.42,21737415.58,22098988.92,24948789.83,28377815.08
"({1, 4}, 19)",11715809.58,10639010.67,12941107.08,15623421.33,16080208.08,16570882.42,21737415.58,22098988.92,24948789.83,28377815.08
"({1, 4}, 18)",11715809.58,10639010.67,12941107.08,15623421.33,16080208.08,16570882.42,21737415.58,22098988.92,24948789.83,28377815.08
"({1, 4}, 17)",11715809.58,10639010.67,12941107.08,15623421.33,16080208.08,16570882.42,21737415.58,22098988.92,24948789.83,28377815.08
"({1, 4}, 16)",11715809.58,10639010.67,12941107.08,15623421.33,16080208.08,16570882.42,21737415.58,22098988.92,24948789.83,28377815.08
"({1, 4}, 15)",11715809.58,10639010.67,12941107.08,15623421.33,16080208.08,16570882.42,21737415.58,22098988.92,24948789.83,28377815.08
"({1, 4}, 14)",11715809.58,10639010.67,12941107.08,15623421.33,16080208.08,16570882.42,21737415.58,22098988.92,0,0
"({1, 4}, 13)",11715809.58,10639010.67,12941107.08,15623421.33,16080208.08,16570882.42,21737415.58,0,0,0
"({1, 4}, 12)",11715809.58,10639010.67,12941107.08,15623421.33,16080208.08,16570882.42,21737415.58,0,0,0
"({1, 4}, 11)",11715809.58,10639010.67,12941107.08,15623421.33,16080208.08,16570882.42,0,0,0,0
"({1, 4}, 10)",11715809.58,10639010.67,12941107.08,15623421.33,16080208.08,16570882.42,0,0,0,0
"({1, 4}, 9)",11715809.58,10639010.67,12941107.08,15623421.33,0,0,0,0,0,0
"({1, 4}, 8)",11715809.58,10639010.67,12941107.08,15623421.33,0,0,0,0,0,0
"({1, 4}, 7)",11715809.58,10639010.67,12941107.08,0,0,0,0,0,0,0
"({1, 4}, 6)",11715809.58,10639010.67,0,0,0,0,0,0,0,0
"({1, 4}, 5)",11715809.58,10639010.67,0,0,0,0,0,0,0,0
"({1, 3}, 20)",11640380.15,10329611.25,13026906.9,14839100.5,15923915,16433200,20648527.2,23301657.75,23443921.9,27059420.5
"({1, 3}, 19)",11640380.15,10329611.25,13026906.9,14839100.5,15923915,16433200,20648527.2,23301657.75,23443921.9,27059420.5
"({1, 3}, 18)",11640380.15,10329611.25,13026906.9,14839100.5,15923915,16433200,20648527.2,23301657.75,23443921.9,27059420.5
"({1, 3}, 17)",11640380.15,10329611.25,13026906.9,14839100.5,15923915,16433200,20648527.2,23301657.75,23443921.9,27059420.5
"({1, 3}, 16)",11640380.15,10329611.25,13026906.9,14839100.5,15923915,16433200,20648527.2,23301657.75,23443921.9,27059420.5
"({1, 3}, 15)",11640380.15,10329611.25,13026906.9,14839100.5,15923915,16433200,20648527.2,23301657.75,23443921.9,27059420.5
"({1, 3}, 14)",11640380.15,10329611.25,13026906.9,14839100.5,15923915,16433200,20648527.2,23301657.75,0,0
"({1, 3}, 13)",11640380.15,10329611.25,13026906.9,14839100.5,15923915,16433200,20648527.2,0,0,0
"({1, 3}, 12)",11640380.15,10329611.25,13026906.9,14839100.5,15923915,16433200,20648527.2,0,0,0
"({1, 3}, 11)",11640380.15,10329611.25,13026906.9,14839100.5,15923915,16433200,0,0,0,0
"({1, 3}, 10)",11640380.15,10329611.25,13026906.9,14839100.5,15923915,16433200,0,0,0,0
"({1, 3}, 9)",11640380.15,10329611.25,13026906.9,14839100.5,0,0,0,0,0,0
"({1, 3}, 8)",11640380.15,10329611.25,13026906.9,14839100.5,0,0,0,0,0,0
"({1, 3}, 7)",11640380.15,10329611.25,13026906.9,0,0,0,0,0,0,0
"({1, 3}, 6)",11640380.15,10329611.25,0,0,0,0,0,0,0,0
"({1, 3}, 5)",11640380.15,10329611.25,0,0,0,0,0,0,0,0
"({1, 2}, 20)",9393011.25,10628279.08,12819089.5,14963936.17,14004131.75,17509032.92,19581880.5,21150547.83,23083108.42,27215777.75
"({1, 2}, 19)",9393011.25,10628279.08,12819089.5,14963936.17,14004131.75,17509032.92,19581880.5,21150547.83,23083108.42,27215777.75
"({1, 2}, 18)",9393011.25,10628279.08,12819089.5,14963936.17,14004131.75,17509032.92,19581880.5,21150547.83,23083108.42,27215777.75
"({1, 2}, 17)",9393011.25,10628279.08,12819089.5,14963936.17,14004131.75,17509032.92,19581880.5,21150547.83,23083108.42,27215777.75
"({1, 2}, 16)",9393011.25,10628279.08,12819089.5,14963936.17,14004131.75,17509032.92,19581880.5,21150547.83,23083108.42,27215777.75
"({1, 2}, 15)",9393011.25,10628279.08,12819089.5,14963936.17,14004131.75,17509032.92,19581880.5,21150547.83,23083108.42,27215777.75
"({1, 2}, 14)",9393011.25,10628279.08,12819089.5,14963936.17,14004131.75,17509032.92,19581880.5,21150547.83,0,0
"({1, 2}, 13)",9393011.25,10628279.08,12819089.5,14963936.17,14004131.75,17509032.92,19581880.5,0,0,0
"({1, 2}, 12)",9393011.25,10628279.08,12819089.5,14963936.17,14004131.75,17509032.92,19581880.5,0,0,0
"({1, 2}, 11)",9393011.25,10628279.08,12819089.5,14963936.17,14004131.75,17509032.92,0,0,0,0
"({1, 2}, 10)",9393011.25,10628279.08,12819089.5,14963936.17,14004131.75,17509032.92,0,0,0,0
"({1, 2}, 9)",9393011.25,10628279.08,12819089.5,14963936.17,0,0,0,0,0,0
"({1, 2}, 8)",9393011.25,10628279.08,12819089.5,14963936.17,0,0,0,0,0,0
"({1, 2}, 7)",9393011.25,10628279.08,12819089.5,0,0,0,0,0,0,0
"({1, 2}, 6)",9393011.25,10628279.08,0,0,0,0,0,0,0,0
"({1, 2}, 5)",9393011.25,10628279.08,0,0,0,0,0,0,0,0
"({1}, 20)",11536148.75,10567287.5,14401896.25,16487966.25,16050623.75,17729285,22256972.5,22768112.5,25914621.25,29732342.5
"({1}, 19)",11536148.75,10567287.5,14401896.25,16487966.25,16050623.75,17729285,22256972.5,22768112.5,25914621.25,29732342.5
"({1}, 18)",11536148.75,10567287.5,14401896.25,16487966.25,16050623.75,17729285,22256972.5,22768112.5,25914621.25,29732342.5
"({1}, 17)",11536148.75,10567287.5,14401896.25,16487966.25,16050623.75,17729285,22256972.5,22768112.5,25914621.25,29732342.5
"({1}, 16)",11536148.75,10567287.5,14401896.25,16487966.25,16050623.75,17729285,22256972.5,22768112.5,25914621.25,29732342.5
"({1}, 15)",11536148.75,10567287.5,14401896.25,16487966.25,16050623.75,17729285,22256972.5,22768112.5,25914621.25,29732342.5
"({1}, 14)",11536148.75,10567287.5,14401896.25,16487966.25,16050623.75,17729285,22256972.5,22768112.5,0,0
"({1}, 13)",11536148.75,10567287.5,14401896.25,16487966.25,16050623.75,17729285,22256972.5,0,0,0
"({1}, 12)",11536148.75,10567287.5,14401896.25,16487966.25,16050623.75,17729285,22256972.5,0,0,0
"({1}, 11)",11536148.75,10567287.5,14401896.25,16487966.25,16050623.75,17729285,0,0,0,0
"({1}, 10)",11536148.75,10567287.5,14401896.25,16487966.25,16050623.75,17729285,0,0,0,0
"({1}, 9)",11536148.75,10567287.5,14401896.25,16487966.25,0,0,0,0,0,0
"({1}, 8)",11536148.75,10567287.5,14401896.25,16487966.25,0,0,0,0,0,0
"({1}, 7)",11536148.75,10567287.5,14401896.25,0,0,0,0,0,0,0
"({1}, 6)",11536148.75,10567287.5,0,0,0,0,0,0,0,0
"({1}, 5)",11536148.75,10567287.5,0,0,0,0,0,0,0,0
