from_node ID,to_node ID,Distance (miles),Time (minutes)
1,2,11.13,26.72
1,3,49.29,118.29
1,4,45.27,108.64
1,5,43.64,104.75
1,6,52.19,125.25
1,7,14.47,34.72
1,8,26.96,64.70
1,9,37.79,90.71
1,10,41.35,99.23
1,11,22.91,54.98
1,12,30.65,73.57
1,13,35.29,84.70
1,14,27.55,66.13
1,15,58.60,140.65
1,16,40.93,98.23
1,17,52.24,125.38
1,18,28.03,67.28
1,19,36.00,86.40
1,20,27.43,65.84
1,21,32.00,76.79
1,22,36.61,87.87
1,23,21.73,52.16
1,24,18.61,44.67
1,25,23.80,57.13
1,26,26.48,63.55
1,27,29.55,70.92
1,28,41.78,100.28
1,29,44.92,107.80
1,30,24.29,58.30
1,31,21.82,52.36
1,32,54.11,129.87
1,33,53.63,128.71
1,34,39.83,95.60
1,35,39.07,93.76
1,36,39.90,95.76
1,37,44.19,106.06
1,38,47.07,112.98
1,39,36.35,87.24
1,40,30.10,72.23
1,41,8.84,21.23
1,42,39.65,95.17
1,43,15.03,36.08
1,44,19.52,46.84
1,45,35.86,86.06
1,46,35.72,85.73
1,47,57.74,138.58
1,48,60.44,145.06
1,49,62.74,150.57
1,50,46.80,112.32
1,51,45.56,109.36
1,52,25.57,61.37
1,53,30.85,74.05
1,54,43.69,104.85
1,55,48.03,115.28
1,56,41.95,100.68
1,57,30.67,73.61
1,58,50.60,121.44
1,59,63.41,152.19
1,60,62.49,149.97
1,61,58.27,139.85
1,62,17.22,41.33
1,63,11.21,26.90
1,64,33.89,81.34
1,65,28.93,69.43
1,66,17.39,41.74
1,67,40.93,98.23
1,68,20.72,49.72
1,69,26.70,64.08
1,70,20.01,48.03
1,71,51.85,124.44
1,72,65.79,157.89
1,73,9.34,22.42
1,74,22.08,53.00
1,75,29.96,71.89
1,76,65.50,157.20
1,77,21.70,52.09
1,78,70.52,169.26
1,79,24.78,59.46
1,80,41.00,98.40
1,81,70.94,170.26
1,82,30.74,73.78
1,83,74.86,179.65
1,84,55.96,134.32
1,85,46.37,111.28
1,86,59.10,141.84
1,87,48.13,115.50
1,88,25.32,60.77
1,89,68.25,163.81
1,90,71.19,170.85
1,91,63.89,153.34
1,92,31.14,74.74
1,93,23.72,56.94
1,94,39.70,95.28
1,95,28.83,69.19
1,96,49.25,118.21
1,97,43.21,103.71
1,98,49.91,119.79
1,99,78.68,188.82
1,100,33.44,80.25
1,101,51.57,123.76
1,102,30.61,73.46
1,103,32.96,79.10
1,104,50.47,121.13
1,105,15.59,37.42
1,106,49.76,119.44
1,107,35.64,85.53
1,108,10.47,25.12
1,109,17.48,41.96
1,110,34.45,82.68
1,111,29.28,70.26
1,112,14.37,34.48
1,113,38.06,91.34
1,114,28.80,69.12
1,115,40.54,97.29
1,116,35.02,84.04
1,117,34.85,83.64
1,118,4.33,10.40
1,119,11.03,26.48
1,120,17.89,42.93
1,121,56.68,136.04
1,122,17.87,42.90
1,123,64.29,154.29
1,124,73.33,175.99
1,125,31.03,74.46
1,126,79.66,191.19
1,127,22.21,53.31
1,128,61.61,147.87
1,129,47.82,114.77
1,130,40.68,97.62
1,131,36.06,86.55
1,132,49.38,118.52
1,133,43.65,104.75
1,134,55.76,133.83
1,135,42.75,102.60
1,136,34.52,82.84
1,137,75.91,182.19
1,138,26.56,63.75
1,139,56.38,135.32
1,140,18.85,45.23
1,141,61.62,147.89
1,142,76.45,183.49
1,143,53.25,127.79
1,144,47.25,113.40
1,145,37.25,89.40
1,146,23.97,57.53
1,147,33.29,79.90
1,148,43.50,104.41
1,149,67.93,163.04
1,150,68.56,164.54
1,151,60.03,144.08
1,152,35.63,85.52
1,158,28.61,68.66
1,160,35.66,85.58
1,162,45.31,108.75
1,164,55.31,132.75
1,166,63.88,153.31
1,170,9.91,23.78
2,1,11.13,26.72
2,3,51.11,122.67
2,4,45.81,109.94
2,5,42.81,102.75
2,6,51.05,122.53
2,7,14.99,35.97
2,8,28.58,68.59
2,9,35.25,84.59
2,10,37.26,89.42
2,11,19.92,47.82
2,12,27.62,66.28
2,13,29.82,71.57
2,14,27.27,65.46
2,15,61.54,147.71
2,16,45.19,108.45
2,17,55.50,133.20
2,18,36.05,86.52
2,19,42.97,103.14
2,20,33.07,79.37
2,21,37.90,90.96
2,22,46.83,112.40
2,23,29.15,69.96
2,24,28.37,68.10
2,25,28.12,67.48
2,26,22.17,53.21
2,27,24.22,58.14
2,28,44.82,107.57
2,29,47.43,113.82
2,30,34.16,81.98
2,31,32.10,77.05
2,32,59.39,142.55
2,33,53.91,129.38
2,34,41.94,100.66
2,35,32.83,78.79
2,36,48.21,115.70
2,37,52.08,124.99
2,38,54.18,130.02
2,39,29.02,69.65
2,40,39.46,94.70
2,41,13.18,31.64
2,42,45.13,108.32
2,43,5.88,14.10
2,44,14.34,34.41
2,45,36.72,88.12
2,46,37.97,91.14
2,47,62.05,148.91
2,48,66.11,158.66
2,49,67.50,162.01
2,50,50.43,121.04
2,51,40.81,97.95
2,52,17.30,41.53
2,53,23.03,55.27
2,54,52.54,126.09
2,55,57.54,138.09
2,56,52.12,125.08
2,57,41.17,98.80
2,58,58.36,140.07
2,59,67.23,161.35
2,60,65.27,156.64
2,61,57.53,138.07
2,62,22.07,52.98
2,63,20.41,48.99
2,64,33.71,80.90
2,65,31.84,76.41
2,66,25.93,62.23
2,67,35.77,85.84
2,68,12.39,29.75
2,69,16.99,40.78
2,70,9.59,23.02
2,71,48.96,117.51
2,72,67.94,163.06
2,73,7.37,17.68
2,74,21.88,52.51
2,75,19.05,45.73
2,76,71.55,171.72
2,77,24.51,58.83
2,78,71.48,171.56
2,79,13.73,32.96
2,80,32.11,77.06
2,81,71.01,170.43
2,82,32.33,77.58
2,83,79.77,191.46
2,84,53.91,129.39
2,85,43.55,104.52
2,86,65.35,156.85
2,87,56.41,135.39
2,88,36.08,86.58
2,89,73.38,176.10
2,90,76.83,184.40
2,91,63.97,153.53
2,92,21.87,52.48
2,93,13.38,32.11
2,94,50.30,120.73
2,95,38.86,93.26
2,96,48.97,117.53
2,97,36.51,87.62
2,98,58.68,140.83
2,99,83.99,201.57
2,100,38.41,92.17
2,101,56.12,134.68
2,102,19.49,46.79
2,103,22.25,53.39
2,104,46.80,112.32
2,105,18.92,45.41
2,106,44.30,106.31
2,107,46.43,111.44
2,108,21.59,51.82
2,109,28.40,68.17
2,110,23.33,55.98
2,111,40.26,96.62
2,112,25.40,60.96
2,113,26.93,64.63
2,114,39.93,95.83
2,115,41.60,99.83
2,116,26.88,64.51
2,117,45.91,110.18
2,118,9.22,22.13
2,119,21.64,51.93
2,120,15.94,38.25
2,121,64.00,153.59
2,122,25.14,60.33
2,123,59.86,143.66
2,124,77.89,186.93
2,125,38.06,91.35
2,126,84.93,203.83
2,127,11.77,28.24
2,128,57.43,137.84
2,129,49.07,117.78
2,130,37.17,89.20
2,131,28.03,67.28
2,132,47.73,114.56
2,133,50.07,120.18
2,134,56.54,135.70
2,135,33.85,81.24
2,136,27.03,64.88
2,137,81.24,194.97
2,138,37.69,90.46
2,139,50.47,121.13
2,140,19.51,46.83
2,141,61.97,148.73
2,142,81.28,195.08
2,143,56.51,135.63
2,144,48.45,116.28
2,145,30.71,73.72
2,146,35.09,84.22
2,147,44.41,106.58
2,148,52.50,125.99
2,149,64.24,154.17
2,150,66.59,159.81
2,151,61.36,147.27
2,152,36.99,88.79
2,158,18.07,43.38
2,160,46.22,110.93
2,162,39.57,94.96
2,164,63.15,151.55
2,166,69.04,165.69
2,170,18.09,43.42
3,1,49.29,118.29
3,2,51.11,122.67
3,4,7.27,17.44
3,5,13.15,31.56
3,6,13.62,32.68
3,7,36.39,87.32
3,8,22.69,54.45
3,9,21.76,52.22
3,10,26.15,62.75
3,11,32.45,77.89
3,12,27.07,64.97
3,13,32.26,77.42
3,14,24.09,57.82
3,15,11.41,27.38
3,16,12.78,30.67
3,17,7.81,18.73
3,18,31.09,74.61
3,19,24.99,59.97
3,20,24.62,59.08
3,21,22.47,53.93
3,22,44.54,106.89
3,23,31.92,76.60
3,24,40.20,96.47
3,25,25.90,62.17
3,26,32.58,78.18
3,27,33.56,80.56
3,28,8.67,20.82
3,29,5.05,12.13
3,30,40.05,96.12
3,31,42.53,102.08
3,32,18.71,44.91
3,33,8.09,19.42
3,34,9.45,22.69
3,35,34.60,83.04
3,36,31.83,76.39
3,37,30.17,72.40
3,38,26.26,63.01
3,39,38.84,93.21
3,40,37.16,89.19
3,41,40.65,97.57
3,42,17.86,42.86
3,43,47.28,113.47
3,44,38.59,92.61
3,45,14.51,34.83
3,46,13.57,32.56
3,47,16.01,38.43
3,48,24.49,58.77
3,49,21.78,52.28
3,50,8.43,20.23
3,51,28.65,68.77
3,52,42.81,102.74
3,53,40.82,97.97
3,54,36.20,86.89
3,55,42.84,102.81
3,56,46.03,110.46
3,57,45.35,108.84
3,58,31.49,75.59
3,59,18.51,44.43
3,60,14.61,35.07
3,61,14.65,35.17
3,62,32.26,77.42
3,63,41.18,98.83
3,64,18.14,43.55
3,65,20.38,48.92
3,66,36.75,88.20
3,67,30.34,72.81
3,68,43.99,105.57
3,69,47.49,113.98
3,70,49.58,118.99
3,71,21.31,51.14
3,72,16.83,40.39
3,73,44.16,105.99
3,74,29.25,70.21
3,75,54.85,131.64
3,76,30.14,72.33
3,77,27.62,66.28
3,78,21.41,51.39
3,79,54.27,130.25
3,80,46.43,111.42
3,81,22.90,54.96
3,82,18.87,45.28
3,83,32.73,78.54
3,84,18.90,45.36
3,85,20.51,49.23
3,86,26.81,64.35
3,87,33.93,81.44
3,88,46.62,111.90
3,89,27.83,66.78
3,90,32.66,78.38
3,91,16.43,39.42
3,92,46.22,110.93
3,93,49.71,119.31
3,94,49.71,119.30
3,95,41.26,99.02
3,96,9.48,22.76
3,97,36.79,88.29
3,98,38.03,91.28
3,99,37.72,90.54
3,100,19.12,45.89
3,101,13.78,33.06
3,102,60.49,145.17
3,103,54.41,130.58
3,104,24.53,58.87
3,105,33.77,81.04
3,106,32.48,77.94
3,107,50.42,121.02
3,108,49.23,118.15
3,109,47.14,113.13
3,110,60.77,145.85
3,111,50.82,121.97
3,112,53.02,127.24
3,113,63.33,152.00
3,114,55.17,132.40
3,115,9.73,23.34
3,116,41.96,100.71
3,117,54.80,131.51
3,118,46.04,110.50
3,119,54.39,130.53
3,120,35.31,84.74
3,121,31.66,75.99
3,122,33.97,81.53
3,123,33.77,81.06
3,124,29.99,71.99
3,125,26.55,63.72
3,126,38.44,92.27
3,127,49.91,119.79
3,128,31.10,74.65
3,129,3.10,7.44
3,130,24.09,57.81
3,131,41.61,99.86
3,132,15.50,37.19
3,133,21.91,52.59
3,134,7.80,18.72
3,135,47.02,112.84
3,136,39.43,94.63
3,137,35.30,84.71
3,138,55.29,132.70
3,139,36.85,88.43
3,140,31.69,76.06
3,141,13.82,33.16
3,142,33.83,81.19
3,143,8.41,20.19
3,144,3.65,8.77
3,145,35.80,85.92
3,146,54.70,131.28
3,147,56.34,135.21
3,148,37.14,89.13
3,149,32.82,78.76
3,150,26.44,63.46
3,151,10.84,26.02
3,152,14.12,33.88
3,158,51.71,124.10
3,160,47.53,114.08
3,162,32.90,78.95
3,164,34.25,82.20
3,166,24.47,58.73
3,170,40.56,97.34
4,1,45.27,108.64
4,2,45.81,109.94
4,3,7.27,17.44
4,5,5.94,14.25
4,6,9.53,22.87
4,7,31.56,75.74
4,8,18.32,43.96
4,9,14.56,34.94
4,10,18.91,45.38
4,11,26.44,63.47
4,12,20.35,48.84
4,13,25.06,60.16
4,14,18.54,44.49
4,15,18.54,44.51
4,16,15.36,36.86
4,17,14.86,35.67
4,18,31.23,74.96
4,19,26.89,64.54
4,20,23.50,56.40
4,21,22.78,54.68
4,22,46.16,110.79
4,23,30.44,73.05
4,24,38.81,93.13
4,25,23.14,55.53
4,26,26.05,62.52
4,27,26.70,64.08
4,28,10.34,24.81
4,29,8.21,19.71
4,30,39.71,95.30
4,31,41.76,100.23
4,32,25.14,60.34
4,33,8.37,20.08
4,34,7.71,18.51
4,35,27.33,65.60
4,36,34.62,83.09
4,37,33.89,81.33
4,38,30.77,73.84
4,39,31.62,75.88
4,40,37.91,90.99
4,41,36.45,87.48
4,42,20.51,49.23
4,43,41.54,99.70
4,44,32.59,78.23
4,45,9.41,22.59
4,46,10.83,25.99
4,47,23.15,55.56
4,48,31.34,75.21
4,49,28.99,69.57
4,50,13.67,32.80
4,51,21.62,51.89
4,52,36.15,86.76
4,53,33.83,81.18
4,54,39.50,94.79
4,55,46.40,111.36
4,56,48.41,116.18
4,57,45.97,110.34
4,58,36.31,87.14
4,59,25.75,61.80
4,60,21.45,51.49
4,61,13.77,33.05
4,62,28.89,69.34
4,63,38.39,92.13
4,64,12.13,29.10
4,65,17.28,41.48
4,66,34.82,83.58
4,67,23.08,55.40
4,68,37.73,90.54
4,69,40.78,97.88
4,70,43.40,104.16
4,71,15.62,37.48
4,72,22.90,54.95
4,73,39.18,94.04
4,74,24.02,57.66
4,75,48.08,115.40
4,76,37.10,89.04
4,77,23.72,56.92
4,78,25.68,61.63
4,79,47.83,114.79
4,80,39.17,94.00
4,81,25.67,61.62
4,82,14.60,35.04
4,83,39.98,95.96
4,84,15.03,36.06
4,85,13.72,32.94
4,86,33.32,79.97
4,87,38.15,91.55
4,88,46.34,111.21
4,89,35.07,84.16
4,90,39.87,95.68
4,91,18.63,44.70
4,92,39.25,94.19
4,93,43.24,103.78
4,94,51.48,123.55
4,95,41.72,100.12
4,96,5.02,12.04
4,97,29.56,70.94
4,98,42.25,101.40
4,99,44.99,107.97
4,100,19.24,46.17
4,101,20.14,48.33
4,102,53.85,129.24
4,103,47.47,113.93
4,104,18.25,43.80
4,105,29.70,71.29
4,106,25.71,61.70
4,107,51.53,123.67
4,108,46.63,111.91
4,109,45.61,109.47
4,110,53.92,129.41
4,111,50.93,122.23
4,112,50.79,121.91
4,113,56.38,135.32
4,114,54.91,131.78
4,115,4.94,11.85
4,116,34.80,83.51
4,117,55.46,133.11
4,118,41.67,100.02
4,119,51.58,123.79
4,120,29.87,71.69
4,121,37.44,89.85
4,122,31.68,76.04
4,123,29.30,70.31
4,124,37.22,89.33
4,125,27.13,65.10
4,126,45.70,109.69
4,127,43.56,104.55
4,128,26.44,63.44
4,129,4.21,10.10
4,130,16.83,40.39
4,131,34.41,82.58
4,132,9.75,23.40
4,133,25.85,62.03
4,134,10.74,25.77
4,135,39.75,95.40
4,136,32.27,77.44
4,137,42.56,102.15
4,138,54.69,131.26
4,139,30.59,73.41
4,140,26.84,64.42
4,141,16.38,39.30
4,142,41.06,98.55
4,143,15.57,37.37
4,144,3.61,8.67
4,145,28.56,68.54
4,146,53.76,129.03
4,147,56.65,135.97
4,148,40.34,96.82
4,149,29.52,70.86
4,150,25.45,61.08
4,151,15.70,37.67
4,152,9.79,23.49
4,158,44.95,107.88
4,160,48.83,117.19
4,162,25.78,61.88
4,164,39.61,95.06
4,166,31.63,75.90
4,170,37.32,89.56
5,1,43.64,104.75
5,2,42.81,102.75
5,3,13.15,31.56
5,4,5.94,14.25
5,6,8.55,20.52
5,7,29.39,70.54
5,8,17.42,41.81
5,9,9.19,22.05
5,10,13.00,31.19
5,11,22.97,55.12
5,12,15.95,38.29
5,13,19.57,46.97
5,14,16.12,38.68
5,15,24.24,58.18
5,16,19.97,47.93
5,17,20.80,49.92
5,18,33.56,80.54
5,19,30.55,73.32
5,20,25.23,60.56
5,21,25.61,61.46
5,22,49.20,118.09
5,23,31.54,75.69
5,24,39.72,95.32
5,25,23.49,56.37
5,26,21.82,52.36
5,27,21.88,52.52
5,28,15.10,36.25
5,29,13.76,33.04
5,30,41.44,99.45
5,31,43.11,103.46
5,32,30.95,74.28
5,33,11.65,27.95
5,34,11.37,27.28
5,35,21.54,51.70
5,36,38.61,92.65
5,37,38.42,92.20
5,38,35.75,85.81
5,39,26.02,62.45
5,40,40.49,97.17
5,41,34.82,83.56
5,42,24.86,59.65
5,43,38.10,91.44
5,44,28.98,69.54
5,45,9.24,22.18
5,46,12.81,30.76
5,47,29.09,69.81
5,48,37.24,89.37
5,49,34.91,83.79
5,50,19.31,46.35
5,51,15.74,37.77
5,52,31.55,75.72
5,53,28.69,68.86
5,54,43.70,104.88
5,55,50.68,121.64
5,56,51.93,124.62
5,57,48.31,115.93
5,58,41.38,99.31
5,59,31.53,75.67
5,60,26.90,64.56
5,61,14.77,35.44
5,62,28.36,68.06
5,63,38.09,91.42
5,64,9.79,23.49
5,65,17.84,42.81
5,66,35.39,84.95
5,67,17.19,41.26
5,68,33.67,80.80
5,69,36.07,86.56
5,70,39.39,94.53
5,71,11.34,27.22
5,72,27.80,66.72
5,73,36.66,87.98
5,74,21.67,52.01
5,75,43.24,103.77
5,76,43.02,103.25
5,77,22.91,54.98
5,78,29.30,70.32
5,79,43.43,104.23
5,80,33.40,80.17
5,81,28.25,67.80
5,82,14.29,34.29
5,83,45.78,109.88
5,84,12.96,31.11
5,85,8.16,19.58
5,86,39.12,93.90
5,87,42.89,102.93
5,88,47.98,115.15
5,89,40.98,98.34
5,90,45.79,109.90
5,91,21.26,51.02
5,92,34.12,81.88
5,93,38.84,93.22
5,94,54.56,130.93
5,95,44.00,105.61
5,96,6.35,15.23
5,97,23.64,56.73
5,98,46.95,112.68
5,99,50.82,121.96
5,100,22.17,53.21
5,101,25.96,62.30
5,102,49.16,117.99
5,103,42.37,101.69
5,104,13.13,31.50
5,105,28.43,68.23
5,106,19.99,47.98
5,107,54.13,129.92
5,108,46.33,111.19
5,109,46.27,111.05
5,110,48.93,117.43
5,111,52.81,126.74
5,112,50.77,121.84
5,113,51.23,122.95
5,114,56.45,135.48
5,115,7.47,17.93
5,116,29.32,70.36
5,117,57.70,138.49
5,118,39.76,95.43
5,119,51.01,122.43
5,120,27.03,64.86
5,121,42.95,103.07
5,122,32.05,76.91
5,123,25.62,61.49
5,124,42.97,103.12
5,125,29.91,71.79
5,126,51.51,123.63
5,127,39.32,94.37
5,128,22.67,54.41
5,129,10.06,24.13
5,130,10.96,26.30
5,131,28.85,69.24
5,132,6.35,15.24
5,133,30.64,73.54
5,134,14.84,35.61
5,135,33.93,81.43
5,136,26.81,64.34
5,137,48.42,116.21
5,138,55.97,134.33
5,139,25.26,60.61
5,140,24.82,59.56
5,141,19.46,46.71
5,142,46.82,112.38
5,143,21.50,51.61
5,144,9.50,22.81
5,145,22.88,54.92
5,146,54.78,131.47
5,147,58.61,140.67
5,148,44.48,106.76
5,149,26.94,64.64
5,150,25.10,60.24
5,151,20.19,48.45
5,152,10.47,25.14
5,158,40.13,96.32
5,160,51.60,123.85
5,162,19.86,47.66
5,164,44.92,107.81
5,166,37.56,90.15
5,170,36.62,87.90
6,1,52.19,125.25
6,2,51.05,122.53
6,3,13.62,32.68
6,4,9.53,22.87
6,5,8.55,20.52
6,7,37.90,90.97
6,8,25.87,62.08
6,9,16.22,38.92
6,10,17.47,41.93
6,11,31.13,74.72
6,12,23.69,56.86
6,13,25.50,61.19
6,14,24.65,59.15
6,15,22.15,53.15
6,16,24.64,59.13
6,17,21.03,50.47
6,18,40.65,97.57
6,19,36.39,87.34
6,20,32.70,78.49
6,21,32.28,77.46
6,22,55.69,133.66
6,23,39.40,94.56
6,24,47.70,114.48
6,25,31.63,75.92
6,26,29.51,70.83
6,27,28.97,69.52
6,28,19.66,47.17
6,29,16.93,40.62
6,30,48.97,117.54
6,31,50.88,122.11
6,32,32.22,77.34
6,33,7.03,16.88
6,34,17.22,41.33
6,35,26.26,63.03
6,36,44.02,105.64
6,37,43.02,103.25
6,38,39.53,94.88
6,39,31.35,75.24
6,40,47.40,113.75
6,41,43.37,104.08
6,42,29.86,71.66
6,43,46.14,110.74
6,44,37.00,88.79
6,45,17.30,41.52
6,46,19.96,47.90
6,47,28.70,68.87
6,48,37.59,90.22
6,49,33.98,81.56
6,50,21.81,52.35
6,51,18.04,43.30
6,52,38.68,92.84
6,53,35.08,84.20
6,54,48.79,117.10
6,55,55.63,133.51
6,56,57.90,138.95
6,57,55.42,133.01
6,58,44.92,107.81
6,59,29.43,70.63
6,60,23.70,56.87
6,61,6.60,15.84
6,62,36.79,88.30
6,63,46.50,111.59
6,64,18.33,44.00
6,65,25.84,62.02
6,66,43.51,104.43
6,67,21.47,51.53
6,68,41.32,99.16
6,69,42.98,103.16
6,70,47.02,112.85
6,71,8.24,19.79
6,72,23.16,55.57
6,73,45.08,108.19
6,74,30.18,72.44
6,75,49.87,119.70
6,76,42.98,103.15
6,77,31.37,75.30
6,78,22.55,54.12
6,79,50.65,121.57
6,80,37.84,90.82
6,81,20.52,49.24
6,82,22.55,54.11
6,83,43.39,104.14
6,84,5.55,13.31
6,85,9.98,23.94
6,86,40.23,96.54
6,87,47.09,113.02
6,88,55.58,133.40
6,89,39.59,95.01
6,90,44.61,107.07
6,91,13.87,33.28
6,92,40.40,96.96
6,93,46.11,110.67
6,94,61.01,146.42
6,95,51.15,122.76
6,96,4.62,11.08
6,97,27.09,65.01
6,98,51.21,122.90
6,99,48.50,116.40
6,100,28.73,68.96
6,101,27.35,65.64
6,102,55.97,134.33
6,103,48.59,116.61
6,104,12.07,28.96
6,105,36.97,88.72
6,106,20.64,49.54
6,107,61.03,146.47
6,108,54.75,131.41
6,109,54.38,130.52
6,110,55.27,132.64
6,111,60.27,144.64
6,112,59.13,141.90
6,113,57.24,137.38
6,114,64.13,153.91
6,115,13.97,33.54
6,116,34.91,83.77
6,117,64.90,155.76
6,118,48.29,115.89
6,119,59.49,142.78
6,120,35.40,84.97
6,121,45.28,108.67
6,122,40.23,96.56
6,123,20.25,48.59
6,124,40.32,96.78
6,125,36.62,87.90
6,126,49.06,117.75
6,127,46.74,112.19
6,128,17.52,42.04
6,129,11.20,26.88
6,130,16.10,38.63
6,131,34.22,82.14
6,132,3.86,9.27
6,133,34.85,83.64
6,134,10.33,24.80
6,135,38.01,91.22
6,136,32.53,78.08
6,137,46.38,111.30
6,138,63.80,153.12
6,139,23.89,57.33
6,140,33.35,80.05
6,141,12.70,30.49
6,142,44.17,106.00
6,143,21.39,51.33
6,144,11.08,26.60
6,145,28.07,67.36
6,146,62.74,150.59
6,147,66.02,158.44
6,148,49.66,119.19
6,149,20.02,48.04
6,150,16.64,39.93
6,151,15.39,36.93
6,152,18.24,43.77
6,158,46.85,112.45
6,160,58.35,140.03
6,162,22.42,53.81
6,164,47.84,114.81
6,166,36.85,88.44
6,170,45.11,108.26
7,1,14.47,34.72
7,2,14.99,35.97
7,3,36.39,87.32
7,4,31.56,75.74
7,5,29.39,70.54
7,6,37.90,90.97
7,8,13.71,32.91
7,9,23.34,56.01
7,10,27.17,65.20
7,11,9.00,21.61
7,12,16.36,39.26
7,13,21.99,52.77
7,14,13.29,31.88
7,15,46.61,111.87
7,16,30.27,72.65
7,17,40.53,97.27
7,18,23.87,57.28
7,19,29.37,70.49
7,20,18.94,45.46
7,21,23.73,56.94
7,22,37.73,90.55
7,23,16.99,40.77
7,24,20.09,48.22
7,25,13.53,32.47
7,26,13.02,31.25
7,27,16.53,39.68
7,28,29.85,71.63
7,29,32.52,78.06
7,30,25.22,60.54
7,31,24.48,58.76
7,32,44.63,107.11
7,33,39.85,95.64
7,34,27.09,65.02
7,35,26.14,62.74
7,36,35.72,85.72
7,37,39.01,93.63
7,38,40.38,96.92
7,39,24.61,59.07
7,40,28.99,69.58
7,41,6.06,14.54
7,42,30.57,73.36
7,43,12.65,30.36
7,44,8.58,20.59
7,45,22.23,53.36
7,46,23.07,55.36
7,47,47.08,113.00
7,48,51.42,123.42
7,49,52.59,126.22
7,50,35.45,85.08
7,51,31.56,75.75
7,52,16.61,39.86
7,53,20.28,48.68
7,54,40.59,97.41
7,55,46.45,111.47
7,56,42.62,102.28
7,57,33.24,79.76
7,58,45.03,108.07
7,59,52.24,125.38
7,60,50.37,120.89
7,61,44.12,105.88
7,62,8.56,20.54
7,63,13.47,32.33
7,64,19.75,47.41
7,65,16.85,40.45
7,66,15.93,38.22
7,67,27.22,65.33
7,68,13.47,32.33
7,69,20.01,48.02
7,70,17.00,40.79
7,71,37.39,89.73
7,72,53.18,127.64
7,73,7.79,18.71
7,74,7.72,18.53
7,75,26.20,62.88
7,76,56.98,136.76
7,77,9.58,22.99
7,78,57.16,137.19
7,79,22.78,54.68
7,80,30.96,74.31
7,81,57.14,137.13
7,82,17.52,42.05
7,83,64.86,155.67
7,84,41.53,99.68
7,85,31.91,76.58
7,86,50.92,122.20
7,87,43.65,104.76
7,88,29.55,70.91
7,89,58.52,140.44
7,90,62.10,149.04
7,91,50.07,120.16
7,92,22.78,54.68
7,93,19.28,46.28
7,94,42.19,101.25
7,95,29.82,71.57
7,96,35.21,84.51
7,97,30.49,73.18
7,98,46.44,111.47
7,99,69.15,165.95
7,100,23.76,57.02
7,101,41.20,98.88
7,102,29.73,71.35
7,103,27.95,67.07
7,104,36.10,86.64
7,105,4.89,11.74
7,106,36.03,86.47
7,107,39.29,94.30
7,108,20.11,48.26
7,109,23.73,56.96
7,110,32.10,77.05
7,111,34.56,82.95
7,112,24.96,59.90
7,113,35.60,85.44
7,114,36.09,86.62
7,115,27.08,64.98
7,116,24.38,58.52
7,117,40.43,97.03
7,118,10.40,24.96
7,119,23.58,56.59
7,120,4.21,10.10
7,121,50.21,120.51
7,122,13.51,32.43
7,123,50.02,120.04
7,124,62.93,151.04
7,125,24.72,59.33
7,126,70.08,168.18
7,127,18.49,44.37
7,128,47.29,113.51
7,129,34.53,82.88
7,130,26.34,63.22
7,131,25.19,60.46
7,132,34.99,83.96
7,133,35.90,86.17
7,134,42.24,101.39
7,135,32.62,78.29
7,136,23.11,55.47
7,137,66.40,159.37
7,138,34.52,82.85
7,139,42.79,102.69
7,140,4.72,11.34
7,141,47.91,114.99
7,142,66.36,159.25
7,143,41.54,99.69
7,144,33.93,81.42
7,145,24.67,59.21
7,146,32.40,77.75
7,147,39.88,95.71
7,148,40.75,97.80
7,149,53.51,128.44
7,150,54.16,129.98
7,151,46.85,112.45
7,152,22.31,53.55
7,158,23.63,56.71
7,160,38.15,91.57
7,162,31.83,76.38
7,164,49.80,119.53
7,166,54.20,130.08
7,170,10.79,25.89
8,1,26.96,64.70
8,2,28.58,68.59
8,3,22.69,54.45
8,4,18.32,43.96
8,5,17.42,41.81
8,6,25.87,62.08
8,7,13.71,32.91
8,9,14.88,35.70
8,10,20.67,49.62
8,11,12.03,28.86
8,12,12.01,28.82
8,13,20.07,48.18
8,14,4.73,11.34
8,15,32.97,79.13
8,16,17.65,42.37
8,17,27.00,64.80
8,18,19.68,47.23
8,19,21.01,50.42
8,20,11.35,27.25
8,21,14.68,35.24
8,22,35.86,86.06
8,23,15.41,36.98
8,24,22.99,55.18
8,25,6.98,16.76
8,26,14.39,34.53
8,27,17.32,41.58
8,28,16.36,39.27
8,29,18.85,45.24
8,30,25.77,61.85
8,31,26.81,64.35
8,32,32.31,77.54
8,33,26.68,64.04
8,34,13.38,32.12
8,35,24.31,58.35
8,36,28.92,69.42
8,37,30.84,74.02
8,38,30.64,73.53
8,39,25.69,61.67
8,40,26.56,63.74
8,41,18.17,43.60
8,42,19.40,46.56
8,43,25.27,60.65
8,44,17.46,41.91
8,45,8.92,21.41
8,46,9.40,22.55
8,47,33.97,81.53
8,48,39.25,94.19
8,49,39.68,95.22
8,50,22.16,53.18
8,51,25.39,60.94
8,52,23.85,57.23
8,53,24.39,58.53
8,54,34.28,82.26
8,55,41.02,98.45
8,56,39.71,95.32
8,57,33.44,80.26
8,58,35.97,86.34
8,59,38.83,93.20
8,60,36.69,88.06
8,61,31.59,75.81
8,62,10.94,26.25
8,63,20.67,49.61
8,64,7.89,18.94
8,65,4.34,10.42
8,66,18.43,44.24
8,67,22.83,54.80
8,68,23.32,55.98
8,69,28.42,68.22
8,70,28.43,68.23
8,71,27.45,65.88
8,72,39.47,94.73
8,73,21.50,51.61
8,74,7.19,17.26
8,75,35.69,85.66
8,76,45.03,108.08
8,77,5.51,13.23
8,78,43.66,104.77
8,79,33.77,81.04
8,80,33.63,80.72
8,81,43.99,105.57
8,82,3.83,9.20
8,83,51.90,124.56
8,84,30.32,72.76
8,85,22.39,53.74
8,86,39.36,94.47
8,87,35.72,85.74
8,88,31.96,76.70
8,89,45.76,109.81
8,90,49.68,119.24
8,91,36.94,88.66
8,92,29.00,69.61
8,93,29.48,70.74
8,94,41.06,98.55
8,95,29.23,70.16
8,96,22.49,53.99
8,97,28.42,68.22
8,98,39.24,94.18
8,99,56.39,135.33
8,100,12.93,31.04
8,101,28.37,68.09
8,102,40.51,97.23
8,103,36.30,87.12
8,104,27.43,65.84
8,105,11.39,27.32
8,106,30.43,73.04
8,107,39.60,95.05
8,108,28.91,69.38
8,109,29.21,70.09
8,110,41.84,100.41
8,111,37.02,88.85
8,112,33.37,80.08
8,113,44.96,107.90
8,114,40.13,96.31
8,115,13.59,32.61
8,116,27.36,65.67
8,117,42.39,101.73
8,118,23.47,56.32
8,119,33.63,80.71
8,120,13.20,31.68
8,121,40.07,96.17
8,122,14.99,35.97
8,123,41.40,99.36
8,124,49.78,119.47
8,125,17.80,42.73
8,126,57.28,137.47
8,127,29.26,70.22
8,128,38.48,92.36
8,129,20.95,50.28
8,130,18.94,45.46
8,131,27.63,66.30
8,132,23.63,56.71
8,133,25.54,61.29
8,134,28.82,69.17
8,135,34.92,83.81
8,136,25.13,60.32
8,137,53.68,128.83
8,138,39.35,94.44
8,139,37.13,89.11
8,140,9.07,21.76
8,141,34.66,83.19
8,142,53.32,127.98
8,143,28.01,67.21
8,144,20.36,48.87
8,145,23.99,57.59
8,146,37.92,91.01
8,147,42.83,102.80
8,148,34.76,83.42
8,149,43.75,105.00
8,150,42.49,101.98
8,151,33.25,79.80
8,152,8.71,20.90
8,158,32.66,78.38
8,160,37.53,90.08
8,162,27.50,66.01
8,164,40.52,97.24
8,166,41.53,99.68
8,170,19.25,46.20
9,1,37.79,90.71
9,2,35.25,84.59
9,3,21.76,52.22
9,4,14.56,34.94
9,5,9.19,22.05
9,6,16.22,38.92
9,7,23.34,56.01
9,8,14.88,35.70
9,10,6.17,14.81
9,11,15.43,37.04
9,12,7.63,18.32
9,13,10.51,25.22
9,14,11.30,27.13
9,15,33.10,79.44
9,16,25.21,60.49
9,17,29.01,69.62
9,18,34.10,81.85
9,19,33.43,80.24
9,20,25.51,61.24
9,21,27.53,66.08
9,22,50.30,120.73
9,23,30.28,72.68
9,24,37.72,90.52
9,25,21.85,52.44
9,26,13.34,32.03
9,27,12.85,30.83
9,28,21.10,50.63
9,29,21.05,50.51
9,30,40.64,97.55
9,31,41.65,99.95
9,32,38.19,91.65
9,33,20.74,49.77
9,34,16.76,40.23
9,35,13.10,31.44
9,36,41.68,100.04
9,37,42.50,102.00
9,38,40.82,97.98
9,39,17.08,40.99
9,40,41.10,98.64
9,41,29.26,70.22
9,42,29.25,70.21
9,43,30.10,72.25
9,44,20.99,50.38
9,45,11.19,26.85
9,46,15.83,37.99
9,47,37.26,89.42
9,48,44.84,107.61
9,49,43.18,103.64
9,50,26.41,63.39
9,51,10.70,25.68
9,52,22.57,54.17
9,53,19.51,46.82
9,54,47.02,112.84
9,55,53.99,129.57
9,56,53.79,129.10
9,57,48.25,115.79
9,58,46.48,111.56
9,59,40.27,96.65
9,60,35.95,86.28
9,61,22.82,54.76
9,62,24.84,59.61
9,63,34.33,82.38
9,64,8.02,19.24
9,65,17.47,41.93
9,66,33.08,79.40
9,67,9.55,22.92
9,68,25.11,60.26
9,69,27.00,64.80
9,70,30.80,73.93
9,71,14.06,33.75
9,72,36.98,88.76
9,73,29.81,71.54
9,74,15.99,38.38
9,75,34.10,81.84
9,76,50.73,121.74
9,77,19.54,46.89
9,78,38.23,91.76
9,79,34.52,82.85
9,80,24.77,59.44
9,81,36.70,88.08
9,82,13.59,32.61
9,83,54.47,130.73
9,84,18.67,44.81
9,85,8.57,20.58
9,86,46.23,110.95
9,87,47.27,113.44
9,88,46.82,112.37
9,89,49.34,118.42
9,90,54.02,129.64
9,91,29.88,71.71
9,92,24.93,59.83
9,93,29.96,71.90
9,94,55.59,133.41
9,95,44.00,105.61
9,96,15.39,36.94
9,97,16.07,38.56
9,98,51.16,122.78
9,99,59.44,142.66
9,100,24.62,59.09
9,101,33.33,79.99
9,102,40.08,96.19
9,103,33.19,79.65
9,104,12.99,31.17
9,105,23.77,57.05
9,106,15.75,37.80
9,107,54.37,130.49
9,108,42.27,101.44
9,109,43.64,104.73
9,110,39.75,95.40
9,111,51.89,124.54
9,112,46.98,112.76
9,113,42.04,100.91
9,114,54.91,131.79
9,115,13.39,32.13
9,116,20.24,48.58
9,117,57.26,137.42
9,118,33.63,80.71
9,119,46.45,111.47
9,120,20.15,48.35
9,121,49.07,117.77
9,122,29.62,71.09
9,123,27.07,64.97
9,124,51.75,124.21
9,125,31.43,75.43
9,126,60.18,144.43
9,127,30.55,73.31
9,128,24.24,58.17
9,129,18.76,45.02
9,130,4.16,9.97
9,131,19.85,47.65
9,132,12.63,30.30
9,133,35.52,85.26
9,134,24.00,57.60
9,135,25.48,61.16
9,136,17.72,42.52
9,137,56.97,136.72
9,138,54.03,129.67
9,139,22.33,53.58
9,140,19.32,46.36
9,141,28.32,67.97
9,142,55.59,133.41
9,143,29.82,71.56
9,144,18.14,43.55
9,145,14.08,33.80
9,146,52.46,125.91
9,147,57.70,138.48
9,148,47.66,114.38
9,149,30.21,72.50
9,150,31.35,75.24
9,151,29.37,70.48
9,152,12.81,30.75
9,158,31.01,74.43
9,160,52.19,125.26
9,162,13.58,32.59
9,164,50.50,121.20
9,166,45.69,109.66
9,170,32.34,77.62
10,1,41.35,99.23
10,2,37.26,89.42
10,3,26.15,62.75
10,4,18.91,45.38
10,5,13.00,31.19
10,6,17.47,41.93
10,7,27.17,65.20
10,8,20.67,49.62
10,9,6.17,14.81
10,11,18.44,44.26
10,12,10.83,26.00
10,13,8.40,20.16
10,14,16.63,39.92
10,15,37.16,89.19
10,16,31.09,74.61
10,17,33.75,81.00
10,18,40.14,96.34
10,19,39.60,95.04
10,20,31.58,75.78
10,21,33.70,80.88
10,22,56.35,135.24
10,23,36.03,86.46
10,24,43.17,103.61
10,25,27.64,66.35
10,26,15.21,36.49
10,27,13.18,31.63
10,28,26.75,64.20
10,29,26.25,63.01
10,30,46.40,111.35
10,31,47.22,113.33
10,32,43.53,104.47
10,33,23.40,56.17
10,34,22.48,53.95
10,35,8.85,21.24
10,36,47.85,114.85
10,37,48.62,116.69
10,38,46.82,112.36
10,39,13.88,33.31
10,40,47.11,113.07
10,41,33.22,79.72
10,42,35.30,84.72
10,43,31.70,76.07
10,44,22.99,55.18
10,45,17.26,41.42
10,46,21.91,52.57
10,47,42.05,100.91
10,48,50.01,120.03
10,49,47.90,114.95
10,50,31.75,76.21
10,51,4.74,11.37
10,52,22.37,53.68
10,53,18.01,43.22
10,54,53.18,127.64
10,55,60.15,144.37
10,56,59.91,143.79
10,57,54.11,129.87
10,58,52.48,125.96
10,59,44.49,106.77
10,60,39.63,95.11
10,61,23.80,57.12
10,62,29.98,71.96
10,63,39.16,93.98
10,64,14.18,34.03
10,65,23.55,56.53
10,66,38.49,92.39
10,67,4.22,10.13
10,68,25.91,62.20
10,69,26.25,63.01
10,70,31.36,75.28
10,71,12.28,29.47
10,72,40.02,96.04
10,73,32.73,78.54
10,74,20.49,49.17
10,75,32.78,78.66
10,76,55.85,134.04
10,77,24.91,59.78
10,78,40.02,96.04
10,79,34.18,82.03
10,80,20.65,49.55
10,81,37.65,90.35
10,82,19.70,47.29
10,83,58.74,140.98
10,84,18.06,43.34
10,85,7.62,18.30
10,86,51.66,123.97
10,87,53.37,128.08
10,88,52.44,125.85
10,89,53.97,129.53
10,90,58.77,141.06
10,91,31.28,75.06
10,92,23.16,55.58
10,93,29.79,71.50
10,94,61.61,147.88
10,95,49.90,119.77
10,96,18.24,43.79
10,97,10.65,25.57
10,98,57.28,137.47
10,99,63.79,153.09
10,100,30.79,73.90
10,101,38.59,92.62
10,102,38.97,93.52
10,103,31.25,75.00
10,104,9.56,22.95
10,105,28.44,68.25
10,106,9.76,23.42
10,107,60.28,144.66
10,108,46.84,112.41
10,109,48.81,117.15
10,110,37.95,91.09
10,111,57.55,138.11
10,112,51.63,123.92
10,113,39.81,95.54
10,114,60.38,144.91
10,115,18.85,45.23
10,116,17.45,41.88
10,117,63.01,151.22
10,118,37.06,88.94
10,119,50.69,121.66
10,120,23.46,56.31
10,121,54.85,131.64
10,122,35.05,84.12
10,123,22.95,55.09
10,124,55.89,134.14
10,125,37.57,90.17
10,126,64.47,154.74
10,127,30.68,73.62
10,128,20.34,48.82
10,129,23.05,55.33
10,130,2.21,5.30
10,131,16.75,40.20
10,132,13.61,32.67
10,133,41.53,99.67
10,134,26.84,64.42
10,135,21.04,50.49
10,136,15.12,36.30
10,137,61.41,147.39
10,138,59.37,142.49
10,139,16.50,39.60
10,140,23.71,56.90
10,141,30.17,72.40
10,142,59.75,143.41
10,143,34.48,82.75
10,144,22.50,53.99
10,145,10.60,25.43
10,146,57.68,138.44
10,147,63.33,152.00
10,148,53.83,129.19
10,149,26.99,64.78
10,150,30.19,72.46
10,151,32.22,77.33
10,152,18.89,45.34
10,158,29.86,71.65
10,160,58.16,139.59
10,162,7.47,17.93
10,164,56.42,135.40
10,166,50.52,121.25
10,170,36.97,88.72
11,1,22.91,54.98
11,2,19.92,47.82
11,3,32.45,77.89
11,4,26.44,63.47
11,5,22.97,55.12
11,6,31.13,74.72
11,7,9.00,21.61
11,8,12.03,28.86
11,9,15.43,37.04
11,10,18.44,44.26
11,12,7.90,18.97
11,13,13.02,31.25
11,14,8.56,20.55
11,15,43.51,104.43
11,16,29.58,70.99
11,17,37.99,91.18
11,18,28.88,69.31
11,19,32.26,77.42
11,20,21.83,52.39
11,21,26.01,62.42
11,22,44.20,106.08
11,23,22.74,54.58
11,24,27.82,66.78
11,25,16.17,38.82
11,26,4.14,9.94
11,27,7.79,18.70
11,28,27.67,66.42
11,29,29.54,70.90
11,30,32.34,77.62
11,31,32.19,77.27
11,32,44.22,106.12
11,33,34.28,82.27
11,34,24.00,57.60
11,35,17.25,41.39
11,36,39.70,95.27
11,37,42.18,101.24
11,38,42.45,101.87
11,39,16.35,39.25
11,40,35.02,84.05
11,41,15.02,36.04
11,42,31.39,75.33
11,43,15.16,36.39
11,44,6.16,14.77
11,45,17.99,43.18
11,46,20.55,49.32
11,47,45.45,109.07
11,48,51.17,122.81
11,49,51.27,123.05
11,50,33.60,80.64
11,51,22.69,54.46
11,52,11.84,28.42
11,53,13.25,31.80
11,54,44.92,107.81
11,55,51.34,123.22
11,56,48.71,116.91
11,57,40.44,97.05
11,58,47.64,114.34
11,59,49.90,119.77
11,60,47.00,112.81
11,61,37.63,90.30
11,62,14.61,35.07
11,63,22.10,53.05
11,64,14.38,34.52
11,65,16.33,39.18
11,66,23.28,55.86
11,67,18.23,43.76
11,68,11.65,27.95
11,69,16.40,39.36
11,70,17.14,41.14
11,71,29.39,70.54
11,72,49.14,117.93
11,73,14.43,34.64
11,74,5.51,13.22
11,75,23.68,56.84
11,76,56.99,136.77
11,77,11.71,28.09
11,78,51.97,124.73
11,79,22.09,53.02
11,80,23.52,56.45
11,81,51.21,122.91
11,82,14.88,35.71
11,83,63.39,152.14
11,84,34.08,81.79
11,85,23.91,57.39
11,86,51.38,123.30
11,87,47.03,112.88
11,88,37.41,89.80
11,89,57.42,137.80
11,90,61.49,147.59
11,91,44.20,106.08
11,92,17.28,41.46
11,93,17.66,42.38
11,94,49.03,117.67
11,95,36.64,87.95
11,96,29.21,70.10
11,97,21.63,51.91
11,98,50.31,120.75
11,99,68.01,163.22
11,100,24.78,59.48
11,101,40.10,96.24
11,102,28.68,68.83
11,103,24.30,58.32
11,104,27.68,66.42
11,105,11.74,28.17
11,106,27.06,64.94
11,107,46.63,111.92
11,108,29.10,69.84
11,109,32.29,77.50
11,110,29.83,71.59
11,111,42.53,102.08
11,112,33.95,81.47
11,113,32.93,79.04
11,114,44.50,106.80
11,115,22.73,54.55
11,116,16.90,40.56
11,117,48.33,115.99
11,118,18.62,44.68
11,119,32.54,78.10
11,120,5.04,12.09
11,121,52.00,124.80
11,122,20.21,48.50
11,123,41.39,99.34
11,124,61.11,146.68
11,125,28.33,68.00
11,126,68.87,165.30
11,127,17.63,42.31
11,128,38.74,92.98
11,129,30.06,72.15
11,130,17.87,42.89
11,131,17.48,41.96
11,132,27.82,66.77
11,133,37.44,89.86
11,134,37.10,89.05
11,135,25.05,60.11
11,136,15.15,36.36
11,137,65.33,156.80
11,138,43.09,103.42
11,139,33.80,81.11
11,140,7.08,16.99
11,141,42.30,101.51
11,142,64.75,155.41
11,143,38.97,93.52
11,144,29.42,70.60
11,145,15.94,38.25
11,146,41.08,98.60
11,147,48.06,115.34
11,148,45.27,108.64
11,149,45.19,108.47
11,150,46.77,112.25
11,151,42.14,101.14
11,152,18.71,44.90
11,158,20.64,49.53
11,160,45.13,108.32
11,162,22.82,54.77
11,164,52.27,125.45
11,166,53.27,127.84
11,170,19.57,46.96
12,1,30.65,73.57
12,2,27.62,66.28
12,3,27.07,64.97
12,4,20.35,48.84
12,5,15.95,38.29
12,6,23.69,56.86
12,7,16.36,39.26
12,8,12.01,28.82
12,9,7.63,18.32
12,10,10.83,26.00
12,11,7.90,18.97
12,13,8.07,19.36
12,14,7.30,17.52
12,15,38.45,92.27
12,16,27.19,65.25
12,17,33.55,80.52
12,18,31.53,75.66
12,19,32.83,78.79
12,20,23.35,56.04
12,21,26.55,63.71
12,22,47.59,114.21
12,23,26.48,63.56
12,24,33.00,79.20
12,25,18.48,44.35
12,26,5.87,14.08
12,27,6.60,15.83
12,28,24.11,57.86
12,29,25.12,60.29
12,30,36.73,88.15
12,31,37.20,89.27
12,32,41.35,99.24
12,33,27.57,66.16
12,34,19.92,47.81
12,35,12.34,29.61
12,36,40.86,98.08
12,37,42.53,102.07
12,38,41.79,100.31
12,39,13.95,33.48
12,40,38.26,91.83
12,41,22.40,53.76
12,42,30.21,72.49
12,43,22.49,53.98
12,44,13.36,32.07
12,45,13.55,32.53
12,46,17.44,41.85
12,47,41.51,99.63
12,48,48.24,115.78
12,49,47.45,113.89
12,50,29.94,71.86
12,51,15.35,36.85
12,52,15.80,37.92
12,53,14.06,33.73
12,54,46.23,110.95
12,55,53.01,127.23
12,56,51.62,123.88
12,57,44.68,107.22
12,58,47.31,113.54
12,59,45.29,108.70
12,60,41.65,99.96
12,61,30.27,72.64
12,62,19.60,47.04
12,63,28.47,68.32
12,64,9.42,22.60
12,65,15.94,38.26
12,66,28.31,67.95
12,67,11.57,27.78
12,68,17.72,42.53
12,69,20.45,49.07
12,70,23.44,56.26
12,71,21.49,51.58
12,72,43.24,103.78
12,73,22.34,53.61
12,74,9.80,23.52
12,75,27.78,66.68
12,76,54.15,129.96
12,77,14.95,35.89
12,78,45.25,108.60
12,79,27.54,66.10
12,80,22.01,52.83
12,81,44.06,105.73
12,82,12.85,30.84
12,83,59.24,142.18
12,84,26.30,63.12
12,85,16.02,38.45
12,86,49.05,117.73
12,87,47.41,113.77
12,88,42.46,101.90
12,89,53.66,128.79
12,90,58.07,139.38
12,91,37.14,89.13
12,92,19.33,46.40
12,93,22.95,55.09
12,94,52.70,126.49
12,95,40.60,97.43
12,96,22.30,53.52
12,97,16.55,39.72
12,98,51.04,122.50
12,99,64.07,153.76
12,100,24.36,58.45
12,101,36.79,88.30
12,102,33.50,80.40
12,103,27.41,65.79
12,104,19.82,47.58
12,105,17.73,42.55
12,106,20.07,48.17
12,107,50.90,122.16
12,108,36.04,86.49
12,109,38.30,91.93
12,110,33.70,80.89
12,111,47.60,114.24
12,112,40.85,98.03
12,113,36.34,87.22
12,114,50.13,120.31
12,115,17.59,42.21
12,116,16.15,38.75
12,117,53.22,127.73
12,118,26.41,63.37
12,119,39.86,95.67
12,120,12.80,30.72
12,121,50.81,121.95
12,122,24.93,59.84
12,123,33.67,80.80
12,124,56.73,136.14
12,125,29.81,71.54
12,126,64.87,155.69
12,127,23.38,56.10
12,128,30.96,74.31
12,129,24.34,58.41
12,130,10.02,24.05
12,131,16.19,38.85
12,132,20.21,48.50
12,133,36.54,87.69
12,134,30.63,73.52
12,135,23.17,55.61
12,136,13.72,32.93
12,137,61.48,147.56
12,138,48.98,117.55
12,139,26.90,64.57
12,140,12.94,31.04
12,141,35.41,84.99
12,142,60.49,145.17
12,143,34.46,82.70
12,144,23.69,56.85
12,145,12.01,28.82
12,146,47.18,113.24
12,147,53.31,127.96
12,148,46.73,112.16
12,149,37.32,89.58
12,150,38.97,93.53
12,151,35.88,86.11
12,152,14.81,35.54
12,158,24.64,59.15
12,160,49.03,117.67
12,162,16.35,39.24
12,164,51.68,124.03
12,166,49.73,119.35
12,170,26.20,62.87
13,1,35.29,84.70
13,2,29.82,71.57
13,3,32.26,77.42
13,4,25.06,60.16
13,5,19.57,46.97
13,6,25.50,61.19
13,7,21.99,52.77
13,8,20.07,48.18
13,9,10.51,25.22
13,10,8.40,20.16
13,11,13.02,31.25
13,12,8.07,19.36
13,14,15.36,36.87
13,15,43.61,104.66
13,16,34.46,82.71
13,17,39.41,94.58
13,18,39.54,94.90
13,19,40.83,98.00
13,20,31.41,75.40
13,21,34.57,82.97
13,22,55.54,133.29
13,23,34.28,82.27
13,24,40.35,96.84
13,25,26.46,63.51
13,26,8.98,21.55
13,27,5.77,13.84
13,28,30.87,74.10
13,29,31.27,75.04
13,30,44.40,106.57
13,31,44.64,107.14
13,32,48.15,115.56
13,33,30.87,74.09
13,34,26.55,63.71
13,35,4.39,10.54
13,36,48.90,117.37
13,37,50.46,121.11
13,38,49.51,118.82
13,39,6.63,15.90
13,40,46.22,110.93
13,41,27.93,67.03
13,42,37.87,90.88
13,43,24.07,57.76
13,44,16.00,38.41
13,45,20.38,48.91
13,46,24.71,59.31
13,47,47.61,114.27
13,48,54.92,131.82
13,49,53.55,128.53
13,50,36.47,87.53
13,51,11.07,26.57
13,52,14.06,33.76
13,53,9.64,23.14
13,54,54.27,130.25
13,55,61.07,146.57
13,56,59.64,143.13
13,57,52.42,125.81
13,58,55.08,132.19
13,59,50.77,121.84
13,60,46.44,111.45
13,61,31.97,76.73
13,62,26.91,64.59
13,63,35.07,84.18
13,64,16.38,39.30
13,65,23.96,57.51
13,66,35.70,85.67
13,67,5.95,14.29
13,68,17.95,43.08
13,69,17.85,42.85
13,70,23.21,55.69
13,71,20.67,49.60
13,72,47.33,113.58
13,73,26.19,62.87
13,74,16.97,40.73
13,75,24.44,58.66
13,76,60.84,146.01
13,77,22.71,54.49
13,78,47.99,115.18
13,79,25.79,61.90
13,80,14.57,34.96
13,81,45.88,110.12
13,82,20.69,49.65
13,83,64.95,155.88
13,84,26.45,63.49
13,85,15.92,38.22
13,86,56.06,134.55
13,87,55.33,132.79
13,88,49.90,119.77
13,89,59.74,143.37
13,90,64.35,154.43
13,91,39.36,94.47
13,92,14.90,35.77
13,93,21.44,51.46
13,94,60.61,145.46
13,95,48.41,116.18
13,96,25.55,61.32
13,97,8.76,21.03
13,98,59.02,141.64
13,99,69.90,167.77
13,100,32.27,77.44
13,101,43.40,104.16
13,102,30.60,73.45
13,103,23.10,55.44
13,104,17.68,42.44
13,105,24.51,58.82
13,106,14.59,35.01
13,107,58.65,140.76
13,108,42.10,101.04
13,109,45.19,108.47
13,110,29.77,71.45
13,111,55.05,132.11
13,112,46.95,112.68
13,113,31.83,76.39
13,114,57.29,137.50
13,115,23.55,56.52
13,116,9.75,23.39
13,117,60.75,145.81
13,118,30.96,74.30
13,119,45.39,108.93
13,120,17.87,42.88
13,121,58.30,139.92
13,122,32.42,77.80
13,123,30.07,72.17
13,124,62.25,149.40
13,125,37.88,90.90
13,126,70.65,169.56
13,127,22.39,53.73
13,128,27.73,66.55
13,129,29.27,70.24
13,130,9.41,22.58
13,131,9.35,22.44
13,132,21.65,51.96
13,133,44.22,106.13
13,134,34.23,82.15
13,135,15.51,37.23
13,136,7.24,17.37
13,137,67.41,161.78
13,138,55.98,134.34
13,139,21.10,50.63
13,140,19.67,47.20
13,141,38.08,91.39
13,142,66.08,158.59
13,143,40.24,96.58
13,144,28.65,68.76
13,145,4.02,9.66
13,146,54.03,129.67
13,147,60.68,145.64
13,148,54.79,131.49
13,149,34.69,83.27
13,150,38.56,92.54
13,151,39.62,95.10
13,152,21.85,52.44
13,158,21.48,51.56
13,160,56.88,136.51
13,162,10.02,24.05
13,164,59.36,142.47
13,166,56.00,134.41
13,170,32.57,78.18
14,1,27.55,66.13
14,2,27.27,65.46
14,3,24.09,57.82
14,4,18.54,44.49
14,5,16.12,38.68
14,6,24.65,59.15
14,7,13.29,31.88
14,8,4.73,11.34
14,9,11.30,27.13
14,10,16.63,39.92
14,11,8.56,20.55
14,12,7.30,17.52
14,13,15.36,36.87
14,15,35.02,84.04
14,16,21.30,51.11
14,17,29.43,70.63
14,18,24.26,58.23
14,19,25.69,61.65
14,20,16.05,38.53
14,21,19.37,46.50
14,22,40.38,96.91
14,23,19.50,46.81
14,24,26.55,63.71
14,25,11.29,27.09
14,26,10.06,24.15
14,27,12.73,30.56
14,28,19.13,45.91
14,29,20.99,50.38
14,30,29.85,71.64
14,31,30.59,73.41
14,32,35.87,86.08
14,33,26.71,64.09
14,34,15.45,37.07
14,35,19.63,47.11
14,36,33.64,80.74
14,37,35.48,85.15
14,38,35.07,84.18
14,39,20.99,50.38
14,40,31.06,74.54
14,41,18.75,45.01
14,42,23.65,56.75
14,43,23.19,55.67
14,44,14.58,35.00
14,45,9.58,22.99
14,46,12.02,28.84
14,47,36.90,88.56
14,48,42.82,102.76
14,49,42.74,102.58
14,50,25.06,60.15
14,51,21.37,51.29
14,52,20.01,48.01
14,53,19.97,47.92
14,54,39.00,93.60
14,55,45.75,109.80
14,56,44.34,106.42
14,57,37.68,90.44
14,58,40.49,97.17
14,59,41.34,99.23
14,60,38.56,92.54
14,61,30.83,74.00
14,62,13.53,32.48
14,63,23.06,55.36
14,64,6.50,15.60
14,65,8.85,21.24
14,66,21.88,52.51
14,67,18.40,44.15
14,68,20.21,48.50
14,69,24.68,59.24
14,70,25.65,61.56
14,71,24.85,59.65
14,72,40.88,98.10
14,73,20.72,49.72
14,74,5.58,13.39
14,75,32.06,76.93
14,76,48.67,116.82
14,77,8.29,19.90
14,78,44.21,106.11
14,79,30.66,73.57
14,80,28.96,69.50
14,81,43.94,105.45
14,82,6.47,15.53
14,83,54.84,131.61
14,84,28.50,68.39
14,85,19.51,46.83
14,86,43.22,103.73
14,87,40.36,96.88
14,88,35.81,85.95
14,89,48.90,117.37
14,90,53.04,127.30
14,91,36.87,88.49
14,92,24.79,59.49
14,93,26.20,62.89
14,94,45.53,109.28
14,95,33.54,80.49
14,96,21.95,52.69
14,97,23.79,57.09
14,98,43.92,105.42
14,99,59.48,142.75
14,100,17.43,41.82
14,101,31.63,75.92
14,102,37.21,89.30
14,103,32.37,77.68
14,104,24.25,58.21
14,105,12.68,30.43
14,106,26.35,63.24
14,107,43.89,105.33
14,108,31.10,74.63
14,109,32.34,77.63
14,110,38.18,91.62
14,111,40.93,98.23
14,112,35.76,85.83
14,113,41.16,98.79
14,114,43.76,105.02
14,115,14.42,34.61
14,116,22.76,54.63
14,117,46.44,111.45
14,118,23.64,56.75
14,119,35.45,85.09
14,120,11.34,27.22
14,121,44.36,106.45
14,122,18.43,44.22
14,123,38.34,92.01
14,124,52.55,126.12
14,125,22.53,54.06
14,126,60.34,144.81
14,127,26.19,62.86
14,128,35.47,85.14
14,129,21.87,52.48
14,130,15.12,36.29
14,131,22.98,55.15
14,132,21.86,52.47
14,133,29.90,71.75
14,134,29.27,70.25
14,135,30.22,72.53
14,136,20.49,49.16
14,137,56.81,136.35
14,138,42.80,102.71
14,139,33.13,79.51
14,140,8.71,20.90
14,141,34.78,83.47
14,142,56.20,134.87
14,143,30.41,72.98
14,144,21.23,50.96
14,145,19.27,46.25
14,146,41.19,98.84
14,147,46.71,112.09
14,148,39.48,94.76
14,149,41.19,98.86
14,150,41.03,98.46
14,151,34.11,81.87
14,152,10.17,24.40
14,158,28.96,69.50
14,160,41.92,100.61
14,162,23.13,55.51
14,164,44.97,107.92
14,166,44.78,107.48
14,170,21.19,50.85
15,1,58.60,140.65
15,2,61.54,147.71
15,3,11.41,27.38
15,4,18.54,44.51
15,5,24.24,58.18
15,6,22.15,53.15
15,7,46.61,111.87
15,8,32.97,79.13
15,9,33.10,79.44
15,10,37.16,89.19
15,11,43.51,104.43
15,12,38.45,92.27
15,13,43.61,104.66
15,14,35.02,84.04
15,16,18.25,43.81
15,17,6.46,15.50
15,18,36.51,87.63
15,19,28.64,68.73
15,20,32.06,76.93
15,21,28.57,68.56
15,22,47.02,112.85
15,23,39.19,94.07
15,24,46.96,112.70
15,25,34.80,83.53
15,26,43.88,105.30
15,27,44.96,107.91
15,28,16.87,40.49
15,29,14.13,33.92
15,30,45.53,109.28
15,31,48.46,116.29
15,32,13.64,32.75
15,33,15.13,36.30
15,34,19.67,47.21
15,35,45.78,109.88
15,36,33.29,79.89
15,37,30.12,72.30
15,38,25.09,60.21
15,39,50.16,120.38
15,40,41.35,99.24
15,41,50.29,120.69
15,42,21.69,52.05
15,43,58.07,139.36
15,44,49.59,119.03
15,45,25.53,61.28
15,46,23.57,56.57
15,47,7.78,18.67
15,48,16.68,40.04
15,49,12.04,28.89
15,50,12.04,28.90
15,51,39.20,94.07
15,52,54.14,129.93
15,53,52.23,125.36
15,54,36.40,87.37
15,55,42.11,101.07
15,56,47.22,113.34
15,57,49.29,118.30
15,58,29.04,69.69
15,59,7.38,17.70
15,60,3.93,9.43
15,61,19.72,47.34
15,62,41.38,99.32
15,63,49.45,118.68
15,64,29.37,70.49
15,65,29.93,71.83
15,66,44.26,106.23
15,67,41.38,99.31
15,68,55.13,132.30
15,69,58.83,141.20
15,70,60.65,145.56
15,71,30.39,72.93
15,72,8.22,19.73
15,73,54.40,130.56
15,74,39.90,95.75
15,75,66.21,158.89
15,76,21.39,51.35
15,77,37.36,89.67
15,78,16.12,38.68
15,79,65.48,157.16
15,80,57.64,138.35
15,81,20.20,48.48
15,82,29.27,70.25
15,83,21.60,51.85
15,84,26.29,63.10
15,85,30.87,74.08
15,86,20.15,48.35
15,87,32.54,78.10
15,88,51.76,124.22
15,89,17.44,41.86
15,90,22.47,53.94
15,91,16.53,39.68
15,92,57.63,138.31
15,93,60.95,146.27
15,94,51.73,124.15
15,95,45.62,109.50
15,96,19.29,46.30
15,97,47.71,114.50
15,98,36.32,87.17
15,99,26.68,64.03
15,100,25.93,62.24
15,101,10.74,25.77
15,102,71.79,172.29
15,103,65.81,157.94
15,104,34.11,81.86
15,105,43.44,104.27
15,106,42.52,102.06
15,107,53.45,128.29
15,108,57.09,137.01
15,109,53.81,129.14
15,110,72.15,173.16
15,111,55.26,132.64
15,112,60.36,144.86
15,113,74.74,179.37
15,114,59.99,143.97
15,115,20.94,50.26
15,116,53.33,128.00
15,117,58.33,139.98
15,118,55.73,133.75
15,119,62.37,149.69
15,120,46.00,110.39
15,121,26.82,64.37
15,122,41.99,100.77
15,123,40.58,97.39
15,124,18.73,44.95
15,125,31.84,76.42
15,126,27.33,65.60
15,127,61.08,146.60
15,128,38.31,91.95
15,129,14.34,34.42
15,130,35.18,84.44
15,131,52.95,127.09
15,132,25.13,60.31
15,133,22.65,54.36
15,134,12.08,28.98
15,135,58.16,139.59
15,136,50.80,121.93
15,137,24.40,58.56
15,138,60.56,145.35
15,139,46.02,110.45
15,140,42.03,100.87
15,141,14.44,34.66
15,142,22.59,54.22
15,143,5.50,13.20
15,144,14.96,35.91
15,145,47.08,113.00
15,146,60.43,145.03
15,147,60.33,144.79
15,148,37.43,89.82
15,149,38.07,91.37
15,150,29.13,69.91
15,151,8.92,21.42
15,152,24.86,59.66
15,158,63.07,151.36
15,160,50.39,120.93
15,162,43.54,104.51
15,164,30.27,72.66
15,166,14.96,35.90
15,170,49.30,118.31
16,1,40.93,98.23
16,2,45.19,108.45
16,3,12.78,30.67
16,4,15.36,36.86
16,5,19.97,47.93
16,6,24.64,59.13
16,7,30.27,72.65
16,8,17.65,42.37
16,9,25.21,60.49
16,10,31.09,74.61
16,11,29.58,70.99
16,12,27.19,65.25
16,13,34.46,82.71
16,14,21.30,51.11
16,15,18.25,43.81
16,17,11.81,28.34
16,18,18.75,45.00
16,19,12.21,29.31
16,20,13.86,33.25
16,21,10.41,24.97
16,22,31.77,76.25
16,23,20.94,50.26
16,24,28.77,69.06
16,25,17.30,41.53
16,26,31.32,75.16
16,27,33.58,80.59
16,28,5.02,12.05
16,29,7.99,19.18
16,30,27.82,66.76
16,31,30.55,73.32
16,32,14.66,35.17
16,33,20.62,49.50
16,34,8.73,20.95
16,35,37.97,91.12
16,36,19.41,46.58
16,37,18.55,44.52
16,38,15.85,38.03
16,39,40.92,98.20
16,40,24.48,58.75
16,41,33.02,79.26
16,42,5.23,12.56
16,43,42.58,102.20
16,44,35.11,84.27
16,45,14.15,33.97
16,46,9.77,23.46
16,47,16.92,40.62
16,48,21.60,51.84
16,49,22.32,53.57
16,50,6.23,14.96
16,51,34.92,83.80
16,52,41.28,99.06
16,53,41.02,98.45
16,54,24.16,57.99
16,55,31.05,74.51
16,56,33.45,80.29
16,57,32.66,78.38
16,58,21.51,51.62
16,59,22.49,53.96
16,60,22.18,53.23
16,61,27.19,65.25
16,62,23.84,57.22
16,63,31.31,75.15
16,64,18.09,43.41
16,65,13.62,32.69
16,66,26.01,62.43
16,67,34.75,83.41
16,68,40.98,98.35
16,69,45.93,110.22
16,70,46.03,110.47
16,71,30.86,74.06
16,72,26.17,62.80
16,73,37.85,90.83
16,74,24.81,59.54
16,75,53.26,127.81
16,76,27.41,65.79
16,77,20.69,49.67
16,78,32.76,78.61
16,79,51.42,123.40
16,80,48.98,117.55
16,81,35.17,84.40
16,82,14.82,35.58
16,83,34.59,83.03
16,84,30.18,72.44
16,85,28.09,67.41
16,86,21.95,52.67
16,87,22.93,55.02
16,88,34.28,82.27
16,89,28.27,67.85
16,90,32.05,76.92
16,91,29.05,69.73
16,92,46.02,110.46
16,93,47.13,113.10
16,94,36.97,88.72
16,95,28.64,68.73
16,96,20.03,48.06
16,97,41.26,99.02
16,98,27.00,64.81
16,99,38.91,93.38
16,100,7.70,18.48
16,101,10.93,26.23
16,102,58.17,139.60
16,103,53.66,128.79
16,104,33.09,79.41
16,105,26.41,63.37
16,106,39.60,95.03
16,107,37.65,90.36
16,108,38.85,93.23
16,109,35.67,85.60
16,110,59.39,142.55
16,111,38.26,91.83
16,112,42.12,101.08
16,113,62.44,149.85
16,114,42.74,102.58
16,115,12.61,30.28
16,116,43.33,103.99
16,117,42.07,100.97
16,118,38.42,92.21
16,119,44.14,105.93
16,120,30.67,73.60
16,121,23.90,57.36
16,122,23.83,57.19
16,123,44.65,107.16
16,124,32.72,78.54
16,125,14.09,33.82
16,126,39.83,95.59
16,127,46.91,112.58
16,128,41.79,100.30
16,129,13.83,33.20
16,130,28.88,69.32
16,131,43.33,103.98
16,132,25.07,60.16
16,133,10.68,25.62
16,134,20.55,49.31
16,135,49.98,119.94
16,136,40.88,98.11
16,137,36.18,86.83
16,138,43.04,103.30
16,139,45.20,108.47
16,140,26.10,62.64
16,141,26.42,63.42
16,142,36.10,86.63
16,143,12.75,30.61
16,144,13.75,33.01
16,145,38.45,92.28
16,146,42.67,102.40
16,147,43.69,104.86
16,148,25.03,60.06
16,149,44.61,107.06
16,150,39.10,93.84
16,151,22.54,54.09
16,152,12.63,30.30
16,158,50.19,120.45
16,160,34.75,83.40
16,162,38.53,92.48
16,164,25.33,60.80
16,166,23.98,57.56
16,170,31.35,75.25
17,1,52.24,125.38
17,2,55.50,133.20
17,3,7.81,18.73
17,4,14.86,35.67
17,5,20.80,49.92
17,6,21.03,50.47
17,7,40.53,97.27
17,8,27.00,64.80
17,9,29.01,69.62
17,10,33.75,81.00
17,11,37.99,91.18
17,12,33.55,80.52
17,13,39.41,94.58
17,14,29.43,70.63
17,15,6.46,15.50
17,16,11.81,28.34
17,18,30.23,72.56
17,19,22.63,54.31
17,20,25.60,61.44
17,21,22.16,53.19
17,22,41.52,99.64
17,23,32.74,78.59
17,24,40.55,97.33
17,25,28.44,68.25
17,26,38.72,92.92
17,27,40.14,96.33
17,28,10.68,25.63
17,29,8.49,20.37
17,30,39.29,94.29
17,31,42.15,101.16
17,32,11.27,27.05
17,33,14.60,35.03
17,34,13.99,33.57
17,35,42.02,100.85
17,36,27.99,67.19
17,37,25.36,60.87
17,38,20.73,49.74
17,39,46.03,110.47
17,40,35.34,84.82
17,41,44.01,105.61
17,42,15.51,37.22
17,43,52.24,125.37
17,44,43.98,105.56
17,45,20.19,48.46
17,46,17.65,42.35
17,47,8.30,19.91
17,48,16.70,40.08
17,49,14.18,34.04
17,50,5.59,13.41
17,51,36.42,87.41
17,52,49.00,117.59
17,53,47.54,114.10
17,54,31.63,75.92
17,55,37.80,90.73
17,56,42.16,101.19
17,57,43.39,104.13
17,58,25.42,61.01
17,59,11.91,28.59
17,60,10.39,24.93
17,61,20.60,49.44
17,62,35.03,84.06
17,63,43.00,103.20
17,64,24.22,58.13
17,65,23.73,56.96
17,66,37.81,90.75
17,67,37.90,90.96
17,68,49.64,119.13
17,69,53.71,128.91
17,70,55.06,132.14
17,71,28.97,69.53
17,72,14.42,34.60
17,73,48.29,115.90
17,74,34.06,81.74
17,75,61.11,146.67
17,76,22.33,53.60
17,77,31.16,74.79
17,78,21.57,51.76
17,79,60.07,144.16
17,80,53.77,129.06
17,81,24.81,59.54
17,82,23.41,56.18
17,83,25.70,61.67
17,84,26.01,62.43
17,85,28.31,67.95
17,86,19.19,46.07
17,87,28.43,68.24
17,88,45.60,109.43
17,89,20.34,48.81
17,90,25.04,60.11
17,91,19.73,47.36
17,92,52.87,126.89
17,93,55.58,133.39
17,94,46.41,111.37
17,95,39.60,95.04
17,96,17.19,41.25
17,97,44.41,106.57
17,98,32.42,77.81
17,99,30.56,73.34
17,100,19.48,46.75
17,101,6.66,16.00
17,102,66.52,159.65
17,103,60.95,146.27
17,104,32.29,77.51
17,105,37.19,89.26
17,106,40.28,96.68
17,107,47.82,114.76
17,108,50.63,121.52
17,109,47.42,113.82
17,110,67.14,161.14
17,111,49.26,118.23
17,112,53.92,129.42
17,113,69.87,167.70
17,114,53.92,129.40
17,115,16.00,38.40
17,116,49.01,117.63
17,117,52.57,126.16
17,118,49.44,118.67
17,119,55.92,134.20
17,120,40.15,96.35
17,121,24.61,59.06
17,122,35.53,85.28
17,123,40.84,98.01
17,124,23.21,55.71
17,125,25.55,61.32
17,126,31.34,75.22
17,127,55.62,133.48
17,128,38.29,91.90
17,129,10.86,26.06
17,130,31.64,75.94
17,131,48.74,116.97
17,132,23.23,55.75
17,133,17.40,41.75
17,134,12.65,30.35
17,135,54.45,130.67
17,136,46.48,111.54
17,137,28.02,67.25
17,138,54.40,130.56
17,139,44.58,106.99
17,140,36.01,86.44
17,141,17.23,41.35
17,142,26.95,64.67
17,143,1.01,2.43
17,144,11.34,27.23
17,145,43.09,103.42
17,146,54.18,130.04
17,147,54.46,130.69
17,148,32.63,78.32
17,149,39.25,94.20
17,150,31.55,75.73
17,151,12.23,29.35
17,152,19.29,46.31
17,158,57.98,139.14
17,160,44.79,107.49
17,162,40.63,97.51
17,164,27.55,66.13
17,166,16.77,40.25
17,170,42.88,102.90
18,1,28.03,67.28
18,2,36.05,86.52
18,3,31.09,74.61
18,4,31.23,74.96
18,5,33.56,80.54
18,6,40.65,97.57
18,7,23.87,57.28
18,8,19.68,47.23
18,9,34.10,81.85
18,10,40.14,96.34
18,11,28.88,69.31
18,12,31.53,75.66
18,13,39.54,94.90
18,14,24.26,58.23
18,15,36.51,87.63
18,16,18.75,45.00
18,17,30.23,72.56
18,19,8.73,20.95
18,20,8.60,20.65
18,21,8.64,20.73
18,22,16.21,38.91
18,23,6.99,16.78
18,24,11.20,26.88
18,25,13.10,31.43
18,26,32.49,77.97
18,27,35.95,86.28
18,28,22.45,53.87
18,29,26.04,62.50
18,30,9.07,21.78
18,31,11.95,28.68
18,32,28.08,67.40
18,33,38.32,91.97
18,34,23.54,56.50
18,35,43.86,105.27
18,36,12.16,29.19
18,37,16.19,38.85
18,38,19.21,46.10
18,39,44.65,107.16
18,40,7.02,16.85
18,41,22.92,55.01
18,42,14.86,35.66
18,43,35.88,86.12
18,44,31.90,76.56
18,45,24.54,58.91
18,46,20.82,49.97
18,47,33.10,79.43
18,48,33.63,80.70
18,49,37.06,88.94
18,50,24.82,59.57
18,51,44.79,107.50
18,52,39.81,95.54
18,53,42.13,101.11
18,54,16.76,40.22
18,55,22.65,54.37
18,56,20.10,48.23
18,57,14.78,35.47
18,58,22.58,54.20
18,59,39.25,94.20
18,60,40.36,96.86
18,61,44.64,107.14
18,62,15.32,36.78
18,63,16.86,40.46
18,64,26.24,62.98
18,65,16.65,39.95
18,66,10.65,25.55
18,67,42.50,102.01
18,68,37.28,89.48
18,69,43.68,104.82
18,70,40.68,97.64
18,71,44.80,107.53
18,72,44.64,107.14
18,73,29.18,70.03
18,74,23.48,56.35
18,75,50.07,120.16
18,76,38.16,91.58
18,77,17.25,41.39
18,78,51.50,123.59
18,79,46.49,111.58
18,80,52.26,125.43
18,81,53.84,129.21
18,82,20.57,49.37
18,83,48.57,116.56
18,84,45.98,110.36
18,85,40.48,97.14
18,86,31.69,76.05
18,87,20.37,48.88
18,88,15.55,37.33
18,89,41.88,100.51
18,90,44.14,105.94
18,91,47.52,114.04
18,92,45.79,109.89
18,93,43.15,103.55
18,94,21.48,51.56
18,95,10.50,25.19
18,96,36.25,86.99
18,97,48.05,115.33
18,98,22.75,54.59
18,99,51.86,124.46
18,100,12.12,29.08
18,101,27.00,64.80
18,102,53.40,128.15
18,103,51.70,124.09
18,104,45.73,109.76
18,105,18.99,45.57
18,106,49.85,119.63
18,107,20.59,49.41
18,108,22.43,53.83
18,109,17.61,42.27
18,110,55.95,134.29
18,111,19.80,47.52
18,112,24.67,59.21
18,113,59.46,142.71
18,114,24.08,57.79
18,115,26.71,64.11
18,116,45.71,109.70
18,117,24.25,58.19
18,118,27.26,65.42
18,119,27.62,66.28
18,120,26.75,64.20
18,121,28.67,68.81
18,122,10.94,26.25
18,123,59.11,141.87
18,124,47.56,114.14
18,125,4.68,11.24
18,126,52.87,126.89
18,127,42.30,101.53
18,128,56.16,134.78
18,129,31.34,75.21
18,130,38.26,91.81
18,131,46.19,110.86
18,132,39.77,95.46
18,133,16.58,39.80
18,134,38.87,93.28
18,135,53.71,128.90
18,136,43.76,105.03
18,137,49.13,117.91
18,138,24.29,58.31
18,139,56.41,135.37
18,140,22.21,53.30
18,141,44.90,107.76
18,142,50.24,120.58
18,143,31.09,74.62
18,144,31.05,74.52
18,145,43.34,104.02
18,146,23.96,57.49
18,147,25.45,61.08
18,148,16.89,40.53
18,149,60.36,144.87
18,150,56.55,135.71
18,151,41.27,99.04
18,152,23.13,55.52
18,158,47.45,113.88
18,160,18.18,43.63
18,162,47.15,113.16
18,164,27.32,65.56
18,166,37.59,90.23
18,170,18.36,44.07
19,1,36.00,86.40
19,2,42.97,103.14
19,3,24.99,59.97
19,4,26.89,64.54
19,5,30.55,73.32
19,6,36.39,87.34
19,7,29.37,70.49
19,8,21.01,50.42
19,9,33.43,80.24
19,10,39.60,95.04
19,11,32.26,77.42
19,12,32.83,78.79
19,13,40.83,98.00
19,14,25.69,61.65
19,15,28.64,68.73
19,16,12.21,29.31
19,17,22.63,54.31
19,18,8.73,20.95
19,20,10.59,25.41
19,21,6.33,15.18
19,22,19.56,46.95
19,23,14.27,34.24
19,24,19.93,47.83
19,25,16.31,39.14
19,26,35.24,84.57
19,27,38.32,91.96
19,28,16.88,40.52
19,29,20.17,48.41
19,30,17.22,41.34
19,31,20.38,48.90
19,32,19.37,46.49
19,33,32.81,78.75
19,34,19.38,46.51
19,35,44.90,107.76
19,36,8.25,19.81
19,37,9.92,23.82
19,38,11.21,26.90
19,39,46.68,112.03
19,40,12.72,30.53
19,41,29.83,71.59
19,42,7.25,17.41
19,43,41.94,100.65
19,44,36.47,87.54
19,45,22.56,54.15
19,46,18.05,43.33
19,47,24.58,58.99
19,48,24.94,59.85
19,49,28.35,68.04
19,50,17.59,42.22
19,51,43.97,105.52
19,52,43.92,105.41
19,53,45.23,108.55
19,54,13.59,32.61
19,55,20.55,49.33
19,56,21.52,51.64
19,57,20.77,49.84
19,58,15.67,37.61
19,59,30.77,73.84
19,60,32.38,77.70
19,61,39.36,94.46
19,62,21.08,50.58
19,63,25.03,60.08
19,64,25.46,61.10
19,65,16.89,40.53
19,66,18.87,45.30
19,67,42.65,102.36
19,68,42.22,101.34
19,69,48.20,115.68
19,70,46.34,111.22
19,71,41.84,100.42
19,72,36.85,88.45
19,73,35.78,85.86
19,74,26.78,64.27
19,75,55.07,132.17
19,76,29.63,71.11
19,77,20.85,50.04
19,78,44.18,106.03
19,79,52.10,125.04
19,80,54.64,131.14
19,81,47.05,112.91
19,82,20.26,48.62
19,83,39.84,95.62
19,84,41.91,100.59
19,85,38.28,91.88
19,86,23.18,55.63
19,87,14.78,35.47
19,88,23.18,55.64
19,89,33.16,79.57
19,90,35.52,85.25
19,91,41.15,98.77
19,92,49.54,118.88
19,93,48.33,116.00
19,94,24.78,59.47
19,95,16.99,40.77
19,96,31.80,76.31
19,97,48.77,117.04
19,98,18.24,43.77
19,99,43.20,103.67
19,100,8.81,21.15
19,101,18.62,44.68
19,102,59.04,141.71
19,103,56.25,135.01
19,104,43.50,104.41
19,105,24.59,59.02
19,106,48.93,117.43
19,107,25.49,61.17
19,108,31.11,74.66
19,109,26.26,63.03
19,110,61.14,146.73
19,111,26.64,63.95
19,112,33.39,80.14
19,113,64.51,154.82
19,114,31.35,75.23
19,115,23.13,55.52
19,116,48.35,116.04
19,117,30.04,72.11
19,118,34.67,83.22
19,119,36.32,87.18
19,120,31.38,75.32
19,121,21.02,50.45
19,122,18.21,43.70
19,123,55.98,134.36
19,124,38.83,93.20
19,125,4.98,11.96
19,126,44.21,106.10
19,127,47.71,114.52
19,128,53.07,127.36
19,129,25.95,62.27
19,130,37.51,90.02
19,131,48.63,116.72
19,132,36.30,87.11
19,133,7.88,18.90
19,134,32.73,78.55
19,135,55.91,134.19
19,136,46.14,110.74
19,137,40.46,97.10
19,138,31.97,76.74
19,139,55.08,132.19
19,140,26.54,63.69
19,141,38.53,92.46
19,142,41.52,99.64
19,143,23.39,56.14
19,144,25.80,61.93
19,145,44.82,107.58
19,146,32.00,76.80
19,147,31.84,76.42
19,148,14.23,34.15
19,149,56.41,135.38
19,150,51.29,123.09
19,151,34.34,82.41
19,152,20.94,50.27
19,158,52.24,125.37
19,160,22.56,54.14
19,162,46.99,112.77
19,164,20.43,49.04
19,166,28.87,69.28
19,170,26.12,62.68
20,1,27.43,65.84
20,2,33.07,79.37
20,3,24.62,59.08
20,4,23.50,56.40
20,5,25.23,60.56
20,6,32.70,78.49
20,7,18.94,45.46
20,8,11.35,27.25
20,9,25.51,61.24
20,10,31.58,75.78
20,11,21.83,52.39
20,12,23.35,56.04
20,13,31.41,75.40
20,14,16.05,38.53
20,15,32.06,76.93
20,16,13.86,33.25
20,17,25.60,61.44
20,18,8.60,20.65
20,19,10.59,25.41
20,21,4.83,11.60
20,22,24.79,59.49
20,23,7.31,17.55
20,24,15.59,37.42
20,25,5.73,13.75
20,26,25.03,60.08
20,27,28.29,67.91
20,28,16.06,38.55
20,29,19.64,47.13
20,30,16.27,39.06
20,31,18.27,43.85
20,32,26.73,64.14
20,33,31.14,74.73
20,34,16.03,38.48
20,35,35.67,85.60
20,36,17.89,42.95
20,37,20.46,49.11
20,38,21.45,51.48
20,39,36.86,88.48
20,40,15.62,37.49
20,41,20.17,48.41
20,42,12.27,29.44
20,43,31.58,75.78
20,44,25.89,62.13
20,45,16.09,38.61
20,46,12.74,30.59
20,47,30.38,72.92
20,48,33.22,79.74
20,49,35.30,84.73
20,50,20.02,48.04
20,51,36.21,86.90
20,52,33.39,80.13
20,53,34.95,83.88
20,54,23.17,55.62
20,55,29.79,71.49
20,56,28.42,68.21
20,57,23.14,55.53
20,58,26.23,62.95
20,59,36.20,86.87
20,60,35.99,86.37
20,61,37.19,89.25
20,62,11.00,26.41
20,63,17.46,41.92
20,64,17.64,42.33
20,65,8.05,19.31
20,66,12.27,29.46
20,67,34.06,81.74
20,68,31.64,75.94
20,69,37.62,90.30
20,70,35.84,86.02
20,71,36.37,87.30
20,72,39.80,95.53
20,73,25.75,61.80
20,74,16.32,39.17
20,75,44.49,106.77
20,76,38.53,92.48
20,77,10.28,24.67
20,78,45.82,109.96
20,79,41.58,99.78
20,80,44.69,107.25
20,81,47.50,114.00
20,82,11.97,28.72
20,83,47.44,113.85
20,84,37.89,90.95
20,85,31.93,76.63
20,86,32.29,77.49
20,87,25.26,60.64
20,88,22.88,54.91
20,89,40.86,98.07
20,90,43.98,105.56
20,91,40.85,98.03
20,92,39.08,93.80
20,93,37.76,90.63
20,94,30.08,72.19
20,95,18.84,45.21
20,96,28.46,68.30
20,97,39.77,95.45
20,98,28.48,68.36
20,99,51.35,123.25
20,100,6.16,14.78
20,101,24.18,58.03
20,102,48.52,116.44
20,103,45.68,109.64
20,104,37.18,89.23
20,105,14.29,34.30
20,106,41.26,99.03
20,107,29.10,69.85
20,108,25.05,60.11
20,109,22.52,54.06
20,110,50.56,121.33
20,111,27.61,66.26
20,112,28.52,68.46
20,113,53.92,129.41
20,114,31.43,75.44
20,115,18.74,44.98
20,116,38.26,91.82
20,117,32.48,77.96
20,118,25.37,60.89
20,119,30.32,72.77
20,120,20.80,49.92
20,121,31.27,75.05
20,122,9.98,23.95
20,123,50.67,121.61
20,124,45.90,110.16
20,125,6.56,15.75
20,126,52.33,125.58
20,127,37.17,89.20
20,128,47.71,114.51
20,129,24.27,58.26
20,130,29.67,71.20
20,131,38.63,92.71
20,132,31.53,75.66
20,133,17.03,40.88
20,134,32.17,77.22
20,135,46.04,110.50
20,136,36.15,86.77
20,137,48.59,116.61
20,138,31.20,74.87
20,139,47.80,114.73
20,140,15.95,38.28
20,141,38.29,91.89
20,142,49.03,117.67
20,143,26.57,63.76
20,144,23.89,57.32
20,145,35.31,84.74
20,146,30.34,72.81
20,147,33.40,80.15
20,148,23.58,56.60
20,149,52.15,125.15
20,150,48.95,117.48
20,151,35.31,84.73
20,152,14.76,35.42
20,158,41.65,99.97
20,160,26.77,64.24
20,162,38.65,92.77
20,164,30.97,74.33
20,166,36.49,87.58
20,170,17.66,42.39
21,1,32.00,76.79
21,2,37.90,90.96
21,3,22.47,53.93
21,4,22.78,54.68
21,5,25.61,61.46
21,6,32.28,77.46
21,7,23.73,56.94
21,8,14.68,35.24
21,9,27.53,66.08
21,10,33.70,80.88
21,11,26.01,62.42
21,12,26.55,63.71
21,13,34.57,82.97
21,14,19.37,46.50
21,15,28.57,68.56
21,16,10.41,24.97
21,17,22.16,53.19
21,18,8.64,20.73
21,19,6.33,15.18
21,20,4.83,11.60
21,22,23.60,56.64
21,23,10.85,26.05
21,24,18.39,44.15
21,25,10.31,24.75
21,26,28.92,69.41
21,27,31.99,76.78
21,28,13.81,33.15
21,29,17.42,41.81
21,30,17.59,42.21
21,31,20.19,48.46
21,32,22.12,53.09
21,33,29.70,71.27
21,34,15.07,36.17
21,35,38.68,92.83
21,36,14.35,34.43
21,37,16.21,38.91
21,38,16.72,40.14
21,39,40.36,96.88
21,40,15.13,36.31
21,41,24.96,59.90
21,42,7.70,18.47
21,43,36.37,87.29
21,44,30.42,73.02
21,45,17.02,40.84
21,46,12.81,30.73
21,47,26.16,62.78
21,48,28.50,68.40
21,49,30.84,74.01
21,50,16.62,39.88
21,51,38.17,91.61
21,52,37.73,90.56
21,53,38.92,93.41
21,54,19.72,47.32
21,55,26.59,63.82
21,56,26.48,63.55
21,57,23.22,55.74
21,58,21.68,52.04
21,59,32.12,77.10
21,60,32.48,77.94
21,61,36.05,86.52
21,62,15.83,37.99
21,63,21.63,51.91
21,64,19.52,46.85
21,65,10.61,25.46
21,66,15.93,38.24
21,67,36.59,87.81
21,68,36.24,86.97
21,69,42.08,100.98
21,70,40.57,97.37
21,71,36.94,88.67
21,72,36.56,87.74
21,73,30.58,73.39
21,74,20.55,49.33
21,75,49.04,117.71
21,76,33.74,80.98
21,77,14.78,35.48
21,78,43.10,103.45
21,79,46.28,111.06
21,80,48.32,115.96
21,81,45.27,108.66
21,82,14.13,33.90
21,83,42.88,102.91
21,84,37.69,90.45
21,85,32.98,79.16
21,86,27.47,65.93
21,87,21.09,50.61
21,88,24.15,57.97
21,89,36.26,87.03
21,90,39.26,94.22
21,91,38.90,93.35
21,92,43.28,103.87
21,93,42.39,101.73
21,94,28.95,69.48
21,95,19.00,45.61
21,96,27.80,66.72
21,97,42.61,102.26
21,98,24.56,58.94
21,99,46.69,112.05
21,100,3.55,8.52
21,101,19.93,47.84
21,102,53.21,127.70
21,103,50.11,120.28
21,104,38.25,91.80
21,105,19.12,45.88
21,106,43.18,103.64
21,107,28.75,69.00
21,108,28.76,69.01
21,109,25.27,60.64
21,110,55.14,132.34
21,111,28.43,68.23
21,112,31.81,76.35
21,113,58.47,140.32
21,114,32.70,78.49
21,115,18.46,44.31
21,116,42.03,100.86
21,117,32.72,78.53
21,118,30.11,72.26
21,119,34.06,81.74
21,120,25.40,60.95
21,121,26.51,63.64
21,122,14.24,34.17
21,123,51.23,122.94
21,124,41.45,99.48
21,125,4.35,10.44
21,126,47.67,114.41
21,127,41.84,100.43
21,128,48.28,115.87
21,129,22.71,54.51
21,130,31.66,75.98
21,131,42.31,101.54
21,132,31.67,76.00
21,133,12.20,29.29
21,134,30.24,72.58
21,135,49.60,119.03
21,136,39.82,95.56
21,137,43.93,105.42
21,138,32.84,78.81
21,139,49.49,118.79
21,140,20.54,49.29
21,141,36.28,87.08
21,142,44.49,106.78
21,143,23.08,55.38
21,144,22.44,53.85
21,145,38.55,92.52
21,146,32.34,77.62
21,147,34.05,81.71
21,148,20.27,48.66
21,149,52.14,125.15
21,150,47.98,115.14
21,151,32.77,78.64
21,152,15.46,37.11
21,158,46.16,110.79
21,160,26.10,62.63
21,162,41.01,98.43
21,164,26.38,63.30
21,166,31.89,76.53
21,170,22.13,53.12
22,1,36.61,87.87
22,2,46.83,112.40
22,3,44.54,106.89
22,4,46.16,110.79
22,5,49.20,118.09
22,6,55.69,133.66
22,7,37.73,90.55
22,8,35.86,86.06
22,9,50.30,120.73
22,10,56.35,135.24
22,11,44.20,106.08
22,12,47.59,114.21
22,13,55.54,133.29
22,14,40.38,96.91
22,15,47.02,112.85
22,16,31.77,76.25
22,17,41.52,99.64
22,18,16.21,38.91
22,19,19.56,46.95
22,20,24.79,59.49
22,21,23.60,56.64
22,23,21.47,51.52
22,24,18.52,44.44
22,25,29.11,69.86
22,26,48.04,115.30
22,27,51.61,123.87
22,28,36.39,87.34
22,29,39.73,95.35
22,30,12.79,30.69
22,31,14.80,35.52
22,32,35.23,84.55
22,33,52.37,125.68
22,34,38.49,92.38
22,35,59.89,143.74
22,36,13.82,33.17
22,37,17.86,42.85
22,38,23.16,55.59
22,39,60.34,144.83
22,40,9.32,22.38
22,41,34.86,83.67
22,42,26.71,64.10
22,43,48.27,115.84
22,44,46.24,110.98
22,45,40.45,97.07
22,46,36.39,87.34
22,47,41.49,99.56
22,48,38.38,92.12
22,49,43.54,104.50
22,50,36.89,88.54
22,51,61.00,146.39
22,52,54.29,130.30
22,53,57.30,137.52
22,54,12.61,30.27
22,55,12.88,30.90
22,56,5.34,12.83
22,57,6.37,15.28
22,58,22.49,53.98
22,59,47.52,114.04
22,60,50.47,121.14
22,61,58.91,141.37
22,62,29.75,71.41
22,63,26.49,63.59
22,64,42.40,101.77
22,65,32.83,78.80
22,66,21.90,52.56
22,67,58.69,140.86
22,68,51.05,122.52
22,69,57.68,138.43
22,70,53.43,128.24
22,71,60.53,145.28
22,72,55.18,132.44
22,73,41.09,98.62
22,74,39.02,93.65
22,75,63.37,152.09
22,76,40.96,98.31
22,77,32.92,79.01
22,78,63.00,151.20
22,79,59.11,141.86
22,80,67.72,162.53
22,81,66.26,159.03
22,82,36.74,88.18
22,83,52.97,127.12
22,84,61.16,146.79
22,85,56.44,135.47
22,86,35.06,84.14
22,87,18.34,44.03
22,88,12.18,29.23
22,89,46.66,111.99
22,90,47.23,113.35
22,91,60.59,145.43
22,92,60.43,145.04
22,93,56.42,135.41
22,94,5.35,12.85
22,95,8.05,19.31
22,96,51.14,122.73
22,97,64.14,153.92
22,98,17.48,41.96
22,99,54.94,131.85
22,100,27.08,64.99
22,101,36.37,87.28
22,102,65.75,157.81
22,103,65.49,157.17
22,104,61.71,148.11
22,105,33.16,79.58
22,106,66.05,158.52
22,107,6.64,15.95
22,108,27.31,65.54
22,109,19.89,47.73
22,110,68.90,165.36
22,111,11.50,27.61
22,112,26.53,63.68
22,113,72.51,174.03
22,114,16.24,38.96
22,115,42.03,100.87
22,116,61.10,146.63
22,117,11.87,28.48
22,118,37.62,90.28
22,119,31.00,74.40
22,120,41.28,99.07
22,121,28.95,69.48
22,122,24.29,58.30
22,123,74.82,179.57
22,124,52.94,127.05
22,125,19.30,46.31
22,126,55.96,134.30
22,127,55.33,132.79
22,128,71.87,172.50
22,129,45.48,109.15
22,130,54.46,130.70
22,131,61.68,148.03
22,132,55.25,132.60
22,133,24.38,58.51
22,134,52.25,125.41
22,135,69.24,166.17
22,136,59.31,142.34
22,137,52.47,125.93
22,138,18.11,43.47
22,139,72.58,174.20
22,140,37.21,89.31
22,141,57.97,139.13
22,142,54.67,131.21
22,143,42.15,101.17
22,144,45.31,108.75
22,145,59.25,142.21
22,146,19.64,47.13
22,147,14.49,34.77
22,148,11.73,28.16
22,149,75.65,181.57
22,150,70.84,170.02
22,151,53.57,128.56
22,152,38.95,93.49
22,158,61.07,146.58
22,160,3.57,8.56
22,162,63.35,152.04
22,164,25.74,61.77
22,166,42.98,103.15
22,170,29.05,69.72
23,1,21.73,52.16
23,2,29.15,69.96
23,3,31.92,76.60
23,4,30.44,73.05
23,5,31.54,75.69
23,6,39.40,94.56
23,7,16.99,40.77
23,8,15.41,36.98
23,9,30.28,72.68
23,10,36.03,86.46
23,11,22.74,54.58
23,12,26.48,63.56
23,13,34.28,82.27
23,14,19.50,46.81
23,15,39.19,94.07
23,16,20.94,50.26
23,17,32.74,78.59
23,18,6.99,16.78
23,19,14.27,34.24
23,20,7.31,17.55
23,21,10.85,26.05
23,22,21.47,51.52
23,24,8.38,20.11
23,25,8.44,20.25
23,26,26.58,63.79
23,27,30.16,72.39
23,28,23.37,56.10
23,29,26.95,64.68
23,30,10.37,24.89
23,31,11.59,27.82
23,32,32.76,78.62
23,33,38.28,91.87
23,34,23.17,55.60
23,35,38.66,92.79
23,36,19.12,45.88
23,37,22.94,55.05
23,38,25.40,60.95
23,39,38.89,93.35
23,40,12.30,29.52
23,41,15.99,38.36
23,42,18.49,44.38
23,43,28.89,69.34
23,44,25.21,60.50
23,45,22.30,53.51
23,46,19.61,47.06
23,47,37.01,88.81
23,48,38.86,93.27
23,49,41.59,99.81
23,50,27.16,65.18
23,51,40.76,97.82
23,52,33.20,79.68
23,53,35.89,86.14
23,54,23.74,56.97
23,55,29.46,70.71
23,56,26.01,62.43
23,57,18.20,43.68
23,58,29.26,70.22
23,59,42.97,103.14
23,60,43.12,103.49
23,61,44.20,106.07
23,62,8.53,20.47
23,63,10.91,26.17
23,64,22.94,55.04
23,65,13.70,32.89
23,66,5.09,12.22
23,67,37.88,90.91
23,68,30.45,73.07
23,69,36.92,88.60
23,70,33.71,80.91
23,71,42.35,101.64
23,72,47.03,112.88
23,73,22.21,53.29
23,74,17.57,42.17
23,75,43.18,103.62
23,76,43.80,105.12
23,77,11.58,27.78
23,78,53.13,127.51
23,79,39.52,94.85
23,80,46.26,111.02
23,81,54.79,131.49
23,82,17.45,41.87
23,83,53.51,128.42
23,84,44.42,106.60
23,85,37.55,90.11
23,86,37.38,89.72
23,87,27.28,65.47
23,88,16.61,39.87
23,89,46.85,112.44
23,90,49.57,118.96
23,91,48.09,115.42
23,92,39.26,94.23
23,93,36.24,86.97
23,94,26.39,63.33
23,95,14.13,33.91
23,96,35.32,84.76
23,97,42.98,103.14
23,98,29.74,71.37
23,99,57.14,137.14
23,100,13.28,31.87
23,101,30.78,73.88
23,102,46.42,111.40
23,103,44.91,107.78
23,104,42.69,102.46
23,105,12.15,29.15
23,106,45.78,109.87
23,107,24.42,58.60
23,108,17.93,43.04
23,109,15.27,36.64
23,110,49.02,117.66
23,111,21.63,51.92
23,112,21.24,50.97
23,113,52.55,126.12
23,114,24.96,59.90
23,115,25.57,61.37
23,116,39.64,95.14
23,117,26.99,64.77
23,118,20.53,49.27
23,119,23.23,55.76
23,120,20.11,48.26
23,121,35.10,84.25
23,122,4.03,9.66
23,123,56.52,135.65
23,124,52.20,125.27
23,125,9.29,22.30
23,126,58.14,139.53
23,127,35.36,84.87
23,128,53.58,128.58
23,129,31.48,75.55
23,130,34.34,82.42
23,131,40.21,96.51
23,132,37.89,90.92
23,133,21.94,52.66
23,134,39.43,94.63
23,135,47.77,114.65
23,136,37.84,90.82
23,137,54.38,130.52
23,138,24.44,58.65
23,139,52.51,126.03
23,140,15.80,37.93
23,141,45.55,109.32
23,142,55.14,132.35
23,143,33.69,80.86
23,144,31.07,74.56
23,145,37.90,90.96
23,146,23.35,56.04
23,147,27.45,65.89
23,148,23.84,57.21
23,149,58.43,140.23
23,150,55.84,134.01
23,151,42.62,102.28
23,152,21.19,50.85
23,158,40.61,97.47
23,160,22.60,54.25
23,162,42.63,102.31
23,164,34.03,81.68
23,166,42.49,101.98
23,170,11.85,28.45
24,1,18.61,44.67
24,2,28.37,68.10
24,3,40.20,96.47
24,4,38.81,93.13
24,5,39.72,95.32
24,6,47.70,114.48
24,7,20.09,48.22
24,8,22.99,55.18
24,9,37.72,90.52
24,10,43.17,103.61
24,11,27.82,66.78
24,12,33.00,79.20
24,13,40.35,96.84
24,14,26.55,63.71
24,15,46.96,112.70
24,16,28.77,69.06
24,17,40.55,97.33
24,18,11.20,26.88
24,19,19.93,47.83
24,20,15.59,37.42
24,21,18.39,44.15
24,22,18.52,44.44
24,23,8.38,20.11
24,25,16.28,39.07
24,26,31.92,76.62
24,27,35.59,85.42
24,28,31.59,75.82
24,29,35.19,84.46
24,30,5.79,13.89
24,31,4.40,10.56
24,32,39.26,94.21
24,33,46.65,111.97
24,34,31.54,75.70
24,35,44.72,107.34
24,36,21.88,52.52
24,37,26.47,63.52
24,38,30.14,72.33
24,39,44.16,105.99
24,40,11.51,27.63
24,41,16.46,39.50
24,42,25.62,61.48
24,43,29.80,71.52
24,44,28.65,68.77
24,45,30.51,73.21
24,46,27.98,67.15
24,47,44.10,105.83
24,48,44.82,107.56
24,49,48.22,115.73
24,50,35.00,84.00
24,51,47.90,114.97
24,52,36.64,87.93
24,53,40.30,96.72
24,54,25.22,60.53
24,55,29.43,70.63
24,56,23.76,57.02
24,57,13.30,31.91
24,58,32.86,78.86
24,59,50.20,120.49
24,60,50.86,122.07
24,61,52.57,126.16
24,62,13.44,32.27
24,63,7.98,19.16
24,64,30.78,73.88
24,65,21.90,52.55
24,66,4.69,11.26
24,67,44.57,106.97
24,68,32.99,79.17
24,69,39.66,95.18
24,70,35.00,84.01
24,71,50.33,120.80
24,72,54.94,131.86
24,73,22.61,54.26
24,74,23.39,56.13
24,75,45.02,108.05
24,76,49.25,118.20
24,77,18.26,43.83
24,78,61.29,147.09
24,79,40.63,97.52
24,80,50.95,122.27
24,81,63.09,151.41
24,82,25.49,61.18
24,83,59.77,143.44
24,84,52.65,126.35
24,85,45.37,108.89
24,86,42.78,102.67
24,87,29.97,71.94
24,88,9.59,23.02
24,89,53.08,127.39
24,90,55.29,132.69
24,91,56.43,135.44
24,92,42.82,102.77
24,93,38.11,91.45
24,94,22.42,53.81
24,95,10.50,25.19
24,96,43.67,104.80
24,97,49.11,117.87
24,98,31.45,75.47
24,99,63.02,151.26
24,100,21.29,51.08
24,101,37.93,91.04
24,102,47.24,113.38
24,103,47.29,113.50
24,104,50.42,121.01
24,105,16.11,38.67
24,106,52.85,126.83
24,107,19.23,46.15
24,108,11.34,27.21
24,109,6.94,16.67
24,110,50.45,121.07
24,111,14.72,35.32
24,112,13.54,32.51
24,113,54.07,129.77
24,114,17.21,41.31
24,115,33.93,81.42
24,116,44.32,106.38
24,117,20.50,49.21
24,118,19.15,45.97
24,119,16.44,39.46
24,120,24.04,57.69
24,121,39.25,94.20
24,122,8.12,19.50
24,123,64.38,154.52
24,124,58.74,140.99
24,125,15.49,37.19
24,126,64.04,153.70
24,127,36.95,88.67
24,128,61.45,147.49
24,129,39.84,95.61
24,130,41.65,99.97
24,131,45.06,108.14
24,132,46.07,110.56
24,133,27.78,66.68
24,134,47.76,114.63
24,135,52.57,126.16
24,136,42.84,102.83
24,137,60.30,144.73
24,138,16.36,39.27
24,139,59.65,143.16
24,140,20.79,49.91
24,141,53.88,129.31
24,142,61.44,147.46
24,143,41.47,99.53
24,144,39.43,94.64
24,145,43.66,104.78
24,146,15.06,36.15
24,147,20.34,48.82
24,148,24.97,59.94
24,149,66.53,159.67
24,150,64.18,154.04
24,151,50.83,121.98
24,152,29.47,70.72
24,158,42.85,102.83
24,160,18.33,43.98
24,162,49.35,118.44
24,164,37.42,89.82
24,166,48.79,117.11
24,170,10.56,25.34
25,1,23.80,57.13
25,2,28.12,67.48
25,3,25.90,62.17
25,4,23.14,55.53
25,5,23.49,56.37
25,6,31.63,75.92
25,7,13.53,32.47
25,8,6.98,16.76
25,9,21.85,52.44
25,10,27.64,66.35
25,11,16.17,38.82
25,12,18.48,44.35
25,13,26.46,63.51
25,14,11.29,27.09
25,15,34.80,83.53
25,16,17.30,41.53
25,17,28.44,68.25
25,18,13.10,31.43
25,19,16.31,39.14
25,20,5.73,13.75
25,21,10.31,24.75
25,22,29.11,69.86
25,23,8.44,20.25
25,24,16.28,39.07
25,26,19.54,46.89
25,27,22.92,55.00
25,28,18.02,43.26
25,29,21.28,51.08
25,30,18.79,45.10
25,31,19.93,47.83
25,32,31.28,75.07
25,33,31.32,75.18
25,34,16.56,39.74
25,35,30.80,73.92
25,36,23.53,56.46
25,37,26.19,62.86
25,38,27.04,64.89
25,39,31.59,75.81
25,40,19.79,47.49
25,41,15.72,37.73
25,42,17.06,40.95
25,43,26.17,62.80
25,44,20.17,48.40
25,45,14.34,34.42
25,46,12.57,30.16
25,47,34.23,82.14
25,48,38.00,91.20
25,49,39.51,94.82
25,50,23.02,55.25
25,51,32.37,77.68
25,52,27.66,66.39
25,53,29.37,70.48
25,54,28.75,69.00
25,55,35.23,84.54
25,56,33.19,79.66
25,57,26.48,63.54
25,58,31.92,76.62
25,59,39.73,95.34
25,60,38.70,92.87
25,61,36.85,88.45
25,62,6.59,15.82
25,63,15.35,36.85
25,64,14.55,34.92
25,65,5.85,14.05
25,66,11.91,28.58
25,67,29.67,71.20
25,68,25.94,62.27
25,69,31.89,76.55
25,70,30.27,72.64
25,71,34.06,81.74
25,72,42.10,101.03
25,73,20.75,49.80
25,74,10.67,25.61
25,75,38.78,93.06
25,76,43.50,104.39
25,77,4.55,10.92
25,78,47.31,113.55
25,79,35.96,86.31
25,80,39.29,94.29
25,81,48.34,116.02
25,82,9.22,22.12
25,83,51.76,124.22
25,84,36.44,87.46
25,85,29.17,70.00
25,86,37.39,89.74
25,87,30.99,74.38
25,88,25.03,60.07
25,89,45.30,108.72
25,90,48.72,116.92
25,91,41.44,99.45
25,92,33.39,80.15
25,93,32.08,77.00
25,94,34.25,82.20
25,95,22.29,53.50
25,96,27.80,66.73
25,97,35.03,84.06
25,98,34.17,82.01
25,99,55.89,134.14
25,100,10.29,24.70
25,101,28.16,67.58
25,102,42.89,102.95
25,103,39.95,95.89
25,104,34.28,82.28
25,105,9.20,22.08
25,106,37.40,89.77
25,107,32.65,78.37
25,108,23.54,56.49
25,109,22.79,54.69
25,110,44.86,107.66
25,111,30.07,72.16
25,112,27.66,66.38
25,113,48.21,115.70
25,114,33.29,79.89
25,115,18.20,43.68
25,116,32.79,78.68
25,117,35.41,84.98
25,118,21.12,50.70
25,119,28.59,68.62
25,120,15.10,36.24
25,121,36.82,88.37
25,122,8.60,20.65
25,123,48.16,115.59
25,124,49.99,119.99
25,125,12.17,29.20
25,126,56.84,136.42
25,127,31.53,75.67
25,128,45.23,108.54
25,129,24.87,59.69
25,130,25.92,62.22
25,131,33.21,79.71
25,132,29.82,71.58
25,133,22.41,53.79
25,134,32.93,79.04
25,135,40.69,97.66
25,136,30.76,73.82
25,137,53.14,127.53
25,138,32.62,78.28
25,139,44.11,105.86
25,140,10.24,24.58
25,141,38.99,93.58
25,142,53.30,127.91
25,143,29.44,70.67
25,144,24.37,58.50
25,145,30.25,72.59
25,146,31.32,75.18
25,147,35.89,86.13
25,148,29.11,69.85
25,149,50.25,120.59
25,150,48.22,115.74
25,151,36.74,88.18
25,152,13.46,32.31
25,158,35.93,86.23
25,160,30.64,73.54
25,162,34.38,82.51
25,164,36.65,87.96
25,166,40.95,98.28
25,170,14.67,35.20
26,1,26.48,63.55
26,2,22.17,53.21
26,3,32.58,78.18
26,4,26.05,62.52
26,5,21.82,52.36
26,6,29.51,70.83
26,7,13.02,31.25
26,8,14.39,34.53
26,9,13.34,32.03
26,10,15.21,36.49
26,11,4.14,9.94
26,12,5.87,14.08
26,13,8.98,21.55
26,14,10.06,24.15
26,15,43.88,105.30
26,16,31.32,75.16
26,17,38.72,92.92
26,18,32.49,77.97
26,19,35.24,84.57
26,20,25.03,60.08
26,21,28.92,69.41
26,22,48.04,115.30
26,23,26.58,63.79
26,24,31.92,76.62
26,25,19.54,46.89
26,27,3.67,8.80
26,28,28.81,69.15
26,29,30.23,72.56
26,30,36.35,87.23
26,31,36.28,87.08
26,32,45.81,109.95
26,33,33.41,80.19
26,34,24.83,59.59
26,35,13.13,31.52
26,36,42.92,103.00
26,37,45.13,108.32
26,38,45.02,108.05
26,39,12.34,29.61
26,40,38.81,93.14
26,41,18.95,45.48
26,42,33.68,80.83
26,43,16.82,40.37
26,44,7.84,18.81
26,45,18.53,44.46
26,46,21.82,52.38
26,47,46.49,111.57
26,48,52.75,126.61
26,49,52.39,125.74
26,50,34.74,83.37
26,51,19.15,45.97
26,52,10.28,24.68
26,53,10.01,24.02
26,54,48.20,115.69
26,55,54.76,131.41
26,56,52.45,125.89
26,57,44.44,106.64
26,58,50.36,120.86
26,59,50.56,121.35
26,60,47.19,113.25
26,61,36.10,86.64
26,62,18.63,44.71
26,63,26.24,62.97
26,64,14.52,34.86
26,65,18.71,44.91
26,66,27.35,65.64
26,67,14.45,34.68
26,68,11.86,28.46
26,69,15.00,35.99
26,70,17.58,42.18
26,71,26.80,64.33
26,72,48.94,117.46
26,73,17.59,42.22
26,74,9.03,21.68
26,75,22.40,53.75
26,76,58.63,140.72
26,77,15.24,36.59
26,78,51.11,122.66
26,79,21.78,52.27
26,80,19.78,47.46
26,81,49.91,119.79
26,82,16.51,39.61
26,83,64.35,154.44
26,84,31.90,76.55
26,85,21.42,51.41
26,86,53.26,127.81
26,87,50.01,120.02
26,88,41.51,99.63
26,89,58.59,140.61
26,90,62.85,150.84
26,91,43.00,103.21
26,92,14.73,35.34
26,93,17.19,41.26
26,94,52.94,127.06
26,95,40.58,97.40
26,96,28.16,67.59
26,97,17.51,42.02
26,98,53.42,128.21
26,99,69.09,165.82
26,100,27.32,65.56
26,101,41.46,99.49
26,102,27.91,67.00
26,103,22.42,53.80
26,104,24.69,59.24
26,105,15.86,38.07
26,106,23.29,55.90
26,107,50.64,121.55
26,108,33.13,79.51
26,109,36.43,87.43
26,110,28.44,68.26
26,111,46.64,111.93
26,112,37.98,91.15
26,113,31.28,75.08
26,114,48.64,116.74
26,115,22.94,55.05
26,116,13.25,31.80
26,117,52.42,125.81
26,118,22.15,53.16
26,119,36.42,87.42
26,120,8.89,21.33
26,121,54.39,130.53
26,122,24.22,58.14
26,123,38.08,91.40
26,124,61.93,148.63
26,125,31.59,75.81
26,126,69.92,167.82
26,127,17.55,42.11
26,128,35.53,85.27
26,129,29.95,71.87
26,130,15.00,36.00
26,131,13.70,32.89
26,132,25.97,62.33
26,133,39.89,95.73
26,134,36.44,87.47
26,135,21.23,50.96
26,136,11.28,27.08
26,137,66.46,159.51
26,138,47.23,113.36
26,139,29.95,71.89
26,140,11.14,26.73
26,141,41.28,99.07
26,142,65.64,157.55
26,143,39.66,95.18
26,144,29.29,70.31
26,145,11.80,28.31
26,146,45.22,108.52
26,147,52.18,125.23
26,148,48.60,116.64
26,149,42.18,101.24
26,150,44.52,106.84
26,151,41.66,99.98
26,152,19.55,46.91
26,158,19.26,46.23
26,160,49.08,117.79
26,162,18.91,45.39
26,164,54.90,131.76
26,166,54.54,130.91
26,170,23.68,56.82
27,1,29.55,70.92
27,2,24.22,58.14
27,3,33.56,80.56
27,4,26.70,64.08
27,5,21.88,52.52
27,6,28.97,69.52
27,7,16.53,39.68
27,8,17.32,41.58
27,9,12.85,30.83
27,10,13.18,31.63
27,11,7.79,18.70
27,12,6.60,15.83
27,13,5.77,13.84
27,14,12.73,30.56
27,15,44.96,107.91
27,16,33.58,80.59
27,17,40.14,96.33
27,18,35.95,86.28
27,19,38.32,91.96
27,20,28.29,67.91
27,21,31.99,76.78
27,22,51.61,123.87
27,23,30.16,72.39
27,24,35.59,85.42
27,25,22.92,55.00
27,26,3.67,8.80
27,28,30.67,73.60
27,29,31.72,76.12
27,30,39.99,95.98
27,31,39.95,95.88
27,32,47.87,114.89
27,33,33.52,80.45
27,34,26.51,63.62
27,35,9.64,23.14
27,36,46.13,110.71
27,37,48.16,115.59
27,38,47.79,114.71
27,39,8.73,20.96
27,40,42.35,101.65
27,41,22.36,53.67
27,42,36.31,87.15
27,43,18.56,44.55
27,44,10.25,24.59
27,45,20.14,48.33
27,46,23.89,57.34
27,47,48.11,115.47
27,48,54.78,131.47
27,49,54.05,129.72
27,50,36.52,87.65
27,51,16.60,39.83
27,52,9.73,23.35
27,53,7.48,17.95
27,54,51.45,123.48
27,55,58.07,139.38
27,56,55.97,134.32
27,57,48.08,115.38
27,58,53.22,127.73
27,59,51.86,124.46
27,60,48.10,115.44
27,61,35.56,85.34
27,62,22.29,53.49
27,63,29.85,71.63
27,64,16.01,38.42
27,65,21.57,51.77
27,66,31.01,74.43
27,67,11.61,27.87
27,68,12.76,30.62
27,69,14.18,34.04
27,70,18.30,43.93
27,71,25.29,60.69
27,72,49.52,118.85
27,73,20.43,49.03
27,74,12.59,30.22
27,75,21.40,51.35
27,76,60.68,145.64
27,77,18.74,44.97
27,78,51.08,122.58
27,79,21.69,52.06
27,80,16.39,39.34
27,81,49.48,118.76
27,82,18.95,45.48
27,83,65.83,158.00
27,84,30.74,73.78
27,85,20.12,48.28
27,86,55.50,133.20
27,87,53.05,127.31
27,88,45.18,108.43
27,89,60.26,144.62
27,90,64.66,155.18
27,91,42.71,102.51
27,92,12.74,30.57
27,93,17.15,41.15
27,94,56.54,135.70
27,95,44.20,106.08
27,96,28.18,67.64
27,97,13.96,33.52
27,98,56.55,135.71
27,99,70.66,169.59
27,100,30.16,72.38
27,101,43.35,104.05
27,102,27.28,65.47
27,103,20.85,50.04
27,104,22.74,54.57
27,105,19.53,46.86
27,106,20.34,48.83
27,107,54.29,130.29
27,108,36.60,87.85
27,109,40.06,96.14
27,110,27.22,65.34
27,111,50.31,120.73
27,112,41.45,99.48
27,113,29.78,71.48
27,114,52.29,125.50
27,115,24.16,57.99
27,116,10.04,24.10
27,117,56.09,134.61
27,118,25.22,60.52
27,119,39.74,95.37
27,120,12.34,29.63
27,121,57.00,136.81
27,122,27.88,66.90
27,123,35.64,85.54
27,124,63.30,151.93
27,125,34.85,83.65
27,126,71.47,171.52
27,127,17.83,42.78
27,128,33.21,79.71
27,129,30.77,73.84
27,130,13.47,32.33
27,131,10.34,24.81
27,132,25.25,60.60
27,133,42.60,102.23
27,134,36.71,88.11
27,135,17.78,42.66
27,136,7.86,18.86
27,137,68.08,163.39
27,138,50.86,122.07
27,139,26.86,64.46
27,140,14.80,35.52
27,141,41.17,98.80
27,142,67.07,160.97
27,143,41.05,98.51
27,144,30.12,72.29
27,145,8.16,19.59
27,146,48.83,117.19
27,147,55.85,134.03
27,148,51.88,124.50
27,149,40.06,96.14
27,150,43.19,103.64
27,151,42.03,100.87
27,152,21.35,51.25
27,158,18.28,43.87
27,160,52.70,126.48
27,162,15.78,37.88
27,164,57.69,138.46
27,166,56.32,135.16
27,170,27.26,65.42
28,1,41.78,100.28
28,2,44.82,107.57
28,3,8.67,20.82
28,4,10.34,24.81
28,5,15.10,36.25
28,6,19.66,47.17
28,7,29.85,71.63
28,8,16.36,39.27
28,9,21.10,50.63
28,10,26.75,64.20
28,11,27.67,66.42
28,12,24.11,57.86
28,13,30.87,74.10
28,14,19.13,45.91
28,15,16.87,40.49
28,16,5.02,12.05
28,17,10.68,25.63
28,18,22.45,53.87
28,19,16.88,40.52
28,20,16.06,38.55
28,21,13.81,33.15
28,22,36.39,87.34
28,23,23.37,56.10
28,24,31.59,75.82
28,25,18.02,43.26
28,26,28.81,69.15
28,27,30.67,73.60
28,29,3.62,8.70
28,30,31.38,75.31
28,31,33.86,81.27
28,32,17.30,41.52
28,33,16.04,38.49
28,34,4.35,10.43
28,35,34.10,81.84
28,36,24.36,58.47
28,37,23.56,56.55
28,38,20.65,49.57
28,39,37.44,89.87
28,40,28.66,68.79
28,41,33.42,80.20
28,42,10.21,24.49
28,43,41.63,99.91
28,44,33.55,80.52
28,45,10.58,25.40
28,46,7.13,17.11
28,47,17.78,42.66
28,48,24.15,57.95
28,49,23.62,56.69
28,50,5.94,14.25
28,51,30.36,72.86
28,52,39.02,93.64
28,53,38.15,91.55
28,54,29.17,70.02
28,55,36.07,86.56
28,56,38.31,91.94
28,57,36.84,88.42
28,58,26.28,63.06
28,59,22.47,53.93
28,60,20.72,49.74
28,61,22.53,54.07
28,62,24.57,58.97
28,63,33.02,79.24
28,64,14.71,35.31
28,65,13.07,31.37
28,66,28.29,67.90
28,67,30.59,73.41
28,68,39.29,94.30
28,69,43.73,104.94
28,70,44.61,107.07
28,71,25.86,62.07
28,72,24.09,57.80
28,73,37.61,90.26
28,74,23.48,56.35
28,75,51.12,122.69
28,76,30.06,72.15
28,77,20.50,49.21
28,78,29.76,71.42
28,79,49.76,119.42
28,80,45.44,109.05
28,81,31.56,75.73
28,82,12.88,30.90
28,83,35.72,85.73
28,84,25.20,60.48
28,85,23.25,55.81
28,86,25.20,60.48
28,87,27.89,66.93
28,88,37.96,91.11
28,89,29.80,71.51
28,90,34.04,81.70
28,91,25.09,60.21
28,92,43.33,104.00
28,93,45.33,108.79
28,94,41.65,99.95
28,95,32.70,78.48
28,96,15.04,36.10
28,97,37.14,89.14
28,98,31.98,76.74
28,99,40.35,96.85
28,100,10.44,25.07
28,101,12.69,30.45
28,102,56.34,135.21
28,103,51.22,122.93
28,104,28.18,67.62
28,105,26.57,63.78
28,106,34.92,83.82
28,107,42.08,100.98
28,108,40.93,98.22
28,109,38.54,92.48
28,110,57.21,137.32
28,111,42.21,101.31
28,112,44.56,106.95
28,113,60.10,144.24
28,114,46.52,111.64
28,115,7.95,19.08
28,116,40.10,96.24
28,117,46.32,111.16
28,118,38.86,93.26
28,119,46.15,110.75
28,120,29.55,70.91
28,121,28.12,67.49
28,122,25.67,61.60
28,123,39.63,95.11
28,124,33.49,80.37
28,125,17.96,43.10
28,126,41.21,98.90
28,127,45.28,108.66
28,128,36.77,88.25
28,129,9.09,21.82
28,130,24.54,58.90
28,131,39.99,95.96
28,132,20.05,48.12
28,133,15.59,37.43
28,134,16.43,39.42
28,135,46.33,111.18
28,136,37.60,90.23
28,137,37.70,90.47
28,138,46.62,111.88
28,139,40.36,96.86
28,140,25.34,60.83
28,141,22.48,53.96
28,142,37.09,89.03
28,143,11.69,28.06
28,144,8.93,21.42
28,145,34.79,83.49
28,146,46.03,110.47
28,147,47.78,114.66
28,148,30.03,72.07
28,149,39.65,95.16
28,150,34.48,82.75
28,151,19.25,46.19
28,152,9.32,22.36
28,158,48.01,115.21
28,160,39.25,94.20
28,162,34.13,81.92
28,164,29.88,71.71
28,166,25.73,61.75
28,170,32.64,78.34
29,1,44.92,107.80
29,2,47.43,113.82
29,3,5.05,12.13
29,4,8.21,19.71
29,5,13.76,33.04
29,6,16.93,40.62
29,7,32.52,78.06
29,8,18.85,45.24
29,9,21.05,50.51
29,10,26.25,63.01
29,11,29.54,70.90
29,12,25.12,60.29
29,13,31.27,75.04
29,14,20.99,50.38
29,15,14.13,33.92
29,16,7.99,19.18
29,17,8.49,20.37
29,18,26.04,62.50
29,19,20.17,48.41
29,20,19.64,47.13
29,21,17.42,41.81
29,22,39.73,95.35
29,23,26.95,64.68
29,24,35.19,84.46
29,25,21.28,51.08
29,26,30.23,72.56
29,27,31.72,76.12
29,28,3.62,8.70
29,30,35.00,83.99
29,31,37.49,89.97
29,32,17.28,41.48
29,33,12.64,30.33
29,34,5.56,13.34
29,35,34.14,81.94
29,36,27.34,65.62
29,37,26.11,62.66
29,38,22.68,54.43
29,39,37.89,90.94
29,40,32.18,77.23
29,41,36.42,87.41
29,42,13.20,31.68
29,43,43.95,105.47
29,44,35.57,85.36
29,45,11.71,28.10
29,46,9.46,22.70
29,47,16.42,39.40
29,48,23.81,57.14
29,49,22.37,53.68
29,50,5.55,13.32
29,51,29.45,70.68
29,52,40.51,97.23
29,53,39.15,93.96
29,54,31.95,76.68
29,55,38.74,92.97
29,56,41.44,99.45
29,57,40.37,96.88
29,58,28.17,67.60
29,59,20.38,48.91
29,60,17.85,42.83
29,61,19.20,46.07
29,62,27.76,66.62
29,63,36.43,87.44
29,64,15.76,37.81
29,65,16.01,38.43
29,66,31.83,76.39
29,67,30.28,72.68
29,68,41.18,98.84
29,69,45.23,108.54
29,70,46.64,111.94
29,71,23.77,57.04
29,72,20.87,50.09
29,73,40.32,96.76
29,74,25.77,61.85
29,75,52.63,126.31
29,76,29.69,71.24
29,77,23.41,56.17
29,78,26.22,62.93
29,79,51.60,123.84
29,80,45.75,109.81
29,81,27.93,67.04
29,82,15.14,36.33
29,83,34.14,81.94
29,84,22.44,53.87
29,85,21.83,52.39
29,86,25.43,61.03
29,87,30.18,72.44
29,88,41.57,99.78
29,89,28.57,68.58
29,90,33.10,79.43
29,91,21.48,51.54
29,92,44.45,106.68
29,93,47.10,113.05
29,94,44.95,107.87
29,95,36.25,87.00
29,96,12.36,29.67
29,97,36.85,88.44
29,98,34.29,82.31
29,99,38.95,93.47
29,100,14.07,33.76
29,101,12.34,29.61
29,102,58.04,139.29
29,103,52.50,125.99
29,104,26.46,63.50
29,105,29.54,70.89
29,106,33.75,81.00
29,107,45.52,109.25
29,108,44.41,106.58
29,109,42.14,101.13
29,110,58.66,140.79
29,111,45.79,109.90
29,112,48.11,115.46
29,113,61.42,147.40
29,114,50.12,120.29
29,115,7.72,18.52
29,116,40.76,97.83
29,117,49.83,119.59
29,118,41.85,100.43
29,119,49.60,119.05
29,120,31.87,76.49
29,121,29.25,70.19
29,122,29.14,69.93
29,123,37.12,89.10
29,124,31.70,76.07
29,125,21.52,51.66
29,126,39.75,95.41
29,127,47.16,113.19
29,128,34.33,82.39
29,129,5.87,14.10
29,130,24.07,57.78
29,131,40.55,97.31
29,132,17.86,42.88
29,133,17.92,43.02
29,134,12.83,30.78
29,135,46.52,111.65
29,136,38.23,91.76
29,137,36.37,87.28
29,138,50.24,120.57
29,139,38.79,93.09
29,140,27.91,66.99
29,141,18.87,45.28
29,142,35.42,85.00
29,143,9.44,22.66
29,144,5.87,14.08
29,145,35.05,84.13
29,146,49.65,119.17
29,147,51.33,123.20
29,148,32.85,78.83
29,149,36.76,88.23
29,150,31.12,74.68
29,151,15.68,37.63
29,152,10.83,26.00
29,158,49.49,118.78
29,160,42.66,102.38
29,162,33.45,80.28
29,164,31.40,75.36
29,166,24.75,59.39
29,170,35.95,86.27
30,1,24.29,58.30
30,2,34.16,81.98
30,3,40.05,96.12
30,4,39.71,95.30
30,5,41.44,99.45
30,6,48.97,117.54
30,7,25.22,60.54
30,8,25.77,61.85
30,9,40.64,97.55
30,10,46.40,111.35
30,11,32.34,77.62
30,12,36.73,88.15
30,13,44.40,106.57
30,14,29.85,71.64
30,15,45.53,109.28
30,16,27.82,66.76
30,17,39.29,94.29
30,18,9.07,21.78
30,19,17.22,41.34
30,20,16.27,39.06
30,21,17.59,42.21
30,22,12.79,30.69
30,23,10.37,24.89
30,24,5.79,13.89
30,25,18.79,45.10
30,26,36.35,87.23
30,27,39.99,95.98
30,28,31.38,75.31
30,29,35.00,83.99
30,31,3.34,8.02
30,32,36.45,87.48
30,33,47.10,113.03
30,34,32.12,77.09
30,35,48.80,117.11
30,36,17.27,41.46
30,37,22.04,52.89
30,38,26.25,63.01
30,39,48.68,116.82
30,40,6.26,15.02
30,41,22.08,53.00
30,42,23.85,57.24
30,43,35.48,85.15
30,44,33.79,81.11
30,45,32.23,77.34
30,46,29.01,69.63
30,47,41.80,100.33
30,48,41.46,99.51
30,49,45.41,108.98
30,50,33.89,81.34
30,51,51.13,122.71
30,52,41.83,100.39
30,53,45.18,108.43
30,54,19.98,47.95
30,55,23.76,57.02
30,56,17.99,43.18
30,57,8.10,19.44
30,58,28.29,67.89
30,59,47.99,115.18
30,60,49.36,118.46
30,61,53.31,127.94
30,62,17.73,42.55
30,63,13.76,33.02
30,64,33.20,79.68
30,65,23.77,57.04
30,66,9.30,22.32
30,67,48.20,115.67
30,68,38.40,92.16
30,69,45.05,108.13
30,70,40.65,97.57
30,71,52.45,125.89
30,72,53.69,128.85
30,73,28.31,67.94
30,74,27.49,65.99
30,75,50.61,121.48
30,76,45.48,109.16
30,77,21.78,52.27
30,78,60.57,145.37
30,79,46.32,111.17
30,80,55.75,133.79
30,81,62.86,150.86
30,82,27.62,66.29
30,83,56.51,135.61
30,84,54.16,130.00
30,85,47.78,114.66
30,86,39.06,93.73
30,87,25.06,60.15
30,88,6.63,15.92
30,89,49.85,119.64
30,90,51.65,123.95
30,91,56.47,135.52
30,92,48.01,115.21
30,93,43.68,104.82
30,94,16.97,40.72
30,95,4.74,11.38
30,96,44.69,107.27
30,97,53.14,127.54
30,98,26.16,62.78
30,99,59.45,142.67
30,100,20.95,50.29
30,101,35.81,85.95
30,102,52.97,127.14
30,103,52.79,126.70
30,104,52.96,127.10
30,105,20.87,50.09
30,106,56.15,134.76
30,107,14.30,34.32
30,108,16.08,38.59
30,109,9.60,23.05
30,110,56.12,134.68
30,111,11.38,27.32
30,112,16.99,40.79
30,113,59.73,143.36
30,114,15.21,36.51
30,115,35.01,84.01
30,116,49.11,117.86
30,117,16.62,39.88
30,118,24.94,59.85
30,119,20.73,49.74
30,120,28.97,69.53
30,121,34.84,83.61
30,122,12.13,29.12
30,123,66.69,160.06
30,124,55.75,133.79
30,125,13.75,33.01
30,126,60.47,145.13
30,127,42.56,102.15
30,128,63.74,152.98
30,129,40.14,96.34
30,130,44.71,107.31
30,131,49.77,119.45
30,132,47.76,114.62
30,133,24.74,59.38
30,134,47.80,114.72
30,135,57.33,137.58
30,136,47.48,113.95
30,137,56.77,136.25
30,138,15.25,36.60
30,139,62.88,150.92
30,140,25.27,60.64
30,141,53.86,129.27
30,142,58.21,139.69
30,143,40.13,96.32
30,144,39.81,95.55
30,145,47.91,114.98
30,146,14.90,35.75
30,147,17.20,41.29
30,148,19.63,47.11
30,149,68.37,164.09
30,150,65.14,156.34
30,151,50.32,120.77
30,152,30.98,74.34
30,158,48.36,116.07
30,160,12.93,31.04
30,162,52.95,127.09
30,164,32.67,78.42
30,166,45.67,109.62
30,170,16.27,39.05
31,1,21.82,52.36
31,2,32.10,77.05
31,3,42.53,102.08
31,4,41.76,100.23
31,5,43.11,103.46
31,6,50.88,122.11
31,7,24.48,58.76
31,8,26.81,64.35
31,9,41.65,99.95
31,10,47.22,113.33
31,11,32.19,77.27
31,12,37.20,89.27
31,13,44.64,107.14
31,14,30.59,73.41
31,15,48.46,116.29
31,16,30.55,73.32
31,17,42.15,101.16
31,18,11.95,28.68
31,19,20.38,48.90
31,20,18.27,43.85
31,21,20.19,48.46
31,22,14.80,35.52
31,23,11.59,27.82
31,24,4.40,10.56
31,25,19.93,47.83
31,26,36.28,87.08
31,27,39.95,95.88
31,28,33.86,81.27
31,29,37.49,89.97
31,30,3.34,8.02
31,32,39.68,95.22
31,33,49.36,118.47
31,34,34.29,82.29
31,35,49.03,117.66
31,36,20.60,49.44
31,37,25.37,60.89
31,38,29.59,71.02
31,39,48.54,116.49
31,40,9.53,22.86
31,41,20.66,49.59
31,42,26.81,64.34
31,43,33.89,81.34
31,44,33.04,79.29
31,45,33.87,81.28
31,46,30.97,74.32
31,47,44.94,107.85
31,48,44.77,107.45
31,49,48.64,116.75
31,50,36.69,88.07
31,51,51.96,124.70
31,52,41.01,98.41
31,53,44.70,107.28
31,54,23.13,55.52
31,55,26.52,63.66
31,56,20.13,48.32
31,57,9.12,21.90
31,58,31.60,75.84
31,59,51.12,122.68
31,60,52.31,125.54
31,61,55.46,133.10
31,62,17.73,42.56
31,63,11.97,28.73
31,64,34.48,82.75
31,65,25.29,60.69
31,66,8.95,21.48
31,67,48.75,117.00
31,68,37.29,89.51
31,69,43.96,105.51
31,70,39.12,93.90
31,71,53.93,129.44
31,72,56.57,135.76
31,73,26.69,64.05
31,74,27.67,66.41
31,75,49.19,118.06
31,76,48.82,117.17
31,77,22.34,53.62
31,78,63.29,151.90
31,79,44.69,107.26
31,80,55.35,132.83
31,81,65.41,156.99
31,82,29.03,69.68
31,83,59.81,143.54
31,84,55.96,134.30
31,85,49.09,117.83
31,86,42.39,101.74
31,87,28.32,67.96
31,88,5.26,12.63
31,89,53.15,127.56
31,90,54.98,131.95
31,91,58.91,141.39
31,92,47.19,113.25
31,93,42.31,101.54
31,94,18.30,43.91
31,95,7.10,17.04
31,96,46.70,112.09
31,97,53.41,128.17
31,98,29.27,70.24
31,99,62.78,150.66
31,100,23.42,56.21
31,101,38.90,93.36
31,102,51.21,122.91
31,103,51.54,123.69
31,104,54.21,130.10
31,105,20.50,49.20
31,106,56.93,136.64
31,107,14.89,35.74
31,108,13.00,31.21
31,109,6.27,15.05
31,110,54.53,130.87
31,111,10.41,24.99
31,112,13.66,32.79
31,113,58.16,139.58
31,114,13.37,32.09
31,115,36.97,88.72
31,116,48.72,116.93
31,117,16.14,38.74
31,118,22.91,54.99
31,119,17.48,41.95
31,120,28.44,68.25
31,121,38.16,91.59
31,122,12.26,29.44
31,123,68.09,163.40
31,124,59.02,141.64
31,125,16.61,39.88
31,126,63.80,153.13
31,127,41.11,98.66
31,128,65.14,156.35
31,129,42.45,101.88
31,130,45.64,109.53
31,131,49.45,118.69
31,132,49.46,118.69
31,133,27.99,67.17
31,134,50.23,120.56
31,135,56.97,136.72
31,136,47.23,113.36
31,137,60.10,144.23
31,138,12.93,31.04
31,139,63.72,152.92
31,140,25.15,60.35
31,141,56.32,135.18
31,142,61.51,147.62
31,143,43.02,103.25
31,144,42.09,101.02
31,145,48.00,115.19
31,146,12.17,29.20
31,147,16.13,38.71
31,148,22.73,54.55
31,149,70.02,168.04
31,150,67.21,161.31
31,151,52.96,127.09
31,152,32.72,78.53
31,158,47.08,112.99
31,160,14.19,34.06
31,162,53.53,128.47
31,164,35.95,86.29
31,166,48.96,117.49
31,170,14.69,35.25
32,1,54.11,129.87
32,2,59.39,142.55
32,3,18.71,44.91
32,4,25.14,60.34
32,5,30.95,74.28
32,6,32.22,77.34
32,7,44.63,107.11
32,8,32.31,77.54
32,9,38.19,91.65
32,10,43.53,104.47
32,11,44.22,106.12
32,12,41.35,99.24
32,13,48.15,115.56
32,14,35.87,86.08
32,15,13.64,32.75
32,16,14.66,35.17
32,17,11.27,27.05
32,18,28.08,67.40
32,19,19.37,46.49
32,20,26.73,64.14
32,21,22.12,53.09
32,22,35.23,84.55
32,23,32.76,78.62
32,24,39.26,94.21
32,25,31.28,75.07
32,26,45.81,109.95
32,27,47.87,114.89
32,28,17.30,41.52
32,29,17.28,41.48
32,30,36.45,87.48
32,31,39.68,95.22
32,33,25.86,62.07
32,34,21.61,51.86
32,35,51.27,123.04
32,36,21.47,51.53
32,37,17.52,42.06
32,38,12.21,29.32
32,39,54.74,131.37
32,40,31.23,74.95
32,41,46.80,112.32
32,42,14.46,34.71
32,43,57.09,137.01
32,44,49.77,119.44
32,45,27.87,66.90
32,46,24.01,57.63
32,47,6.49,15.57
32,48,6.95,16.69
32,49,8.98,21.55
32,50,11.79,28.29
32,51,46.68,112.04
32,52,55.87,134.09
32,53,55.35,132.84
32,54,23.62,56.68
32,55,28.79,69.10
32,56,34.63,83.11
32,57,38.53,92.48
32,58,15.48,37.15
32,59,12.30,29.52
32,60,16.20,38.89
32,61,31.76,76.23
32,62,37.55,90.13
32,63,43.65,104.76
32,64,31.99,76.79
32,65,28.23,67.75
32,66,37.72,90.53
32,67,47.53,114.08
32,68,55.63,133.52
32,69,60.54,145.29
32,70,60.65,145.57
32,71,40.02,96.05
32,72,21.01,50.42
32,73,52.03,124.86
32,74,39.46,94.69
32,75,67.88,162.92
32,76,12.82,30.78
32,77,35.07,84.18
32,78,29.44,70.65
32,79,66.07,158.56
32,80,62.71,150.51
32,81,33.82,81.17
32,82,29.40,70.56
32,83,20.76,49.83
32,84,37.27,89.46
32,85,38.86,93.26
32,86,8.18,19.63
32,87,19.19,46.06
32,88,42.00,100.79
32,89,14.14,33.94
32,90,17.48,41.94
32,91,29.94,71.86
32,92,60.46,145.11
32,93,61.78,148.28
32,94,39.50,94.80
32,95,35.41,85.00
32,96,28.19,67.67
32,97,54.10,129.85
32,98,22.81,54.75
32,99,24.64,59.14
32,100,21.01,50.41
32,101,5.00,12.01
32,102,72.82,174.77
32,103,68.21,163.71
32,104,43.16,103.59
32,105,40.48,97.15
32,106,50.85,122.04
32,107,41.84,100.42
32,108,50.31,120.74
32,109,45.63,109.52
32,110,74.02,177.65
32,111,44.73,107.35
32,112,52.75,126.61
32,113,77.03,184.86
32,114,49.64,119.15
32,115,24.80,59.53
32,116,57.39,137.74
32,117,46.96,112.69
32,118,52.08,124.98
32,119,55.57,133.36
32,120,45.26,108.63
32,121,13.46,32.31
32,122,36.34,87.21
32,123,52.11,125.06
32,124,19.50,46.81
32,125,23.85,57.23
32,126,25.61,61.46
32,127,61.56,147.74
32,128,49.56,118.93
32,129,21.56,51.74
32,130,41.35,99.23
32,131,57.28,137.48
32,132,34.19,82.05
32,133,11.72,28.12
32,134,23.76,57.03
32,135,63.57,152.56
32,136,54.89,131.74
32,137,21.88,52.52
32,138,50.63,121.51
32,139,55.51,133.22
32,140,40.62,97.50
32,141,27.64,66.34
32,142,22.39,53.73
32,143,11.12,26.69
32,144,21.93,52.62
32,145,52.04,124.90
32,146,50.96,122.29
32,147,49.27,118.25
32,148,24.65,59.15
32,149,50.43,121.03
32,150,42.28,101.48
32,151,22.22,53.32
32,152,26.54,63.71
32,158,64.81,155.54
32,160,38.74,92.98
32,162,50.72,121.74
32,164,16.70,40.08
32,166,9.77,23.45
32,170,44.25,106.20
33,1,53.63,128.71
33,2,53.91,129.38
33,3,8.09,19.42
33,4,8.37,20.08
33,5,11.65,27.95
33,6,7.03,16.88
33,7,39.85,95.64
33,8,26.68,64.04
33,9,20.74,49.77
33,10,23.40,56.17
33,11,34.28,82.27
33,12,27.57,66.16
33,13,30.87,74.09
33,14,26.71,64.09
33,15,15.13,36.30
33,16,20.62,49.50
33,17,14.60,35.03
33,18,38.32,91.97
33,19,32.81,78.75
33,20,31.14,74.73
33,21,29.70,71.27
33,22,52.37,125.68
33,23,38.28,91.87
33,24,46.65,111.97
33,25,31.32,75.18
33,26,33.41,80.19
33,27,33.52,80.45
33,28,16.04,38.49
33,29,12.64,30.33
33,30,47.10,113.03
33,31,49.36,118.47
33,32,25.86,62.07
33,34,15.11,36.27
33,35,32.25,77.40
33,36,39.86,95.67
33,37,38.26,91.82
33,38,34.28,82.28
33,39,37.10,89.03
33,40,44.68,107.24
33,41,44.81,107.54
33,42,25.80,61.91
33,43,49.44,118.66
33,44,40.38,96.91
33,45,17.77,42.66
33,46,18.81,45.15
33,47,21.87,52.50
33,48,30.86,74.06
33,49,27.02,64.85
33,50,16.49,39.58
33,51,24.67,59.20
33,52,43.20,103.67
33,53,40.21,96.50
33,54,44.29,106.29
33,55,50.93,122.22
33,56,54.03,129.66
33,57,52.85,126.84
33,58,39.43,94.64
33,59,22.40,53.76
33,60,16.73,40.15
33,61,6.58,15.80
33,62,37.21,89.31
33,63,46.64,111.94
33,64,20.22,48.52
33,65,25.50,61.19
33,66,42.84,102.82
33,67,27.57,66.16
33,68,45.24,108.58
33,69,47.70,114.49
33,70,50.96,122.30
33,71,15.27,36.66
33,72,16.62,39.89
33,73,47.41,113.80
33,74,32.25,77.40
33,75,54.84,131.61
33,76,36.12,86.69
33,77,32.07,76.98
33,78,17.71,42.51
33,79,55.07,132.17
33,80,44.03,105.68
33,81,17.32,41.56
33,82,22.96,55.10
33,83,36.39,87.33
33,84,11.47,27.53
33,85,16.36,39.27
33,86,33.69,80.86
33,87,41.98,100.76
33,88,53.72,128.93
33,89,32.57,78.16
33,90,37.60,90.23
33,91,10.26,24.63
33,92,45.62,109.48
33,93,50.48,121.16
33,94,57.59,138.21
33,95,48.68,116.83
33,96,5.35,12.84
33,97,33.54,80.50
33,98,46.07,110.58
33,99,41.50,99.59
33,100,26.21,62.89
33,101,21.16,50.79
33,102,60.79,145.90
33,103,53.87,129.29
33,104,19.07,45.76
33,105,38.07,91.36
33,106,27.59,66.22
33,107,58.11,139.47
33,108,54.86,131.66
33,109,53.53,128.48
33,110,60.47,145.13
33,111,58.12,139.49
33,112,58.94,141.46
33,113,62.68,150.42
33,114,62.30,149.53
33,115,13.21,31.70
33,116,40.54,97.29
33,117,62.34,149.61
33,118,50.01,120.04
33,119,59.85,143.65
33,120,37.98,91.16
33,121,39.17,94.00
33,122,39.80,95.51
33,123,26.25,62.99
33,124,33.34,80.02
33,125,33.93,81.44
33,126,42.07,100.97
33,127,50.94,122.26
33,128,23.73,56.96
33,129,6.98,16.76
33,130,21.70,52.08
33,131,39.97,95.92
33,132,10.30,24.71
33,133,30.00,72.00
33,134,3.46,8.30
33,135,44.34,106.41
33,136,38.07,91.38
33,137,39.35,94.45
33,138,62.25,149.40
33,139,30.90,74.15
33,140,35.14,84.34
33,141,8.07,19.38
33,142,37.19,89.26
33,143,14.80,35.53
33,144,7.28,17.48
33,145,33.86,81.27
33,146,61.47,147.53
33,147,63.74,152.97
33,148,45.22,108.52
33,149,24.84,59.63
33,150,18.48,44.35
33,151,8.82,21.16
33,152,18.12,43.48
33,158,51.75,124.19
33,160,55.27,132.66
33,162,29.06,69.75
33,164,41.97,100.73
33,166,29.91,71.77
33,170,45.64,109.53
34,1,39.83,95.60
34,2,41.94,100.66
34,3,9.45,22.69
34,4,7.71,18.51
34,5,11.37,27.28
34,6,17.22,41.33
34,7,27.09,65.02
34,8,13.38,32.12
34,9,16.76,40.23
34,10,22.48,53.95
34,11,24.00,57.60
34,12,19.92,47.81
34,13,26.55,63.71
34,14,15.45,37.07
34,15,19.67,47.21
34,16,8.73,20.95
34,17,13.99,33.57
34,18,23.54,56.50
34,19,19.38,46.51
34,20,16.03,38.48
34,21,15.07,36.17
34,22,38.49,92.38
34,23,23.17,55.60
34,24,31.54,75.70
34,25,16.56,39.74
34,26,24.83,59.59
34,27,26.51,63.62
34,28,4.35,10.43
34,29,5.56,13.34
34,30,32.12,77.09
34,31,34.29,82.29
34,32,21.61,51.86
34,33,15.11,36.27
34,35,29.75,71.41
34,36,27.31,65.55
34,37,27.05,64.93
34,38,24.58,58.99
34,39,33.13,79.51
34,40,30.20,72.48
34,41,31.21,74.91
34,42,13.49,32.37
34,43,38.40,92.15
34,44,30.01,72.03
34,45,6.37,15.29
34,46,4.11,9.87
34,47,21.66,51.99
34,48,28.41,68.20
34,49,27.58,66.19
34,50,10.02,24.06
34,51,26.21,62.90
34,52,35.09,84.22
34,53,33.98,81.55
34,54,32.36,77.65
34,55,39.33,94.39
34,56,40.88,98.10
34,57,38.27,91.84
34,58,30.24,72.57
34,59,25.90,62.16
34,60,23.34,56.00
34,61,21.19,50.85
34,62,22.83,54.79
34,63,31.90,76.56
34,64,10.50,25.21
34,65,10.94,26.26
34,66,27.79,66.70
34,67,26.27,63.05
34,68,35.65,85.56
34,69,39.81,95.54
34,70,41.09,98.61
34,71,22.52,54.06
34,72,26.12,62.69
34,73,34.88,83.72
34,74,20.23,48.54
34,75,47.21,113.30
34,76,34.33,82.39
34,77,18.17,43.61
34,78,30.79,73.90
34,79,46.08,110.59
34,80,41.11,98.66
34,81,31.83,76.39
34,82,9.62,23.09
34,83,39.53,94.86
34,84,22.67,54.41
34,85,19.42,46.60
34,86,29.54,70.90
34,87,31.56,75.75
34,88,38.75,93.01
34,89,33.78,81.08
34,90,38.15,91.57
34,91,25.00,60.00
34,92,39.22,94.12
34,93,41.59,99.83
34,94,43.82,105.17
34,95,34.02,81.64
34,96,12.73,30.55
34,97,32.82,78.77
34,98,35.61,85.47
34,99,44.26,106.23
34,100,11.52,27.66
34,101,16.91,40.59
34,102,52.56,126.13
34,103,47.18,113.24
34,104,24.49,58.77
34,105,24.32,58.38
34,106,30.87,74.08
34,107,43.82,105.16
34,108,40.03,96.08
34,109,38.43,92.23
34,110,53.27,127.85
34,111,43.28,103.88
34,112,43.97,105.54
34,113,56.08,134.60
34,114,47.33,113.60
34,115,3.91,9.40
34,116,35.83,85.99
34,117,47.76,114.63
34,118,36.61,87.87
34,119,45.13,108.32
34,120,26.33,63.18
34,121,32.37,77.70
34,122,24.84,59.61
34,123,36.61,87.86
34,124,37.16,89.18
34,125,19.41,46.59
34,126,45.09,108.22
34,127,41.63,99.91
34,128,33.69,80.87
34,129,8.37,20.08
34,130,20.27,48.65
34,131,35.69,85.66
34,132,16.92,40.60
34,133,19.38,46.52
34,134,16.41,39.38
34,135,41.99,100.77
34,136,33.32,79.96
34,137,41.64,99.94
34,138,47.20,113.28
34,139,36.51,87.61
34,140,22.44,53.87
34,141,22.50,54.01
34,142,40.84,98.02
34,143,14.96,35.92
34,144,7.92,19.00
34,145,30.45,73.08
34,146,46.37,111.29
34,147,48.98,117.56
34,148,33.15,79.57
34,149,37.16,89.18
34,150,33.03,79.28
34,151,20.24,48.58
34,152,5.31,12.75
34,158,44.08,105.79
34,160,41.13,98.70
34,162,29.89,71.74
34,164,34.00,81.61
34,166,29.81,71.55
34,170,31.17,74.80
35,1,39.07,93.76
35,2,32.83,78.79
35,3,34.60,83.04
35,4,27.33,65.60
35,5,21.54,51.70
35,6,26.26,63.03
35,7,26.14,62.74
35,8,24.31,58.35
35,9,13.10,31.44
35,10,8.85,21.24
35,11,17.25,41.39
35,12,12.34,29.61
35,13,4.39,10.54
35,14,19.63,47.11
35,15,45.78,109.88
35,16,37.97,91.12
35,17,42.02,100.85
35,18,43.86,105.27
35,19,44.90,107.76
35,20,35.67,85.60
35,21,38.68,92.83
35,22,59.89,143.74
35,23,38.66,92.79
35,24,44.72,107.34
35,25,30.80,73.92
35,26,13.13,31.52
35,27,9.64,23.14
35,28,34.10,81.84
35,29,34.14,81.94
35,30,48.80,117.11
35,31,49.03,117.66
35,32,51.27,123.04
35,33,32.25,77.40
35,34,29.75,71.41
35,36,53.03,127.26
35,37,54.43,130.64
35,38,53.27,127.85
35,39,5.35,12.83
35,40,50.57,121.37
35,41,32.00,76.80
35,42,41.62,99.89
35,43,26.98,64.74
35,44,19.58,47.00
35,45,23.81,57.15
35,46,28.30,67.92
35,47,50.30,120.71
35,48,57.93,139.04
35,49,56.21,134.89
35,50,39.50,94.81
35,51,9.47,22.73
35,52,16.11,38.67
35,53,10.74,25.77
35,54,58.40,140.15
35,55,65.24,156.57
35,56,63.95,153.49
35,57,56.81,136.35
35,58,58.88,141.31
35,59,53.06,127.34
35,60,48.37,116.09
35,61,32.47,77.92
35,62,31.29,75.10
35,63,39.35,94.43
35,64,19.98,47.96
35,65,28.09,67.40
35,66,40.08,96.19
35,67,4.81,11.56
35,68,20.58,49.40
35,69,19.11,45.85
35,70,25.38,60.91
35,71,20.25,48.60
35,72,48.86,117.26
35,73,29.84,71.61
35,74,21.36,51.26
35,75,24.88,59.72
35,76,63.82,153.18
35,77,27.09,65.01
35,78,48.78,117.07
35,79,27.11,65.06
35,80,11.87,28.48
35,81,46.19,110.86
35,82,24.67,59.20
35,83,67.31,161.54
35,84,26.29,63.10
35,85,16.31,39.14
35,86,59.28,142.28
35,87,59.28,142.28
35,88,54.28,130.28
35,89,62.34,149.62
35,90,67.06,160.94
35,91,39.99,95.97
35,92,15.22,36.52
35,93,23.07,55.37
35,94,64.98,155.95
35,95,52.79,126.71
35,96,27.06,64.94
35,97,4.40,10.55
35,98,63.02,151.26
35,99,72.32,173.57
35,100,36.25,87.00
35,101,46.42,111.41
35,102,31.12,74.68
35,103,22.95,55.08
35,104,16.71,40.11
35,105,28.84,69.21
35,106,11.64,27.95
35,107,63.04,151.30
35,108,46.23,110.96
35,109,49.50,118.81
35,110,29.65,71.15
35,111,59.43,142.63
35,112,51.08,122.59
35,113,31.25,75.01
35,114,61.64,147.93
35,115,26.48,63.55
35,116,8.99,21.58
35,117,65.14,156.34
35,118,34.75,83.39
35,119,49.37,118.48
35,120,21.97,52.73
35,121,61.86,148.47
35,122,36.81,88.33
35,123,27.68,66.43
35,124,64.51,154.82
35,125,42.09,101.01
35,126,73.03,175.28
35,127,24.24,58.17
35,128,25.61,61.46
35,129,31.53,75.68
35,130,10.64,25.53
35,131,8.12,19.49
35,132,22.41,53.79
35,133,47.97,115.12
35,134,35.68,85.64
35,135,12.43,29.82
35,136,7.03,16.86
35,137,69.89,167.74
35,138,60.29,144.70
35,139,17.65,42.35
35,140,24.01,57.62
35,141,38.96,93.52
35,142,68.36,164.07
35,143,42.80,102.73
35,144,30.95,74.27
35,145,2.29,5.49
35,146,58.32,139.96
35,147,65.05,156.13
35,148,58.94,141.45
35,149,32.75,78.60
35,150,37.76,90.62
35,151,41.07,98.56
35,152,25.36,60.86
35,158,22.17,53.22
35,160,61.26,147.02
35,162,6.85,16.44
35,164,63.08,151.38
35,166,58.75,140.99
35,170,36.81,88.34
36,1,39.90,95.76
36,2,48.21,115.70
36,3,31.83,76.39
36,4,34.62,83.09
36,5,38.61,92.65
36,6,44.02,105.64
36,7,35.72,85.72
36,8,28.92,69.42
36,9,41.68,100.04
36,10,47.85,114.85
36,11,39.70,95.27
36,12,40.86,98.08
36,13,48.90,117.37
36,14,33.64,80.74
36,15,33.29,79.89
36,16,19.41,46.58
36,17,27.99,67.19
36,18,12.16,29.19
36,19,8.25,19.81
36,20,17.89,42.95
36,21,14.35,34.43
36,22,13.82,33.17
36,23,19.12,45.88
36,24,21.88,52.52
36,25,23.53,56.46
36,26,42.92,103.00
36,27,46.13,110.71
36,28,24.36,58.47
36,29,27.34,65.62
36,30,17.27,41.46
36,31,20.60,49.44
36,32,21.47,51.53
36,33,39.86,95.67
36,34,27.31,65.55
36,35,53.03,127.26
36,37,4.81,11.54
36,38,9.68,23.22
36,39,54.61,131.07
36,40,11.12,26.70
36,41,35.08,84.19
36,42,14.18,34.02
36,43,47.95,115.08
36,44,43.41,104.18
36,45,30.80,73.93
36,46,26.26,63.03
36,47,27.67,66.42
36,48,25.19,60.46
36,49,29.98,71.96
36,50,23.75,56.99
36,51,52.22,125.32
36,52,51.12,122.68
36,53,52.84,126.82
36,54,5.37,12.89
36,55,12.30,29.52
36,56,14.25,34.19
36,57,17.30,41.53
36,58,11.03,26.46
36,59,33.73,80.96
36,60,36.68,88.04
36,61,46.45,111.47
36,62,27.17,65.21
36,63,28.70,68.87
36,64,33.70,80.88
36,65,24.95,59.87
36,66,22.58,54.18
36,67,50.87,122.09
36,68,48.99,117.57
36,69,55.21,132.51
36,70,52.66,126.38
36,71,49.84,119.61
36,72,41.41,99.39
36,73,41.32,99.18
36,74,34.19,82.06
36,75,61.83,148.40
36,76,28.58,68.58
36,77,28.04,67.31
36,78,49.33,118.40
36,79,58.46,140.32
36,80,62.51,150.02
36,81,52.80,126.72
36,82,28.44,68.26
36,83,40.12,96.28
36,84,49.56,118.95
36,85,46.44,111.45
36,86,22.28,53.48
36,87,8.24,19.78
36,88,21.52,51.65
36,89,33.60,80.64
36,90,34.83,83.59
36,91,47.42,113.81
36,92,56.92,136.60
36,93,54.97,131.92
36,94,18.45,44.28
36,95,14.80,35.52
36,96,39.40,94.57
36,97,56.95,136.67
36,98,10.74,25.77
36,99,42.64,102.33
36,100,17.06,40.95
36,101,22.59,54.21
36,102,65.39,156.94
36,103,63.27,151.86
36,104,51.63,123.92
36,105,30.83,73.99
36,106,57.18,137.22
36,107,20.40,48.95
36,108,33.10,79.44
36,109,26.87,64.49
36,110,67.80,162.72
36,111,23.53,56.48
36,112,34.26,82.23
36,113,71.26,171.03
36,114,28.49,68.39
36,115,31.15,74.76
36,116,56.12,134.70
36,117,25.49,61.17
36,118,39.37,94.49
36,119,37.95,91.07
36,120,38.25,91.80
36,121,17.56,42.15
36,122,23.09,55.43
36,123,63.87,153.29
36,124,39.76,95.43
36,125,11.36,27.27
36,126,43.67,104.81
36,127,54.20,130.09
36,128,60.98,146.34
36,129,33.21,79.71
36,130,45.76,109.83
36,131,56.47,135.52
36,132,44.19,106.06
36,133,10.65,25.56
36,134,39.34,94.41
36,135,63.83,153.19
36,136,53.98,129.56
36,137,40.03,96.07
36,138,29.74,71.38
36,139,63.30,151.92
36,140,33.51,80.42
36,141,44.82,107.58
36,142,41.83,100.39
36,143,28.57,68.56
36,144,33.16,79.57
36,145,52.87,126.89
36,146,30.45,73.08
36,147,27.83,66.79
36,148,5.98,14.35
36,149,64.01,153.62
36,150,58.27,139.84
36,151,40.17,96.41
36,152,29.18,70.03
36,158,59.12,141.89
36,160,17.29,41.51
36,162,55.23,132.55
36,164,15.54,37.30
36,166,29.68,71.23
36,170,30.42,73.01
37,1,44.19,106.06
37,2,52.08,124.99
37,3,30.17,72.40
37,4,33.89,81.33
37,5,38.42,92.20
37,6,43.02,103.25
37,7,39.01,93.63
37,8,30.84,74.02
37,9,42.50,102.00
37,10,48.62,116.69
37,11,42.18,101.24
37,12,42.53,102.07
37,13,50.46,121.11
37,14,35.48,85.15
37,15,30.12,72.30
37,16,18.55,44.52
37,17,25.36,60.87
37,18,16.19,38.85
37,19,9.92,23.82
37,20,20.46,49.11
37,21,16.21,38.91
37,22,17.86,42.85
37,23,22.94,55.05
37,24,26.47,63.52
37,25,26.19,62.86
37,26,45.13,108.32
37,27,48.16,115.59
37,28,23.56,56.55
37,29,26.11,62.66
37,30,22.04,52.89
37,31,25.37,60.89
37,32,17.52,42.06
37,33,38.26,91.82
37,34,27.05,64.93
37,35,54.43,130.64
37,36,4.81,11.54
37,38,5.33,12.80
37,39,56.44,135.45
37,40,15.92,38.21
37,41,38.90,93.36
37,42,13.57,32.56
37,43,51.46,123.51
37,44,46.33,111.20
37,45,31.37,75.30
37,46,26.73,64.15
37,47,23.92,57.41
37,48,20.62,49.50
37,49,25.69,61.65
37,50,21.80,52.32
37,51,52.79,126.70
37,52,53.84,129.21
37,53,55.13,132.32
37,54,6.29,15.10
37,55,12.67,30.41
37,56,17.17,41.20
37,57,21.92,52.61
37,58,6.42,15.41
37,59,29.82,71.57
37,60,33.29,79.89
37,61,44.80,107.53
37,62,30.56,73.36
37,63,32.99,79.18
37,64,34.67,83.21
37,65,26.64,63.93
37,66,26.80,64.33
37,67,51.91,124.58
37,68,52.04,124.91
37,69,58.09,139.40
37,70,56.01,134.42
37,71,49.41,118.57
37,72,38.08,91.39
37,73,45.04,108.10
37,74,36.70,88.09
37,75,64.90,155.77
37,76,23.80,57.12
37,77,30.74,73.78
37,78,46.24,110.98
37,79,61.79,148.30
37,80,64.44,154.65
37,81,50.04,120.10
37,82,29.78,71.47
37,83,35.45,85.08
37,84,48.55,116.52
37,85,46.46,111.49
37,86,17.56,42.15
37,87,4.89,11.72
37,88,26.30,63.13
37,89,28.99,69.59
37,90,30.06,72.15
37,91,45.06,108.15
37,92,59.46,142.70
37,93,58.12,139.49
37,94,21.98,52.75
37,95,19.59,47.01
37,96,38.43,92.24
37,97,58.17,139.61
37,98,8.66,20.77
37,99,37.87,90.89
37,100,18.19,43.67
37,101,19.40,46.56
37,102,68.74,164.97
37,103,66.15,158.75
37,104,51.54,123.70
37,105,34.17,82.00
37,106,57.64,138.34
37,107,24.50,58.80
37,108,37.75,90.59
37,109,31.64,75.93
37,110,70.94,170.26
37,111,28.14,67.53
37,112,39.03,93.67
37,113,74.34,178.42
37,114,33.10,79.45
37,115,30.97,74.32
37,116,58.20,139.69
37,117,29.70,71.27
37,118,43.42,104.20
37,119,42.66,102.38
37,120,41.22,98.92
37,121,12.82,30.76
37,122,26.96,64.71
37,123,63.15,151.56
37,124,35.21,84.51
37,125,14.29,34.30
37,126,38.90,93.36
37,127,57.45,137.88
37,128,60.31,144.75
37,129,31.94,76.64
37,130,46.47,111.52
37,131,58.46,140.29
37,132,43.61,104.67
37,133,8.26,19.82
37,134,37.34,89.62
37,135,65.67,157.61
37,136,55.96,134.31
37,137,35.28,84.67
37,138,34.43,82.64
37,139,63.51,152.42
37,140,36.39,87.34
37,141,42.51,102.04
37,142,37.16,89.19
37,143,25.80,61.93
37,144,31.97,76.73
37,145,54.47,130.73
37,146,35.21,84.50
37,147,32.18,77.23
37,148,7.31,17.54
37,149,62.84,150.82
37,150,56.42,135.41
37,151,37.59,90.21
37,152,29.73,71.36
37,158,62.10,149.04
37,160,21.41,51.38
37,162,56.07,134.58
37,164,11.13,26.71
37,166,25.18,60.44
37,170,34.55,82.92
38,1,47.07,112.98
38,2,54.18,130.02
38,3,26.26,63.01
38,4,30.77,73.84
38,5,35.75,85.81
38,6,39.53,94.88
38,7,40.38,96.92
38,8,30.64,73.53
38,9,40.82,97.98
38,10,46.82,112.36
38,11,42.45,101.87
38,12,41.79,100.31
38,13,49.51,118.82
38,14,35.07,84.18
38,15,25.09,60.21
38,16,15.85,38.03
38,17,20.73,49.74
38,18,19.21,46.10
38,19,11.21,26.90
38,20,21.45,51.48
38,21,16.72,40.14
38,22,23.16,55.59
38,23,25.40,60.95
38,24,30.14,72.33
38,25,27.04,64.89
38,26,45.02,108.05
38,27,47.79,114.71
38,28,20.65,49.57
38,29,22.68,54.43
38,30,26.25,63.01
38,31,29.59,71.02
38,32,12.21,29.32
38,33,34.28,82.28
38,34,24.58,58.99
38,35,53.27,127.85
38,36,9.68,23.22
38,37,5.33,12.80
38,39,55.74,133.77
38,40,20.40,48.97
38,41,41.04,98.49
38,42,11.65,27.96
38,43,53.01,127.22
38,44,47.11,113.06
38,45,29.65,71.15
38,46,25.04,60.09
38,47,18.65,44.75
38,48,15.52,37.25
38,49,20.39,48.94
38,50,17.83,42.79
38,51,50.74,121.78
38,52,54.26,130.23
38,53,55.01,132.02
38,54,11.43,27.42
38,55,17.11,41.06
38,56,22.42,53.81
38,57,26.98,64.75
38,58,5.67,13.61
38,59,24.50,58.80
38,60,28.13,67.50
38,61,40.74,97.77
38,62,32.22,77.33
38,63,35.99,86.38
38,64,33.30,79.91
38,65,26.31,63.13
38,66,29.78,71.47
38,67,50.35,120.85
38,68,52.94,127.06
38,69,58.69,140.85
38,70,57.28,137.48
38,71,46.38,111.32
38,72,32.93,79.03
38,73,46.96,112.70
38,74,37.08,89.00
38,75,65.73,157.74
38,76,19.23,46.15
38,77,31.49,75.57
38,78,41.18,98.84
38,79,63.00,151.19
38,80,63.81,153.13
38,81,45.16,108.37
38,82,28.95,69.48
38,83,30.49,73.18
38,84,45.00,107.99
38,85,43.90,105.35
38,86,12.81,30.74
38,87,7.73,18.56
38,88,31.05,74.52
38,89,23.94,57.46
38,90,25.40,60.96
38,91,40.45,97.09
38,92,59.62,143.09
38,93,59.10,141.84
38,94,27.30,65.52
38,95,24.33,58.40
38,96,35.02,84.04
38,97,56.78,136.27
38,98,11.80,28.31
38,99,33.21,79.70
38,100,17.71,42.50
38,101,14.45,34.69
38,102,69.93,167.84
38,103,66.69,160.06
38,104,48.82,117.18
38,105,35.68,85.62
38,106,55.44,133.07
38,107,29.80,71.53
38,108,41.47,99.53
38,109,35.81,85.95
38,110,71.84,172.40
38,111,33.21,79.70
38,112,43.17,103.60
38,113,75.13,180.32
38,114,38.17,91.61
38,115,28.46,68.30
38,116,57.79,138.71
38,117,34.98,83.95
38,118,45.87,110.08
38,119,46.54,111.69
38,120,42.11,101.07
38,121,9.84,23.61
38,122,29.38,70.50
38,123,59.77,143.45
38,124,30.09,72.21
38,125,16.17,38.81
38,126,34.24,82.17
38,127,58.57,140.56
38,128,57.00,136.79
38,129,28.34,68.01
38,130,44.62,107.09
38,131,57.94,139.06
38,132,40.50,97.21
38,133,5.31,12.74
38,134,33.06,79.34
38,135,64.94,155.84
38,136,55.45,133.08
38,137,30.55,73.33
38,138,39.39,94.54
38,139,61.01,146.41
38,140,37.25,89.40
38,141,37.96,91.09
38,142,32.20,77.29
38,143,21.07,50.56
38,144,28.46,68.30
38,145,53.53,128.48
38,146,40.02,96.04
38,147,37.42,89.80
38,148,12.46,29.90
38,149,59.07,141.77
38,150,52.14,125.13
38,151,32.87,78.88
38,152,28.04,67.29
38,158,62.81,150.75
38,160,26.71,64.10
38,162,54.28,130.28
38,164,9.90,23.75
38,166,20.01,48.01
38,170,37.24,89.37
39,1,36.35,87.24
39,2,29.02,69.65
39,3,38.84,93.21
39,4,31.62,75.88
39,5,26.02,62.45
39,6,31.35,75.24
39,7,24.61,59.07
39,8,25.69,61.67
39,9,17.08,40.99
39,10,13.88,33.31
39,11,16.35,39.25
39,12,13.95,33.48
39,13,6.63,15.90
39,14,20.99,50.38
39,15,50.16,120.38
39,16,40.92,98.20
39,17,46.03,110.47
39,18,44.65,107.16
39,19,46.68,112.03
39,20,36.86,88.48
39,21,40.36,96.88
39,22,60.34,144.83
39,23,38.89,93.35
39,24,44.16,105.99
39,25,31.59,75.81
39,26,12.34,29.61
39,27,8.73,20.96
39,28,37.44,89.87
39,29,37.89,90.94
39,30,48.68,116.82
39,31,48.54,116.49
39,32,54.74,131.37
39,33,37.10,89.03
39,34,33.13,79.51
39,35,5.35,12.83
39,36,54.61,131.07
39,37,56.44,135.45
39,38,55.74,133.77
39,40,51.08,122.60
39,41,30.10,72.24
39,42,44.13,105.92
39,43,23.15,55.56
39,44,16.97,40.73
39,45,26.91,64.58
39,46,31.15,74.75
39,47,54.24,130.17
39,48,61.53,147.66
39,49,60.18,144.43
39,50,43.08,103.39
39,51,14.81,35.54
39,52,11.79,28.30
39,53,6.07,14.58
39,54,59.96,143.90
39,55,66.65,159.95
39,56,64.69,155.25
39,57,56.77,136.24
39,58,61.26,147.02
39,59,57.35,137.63
39,60,52.92,127.01
39,61,37.65,90.37
39,62,30.95,74.28
39,63,38.08,91.39
39,64,22.85,54.84
39,65,29.81,71.54
39,66,39.63,95.11
39,67,10.08,24.20
39,68,16.63,39.91
39,69,14.12,33.90
39,70,20.88,50.10
39,71,25.58,61.39
39,72,53.65,128.76
39,73,27.01,64.82
39,74,21.32,51.18
39,75,19.57,46.97
39,76,67.44,161.86
39,77,27.46,65.90
39,78,53.90,129.35
39,79,22.05,52.93
39,80,8.08,19.38
39,81,51.44,123.46
39,82,26.80,64.32
39,83,71.55,171.71
39,84,31.60,75.84
39,85,21.47,51.52
39,86,62.61,150.27
39,87,61.32,147.17
39,88,53.75,128.99
39,89,66.36,159.26
39,90,70.97,170.34
39,91,45.15,108.35
39,92,9.94,23.85
39,93,18.23,43.75
39,94,65.27,156.64
39,95,52.92,127.01
39,96,31.83,76.38
39,97,7.67,18.42
39,98,64.91,155.79
39,99,76.51,183.62
39,100,38.29,91.90
39,101,50.01,120.01
39,102,25.80,61.93
39,103,17.60,42.25
39,104,22.06,52.95
39,105,28.05,67.32
39,106,16.51,39.61
39,107,62.97,151.14
39,108,44.36,106.46
39,109,48.34,116.01
39,110,24.30,58.33
39,111,58.85,141.25
39,112,49.16,117.99
39,113,25.98,62.34
39,114,60.66,145.59
39,115,30.17,72.42
39,116,3.65,8.75
39,117,64.66,155.19
39,118,32.11,77.07
39,119,47.02,112.86
39,120,20.42,49.01
39,121,64.68,155.24
39,122,36.55,87.71
39,123,32.63,78.30
39,124,68.83,165.19
39,125,43.41,104.18
39,126,77.25,185.41
39,127,19.51,46.83
39,128,30.69,73.66
39,129,35.83,85.98
39,130,15.40,36.97
39,131,2.88,6.90
39,132,27.49,65.97
39,133,50.47,121.14
39,134,40.50,97.20
39,135,9.24,22.17
39,136,2.01,4.83
39,137,74.02,177.66
39,138,59.13,141.92
39,139,21.88,52.51
39,140,23.43,56.23
39,141,44.04,105.69
39,142,72.66,174.39
39,143,46.86,112.46
39,144,35.22,84.52
39,145,3.29,7.88
39,146,57.01,136.81
39,147,64.33,154.39
39,148,60.42,145.00
39,149,37.87,90.89
39,150,43.10,103.44
39,151,45.90,110.15
39,152,28.34,68.02
39,158,16.93,40.63
39,160,61.42,147.40
39,162,11.79,28.30
39,164,65.62,157.49
39,166,62.63,150.31
39,170,35.40,84.95
40,1,30.10,72.23
40,2,39.46,94.70
40,3,37.16,89.19
40,4,37.91,90.99
40,5,40.49,97.17
40,6,47.40,113.75
40,7,28.99,69.58
40,8,26.56,63.74
40,9,41.10,98.64
40,10,47.11,113.07
40,11,35.02,84.05
40,12,38.26,91.83
40,13,46.22,110.93
40,14,31.06,74.54
40,15,41.35,99.24
40,16,24.48,58.75
40,17,35.34,84.82
40,18,7.02,16.85
40,19,12.72,30.53
40,20,15.62,37.49
40,21,15.13,36.31
40,22,9.32,22.38
40,23,12.30,29.52
40,24,11.51,27.63
40,25,19.79,47.49
40,26,38.81,93.14
40,27,42.35,101.65
40,28,28.66,68.79
40,29,32.18,77.23
40,30,6.26,15.02
40,31,9.53,22.86
40,32,31.23,74.95
40,33,44.68,107.24
40,34,30.20,72.48
40,35,50.57,121.37
40,36,11.12,26.70
40,37,15.92,38.21
40,38,20.40,48.97
40,39,51.08,122.60
40,41,26.82,64.37
40,42,19.88,47.71
40,43,40.20,96.48
40,44,37.39,89.73
40,45,31.53,75.68
40,46,27.70,66.49
40,47,36.93,88.63
40,48,35.82,85.96
40,49,40.10,96.24
40,50,30.21,72.50
40,51,51.78,124.26
40,52,45.41,109.00
40,53,48.19,115.66
40,54,13.77,33.04
40,55,18.08,43.39
40,56,13.72,32.92
40,57,8.19,19.65
40,58,22.09,53.02
40,59,43.12,103.50
40,60,45.06,108.15
40,61,51.11,122.66
40,62,20.75,49.80
40,63,19.15,45.96
40,64,33.26,79.82
40,65,23.66,56.78
40,66,13.64,32.74
40,67,49.39,118.53
40,68,42.44,101.84
40,69,49.00,117.59
40,70,45.25,108.59
40,71,51.77,124.24
40,72,49.57,118.96
40,73,33.15,79.57
40,74,29.78,71.46
40,75,54.99,131.98
40,76,39.57,94.97
40,77,23.63,56.72
40,78,56.87,136.50
40,79,51.01,122.42
40,80,58.53,140.48
40,81,59.60,143.05
40,82,27.58,66.20
40,83,50.85,122.04
40,84,52.78,126.68
40,85,47.49,113.97
40,86,33.20,79.67
40,87,18.81,45.14
40,88,10.77,25.85
40,89,44.24,106.17
40,90,45.79,109.89
40,91,53.52,128.46
40,92,51.51,123.63
40,93,48.03,115.27
40,94,14.51,34.82
40,95,4.27,10.26
40,96,42.93,103.03
40,97,54.81,131.55
40,98,19.98,47.94
40,99,53.60,128.64
40,100,18.68,44.82
40,101,31.16,74.80
40,102,57.80,138.71
40,103,56.92,136.60
40,104,52.75,126.59
40,105,24.27,58.25
40,106,56.83,136.40
40,107,13.66,32.77
40,108,22.31,53.55
40,109,15.78,37.88
40,110,60.69,145.66
40,111,13.92,33.42
40,112,23.17,55.61
40,113,64.27,154.25
40,114,18.65,44.77
40,115,33.52,80.45
40,116,51.92,124.61
40,117,17.66,42.37
40,118,30.30,72.72
40,119,26.98,64.75
40,120,32.34,77.61
40,121,28.67,68.82
40,122,15.48,37.16
40,123,66.08,158.59
40,124,50.26,120.62
40,125,10.80,25.91
40,126,54.63,131.11
40,127,47.04,112.88
40,128,63.12,151.49
40,129,37.71,90.49
40,130,45.25,108.59
40,131,52.47,125.94
40,132,46.66,111.99
40,133,19.55,46.92
40,134,44.96,107.91
40,135,60.03,144.07
40,136,50.09,120.21
40,137,50.95,122.29
40,138,19.43,46.63
40,139,63.41,152.18
40,140,28.10,67.45
40,141,50.90,122.15
40,142,52.56,126.13
40,143,36.11,86.66
40,144,37.47,89.92
40,145,49.95,119.87
40,146,19.75,47.39
40,147,19.22,46.12
40,148,13.47,32.34
40,149,67.21,161.31
40,150,63.05,151.32
40,151,46.92,112.61
40,152,30.10,72.24
40,158,52.56,126.13
40,160,11.16,26.79
40,162,54.06,129.74
40,164,26.43,63.43
40,166,40.15,96.36
40,170,21.37,51.29
41,1,8.84,21.23
41,2,13.18,31.64
41,3,40.65,97.57
41,4,36.45,87.48
41,5,34.82,83.56
41,6,43.37,104.08
41,7,6.06,14.54
41,8,18.17,43.60
41,9,29.26,70.22
41,10,33.22,79.72
41,11,15.02,36.04
41,12,22.40,53.76
41,13,27.93,67.03
41,14,18.75,45.01
41,15,50.29,120.69
41,16,33.02,79.26
41,17,44.01,105.61
41,18,22.92,55.01
41,19,29.83,71.59
41,20,20.17,48.41
41,21,24.96,59.90
41,22,34.86,83.67
41,23,15.99,38.36
41,24,16.46,39.50
41,25,15.72,37.73
41,26,18.95,45.48
41,27,22.36,53.67
41,28,33.42,80.20
41,29,36.42,87.41
41,30,22.08,53.00
41,31,20.66,49.59
41,32,46.80,112.32
41,33,44.81,107.54
41,34,31.21,74.91
41,35,32.00,76.80
41,36,35.08,84.19
41,37,38.90,93.36
41,38,41.04,98.49
41,39,30.10,72.24
41,40,26.82,64.37
41,42,32.39,77.74
41,43,13.42,32.21
41,44,13.31,31.95
41,45,27.04,64.89
41,46,27.10,65.05
41,47,49.94,119.86
41,48,53.38,128.11
41,49,55.18,132.43
41,50,38.67,92.81
41,51,37.62,90.29
41,52,20.85,50.04
41,53,25.29,60.70
41,54,39.53,94.87
41,55,44.80,107.53
41,56,40.01,96.01
41,57,29.74,71.37
41,58,45.18,108.43
41,59,55.43,133.02
41,60,54.14,129.93
41,61,49.43,118.62
41,62,9.25,22.20
41,63,8.79,21.10
41,64,25.05,60.13
41,65,20.41,48.98
41,66,13.18,31.63
41,67,33.25,79.80
41,68,16.75,40.20
41,69,23.40,56.15
41,70,18.57,44.57
41,71,43.27,103.84
41,72,57.28,137.46
41,73,6.34,15.22
41,74,13.36,32.07
41,75,28.56,68.55
41,76,58.70,140.88
41,77,13.04,31.30
41,78,61.80,148.31
41,79,24.26,58.22
41,80,35.92,86.20
41,81,62.12,149.09
41,82,21.97,52.73
41,83,67.40,161.77
41,84,47.22,113.33
41,85,37.81,90.74
41,86,52.42,125.82
41,87,43.26,103.83
41,88,25.38,60.91
41,89,60.90,146.15
41,90,64.14,153.93
41,91,55.07,132.16
41,92,26.96,64.71
41,93,21.65,51.96
41,94,38.88,93.31
41,95,26.82,64.37
41,96,40.41,96.98
41,97,36.31,87.15
41,98,45.63,109.50
41,99,71.45,171.47
41,100,25.83,61.99
41,101,43.86,105.26
41,102,30.99,74.38
41,103,30.88,74.11
41,104,42.09,101.03
41,105,6.89,16.53
41,106,42.07,100.96
41,107,35.53,85.26
41,108,14.28,34.27
41,109,18.76,45.02
41,110,34.04,81.68
41,111,30.18,72.42
41,112,19.11,45.86
41,113,37.65,90.36
41,114,31.14,74.74
41,115,31.75,76.21
41,116,29.48,70.75
41,117,36.05,86.51
41,118,5.44,13.06
41,119,17.53,42.07
41,120,10.06,24.14
41,121,50.84,122.02
41,122,11.99,28.77
41,123,56.05,134.51
41,124,65.70,157.67
41,125,24.90,59.75
41,126,72.41,173.78
41,127,20.49,49.18
41,128,53.31,127.94
41,129,39.08,93.80
41,130,32.36,77.67
41,131,30.38,72.92
41,132,40.61,97.47
41,133,37.05,88.93
41,134,46.99,112.77
41,135,37.62,90.29
41,136,28.47,68.33
41,137,68.68,164.84
41,138,29.37,70.50
41,139,48.81,117.15
41,140,10.07,24.17
41,141,52.82,126.76
41,142,68.96,165.50
41,143,45.02,108.04
41,144,38.51,92.42
41,145,30.43,73.03
41,146,27.10,65.04
41,147,35.19,84.45
41,148,39.54,94.90
41,149,59.46,142.71
41,150,59.78,143.47
41,151,51.34,123.22
41,152,26.86,64.47
41,158,26.42,63.41
41,160,34.78,83.48
41,162,37.82,90.78
41,164,49.96,119.91
41,166,56.53,135.68
41,170,6.00,14.39
42,1,39.65,95.17
42,2,45.13,108.32
42,3,17.86,42.86
42,4,20.51,49.23
42,5,24.86,59.65
42,6,29.86,71.66
42,7,30.57,73.36
42,8,19.40,46.56
42,9,29.25,70.21
42,10,35.30,84.72
42,11,31.39,75.33
42,12,30.21,72.49
42,13,37.87,90.88
42,14,23.65,56.75
42,15,21.69,52.05
42,16,5.23,12.56
42,17,15.51,37.22
42,18,14.86,35.66
42,19,7.25,17.41
42,20,12.27,29.44
42,21,7.70,18.47
42,22,26.71,64.10
42,23,18.49,44.38
42,24,25.62,61.48
42,25,17.06,40.95
42,26,33.68,80.83
42,27,36.31,87.15
42,28,10.21,24.49
42,29,13.20,31.68
42,30,23.85,57.24
42,31,26.81,64.34
42,32,14.46,34.71
42,33,25.80,61.91
42,34,13.49,32.37
42,35,41.62,99.89
42,36,14.18,34.02
42,37,13.57,32.56
42,38,11.65,27.96
42,39,44.13,105.92
42,40,19.88,47.71
42,41,32.39,77.74
42,43,43.17,103.61
42,44,36.46,87.50
42,45,18.07,43.36
42,46,13.43,32.23
42,47,18.55,44.52
42,48,21.00,50.39
42,49,23.14,55.54
42,50,10.35,24.83
42,51,39.35,94.45
42,52,43.23,103.75
42,53,43.61,104.67
42,54,18.98,45.56
42,55,25.91,62.18
42,56,28.24,67.77
42,57,27.99,67.18
42,58,17.27,41.44
42,59,24.60,59.04
42,60,25.51,61.22
42,61,32.38,77.70
42,62,23.16,55.59
42,63,29.32,70.37
42,64,21.65,51.97
42,65,15.07,36.17
42,66,23.54,56.50
42,67,38.76,93.02
42,68,42.34,101.63
42,69,47.77,114.64
42,70,47.05,112.92
42,71,35.91,86.19
42,72,29.86,71.65
42,73,37.77,90.65
42,74,26.21,62.90
42,75,54.96,131.90
42,76,26.44,63.44
42,77,21.15,50.77
42,78,37.00,88.80
42,79,52.64,126.33
42,80,52.21,125.30
42,81,39.79,95.51
42,82,17.39,41.73
42,83,35.20,84.48
42,84,35.40,84.97
42,85,32.89,78.94
42,86,20.36,48.86
42,87,18.14,43.55
42,88,30.10,72.23
42,89,28.61,68.65
42,90,31.75,76.20
42,91,33.92,81.41
42,92,48.37,116.09
42,93,48.53,116.48
42,94,31.85,76.44
42,95,24.12,57.89
42,96,25.24,60.58
42,97,45.16,108.37
42,98,22.15,53.17
42,99,39.09,93.81
42,100,6.83,16.39
42,101,12.34,29.62
42,102,59.51,142.82
42,103,55.69,133.65
42,104,37.98,91.15
42,105,26.22,62.92
42,106,44.15,105.96
42,107,32.73,78.55
42,108,36.31,87.14
42,109,32.34,77.61
42,110,61.10,146.64
42,111,33.79,81.09
42,112,39.15,93.96
42,113,64.29,154.30
42,114,38.41,92.19
42,115,17.40,41.76
42,116,46.27,111.04
42,117,37.30,89.51
42,118,37.63,90.32
42,119,41.61,99.85
42,120,31.66,75.99
42,121,20.71,49.70
42,122,21.93,52.64
42,123,49.81,119.54
42,124,33.75,81.01
42,125,10.22,24.53
42,126,40.06,96.14
42,127,48.15,115.55
42,128,46.93,112.64
42,129,19.06,45.74
42,130,33.12,79.49
42,131,46.38,111.31
42,132,30.17,72.42
42,133,6.35,15.24
42,134,25.54,61.31
42,135,53.31,127.95
42,136,43.90,105.35
42,137,36.32,87.18
42,138,38.90,93.37
42,139,49.95,119.88
42,140,26.87,64.49
42,141,31.29,75.10
42,142,36.81,88.33
42,143,16.32,39.16
42,144,18.99,45.57
42,145,41.89,100.54
42,146,38.74,92.99
42,147,39.06,93.75
42,148,19.83,47.59
42,149,49.84,119.61
42,150,44.26,106.23
42,151,27.09,65.01
42,152,16.44,39.46
42,158,51.97,124.72
42,160,29.78,71.47
42,162,42.77,102.65
42,164,21.49,51.59
42,166,24.23,58.16
42,170,29.81,71.55
43,1,15.03,36.08
43,2,5.88,14.10
43,3,47.28,113.47
43,4,41.54,99.70
43,5,38.10,91.44
43,6,46.14,110.74
43,7,12.65,30.36
43,8,25.27,60.65
43,9,30.10,72.25
43,10,31.70,76.07
43,11,15.16,36.39
43,12,22.49,53.98
43,13,24.07,57.76
43,14,23.19,55.67
43,15,58.07,139.36
43,16,42.58,102.20
43,17,52.24,125.37
43,18,35.88,86.12
43,19,41.94,100.65
43,20,31.58,75.78
43,21,36.37,87.29
43,22,48.27,115.84
43,23,28.89,69.34
43,24,29.80,71.52
43,25,26.17,62.80
43,26,16.82,40.37
43,27,18.56,44.55
43,28,41.63,99.91
43,29,43.95,105.47
43,30,35.48,85.15
43,31,33.89,81.34
43,32,57.09,137.01
43,33,49.44,118.66
43,34,38.40,92.15
43,35,26.98,64.74
43,36,47.95,115.08
43,37,51.46,123.51
43,38,53.01,127.22
43,39,23.15,55.56
43,40,40.20,96.48
43,41,13.42,32.21
43,42,43.17,103.61
43,44,9.15,21.95
43,45,32.77,78.65
43,46,34.59,83.02
43,47,59.20,142.09
43,48,63.94,153.45
43,49,64.84,155.61
43,50,47.42,113.81
43,51,35.10,84.25
43,52,11.47,27.53
43,53,17.17,41.22
43,54,52.62,126.29
43,55,58.11,139.47
43,56,53.42,128.21
43,57,43.01,103.22
43,58,57.56,138.16
43,59,64.10,153.84
43,60,61.68,148.04
43,61,52.68,126.44
43,62,20.90,50.17
43,63,21.92,52.61
43,64,29.43,70.62
43,65,28.98,69.56
43,66,26.57,63.78
43,67,30.02,72.05
43,68,6.53,15.66
43,69,11.72,28.13
43,70,5.26,12.62
43,71,43.58,104.60
43,72,64.07,153.77
43,73,7.20,17.29
43,74,18.18,43.64
43,75,15.40,36.95
43,76,69.55,166.92
43,77,22.05,52.91
43,78,67.12,161.09
43,79,10.84,26.02
43,80,26.52,63.65
43,81,66.35,159.23
43,82,28.83,69.20
43,83,77.09,185.02
43,84,48.71,116.91
43,85,38.23,91.76
43,86,63.53,152.47
43,87,56.01,134.43
43,88,38.36,92.06
43,89,70.85,170.03
43,90,74.56,178.95
43,91,59.35,142.44
43,92,16.38,39.30
43,93,8.77,21.05
43,94,52.18,125.23
43,95,40.22,96.53
43,96,44.36,106.47
43,97,30.63,73.51
43,98,58.62,140.69
43,99,81.49,195.57
43,100,36.35,87.23
43,101,53.47,128.33
43,102,17.60,42.24
43,103,18.11,43.45
43,104,41.26,99.02
43,105,17.35,41.63
43,106,38.48,92.36
43,107,48.65,116.75
43,108,25.01,60.03
43,109,31.12,74.69
43,110,20.65,49.55
43,111,42.91,102.98
43,112,29.30,70.33
43,113,24.27,58.26
43,114,43.18,103.64
43,115,37.61,90.27
43,116,21.08,50.59
43,117,48.71,116.90
43,118,11.68,28.04
43,119,26.04,62.49
43,120,12.09,29.02
43,121,62.84,150.81
43,122,25.04,60.09
43,123,54.13,129.92
43,124,75.03,180.08
43,125,37.20,89.28
43,126,82.40,197.76
43,127,7.36,17.67
43,128,51.75,124.21
43,129,45.04,108.09
43,130,31.74,76.18
43,131,22.22,53.34
43,132,42.70,102.47
43,133,48.55,116.53
43,134,52.24,125.37
43,135,28.27,67.85
43,136,21.17,50.80
43,137,78.76,189.02
43,138,41.12,98.68
43,139,44.61,107.07
43,140,16.48,39.56
43,141,57.46,137.90
43,142,78.54,188.51
43,143,53.24,127.77
43,144,44.40,106.56
43,145,24.85,59.64
43,146,38.61,92.66
43,147,47.51,114.02
43,148,52.70,126.47
43,149,58.62,140.69
43,150,61.34,147.21
43,151,57.22,137.32
43,152,33.25,79.80
43,158,13.68,32.83
43,160,48.07,115.38
43,162,33.74,80.97
43,164,62.35,149.64
43,166,66.56,159.75
43,170,19.25,46.19
44,1,19.52,46.84
44,2,14.34,34.41
44,3,38.59,92.61
44,4,32.59,78.23
44,5,28.98,69.54
44,6,37.00,88.79
44,7,8.58,20.59
44,8,17.46,41.91
44,9,20.99,50.38
44,10,22.99,55.18
44,11,6.16,14.77
44,12,13.36,32.07
44,13,16.00,38.41
44,14,14.58,35.00
44,15,49.59,119.03
44,16,35.11,84.27
44,17,43.98,105.56
44,18,31.90,76.56
44,19,36.47,87.54
44,20,25.89,62.13
44,21,30.42,73.02
44,22,46.24,110.98
44,23,25.21,60.50
44,24,28.65,68.77
44,25,20.17,48.40
44,26,7.84,18.81
44,27,10.25,24.59
44,28,33.55,80.52
44,29,35.57,85.36
44,30,33.79,81.11
44,31,33.04,79.29
44,32,49.77,119.44
44,33,40.38,96.91
44,34,30.01,72.03
44,35,19.58,47.00
44,36,43.41,104.18
44,37,46.33,111.20
44,38,47.11,113.06
44,39,16.97,40.73
44,40,37.39,89.73
44,41,13.31,31.95
44,42,36.46,87.50
44,43,9.15,21.95
44,45,24.10,57.84
44,46,26.43,63.42
44,47,51.30,123.12
44,48,56.70,136.07
44,49,57.07,136.97
44,50,39.45,94.68
44,51,26.75,64.21
44,52,8.05,19.32
44,53,11.98,28.76
44,54,48.46,116.30
44,55,54.55,130.93
44,56,51.07,122.56
44,57,41.81,100.35
44,58,52.09,125.01
44,59,55.89,134.15
44,60,53.11,127.48
44,61,43.54,104.49
44,62,16.68,40.03
44,63,21.74,52.18
44,64,20.54,49.29
44,65,21.58,51.79
44,66,24.50,58.79
44,67,21.84,52.42
44,68,5.89,14.14
44,69,11.81,28.33
44,70,11.08,26.58
44,71,34.63,83.11
44,72,55.29,132.70
44,73,10.25,24.61
44,74,10.32,24.76
44,75,18.62,44.69
44,76,62.46,149.90
44,77,15.65,37.55
44,78,58.08,139.40
44,79,16.30,39.13
44,80,22.63,54.31
44,81,57.22,137.33
44,82,20.68,49.63
44,83,69.25,166.20
44,84,39.64,95.13
44,85,29.22,70.14
44,86,56.68,136.04
44,87,51.10,122.64
44,88,38.06,91.35
44,89,63.18,151.64
44,90,67.15,161.15
44,91,50.23,120.56
44,92,14.21,34.11
44,93,12.08,28.99
44,94,50.75,121.81
44,95,38.37,92.09
44,96,35.26,84.63
44,97,23.70,56.87
44,98,54.13,129.92
44,99,73.80,177.12
44,100,29.69,71.26
44,101,45.81,109.95
44,102,23.09,55.41
44,103,19.87,47.68
44,104,32.51,78.02
44,105,13.12,31.48
44,106,30.59,73.41
44,107,47.87,114.88
44,108,27.46,65.91
44,109,31.95,76.67
44,110,24.73,59.34
44,111,43.04,103.29
44,112,32.24,77.37
44,113,28.04,67.31
44,114,44.35,106.43
44,115,28.87,69.28
44,116,16.17,38.80
44,117,48.91,117.39
44,118,15.22,36.53
44,119,30.06,72.14
44,120,5.16,12.39
44,121,56.82,136.37
44,122,21.96,52.71
44,123,45.77,109.85
44,124,67.04,160.89
44,125,32.15,77.15
44,126,74.68,179.24
44,127,11.80,28.31
44,128,43.27,103.85
44,129,36.22,86.92
44,130,22.84,54.81
44,131,17.08,41.00
44,132,33.56,80.55
44,133,42.29,101.49
44,134,43.24,103.77
44,135,24.33,58.38
44,136,15.24,36.59
44,137,71.11,170.66
44,138,42.65,102.35
44,139,37.06,88.94
44,140,9.94,23.87
44,141,48.37,116.10
44,142,70.64,169.54
44,143,44.97,107.92
44,144,35.57,85.37
44,145,17.74,42.57
44,146,40.40,96.96
44,147,48.26,115.83
44,148,48.69,116.87
44,149,49.99,119.97
44,150,52.29,125.49
44,151,48.29,115.90
44,152,24.75,59.40
44,158,15.77,37.84
44,160,46.73,112.14
44,162,26.00,62.39
44,164,56.80,136.32
44,166,58.98,141.56
44,170,18.96,45.51
45,1,35.86,86.06
45,2,36.72,88.12
45,3,14.51,34.83
45,4,9.41,22.59
45,5,9.24,22.18
45,6,17.30,41.52
45,7,22.23,53.36
45,8,8.92,21.41
45,9,11.19,26.85
45,10,17.26,41.42
45,11,17.99,43.18
45,12,13.55,32.53
45,13,20.38,48.91
45,14,9.58,22.99
45,15,25.53,61.28
45,16,14.15,33.97
45,17,20.19,48.46
45,18,24.54,58.91
45,19,22.56,54.15
45,20,16.09,38.61
45,21,17.02,40.84
45,22,40.45,97.07
45,23,22.30,53.51
45,24,30.51,73.21
45,25,14.34,34.42
45,26,18.53,44.46
45,27,20.14,48.33
45,28,10.58,25.40
45,29,11.71,28.10
45,30,32.23,77.34
45,31,33.87,81.28
45,32,27.87,66.90
45,33,17.77,42.66
45,34,6.37,15.29
45,35,23.81,57.15
45,36,30.80,73.93
45,37,31.37,75.30
45,38,29.65,71.15
45,39,26.91,64.58
45,40,31.53,75.68
45,41,27.04,64.89
45,42,18.07,43.36
45,43,32.77,78.65
45,44,24.10,57.84
45,46,4.65,11.16
45,47,28.01,67.22
45,48,34.73,83.35
45,49,33.94,81.45
45,50,16.39,39.33
45,51,21.46,51.49
45,52,28.80,69.13
45,53,27.61,66.26
45,54,36.08,86.60
45,55,43.08,103.39
45,56,43.50,104.40
45,57,39.22,94.12
45,58,35.30,84.72
45,59,32.06,76.95
45,60,29.02,69.64
45,61,22.75,54.60
45,62,19.65,47.17
45,63,29.29,70.29
45,64,4.14,9.93
45,65,8.61,20.66
45,66,26.24,62.97
45,67,20.71,49.70
45,68,29.59,71.03
45,69,33.52,80.45
45,70,35.13,84.31
45,71,20.29,48.69
45,72,31.31,75.13
45,73,29.93,71.83
45,74,14.84,35.62
45,75,40.92,98.21
45,76,40.64,97.54
45,77,14.37,34.48
45,78,34.93,83.83
45,79,39.97,95.92
45,80,34.94,83.85
45,81,35.09,84.20
45,82,5.30,12.72
45,83,45.83,109.99
45,84,22.14,53.14
45,85,16.00,38.40
45,86,35.70,85.68
45,87,36.11,86.66
45,88,38.75,93.00
45,89,40.14,96.34
45,90,44.52,106.85
45,91,28.03,67.28
45,92,32.85,78.83
45,93,35.44,85.07
45,94,45.79,109.90
45,95,34.91,83.79
45,96,13.65,32.75
45,97,27.16,65.17
45,98,40.03,96.07
45,99,50.60,121.44
45,100,13.81,33.14
45,101,23.25,55.80
45,102,46.35,111.24
45,103,40.83,97.99
45,104,21.27,51.05
45,105,20.30,48.72
45,106,26.38,63.31
45,107,45.13,108.31
45,108,37.55,90.11
45,109,37.12,89.08
45,110,46.96,112.71
45,111,43.60,104.65
45,112,41.86,100.45
45,113,49.74,119.38
45,114,47.21,113.31
45,115,4.88,11.71
45,116,29.52,70.84
45,117,48.57,116.56
45,118,32.28,77.46
45,119,42.39,101.74
45,120,20.84,50.02
45,121,38.05,91.33
45,122,22.94,55.05
45,123,34.59,83.01
45,124,43.40,104.17
45,125,21.19,50.87
45,126,51.42,123.41
45,127,35.55,85.33
45,128,31.63,75.92
45,129,12.36,29.66
45,130,15.10,36.23
45,131,29.42,70.60
45,132,15.59,37.41
45,133,24.34,58.42
45,134,20.02,48.05
45,135,35.88,86.11
45,136,27.02,64.85
45,137,47.99,115.17
45,138,46.73,112.16
45,139,32.54,78.09
45,140,17.51,42.02
45,141,25.78,61.87
45,142,47.12,113.08
45,143,21.14,50.74
45,144,11.73,28.16
45,145,24.34,58.41
45,146,45.57,109.36
45,147,49.42,118.60
45,148,36.77,88.25
45,149,36.16,86.79
45,150,33.92,81.40
45,151,24.66,59.19
45,152,1.64,3.93
45,158,37.79,90.69
45,160,42.69,102.45
45,162,24.72,59.33
45,164,39.36,94.46
45,166,36.18,86.83
45,170,28.06,67.33
46,1,35.72,85.73
46,2,37.97,91.14
46,3,13.57,32.56
46,4,10.83,25.99
46,5,12.81,30.76
46,6,19.96,47.90
46,7,23.07,55.36
46,8,9.40,22.55
46,9,15.83,37.99
46,10,21.91,52.57
46,11,20.55,49.32
46,12,17.44,41.85
46,13,24.71,59.31
46,14,12.02,28.84
46,15,23.57,56.57
46,16,9.77,23.46
46,17,17.65,42.35
46,18,20.82,49.97
46,19,18.05,43.33
46,20,12.74,30.59
46,21,12.81,30.73
46,22,36.39,87.34
46,23,19.61,47.06
46,24,27.98,67.15
46,25,12.57,30.16
46,26,21.82,52.38
46,27,23.89,57.34
46,28,7.13,17.11
46,29,9.46,22.70
46,30,29.01,69.63
46,31,30.97,74.32
46,32,24.01,57.63
46,33,18.81,45.15
46,34,4.11,9.87
46,35,28.30,67.92
46,36,26.26,63.03
46,37,26.73,64.15
46,38,25.04,60.09
46,39,31.15,74.75
46,40,27.70,66.49
46,41,27.10,65.05
46,42,13.43,32.23
46,43,34.59,83.02
46,44,26.43,63.42
46,45,4.65,11.16
46,47,24.90,59.76
46,48,30.94,74.26
46,49,30.73,73.74
46,50,13.05,31.33
46,51,26.08,62.58
46,52,31.97,76.72
46,53,31.36,75.26
46,54,31.51,75.63
46,55,38.51,92.43
46,56,39.22,94.12
46,57,35.60,85.43
46,58,30.68,73.64
46,59,29.52,70.86
46,60,27.30,65.53
46,61,24.59,59.02
46,62,18.74,44.99
46,63,27.92,67.01
46,64,8.34,20.02
46,65,6.85,16.45
46,66,24.05,57.71
46,67,25.33,60.79
46,68,32.17,77.20
46,69,36.67,88.00
46,70,37.49,89.98
46,71,24.14,57.94
46,72,30.20,72.49
46,73,30.86,74.07
46,74,16.41,39.39
46,75,44.05,105.72
46,76,36.83,88.40
46,77,14.06,33.75
46,78,34.88,83.71
46,79,42.63,102.31
46,80,39.21,94.10
46,81,35.78,85.87
46,82,5.77,13.85
46,83,42.85,102.83
46,84,25.20,60.48
46,85,20.26,48.63
46,86,31.62,75.89
46,87,31.46,75.50
46,88,35.62,85.50
46,89,36.89,88.53
46,90,41.05,98.53
46,91,28.88,69.31
46,92,36.45,87.48
46,93,38.21,91.69
46,94,41.74,100.19
46,95,31.30,75.12
46,96,15.74,37.77
46,97,31.75,76.19
46,98,35.39,84.92
46,99,47.46,113.91
46,100,9.42,22.61
46,101,19.65,47.15
46,102,49.22,118.13
46,103,44.24,106.18
46,104,25.51,61.22
46,105,20.21,48.51
46,106,30.97,74.33
46,107,41.36,99.25
46,108,36.10,86.63
46,109,34.80,83.52
46,110,50.16,120.38
46,111,40.31,96.75
46,112,40.13,96.31
46,113,53.09,127.41
46,114,44.18,106.02
46,115,6.00,14.40
46,116,33.57,80.57
46,117,45.04,108.09
46,118,32.51,78.01
46,119,41.15,98.77
46,120,22.50,54.01
46,121,33.60,80.63
46,122,20.98,50.36
46,123,38.43,92.24
46,124,40.61,97.46
46,125,17.10,41.04
46,126,48.33,115.99
46,127,38.15,91.55
46,128,35.48,85.16
46,129,12.31,29.55
46,130,19.74,47.38
46,131,33.55,80.53
46,132,18.96,45.51
46,133,19.73,47.35
46,134,20.37,48.89
46,135,40.22,96.53
46,136,31.11,74.67
46,137,44.80,107.51
46,138,43.90,105.36
46,139,37.04,88.88
46,140,18.46,44.30
46,141,26.43,63.43
46,142,44.22,106.13
46,143,18.65,44.75
46,144,11.81,28.34
46,145,28.71,68.90
46,146,42.94,103.06
46,147,46.08,110.59
46,148,32.22,77.33
46,149,39.55,94.91
46,150,36.25,87.01
46,151,24.34,58.42
46,152,3.02,7.24
46,158,40.94,98.27
46,160,38.80,93.12
46,162,29.37,70.49
46,164,34.79,83.50
46,166,32.78,78.66
46,170,27.11,65.06
47,1,57.74,138.58
47,2,62.05,148.91
47,3,16.01,38.43
47,4,23.15,55.56
47,5,29.09,69.81
47,6,28.70,68.87
47,7,47.08,113.00
47,8,33.97,81.53
47,9,37.26,89.42
47,10,42.05,100.91
47,11,45.45,109.07
47,12,41.51,99.63
47,13,47.61,114.27
47,14,36.90,88.56
47,15,7.78,18.67
47,16,16.92,40.62
47,17,8.30,19.91
47,18,33.10,79.43
47,19,24.58,58.99
47,20,30.38,72.92
47,21,26.16,62.78
47,22,41.49,99.56
47,23,37.01,88.81
47,24,44.10,105.83
47,25,34.23,82.14
47,26,46.49,111.57
47,27,48.11,115.47
47,28,17.78,42.66
47,29,16.42,39.40
47,30,41.80,100.33
47,31,44.94,107.85
47,32,6.49,15.57
47,33,21.87,52.50
47,34,21.66,51.99
47,35,50.30,120.71
47,36,27.67,66.42
47,37,23.92,57.41
47,38,18.65,44.75
47,39,54.24,130.17
47,40,36.93,88.63
47,41,49.94,119.86
47,42,18.55,44.52
47,43,59.20,142.09
47,44,51.30,123.12
47,45,28.01,67.22
47,46,24.90,59.76
47,48,9.06,21.74
47,49,5.95,14.28
47,50,11.85,28.44
47,51,44.67,107.20
47,52,56.74,136.16
47,53,55.56,133.34
47,54,30.07,72.16
47,55,35.27,84.65
47,56,41.07,98.56
47,57,44.49,106.78
47,58,21.90,52.55
47,59,6.20,14.88
47,60,9.80,23.52
47,61,27.14,65.13
47,62,40.74,97.78
47,63,47.75,114.60
47,64,32.12,77.08
47,65,30.27,72.65
47,66,42.07,100.97
47,67,46.20,110.87
47,68,57.06,136.95
47,69,61.45,147.48
47,70,62.35,149.64
47,71,36.82,88.38
47,72,14.57,34.98
47,73,54.72,131.34
47,74,41.15,98.75
47,75,68.85,165.24
47,76,14.28,34.28
47,77,37.53,90.08
47,78,23.06,55.35
47,79,67.53,162.07
47,80,62.02,148.86
47,81,27.64,66.34
47,82,30.62,73.50
47,83,17.95,43.08
47,84,33.31,79.95
47,85,36.50,87.61
47,86,12.37,29.69
47,87,25.68,61.62
47,88,47.63,114.32
47,89,12.16,29.17
47,90,16.76,40.23
47,91,24.31,58.36
47,92,60.84,146.02
47,93,63.10,151.45
47,94,45.87,110.09
47,95,41.17,98.82
47,96,25.19,60.44
47,97,52.70,126.48
47,98,29.25,70.20
47,99,22.60,54.25
47,100,24.30,58.33
47,101,6.22,14.94
47,102,74.11,177.86
47,103,68.84,165.22
47,104,40.30,96.73
47,105,43.32,103.97
47,106,48.43,116.24
47,107,48.07,115.36
47,108,54.86,131.66
47,109,50.70,121.69
47,110,74.92,179.82
47,111,50.64,121.54
47,112,57.64,138.34
47,113,77.75,186.59
47,114,55.51,133.22
47,115,24.10,57.85
47,116,57.16,137.19
47,117,53.12,127.50
47,118,55.33,132.80
47,119,60.15,144.37
47,120,47.16,113.19
47,121,19.13,45.91
47,122,40.30,96.72
47,123,47.90,114.95
47,124,15.85,38.04
47,125,28.61,68.66
47,126,23.45,56.27
47,127,63.04,151.31
47,128,45.51,109.22
47,129,19.10,45.84
47,130,39.94,95.85
47,131,56.92,136.61
47,132,31.22,74.93
47,133,17.44,41.85
47,134,19.23,46.15
47,135,62.72,150.52
47,136,54.63,131.11
47,137,19.98,47.95
47,138,56.36,135.26
47,139,52.50,125.99
47,140,42.77,102.65
47,141,22.20,53.29
47,142,19.35,46.45
47,143,7.60,18.25
47,144,19.61,47.06
47,145,51.33,123.20
47,146,56.53,135.67
47,147,55.36,132.85
47,148,31.10,74.64
47,149,45.67,109.60
47,150,36.90,88.56
47,151,16.69,40.05
47,152,26.94,64.67
47,158,65.73,157.74
47,160,44.97,107.92
47,162,48.90,117.36
47,164,22.69,54.46
47,166,8.47,20.34
47,170,48.04,115.29
48,1,60.44,145.06
48,2,66.11,158.66
48,3,24.49,58.77
48,4,31.34,75.21
48,5,37.24,89.37
48,6,37.59,90.22
48,7,51.42,123.42
48,8,39.25,94.19
48,9,44.84,107.61
48,10,50.01,120.03
48,11,51.17,122.81
48,12,48.24,115.78
48,13,54.92,131.82
48,14,42.82,102.76
48,15,16.68,40.04
48,16,21.60,51.84
48,17,16.70,40.08
48,18,33.63,80.70
48,19,24.94,59.85
48,20,33.22,79.74
48,21,28.50,68.40
48,22,38.38,92.12
48,23,38.86,93.27
48,24,44.82,107.56
48,25,38.00,91.20
48,26,52.75,126.61
48,27,54.78,131.47
48,28,24.15,57.95
48,29,23.81,57.14
48,30,41.46,99.51
48,31,44.77,107.45
48,32,6.95,16.69
48,33,30.86,74.06
48,34,28.41,68.20
48,35,57.93,139.04
48,36,25.19,60.46
48,37,20.62,49.50
48,38,15.52,37.25
48,39,61.53,147.66
48,40,35.82,85.96
48,41,53.38,128.11
48,42,21.00,50.39
48,43,63.94,153.45
48,44,56.70,136.07
48,45,34.73,83.35
48,46,30.94,74.26
48,47,9.06,21.74
48,49,6.16,14.78
48,50,18.45,44.29
48,51,52.96,127.10
48,52,62.82,150.77
48,53,62.26,149.42
48,54,25.99,62.38
48,55,29.84,71.62
48,56,36.86,88.46
48,57,42.49,101.97
48,58,16.45,39.48
48,59,11.98,28.75
48,60,17.83,42.80
48,61,36.19,86.86
48,62,44.16,105.98
48,63,49.76,119.43
48,64,38.86,93.26
48,65,35.14,84.34
48,66,43.70,104.88
48,67,54.08,129.79
48,68,62.57,150.17
48,69,67.49,161.98
48,70,67.56,162.15
48,71,45.63,109.52
48,72,22.23,53.36
48,73,58.74,140.98
48,74,46.38,111.32
48,75,74.84,179.61
48,76,5.92,14.20
48,77,41.90,100.55
48,78,30.73,73.76
48,79,73.00,175.19
48,80,69.47,166.73
48,81,35.76,85.83
48,82,36.35,87.25
48,83,15.04,36.11
48,84,42.32,101.57
48,85,44.95,107.89
48,86,4.08,9.79
48,87,20.67,49.62
48,88,46.53,111.66
48,89,8.43,20.22
48,90,10.76,25.83
48,91,33.11,79.45
48,92,67.39,161.73
48,93,68.72,164.93
48,94,42.07,100.97
48,95,39.82,95.57
48,96,33.88,81.32
48,97,60.64,145.53
48,98,23.49,56.39
48,99,18.28,43.88
48,100,27.71,66.49
48,101,11.53,27.66
48,102,79.76,191.43
48,103,75.16,180.39
48,104,48.99,117.59
48,105,47.18,113.24
48,106,56.94,136.66
48,107,45.01,108.03
48,108,56.04,134.51
48,109,50.90,122.15
48,110,80.97,194.33
48,111,48.72,116.92
48,112,58.16,139.59
48,113,83.98,201.54
48,114,53.68,128.83
48,115,31.46,75.50
48,116,64.24,154.17
48,117,50.25,120.60
48,118,58.59,140.62
48,119,61.24,146.99
48,120,52.16,125.19
48,121,11.67,28.00
48,122,42.59,102.21
48,123,56.95,136.67
48,124,14.59,35.01
48,125,29.71,71.30
48,126,19.29,46.29
48,127,68.49,164.37
48,128,54.54,130.90
48,129,27.50,65.99
48,130,47.85,114.84
48,131,64.11,153.85
48,132,39.93,95.83
48,133,17.06,40.95
48,134,28.28,67.87
48,135,70.28,168.68
48,136,61.73,148.16
48,137,15.54,37.28
48,138,54.91,131.79
48,139,61.27,147.05
48,140,47.49,113.98
48,141,31.11,74.66
48,142,16.75,40.19
48,143,16.23,38.95
48,144,27.94,67.05
48,145,58.78,141.07
48,146,55.51,133.21
48,147,52.79,126.69
48,148,26.98,64.76
48,149,54.70,131.29
48,150,45.77,109.84
48,151,25.60,61.43
48,152,33.43,80.24
48,158,71.76,172.22
48,160,41.95,100.67
48,162,57.09,137.02
48,164,15.60,37.44
48,166,4.64,11.14
48,170,50.54,121.31
49,1,62.74,150.57
49,2,67.50,162.01
49,3,21.78,52.28
49,4,28.99,69.57
49,5,34.91,83.79
49,6,33.98,81.56
49,7,52.59,126.22
49,8,39.68,95.22
49,9,43.18,103.64
49,10,47.90,114.95
49,11,51.27,123.05
49,12,47.45,113.89
49,13,53.55,128.53
49,14,42.74,102.58
49,15,12.04,28.89
49,16,22.32,53.57
49,17,14.18,34.04
49,18,37.06,88.94
49,19,28.35,68.04
49,20,35.30,84.73
49,21,30.84,74.01
49,22,43.54,104.50
49,23,41.59,99.81
49,24,48.22,115.73
49,25,39.51,94.82
49,26,52.39,125.74
49,27,54.05,129.72
49,28,23.62,56.69
49,29,22.37,53.68
49,30,45.41,108.98
49,31,48.64,116.75
49,32,8.98,21.55
49,33,27.02,64.85
49,34,27.58,66.19
49,35,56.21,134.89
49,36,29.98,71.96
49,37,25.69,61.65
49,38,20.39,48.94
49,39,60.18,144.43
49,40,40.10,96.24
49,41,55.18,132.43
49,42,23.14,55.54
49,43,64.84,155.61
49,44,57.07,136.97
49,45,33.94,81.45
49,46,30.73,73.74
49,47,5.95,14.28
49,48,6.16,14.78
49,50,17.68,42.44
49,51,50.40,120.97
49,52,62.63,150.30
49,53,61.50,147.60
49,54,31.42,75.42
49,55,35.72,85.72
49,56,42.41,101.78
49,57,47.22,113.32
49,58,22.21,53.31
49,59,6.02,14.45
49,60,12.28,29.48
49,61,31.74,76.18
49,62,45.94,110.25
49,63,52.45,125.88
49,64,38.05,91.32
49,65,35.86,86.06
49,66,46.59,111.81
49,67,52.06,124.95
49,68,62.86,150.87
49,69,67.34,161.61
49,70,68.10,163.43
49,71,42.19,101.26
49,72,16.38,39.30
49,73,60.15,144.37
49,74,46.86,112.48
49,75,74.73,179.36
49,76,9.48,22.76
49,77,43.01,103.23
49,78,24.78,59.48
49,79,73.33,175.99
49,80,67.95,163.08
49,81,29.96,71.91
49,82,36.41,87.39
49,83,12.27,29.46
49,84,38.31,91.93
49,85,42.18,101.22
49,86,10.23,24.56
49,87,26.36,63.26
49,88,50.87,122.09
49,89,6.21,14.90
49,90,10.88,26.11
49,91,27.87,66.88
49,92,66.78,160.27
49,93,68.93,165.43
49,94,47.51,114.01
49,95,44.24,106.18
49,96,30.73,73.76
49,97,58.55,140.51
49,98,29.41,70.59
49,99,16.74,40.17
49,100,29.37,70.50
49,101,11.39,27.34
49,102,79.95,191.87
49,103,74.76,179.43
49,104,45.79,109.90
49,105,48.67,116.82
49,106,54.04,129.70
49,107,50.19,120.45
49,108,59.24,142.17
49,109,54.61,131.07
49,110,80.82,193.97
49,111,53.44,128.25
49,112,61.73,148.15
49,113,83.66,200.79
49,114,58.38,140.11
49,115,30.05,72.13
49,116,63.11,151.47
49,117,55.37,132.89
49,118,60.52,145.25
49,119,64.51,154.82
49,120,52.84,126.82
49,121,17.81,42.74
49,122,45.07,108.18
49,123,52.60,126.24
49,124,10.61,25.47
49,125,32.79,78.68
49,126,17.61,42.27
49,127,68.84,165.21
49,128,50.35,120.83
49,129,24.88,59.71
49,130,45.80,109.93
49,131,62.87,150.89
49,132,36.72,88.14
49,133,20.66,49.59
49,134,24.09,57.82
49,135,68.63,164.71
49,136,60.58,145.39
49,137,14.08,33.78
49,138,59.44,142.66
49,139,57.87,138.88
49,140,48.37,116.08
49,141,26.08,62.60
49,142,13.79,33.09
49,143,13.42,32.21
49,144,25.41,60.99
49,145,57.26,137.44
49,146,59.84,143.62
49,147,57.79,138.71
49,148,32.44,77.85
49,149,49.93,119.84
49,150,40.56,97.34
49,151,20.66,49.59
49,152,32.85,78.83
49,158,71.62,171.88
49,160,47.09,113.02
49,162,54.67,131.20
49,164,21.72,52.13
49,166,2.93,7.02
49,170,52.93,127.04
50,1,46.80,112.32
50,2,50.43,121.04
50,3,8.43,20.23
50,4,13.67,32.80
50,5,19.31,46.35
50,6,21.81,52.35
50,7,35.45,85.08
50,8,22.16,53.18
50,9,26.41,63.39
50,10,31.75,76.21
50,11,33.60,80.64
50,12,29.94,71.86
50,13,36.47,87.53
50,14,25.06,60.15
50,15,12.04,28.90
50,16,6.23,14.96
50,17,5.59,13.41
50,18,24.82,59.57
50,19,17.59,42.22
50,20,20.02,48.04
50,21,16.62,39.88
50,22,36.89,88.54
50,23,27.16,65.18
50,24,35.00,84.00
50,25,23.02,55.25
50,26,34.74,83.37
50,27,36.52,87.65
50,28,5.94,14.25
50,29,5.55,13.32
50,30,33.89,81.34
50,31,36.69,88.07
50,32,11.79,28.29
50,33,16.49,39.58
50,34,10.02,24.06
50,35,39.50,94.81
50,36,23.75,56.99
50,37,21.80,52.32
50,38,17.83,42.79
50,39,43.08,103.39
50,40,30.21,72.50
50,41,38.67,92.81
50,42,10.35,24.83
50,43,47.42,113.81
50,44,39.45,94.68
50,45,16.39,39.33
50,46,13.05,31.33
50,47,11.85,28.44
50,48,18.45,44.29
50,49,17.68,42.44
50,51,35.00,84.00
50,52,44.95,107.89
50,53,44.00,105.59
50,54,27.91,66.98
50,55,34.46,82.70
50,56,37.99,91.19
50,57,38.33,92.00
50,58,23.12,55.49
50,59,16.81,40.33
50,60,15.97,38.33
50,61,23.01,55.23
50,62,29.61,71.06
50,63,37.43,89.84
50,64,20.53,49.26
50,65,18.60,44.63
50,66,32.23,77.34
50,67,35.75,85.79
50,68,45.21,108.51
50,69,49.66,119.19
50,70,50.50,121.20
50,71,29.06,69.75
50,72,19.94,47.85
50,73,43.16,103.58
50,74,29.32,70.37
50,75,57.06,136.94
50,76,24.36,58.47
50,77,25.97,62.33
50,78,26.72,64.12
50,79,55.68,133.63
50,80,51.01,122.43
50,81,29.46,70.70
50,82,18.77,45.05
50,83,29.80,71.52
50,84,27.22,65.32
50,85,27.35,65.64
50,86,19.90,47.77
50,87,25.50,61.20
50,88,40.28,96.67
50,89,23.86,57.26
50,90,28.14,67.54
50,91,23.72,56.94
50,92,49.21,118.12
50,93,51.26,123.02
50,94,41.93,100.64
50,95,34.43,82.64
50,96,17.40,41.75
50,97,42.32,101.56
50,98,29.60,71.04
50,99,34.42,82.60
50,100,13.89,33.34
50,101,6.93,16.63
50,102,62.27,149.45
50,103,57.14,137.13
50,104,31.90,76.57
50,105,31.91,76.59
50,106,39.29,94.30
50,107,43.02,103.26
50,108,45.05,108.11
50,109,41.89,100.53
50,110,63.15,151.56
50,111,44.10,105.83
50,112,48.35,116.03
50,113,66.02,158.45
50,114,48.67,116.81
50,115,13.03,31.26
50,116,45.83,110.00
50,117,47.64,114.33
50,118,44.10,105.85
50,119,50.33,120.80
50,120,35.36,84.86
50,121,23.78,57.08
50,122,29.96,71.91
50,123,42.05,100.93
50,124,27.62,66.30
50,125,20.14,48.34
50,126,35.28,84.66
50,127,51.19,122.86
50,128,39.32,94.38
50,129,10.63,25.52
50,130,29.57,70.96
50,131,45.68,109.62
50,132,23.15,55.57
50,133,13.55,32.52
50,134,15.61,37.47
50,135,51.83,124.40
50,136,43.32,103.97
50,137,31.76,76.22
50,138,49.07,117.77
50,139,44.25,106.20
50,140,31.04,74.50
50,141,21.11,50.67
50,142,31.19,74.86
50,143,6.55,15.71
50,144,10.84,26.02
50,145,40.33,96.78
50,146,48.77,117.06
50,147,49.40,118.57
50,148,28.86,69.26
50,149,41.24,98.98
50,150,34.65,83.15
50,151,16.75,40.20
50,152,15.21,36.50
50,158,53.94,129.46
50,160,40.05,96.11
50,162,38.98,93.56
50,164,26.09,62.62
50,166,19.81,47.55
50,170,37.36,89.66
51,1,45.56,109.36
51,2,40.81,97.95
51,3,28.65,68.77
51,4,21.62,51.89
51,5,15.74,37.77
51,6,18.04,43.30
51,7,31.56,75.75
51,8,25.39,60.94
51,9,10.70,25.68
51,10,4.74,11.37
51,11,22.69,54.46
51,12,15.35,36.85
51,13,11.07,26.57
51,14,21.37,51.29
51,15,39.20,94.07
51,16,34.92,83.80
51,17,36.42,87.41
51,18,44.79,107.50
51,19,43.97,105.52
51,20,36.21,86.90
51,21,38.17,91.61
51,22,61.00,146.39
51,23,40.76,97.82
51,24,47.90,114.97
51,25,32.37,77.68
51,26,19.15,45.97
51,27,16.60,39.83
51,28,30.36,72.86
51,29,29.45,70.68
51,30,51.13,122.71
51,31,51.96,124.70
51,32,46.68,112.04
51,33,24.67,59.20
51,34,26.21,62.90
51,35,9.47,22.73
51,36,52.22,125.32
51,37,52.79,126.70
51,38,50.74,121.78
51,39,14.81,35.54
51,40,51.78,124.26
51,41,37.62,90.29
51,42,39.35,94.45
51,43,35.10,84.25
51,44,26.75,64.21
51,45,21.46,51.49
51,46,26.08,62.58
51,47,44.67,107.20
51,48,52.96,127.10
51,49,50.40,120.97
51,50,35.00,84.00
51,52,24.99,59.98
51,53,19.99,47.98
51,54,57.52,138.05
51,55,64.51,154.83
51,56,64.49,154.77
51,57,58.83,141.19
51,58,56.41,135.39
51,59,46.57,111.77
51,60,41.31,99.14
51,61,23.77,57.05
51,62,34.69,83.25
51,63,43.79,105.09
51,64,18.68,44.84
51,65,28.17,67.61
51,66,43.22,103.74
51,67,5.16,12.38
51,68,29.02,69.64
51,69,28.40,68.15
51,70,34.21,82.11
51,71,11.05,26.52
51,72,41.16,98.78
51,73,36.74,88.18
51,74,25.11,60.26
51,75,34.35,82.44
51,76,58.72,140.92
51,77,29.64,71.14
51,78,40.17,96.40
51,79,36.41,87.38
51,80,20.11,48.26
51,81,37.19,89.25
51,82,24.28,58.28
51,83,60.78,145.86
51,84,17.14,41.14
51,85,8.34,20.03
51,86,54.85,131.65
51,87,57.48,137.96
51,88,57.18,137.22
51,89,56.36,135.26
51,90,61.26,147.03
51,91,31.30,75.12
51,92,24.68,59.23
51,93,32.23,77.35
51,94,66.27,159.05
51,95,54.61,131.07
51,96,19.92,47.80
51,97,9.13,21.90
51,98,61.44,147.46
51,99,65.87,158.08
51,100,35.17,84.40
51,101,41.69,100.06
51,102,40.58,97.40
51,103,32.38,77.72
51,104,7.29,17.50
51,105,33.06,79.33
51,106,5.06,12.14
51,107,64.98,155.96
51,108,51.39,123.33
51,109,53.50,128.41
51,110,39.07,93.76
51,111,62.29,149.49
51,112,56.20,134.88
51,113,40.54,97.30
51,114,65.11,156.26
51,115,22.41,53.79
51,116,18.44,44.26
51,117,67.74,162.59
51,118,41.25,99.00
51,119,55.14,132.33
51,120,27.73,66.55
51,121,58.46,140.29
51,122,39.78,95.47
51,123,19.05,45.71
51,124,57.82,138.77
51,125,42.12,101.08
51,126,66.50,159.60
51,127,33.28,79.87
51,128,16.66,39.99
51,129,25.57,61.36
51,130,6.54,15.71
51,131,17.51,42.02
51,132,14.39,34.53
51,133,45.49,109.18
51,134,28.11,67.48
51,135,20.10,48.24
51,136,16.47,39.54
51,137,63.59,152.61
51,138,64.08,153.80
51,139,11.76,28.23
51,140,28.29,67.89
51,141,30.57,73.37
51,142,61.69,148.04
51,143,37.06,88.95
51,144,25.08,60.18
51,145,11.69,28.06
51,146,62.38,149.71
51,147,68.07,163.37
51,148,58.19,139.67
51,149,23.65,56.75
51,150,28.30,67.91
51,151,33.36,80.05
51,152,23.09,55.42
51,158,31.62,75.88
51,160,62.85,150.84
51,162,4.40,10.55
51,164,60.21,144.50
51,166,53.12,127.49
51,170,41.55,99.72
52,1,25.57,61.37
52,2,17.30,41.53
52,3,42.81,102.74
52,4,36.15,86.76
52,5,31.55,75.72
52,6,38.68,92.84
52,7,16.61,39.86
52,8,23.85,57.23
52,9,22.57,54.17
52,10,22.37,53.68
52,11,11.84,28.42
52,12,15.80,37.92
52,13,14.06,33.76
52,14,20.01,48.01
52,15,54.14,129.93
52,16,41.28,99.06
52,17,49.00,117.59
52,18,39.81,95.54
52,19,43.92,105.41
52,20,33.39,80.13
52,21,37.73,90.56
52,22,54.29,130.30
52,23,33.20,79.68
52,24,36.64,87.93
52,25,27.66,66.39
52,26,10.28,24.68
52,27,9.73,23.35
52,28,39.02,93.64
52,29,40.51,97.23
52,30,41.83,100.39
52,31,41.01,98.41
52,32,55.87,134.09
52,33,43.20,103.67
52,34,35.09,84.22
52,35,16.11,38.67
52,36,51.12,122.68
52,37,53.84,129.21
52,38,54.26,130.23
52,39,11.79,28.30
52,40,45.41,109.00
52,41,20.85,50.04
52,42,43.23,103.75
52,43,11.47,27.53
52,44,8.05,19.32
52,45,28.80,69.13
52,46,31.97,76.72
52,47,56.74,136.16
52,48,62.82,150.77
52,49,62.63,150.30
52,50,44.95,107.89
52,51,24.99,59.98
52,53,5.74,13.77
52,54,56.24,134.98
52,55,62.45,149.88
52,56,59.10,141.85
52,57,49.83,119.60
52,58,59.41,142.58
52,59,60.85,146.03
52,60,57.41,137.79
52,61,45.27,108.65
52,62,24.68,59.23
52,63,29.52,70.84
52,64,24.80,59.53
52,65,28.16,67.59
52,66,32.53,78.08
52,67,19.84,47.61
52,68,4.99,11.97
52,69,4.72,11.32
52,70,9.27,22.26
52,71,34.64,83.13
52,72,59.04,141.69
52,73,16.38,39.31
52,74,17.19,41.26
52,75,12.12,29.09
52,76,68.67,164.82
52,77,23.11,55.47
52,78,60.79,145.89
52,79,11.97,28.73
52,80,15.43,37.04
52,81,59.20,142.08
52,82,26.47,63.53
52,83,74.62,179.08
52,84,40.27,96.66
52,85,29.65,71.16
52,86,63.15,151.56
52,87,58.65,140.76
52,88,45.98,110.34
52,89,68.81,165.15
52,90,73.02,175.25
52,91,52.44,125.86
52,92,6.18,14.84
52,93,7.46,17.90
52,94,58.79,141.10
52,95,46.42,111.40
52,96,37.87,90.90
52,97,19.41,46.57
52,98,61.81,148.35
52,99,79.34,190.41
52,100,36.62,87.88
52,101,51.61,123.87
52,102,17.70,42.48
52,103,12.46,29.90
52,104,31.75,76.20
52,105,21.15,50.77
52,106,27.76,66.61
52,107,55.86,134.07
52,108,34.58,82.99
52,109,39.61,95.05
52,110,18.20,43.67
52,111,50.90,122.16
52,112,39.22,94.13
52,113,21.16,50.79
52,114,51.99,124.78
52,115,33.20,79.69
52,116,9.62,23.10
52,117,56.78,136.27
52,118,21.56,51.75
52,119,36.53,87.68
52,120,13.09,31.42
52,121,63.84,153.21
52,122,30.01,72.02
52,123,43.74,104.98
52,124,72.21,173.30
52,125,39.79,95.49
52,126,80.18,192.43
52,127,8.32,19.97
52,128,41.56,99.75
52,129,40.12,96.30
52,130,22.99,55.17
52,131,10.76,25.82
52,132,34.95,83.87
52,133,49.28,118.27
52,134,46.35,111.23
52,135,17.18,41.24
52,136,9.78,23.48
52,137,76.70,184.08
52,138,50.18,120.44
52,139,33.55,80.53
52,140,17.64,42.34
52,141,50.89,122.13
52,142,75.92,182.21
52,143,49.94,119.86
52,144,39.48,94.74
52,145,13.87,33.29
52,146,47.85,114.84
52,147,56.02,134.44
52,148,56.52,135.64
52,149,48.62,116.69
52,150,52.56,126.14
52,151,51.63,123.92
52,152,29.79,71.50
52,158,8.99,21.58
52,160,54.76,131.43
52,162,22.96,55.11
52,164,64.06,153.75
52,166,64.74,155.37
52,170,26.71,64.11
53,1,30.85,74.05
53,2,23.03,55.27
53,3,40.82,97.97
53,4,33.83,81.18
53,5,28.69,68.86
53,6,35.08,84.20
53,7,20.28,48.68
53,8,24.39,58.53
53,9,19.51,46.82
53,10,18.01,43.22
53,11,13.25,31.80
53,12,14.06,33.73
53,13,9.64,23.14
53,14,19.97,47.92
53,15,52.23,125.36
53,16,41.02,98.45
53,17,47.54,114.10
53,18,42.13,101.11
53,19,45.23,108.55
53,20,34.95,83.88
53,21,38.92,93.41
53,22,57.30,137.52
53,23,35.89,86.14
53,24,40.30,96.72
53,25,29.37,70.48
53,26,10.01,24.02
53,27,7.48,17.95
53,28,38.15,91.55
53,29,39.15,93.96
53,30,45.18,108.43
53,31,44.70,107.28
53,32,55.35,132.84
53,33,40.21,96.50
53,34,33.98,81.55
53,35,10.74,25.77
53,36,52.84,126.82
53,37,55.13,132.32
53,38,55.01,132.02
53,39,6.07,14.58
53,40,48.19,115.66
53,41,25.29,60.70
53,42,43.61,104.67
53,43,17.17,41.22
53,44,11.98,28.76
53,45,27.61,66.26
53,46,31.36,75.26
53,47,55.56,133.34
53,48,62.26,149.42
53,49,61.50,147.60
53,50,44.00,105.59
53,51,19.99,47.98
53,52,5.74,13.77
53,54,58.10,139.45
53,55,64.57,154.98
53,56,61.90,148.56
53,57,53.27,127.84
53,58,60.36,144.87
53,59,59.21,142.09
53,60,55.28,132.66
53,61,41.59,99.81
53,62,27.56,66.15
53,63,33.67,80.80
53,64,23.47,56.34
53,65,28.71,68.90
53,66,35.95,86.27
53,67,14.91,35.79
53,68,10.65,25.57
53,69,8.41,20.18
53,70,14.82,35.57
53,71,30.22,72.52
53,72,56.48,135.55
53,73,21.54,51.69
53,74,18.71,44.90
53,75,14.80,35.53
53,76,68.16,163.59
53,77,24.94,59.86
53,78,57.52,138.05
53,79,16.42,39.41
53,80,10.68,25.64
53,81,55.51,133.23
53,82,26.31,63.15
53,83,73.23,175.76
53,84,36.07,86.57
53,85,25.56,61.35
53,86,62.95,151.09
53,87,60.01,144.01
53,88,49.81,119.55
53,89,67.71,162.50
53,90,72.13,173.11
53,91,48.95,117.47
53,92,5.43,13.03
53,93,12.34,29.61
53,94,62.03,148.87
53,95,49.62,119.08
53,96,34.86,83.67
53,97,13.73,32.95
53,98,63.39,152.14
53,99,78.09,187.41
53,100,37.31,89.55
53,101,50.83,122.00
53,102,20.96,50.31
53,103,13.68,32.83
53,104,27.03,64.86
53,105,24.31,58.34
53,106,22.32,53.57
53,107,59.40,142.57
53,108,39.38,94.52
53,109,43.90,105.36
53,110,20.26,48.63
53,111,54.84,131.62
53,112,44.12,105.89
53,113,22.56,54.15
53,114,56.29,135.10
53,115,31.55,75.71
53,116,4.20,10.09
53,117,60.71,145.70
53,118,26.71,64.11
53,119,41.70,100.08
53,120,16.26,39.03
53,121,64.32,154.37
53,122,33.11,79.45
53,123,38.40,92.17
53,124,70.67,169.60
53,125,41.49,99.58
53,126,78.88,189.32
53,127,13.54,32.49
53,128,36.34,87.22
53,129,37.96,91.10
53,130,19.02,45.66
53,131,5.21,12.51
53,132,31.25,75.00
53,133,49.86,119.65
53,134,43.50,104.40
53,135,12.36,29.66
53,136,4.06,9.74
53,137,75.51,181.24
53,138,54.62,131.09
53,139,27.92,67.01
53,140,20.09,48.23
53,141,47.60,114.23
53,142,74.45,178.68
53,143,48.44,116.25
53,144,37.32,89.56
53,145,8.45,20.28
53,146,52.38,125.72
53,147,60.15,144.37
53,148,58.47,140.33
53,149,43.47,104.33
53,150,48.04,115.29
53,151,48.87,117.30
53,152,28.83,69.20
53,158,11.85,28.43
53,160,58.07,139.38
53,162,17.54,42.09
53,164,64.89,155.75
53,166,63.79,153.09
53,170,30.90,74.17
54,1,43.69,104.85
54,2,52.54,126.09
54,3,36.20,86.89
54,4,39.50,94.79
54,5,43.70,104.88
54,6,48.79,117.10
54,7,40.59,97.41
54,8,34.28,82.26
54,9,47.02,112.84
54,10,53.18,127.64
54,11,44.92,107.81
54,12,46.23,110.95
54,13,54.27,130.25
54,14,39.00,93.60
54,15,36.40,87.37
54,16,24.16,57.99
54,17,31.63,75.92
54,18,16.76,40.22
54,19,13.59,32.61
54,20,23.17,55.62
54,21,19.72,47.32
54,22,12.61,30.27
54,23,23.74,56.97
54,24,25.22,60.53
54,25,28.75,69.00
54,26,48.20,115.69
54,27,51.45,123.48
54,28,29.17,70.02
54,29,31.95,76.68
54,30,19.98,47.95
54,31,23.13,55.52
54,32,23.62,56.68
54,33,44.29,106.29
54,34,32.36,77.65
54,35,58.40,140.15
54,36,5.37,12.89
54,37,6.29,15.10
54,38,11.43,27.42
54,39,59.96,143.90
54,40,13.77,33.04
54,41,39.53,94.87
54,42,18.98,45.56
54,43,52.62,126.29
54,44,48.46,116.30
54,45,36.08,86.60
54,46,31.51,75.63
54,47,30.07,72.16
54,48,25.99,62.38
54,49,31.42,75.42
54,50,27.91,66.98
54,51,57.52,138.05
54,52,56.24,134.98
54,53,58.10,139.45
54,55,7.00,16.81
54,56,11.03,26.47
54,57,17.73,42.55
54,58,9.88,23.71
54,59,35.86,86.06
54,60,39.53,94.87
54,61,50.86,122.06
54,62,32.03,76.88
54,63,32.57,78.18
54,64,39.05,93.71
54,65,30.32,72.76
54,66,26.65,63.96
54,67,56.23,134.96
54,68,53.95,129.49
54,69,60.26,144.63
54,70,57.44,137.85
54,71,54.86,131.67
54,72,44.33,106.39
54,73,45.84,110.01
54,74,39.42,94.61
54,75,66.77,160.25
54,76,28.35,68.05
54,77,33.24,79.76
54,78,52.52,126.05
54,79,63.25,151.79
54,80,67.84,162.80
54,81,56.33,135.19
54,82,33.81,81.14
54,83,40.40,96.96
54,84,54.33,130.40
54,85,51.61,123.86
54,86,22.53,54.06
54,87,5.76,13.82
54,88,22.86,54.86
54,89,34.17,82.01
54,90,34.62,83.08
54,91,51.31,123.14
54,92,62.10,149.03
54,93,59.87,143.69
54,94,16.09,38.62
54,95,16.45,39.49
54,96,44.18,106.03
54,97,62.32,149.56
54,98,6.23,14.95
54,99,42.33,101.58
54,100,22.40,53.75
54,101,25.69,61.65
54,102,70.15,168.36
54,103,68.31,163.95
54,104,56.78,136.26
54,105,35.70,85.68
54,106,62.46,149.91
54,107,19.15,45.96
54,108,36.06,86.53
54,109,29.28,70.28
54,110,72.69,174.45
54,111,23.72,56.94
54,112,36.58,87.79
54,113,76.18,182.84
54,114,28.63,68.70
54,115,36.23,86.95
54,116,61.43,147.43
54,117,24.41,58.59
54,118,43.53,104.48
54,119,40.60,97.44
54,120,43.29,103.91
54,121,16.36,39.27
54,122,27.61,66.26
54,123,68.79,165.10
54,124,40.48,97.14
54,125,16.62,39.88
54,126,43.35,104.04
54,127,59.05,141.72
54,128,65.92,158.20
54,129,37.82,90.76
54,130,51.08,122.60
54,131,61.79,148.29
54,132,49.15,117.96
54,133,14.38,34.50
54,134,43.50,104.40
54,135,69.17,166.00
54,136,59.31,142.33
54,137,39.86,95.66
54,138,30.26,72.63
54,139,68.53,164.48
54,140,38.61,92.65
54,141,48.75,117.00
54,142,42.10,101.04
54,143,32.09,77.01
54,144,37.81,90.74
54,145,58.24,139.77
54,146,31.41,75.38
54,147,27.10,65.04
54,148,1.03,2.48
54,149,68.71,164.91
54,150,62.55,150.13
54,151,43.86,105.27
54,152,34.45,82.69
54,158,64.11,153.87
54,160,16.15,38.76
54,162,60.57,145.38
54,164,13.35,32.04
54,166,30.63,73.51
54,170,34.54,82.90
55,1,48.03,115.28
55,2,57.54,138.09
55,3,42.84,102.81
55,4,46.40,111.36
55,5,50.68,121.64
55,6,55.63,133.51
55,7,46.45,111.47
55,8,41.02,98.45
55,9,53.99,129.57
55,10,60.15,144.37
55,11,51.34,123.22
55,12,53.01,127.23
55,13,61.07,146.57
55,14,45.75,109.80
55,15,42.11,101.07
55,16,31.05,74.51
55,17,37.80,90.73
55,18,22.65,54.37
55,19,20.55,49.33
55,20,29.79,71.49
55,21,26.59,63.82
55,22,12.88,30.90
55,23,29.46,70.71
55,24,29.43,70.63
55,25,35.23,84.54
55,26,54.76,131.41
55,27,58.07,139.38
55,28,36.07,86.56
55,29,38.74,92.97
55,30,23.76,57.02
55,31,26.52,63.66
55,32,28.79,69.10
55,33,50.93,122.22
55,34,39.33,94.39
55,35,65.24,156.57
55,36,12.30,29.52
55,37,12.67,30.41
55,38,17.11,41.06
55,39,66.65,159.95
55,40,18.08,43.39
55,41,44.80,107.53
55,42,25.91,62.18
55,43,58.11,139.47
55,44,54.55,130.93
55,45,43.08,103.39
55,46,38.51,92.43
55,47,35.27,84.65
55,48,29.84,71.62
55,49,35.72,85.72
55,50,34.46,82.70
55,51,64.51,154.83
55,52,62.45,149.88
55,53,64.57,154.98
55,54,7.00,16.81
55,56,8.59,20.61
55,57,19.14,45.94
55,58,13.53,32.47
55,59,40.70,97.69
55,60,44.98,107.94
55,61,57.47,137.92
55,62,37.94,91.06
55,63,37.21,89.32
55,64,46.00,110.40
55,65,37.15,89.17
55,66,31.67,76.00
55,67,63.16,151.58
55,68,59.90,143.76
55,69,66.33,159.18
55,70,63.07,151.37
55,71,61.82,148.36
55,72,49.79,119.49
55,73,51.15,122.75
55,74,45.87,110.08
55,75,72.63,174.32
55,76,30.98,74.35
55,77,39.64,95.13
55,78,58.15,139.57
55,79,68.86,165.27
55,80,74.46,178.72
55,81,62.24,149.38
55,82,40.71,97.71
55,83,43.23,103.76
55,84,61.17,146.80
55,85,58.61,140.65
55,86,25.97,62.34
55,87,9.60,23.04
55,88,24.88,59.71
55,89,37.48,89.95
55,90,37.03,88.86
55,91,57.54,138.09
55,92,68.40,164.15
55,93,65.69,157.65
55,94,13.94,33.46
55,95,19.43,46.64
55,96,51.03,122.46
55,97,69.20,166.07
55,98,6.37,15.29
55,99,44.41,106.58
55,100,29.36,70.47
55,101,31.55,75.73
55,102,75.71,181.70
55,103,74.34,178.43
55,104,63.77,153.04
55,105,41.59,99.82
55,106,69.46,166.70
55,107,18.22,43.72
55,108,39.48,94.74
55,109,32.24,77.38
55,110,78.45,188.28
55,111,24.26,58.23
55,112,39.19,94.06
55,113,81.99,196.78
55,114,28.78,69.06
55,115,43.21,103.71
55,116,68.00,163.20
55,117,23.23,55.76
55,118,48.38,116.11
55,119,43.54,104.49
55,120,49.40,118.57
55,121,18.75,45.00
55,122,33.13,79.50
55,123,75.69,181.67
55,124,43.79,105.11
55,125,23.24,55.78
55,126,45.40,108.96
55,127,64.78,155.48
55,128,72.83,174.80
55,129,44.58,107.00
55,130,58.06,139.35
55,131,68.40,164.16
55,132,56.08,134.60
55,133,20.93,50.22
55,134,49.96,119.91
55,135,75.83,181.99
55,136,65.93,158.24
55,137,42.17,101.20
55,138,30.83,74.00
55,139,75.54,181.29
55,140,44.83,107.58
55,141,55.02,132.05
55,142,44.88,107.72
55,143,38.17,91.60
55,144,44.60,107.05
55,145,65.01,156.03
55,146,32.48,77.96
55,147,26.20,62.89
55,148,6.33,15.19
55,149,75.49,181.18
55,150,69.05,165.73
55,151,49.97,119.93
55,152,41.45,99.48
55,158,70.07,168.16
55,160,15.78,37.86
55,162,67.53,162.07
55,164,14.93,35.84
55,166,34.45,82.67
55,170,39.45,94.67
56,1,41.95,100.68
56,2,52.12,125.08
56,3,46.03,110.46
56,4,48.41,116.18
56,5,51.93,124.62
56,6,57.90,138.95
56,7,42.62,102.28
56,8,39.71,95.32
56,9,53.79,129.10
56,10,59.91,143.79
56,11,48.71,116.91
56,12,51.62,123.88
56,13,59.64,143.13
56,14,44.34,106.42
56,15,47.22,113.34
56,16,33.45,80.29
56,17,42.16,101.19
56,18,20.10,48.23
56,19,21.52,51.64
56,20,28.42,68.21
56,21,26.48,63.55
56,22,5.34,12.83
56,23,26.01,62.43
56,24,23.76,57.02
56,25,33.19,79.66
56,26,52.45,125.89
56,27,55.97,134.32
56,28,38.31,91.94
56,29,41.44,99.45
56,30,17.99,43.18
56,31,20.13,48.32
56,32,34.63,83.11
56,33,54.03,129.66
56,34,40.88,98.10
56,35,63.95,153.49
56,36,14.25,34.19
56,37,17.17,41.20
56,38,22.42,53.81
56,39,64.69,155.25
56,40,13.72,32.92
56,41,40.01,96.01
56,42,28.24,67.77
56,43,53.42,128.21
56,44,51.07,122.56
56,45,43.50,104.40
56,46,39.22,94.12
56,47,41.07,98.56
56,48,36.86,88.46
56,49,42.41,101.78
56,50,37.99,91.19
56,51,64.49,154.77
56,52,59.10,141.85
56,53,61.90,148.56
56,54,11.03,26.47
56,55,8.59,20.61
56,57,11.60,27.83
56,58,20.47,49.12
56,59,46.88,112.52
56,60,50.45,121.08
56,61,60.61,145.46
56,62,34.46,82.70
56,63,31.74,76.18
56,64,45.81,109.93
56,65,36.37,87.30
56,66,26.93,64.64
56,67,62.48,149.95
56,68,56.01,134.43
56,69,62.61,150.27
56,70,58.56,140.55
56,71,63.26,151.82
56,72,55.23,132.56
56,73,46.27,111.05
56,74,43.42,104.21
56,75,68.44,164.26
56,76,38.73,92.95
56,77,37.23,89.36
56,78,63.33,152.00
56,79,64.26,154.24
56,80,72.21,173.29
56,81,66.96,160.71
56,82,40.21,96.51
56,83,50.93,122.24
56,84,63.42,152.22
56,85,59.46,142.69
56,86,33.23,79.76
56,87,16.21,38.91
56,88,17.40,41.75
56,89,44.89,107.73
56,90,44.91,107.78
56,91,61.66,147.99
56,92,65.22,156.52
56,93,61.49,147.56
56,94,5.44,13.06
56,95,13.26,31.84
56,96,53.29,127.90
56,97,68.13,163.50
56,98,14.27,34.25
56,99,52.46,125.90
56,100,29.79,71.51
56,101,36.49,87.56
56,102,70.95,170.28
56,103,70.48,169.15
56,104,64.71,155.31
56,105,37.95,91.08
56,106,69.53,166.86
56,107,9.65,23.15
56,108,32.63,78.32
56,109,25.19,60.46
56,110,74.03,177.67
56,111,15.97,38.33
56,112,31.71,76.10
56,113,77.64,186.33
56,114,20.30,48.72
56,115,44.58,106.99
56,116,65.61,157.46
56,117,14.65,35.16
56,118,42.90,102.95
56,119,36.22,86.94
56,120,46.04,110.49
56,121,26.49,63.57
56,122,29.11,69.88
56,123,77.46,185.90
56,124,51.21,122.91
56,125,22.38,53.72
56,126,53.47,128.32
56,127,60.42,145.02
56,128,74.53,178.87
56,129,47.29,113.49
56,130,57.94,139.07
56,131,66.14,158.74
56,132,57.78,138.68
56,133,24.77,59.44
56,134,53.58,128.58
56,135,73.68,176.84
56,136,63.74,152.97
56,137,50.12,120.28
56,138,22.45,53.88
56,139,75.93,182.23
56,140,41.82,100.36
56,141,59.07,141.76
56,142,52.61,126.27
56,143,42.69,102.47
56,144,47.19,113.26
56,145,63.44,152.25
56,146,24.26,58.23
56,147,17.62,42.28
56,148,10.00,24.00
56,149,77.91,186.99
56,150,72.46,173.92
56,151,54.37,130.49
56,152,41.94,100.66
56,158,66.09,158.61
56,160,7.42,17.81
56,162,67.06,160.96
56,164,22.91,54.99
56,166,41.50,99.60
56,170,34.26,82.21
57,1,30.67,73.61
57,2,41.17,98.80
57,3,45.35,108.84
57,4,45.97,110.34
57,5,48.31,115.93
57,6,55.42,133.01
57,7,33.24,79.76
57,8,33.44,80.26
57,9,48.25,115.79
57,10,54.11,129.87
57,11,40.44,97.05
57,12,44.68,107.22
57,13,52.42,125.81
57,14,37.68,90.44
57,15,49.29,118.30
57,16,32.66,78.38
57,17,43.39,104.13
57,18,14.78,35.47
57,19,20.77,49.84
57,20,23.14,55.53
57,21,23.22,55.74
57,22,6.37,15.28
57,23,18.20,43.68
57,24,13.30,31.91
57,25,26.48,63.54
57,26,44.44,106.64
57,27,48.08,115.38
57,28,36.84,88.42
57,29,40.37,96.88
57,30,8.10,19.44
57,31,9.12,21.90
57,32,38.53,92.48
57,33,52.85,126.84
57,34,38.27,91.84
57,35,56.81,136.35
57,36,17.30,41.53
57,37,21.92,52.61
57,38,26.98,64.75
57,39,56.77,136.24
57,40,8.19,19.65
57,41,29.74,71.37
57,42,27.99,67.18
57,43,43.01,103.22
57,44,41.81,100.35
57,45,39.22,94.12
57,46,35.60,85.43
57,47,44.49,106.78
57,48,42.49,101.97
57,49,47.22,113.32
57,50,38.33,92.00
57,51,58.83,141.19
57,52,49.83,119.60
57,53,53.27,127.84
57,54,17.73,42.55
57,55,19.14,45.94
57,56,11.60,27.83
57,58,27.36,65.67
57,59,50.65,121.57
57,60,52.94,127.06
57,61,59.26,142.22
57,62,25.83,61.98
57,63,21.09,50.62
57,64,40.60,97.44
57,65,31.02,74.46
57,66,17.34,41.61
57,67,56.07,134.58
57,68,46.28,111.06
57,69,52.94,127.06
57,70,48.24,115.77
57,71,59.51,142.81
57,72,57.51,138.03
57,73,35.81,85.94
57,74,35.55,85.33
57,75,58.29,139.89
57,76,45.64,109.53
57,77,29.74,71.38
57,78,64.95,155.87
57,79,53.81,129.16
57,80,63.84,153.22
57,81,67.76,162.62
57,82,34.94,83.87
57,83,57.37,137.69
57,84,60.76,145.83
57,85,55.04,132.11
57,86,39.48,94.74
57,87,23.45,56.27
57,88,5.81,13.95
57,89,50.89,122.13
57,90,51.92,124.60
57,91,61.71,148.10
57,92,56.02,134.44
57,93,51.39,123.33
57,94,9.17,22.01
57,95,4.30,10.33
57,96,50.99,122.38
57,97,61.14,146.74
57,98,23.24,55.78
57,99,59.70,143.29
57,100,26.77,64.24
57,101,38.92,93.42
57,102,60.33,144.80
57,103,60.59,145.41
57,104,60.28,144.67
57,105,28.96,69.49
57,106,63.87,153.29
57,107,6.23,14.95
57,108,21.08,50.59
57,109,13.62,32.69
57,110,63.65,152.76
57,111,6.23,14.95
57,112,20.17,48.40
57,113,67.28,161.47
57,114,11.19,26.86
57,115,41.49,99.58
57,116,57.20,137.29
57,117,9.50,22.79
57,118,32.00,76.80
57,119,24.64,59.14
57,120,37.04,88.89
57,121,33.98,81.54
57,122,20.23,48.55
57,123,73.81,177.14
57,124,57.06,136.95
57,125,18.93,45.42
57,126,60.73,145.76
57,127,50.21,120.50
57,128,70.85,170.04
57,129,45.87,110.09
57,130,52.36,125.65
57,131,57.87,138.89
57,132,54.54,130.90
57,133,27.06,64.95
57,134,53.15,127.56
57,135,65.42,157.02
57,136,55.58,133.39
57,137,57.15,137.16
57,138,12.58,30.19
57,139,70.56,169.33
57,140,33.36,80.07
57,141,59.08,141.79
57,142,59.08,141.80
57,143,44.13,105.90
57,144,45.62,109.49
57,145,55.97,134.32
57,146,13.70,32.88
57,147,11.07,26.58
57,148,17.01,40.83
57,149,75.14,180.34
57,150,71.19,170.86
57,151,55.07,132.16
57,152,37.85,90.84
57,158,56.14,134.73
57,160,5.07,12.16
57,162,60.81,145.95
57,164,31.08,74.59
57,166,46.98,112.76
57,170,23.78,57.08
58,1,50.60,121.44
58,2,58.36,140.07
58,3,31.49,75.59
58,4,36.31,87.14
58,5,41.38,99.31
58,6,44.92,107.81
58,7,45.03,108.07
58,8,35.97,86.34
58,9,46.48,111.56
58,10,52.48,125.96
58,11,47.64,114.34
58,12,47.31,113.54
58,13,55.08,132.19
58,14,40.49,97.17
58,15,29.04,69.69
58,16,21.51,51.62
58,17,25.42,61.01
58,18,22.58,54.20
58,19,15.67,37.61
58,20,26.23,62.95
58,21,21.68,52.04
58,22,22.49,53.98
58,23,29.26,70.22
58,24,32.86,78.86
58,25,31.92,76.62
58,26,50.36,120.86
58,27,53.22,127.73
58,28,26.28,63.06
58,29,28.17,67.60
58,30,28.29,67.89
58,31,31.60,75.84
58,32,15.48,37.15
58,33,39.43,94.64
58,34,30.24,72.57
58,35,58.88,141.31
58,36,11.03,26.46
58,37,6.42,15.41
58,38,5.67,13.61
58,39,61.26,147.02
58,40,22.09,53.02
58,41,45.18,108.43
58,42,17.27,41.44
58,43,57.56,138.16
58,44,52.09,125.01
58,45,35.30,84.72
58,46,30.68,73.64
58,47,21.90,52.55
58,48,16.45,39.48
58,49,22.21,53.31
58,50,23.12,55.49
58,51,56.41,135.39
58,52,59.41,142.58
58,53,60.36,144.87
58,54,9.88,23.71
58,55,13.53,32.47
58,56,20.47,49.12
58,57,27.36,65.67
58,59,27.19,65.26
58,60,31.67,76.01
58,61,45.79,109.91
58,62,36.67,88.01
58,63,39.41,94.57
58,64,38.92,93.40
58,65,31.67,76.00
58,66,33.21,79.71
58,67,56.01,134.42
58,68,57.87,138.88
58,69,63.76,153.02
58,70,62.01,148.82
58,71,51.92,124.60
58,72,36.47,87.52
58,73,51.26,123.03
58,74,42.22,101.33
58,75,70.70,169.68
58,76,18.47,44.33
58,77,36.44,87.46
58,78,44.92,107.80
58,79,67.77,162.64
58,80,69.32,166.36
58,81,49.24,118.17
58,82,34.46,82.70
58,83,30.55,73.33
58,84,50.34,120.82
58,85,49.53,118.87
58,86,12.77,30.64
58,87,4.26,10.22
58,88,32.15,77.16
58,89,24.42,58.61
58,90,24.74,59.37
58,91,44.99,107.97
58,92,64.88,155.71
58,93,63.99,153.57
58,94,25.76,61.83
58,95,25.51,61.22
58,96,40.45,97.08
58,97,62.42,149.81
58,98,7.35,17.65
58,99,32.46,77.89
58,100,23.06,55.35
58,101,18.85,45.24
58,102,74.71,179.31
58,103,71.80,172.32
58,104,54.43,130.62
58,105,40.23,96.55
58,106,61.11,146.65
58,107,29.02,69.66
58,108,44.11,105.87
58,109,37.87,90.88
58,110,76.78,184.27
58,111,33.47,80.33
58,112,45.26,108.62
58,113,80.13,192.31
58,114,38.41,92.18
58,115,34.11,81.86
58,116,63.24,151.78
58,117,34.29,82.29
58,118,49.77,119.45
58,119,48.97,117.53
58,120,47.02,112.85
58,121,6.64,15.94
58,122,33.28,79.88
58,123,65.17,156.40
58,124,30.75,73.80
58,125,20.38,48.91
58,126,33.48,80.35
58,127,63.38,152.12
58,128,62.42,149.81
58,129,33.72,80.94
58,130,50.29,120.70
58,131,63.42,152.20
58,132,46.02,110.46
58,133,10.96,26.30
58,134,37.98,91.15
58,135,70.47,169.13
58,136,60.92,146.22
58,137,29.98,71.95
58,138,39.94,95.86
58,139,66.64,159.93
58,140,42.16,101.20
58,141,42.56,102.15
58,142,32.25,77.40
58,143,25.62,61.49
58,144,33.88,81.31
58,145,59.10,141.84
58,146,40.93,98.22
58,147,36.98,88.75
58,148,10.79,25.91
58,149,64.27,154.25
58,150,56.97,136.73
58,151,37.30,89.52
58,152,33.69,80.85
58,158,67.84,162.81
58,160,26.03,62.48
58,162,59.95,143.88
58,164,4.79,11.50
58,166,21.09,50.61
58,170,40.93,98.24
59,1,63.41,152.19
59,2,67.23,161.35
59,3,18.51,44.43
59,4,25.75,61.80
59,5,31.53,75.67
59,6,29.43,70.63
59,7,52.24,125.38
59,8,38.83,93.20
59,9,40.27,96.65
59,10,44.49,106.77
59,11,49.90,119.77
59,12,45.29,108.70
59,13,50.77,121.84
59,14,41.34,99.23
59,15,7.38,17.70
59,16,22.49,53.96
59,17,11.91,28.59
59,18,39.25,94.20
59,19,30.77,73.84
59,20,36.20,86.87
59,21,32.12,77.10
59,22,47.52,114.04
59,23,42.97,103.14
59,24,50.20,120.49
59,25,39.73,95.34
59,26,50.56,121.35
59,27,51.86,124.46
59,28,22.47,53.93
59,29,20.38,48.91
59,30,47.99,115.18
59,31,51.12,122.68
59,32,12.30,29.52
59,33,22.40,53.76
59,34,25.90,62.16
59,35,53.06,127.34
59,36,33.73,80.96
59,37,29.82,71.57
59,38,24.50,58.80
59,39,57.35,137.63
59,40,43.12,103.50
59,41,55.43,133.02
59,42,24.60,59.04
59,43,64.10,153.84
59,44,55.89,134.15
59,45,32.06,76.95
59,46,29.52,70.86
59,47,6.20,14.88
59,48,11.98,28.75
59,49,6.02,14.45
59,50,16.81,40.33
59,51,46.57,111.77
59,52,60.85,146.03
59,53,59.21,142.09
59,54,35.86,86.06
59,55,40.70,97.69
59,56,46.88,112.52
59,57,50.65,121.57
59,58,27.19,65.26
59,60,6.46,15.50
59,61,26.49,63.58
59,62,46.30,111.11
59,63,53.64,128.73
59,64,36.05,86.51
59,65,35.39,84.94
59,66,48.06,115.33
59,67,48.70,116.88
59,68,61.55,147.72
59,69,65.56,157.34
59,70,66.97,160.73
59,71,37.67,90.42
59,72,10.36,24.85
59,73,59.96,143.91
59,74,45.93,110.24
59,75,72.95,175.09
59,76,15.35,36.85
59,77,42.77,102.66
59,78,18.78,45.08
59,79,71.98,172.74
59,80,64.91,155.78
59,81,23.94,57.46
59,82,35.29,84.70
59,83,14.26,34.22
59,84,33.35,80.03
59,85,38.24,91.79
59,86,15.99,38.37
59,87,31.17,74.81
59,88,53.83,129.19
59,89,10.31,24.74
59,90,15.36,36.87
59,91,22.08,52.99
59,92,64.57,154.98
59,93,67.48,161.95
59,94,51.80,124.31
59,95,47.36,113.67
59,96,26.67,64.00
59,97,55.06,132.14
59,98,34.52,82.84
59,99,19.31,46.35
59,100,30.06,72.15
59,101,12.27,29.45
59,102,78.41,188.18
59,103,72.70,174.48
59,104,41.44,99.45
59,105,48.70,116.88
59,106,49.88,119.72
59,107,54.12,129.90
59,108,60.87,146.09
59,109,56.85,136.43
59,110,78.96,189.50
59,111,56.81,136.35
59,112,63.74,152.98
59,113,81.63,195.92
59,114,61.69,148.05
59,115,27.70,66.49
59,116,60.46,145.11
59,117,59.21,142.11
59,118,60.85,146.03
59,119,66.17,158.82
59,120,52.01,124.83
59,121,23.44,56.25
59,122,46.16,110.79
59,123,47.29,113.51
59,124,11.49,27.57
59,125,34.73,83.35
59,126,19.99,47.97
59,127,67.53,162.07
59,128,45.16,108.39
59,129,21.54,51.69
59,130,42.48,101.96
59,131,60.12,144.28
59,132,32.49,77.97
59,133,23.61,56.67
59,134,19.21,46.11
59,135,65.46,157.10
59,136,57.93,139.02
59,137,17.02,40.85
59,138,62.55,150.13
59,139,53.26,127.83
59,140,47.80,114.71
59,141,20.45,49.08
59,142,15.32,36.76
59,143,10.94,26.25
59,144,22.14,53.14
59,145,54.31,130.33
59,146,62.73,150.54
59,147,61.48,147.56
59,148,36.89,88.53
59,149,44.34,106.42
59,150,34.74,83.37
59,151,15.18,36.43
59,152,31.20,74.89
59,158,69.82,167.56
59,160,51.02,122.45
59,162,50.92,122.20
59,164,27.26,65.43
59,166,8.75,21.01
59,170,53.81,129.14
60,1,62.49,149.97
60,2,65.27,156.64
60,3,14.61,35.07
60,4,21.45,51.49
60,5,26.90,64.56
60,6,23.70,56.87
60,7,50.37,120.89
60,8,36.69,88.06
60,9,35.95,86.28
60,10,39.63,95.11
60,11,47.00,112.81
60,12,41.65,99.96
60,13,46.44,111.45
60,14,38.56,92.54
60,15,3.93,9.43
60,16,22.18,53.23
60,17,10.39,24.93
60,18,40.36,96.86
60,19,32.38,77.70
60,20,35.99,86.37
60,21,32.48,77.94
60,22,50.47,121.14
60,23,43.12,103.49
60,24,50.86,122.07
60,25,38.70,92.87
60,26,47.19,113.25
60,27,48.10,115.44
60,28,20.72,49.74
60,29,17.85,42.83
60,30,49.36,118.46
60,31,52.31,125.54
60,32,16.20,38.89
60,33,16.73,40.15
60,34,23.34,56.00
60,35,48.37,116.09
60,36,36.68,88.04
60,37,33.29,79.89
60,38,28.13,67.50
60,39,52.92,127.01
60,40,45.06,108.15
60,41,54.14,129.93
60,42,25.51,61.22
60,43,61.68,148.04
60,44,53.11,127.48
60,45,29.02,69.64
60,46,27.30,65.53
60,47,9.80,23.52
60,48,17.83,42.80
60,49,12.28,29.48
60,50,15.97,38.33
60,51,41.31,99.14
60,52,57.41,137.79
60,53,55.28,132.66
60,54,39.53,94.87
60,55,44.98,107.94
60,56,50.45,121.08
60,57,52.94,127.06
60,58,31.67,76.01
60,59,6.46,15.50
60,61,20.23,48.55
60,62,45.27,108.65
60,63,53.38,128.11
60,64,32.75,78.59
60,65,33.75,81.01
60,66,48.19,115.66
60,67,43.85,105.23
60,68,58.57,140.58
60,69,62.09,149.01
60,70,64.14,153.94
60,71,31.89,76.53
60,72,4.81,11.55
60,73,58.16,139.59
60,74,43.54,104.51
60,75,69.43,166.63
60,76,21.74,52.17
60,77,41.18,98.84
60,78,13.27,31.84
60,79,68.88,165.31
60,80,60.23,144.56
60,81,17.98,43.16
60,82,32.95,79.09
60,83,19.72,47.33
60,84,27.24,65.38
60,85,32.97,79.12
60,86,21.65,51.96
60,87,35.37,84.90
60,88,55.53,133.28
60,89,16.66,40.00
60,90,21.69,52.06
60,91,15.63,37.51
60,92,60.69,145.66
60,93,64.32,154.37
60,94,55.08,132.19
60,95,49.34,118.41
60,96,21.46,51.50
60,97,50.04,120.09
60,98,39.02,93.64
60,99,24.83,59.59
60,100,29.86,71.67
60,101,14.11,33.86
60,102,75.10,180.23
60,103,68.91,165.38
60,104,35.76,85.83
60,105,47.28,113.47
60,106,44.32,106.36
60,107,56.96,136.70
60,108,61.02,146.44
60,109,57.70,138.48
60,110,75.32,180.77
60,111,58.96,141.50
60,112,64.28,154.26
60,113,77.83,186.79
60,114,63.71,152.91
60,115,24.31,58.35
60,116,56.18,134.84
60,117,61.89,148.53
60,118,59.58,142.98
60,119,66.30,159.12
60,120,49.64,119.13
60,121,28.78,69.08
60,122,45.92,110.20
60,123,40.94,98.26
60,124,16.63,39.91
60,125,35.69,85.67
60,126,25.37,60.89
60,127,64.51,154.83
60,128,38.87,93.30
60,129,17.33,41.60
60,130,37.74,90.56
60,131,55.74,133.79
60,132,27.00,64.81
60,133,26.10,62.65
60,134,13.36,32.07
60,135,60.67,145.60
60,136,53.66,128.79
60,137,22.79,54.71
60,138,64.34,154.40
60,139,47.33,113.59
60,140,45.76,109.82
60,141,14.01,33.62
60,142,20.47,49.13
60,143,9.43,22.62
60,144,17.98,43.14
60,145,49.78,119.47
60,146,64.25,154.19
60,147,63.95,153.49
60,148,40.56,97.34
60,149,37.90,90.95
60,150,28.30,67.93
60,151,8.85,21.23
60,152,28.44,68.25
60,158,66.29,159.10
60,160,53.88,129.31
60,162,45.69,109.67
60,164,32.43,77.84
60,166,15.13,36.31
60,170,53.21,127.71
61,1,58.27,139.85
61,2,57.53,138.07
61,3,14.65,35.17
61,4,13.77,33.05
61,5,14.77,35.44
61,6,6.60,15.84
61,7,44.12,105.88
61,8,31.59,75.81
61,9,22.82,54.76
61,10,23.80,57.12
61,11,37.63,90.30
61,12,30.27,72.64
61,13,31.97,76.73
61,14,30.83,74.00
61,15,19.72,47.34
61,16,27.19,65.25
61,17,20.60,49.44
61,18,44.64,107.14
61,19,39.36,94.46
61,20,37.19,89.25
61,21,36.05,86.52
61,22,58.91,141.37
61,23,44.20,106.07
61,24,52.57,126.16
61,25,36.85,88.45
61,26,36.10,86.64
61,27,35.56,85.34
61,28,22.53,54.07
61,29,19.20,46.07
61,30,53.31,127.94
61,31,55.46,133.10
61,32,31.76,76.23
61,33,6.58,15.80
61,34,21.19,50.85
61,35,32.47,77.92
61,36,46.45,111.47
61,37,44.80,107.53
61,38,40.74,97.77
61,39,37.65,90.37
61,40,51.11,122.66
61,41,49.43,118.62
61,42,32.38,77.70
61,43,52.68,126.44
61,44,43.54,104.49
61,45,22.75,54.60
61,46,24.59,59.02
61,47,27.14,65.13
61,48,36.19,86.86
61,49,31.74,76.18
61,50,23.01,55.23
61,51,23.77,57.05
61,52,45.27,108.65
61,53,41.59,99.81
61,54,50.86,122.06
61,55,57.47,137.92
61,56,60.61,145.46
61,57,59.26,142.22
61,58,45.79,109.91
61,59,26.49,63.58
61,60,20.23,48.55
61,62,42.40,101.77
61,63,52.01,124.83
61,64,24.39,58.54
61,65,31.00,74.40
61,66,48.59,116.61
61,67,27.65,66.37
61,68,47.91,114.99
61,69,49.55,118.92
61,70,53.62,128.68
61,71,12.96,31.09
61,72,18.54,44.51
61,73,51.42,123.42
61,74,36.40,87.37
61,75,56.39,135.33
61,76,41.11,98.67
61,77,37.09,89.00
61,78,16.40,39.36
61,79,57.24,137.38
61,80,43.83,105.19
61,81,13.94,33.46
61,82,28.05,67.32
61,83,39.77,95.45
61,84,7.32,17.57
61,85,16.19,38.85
61,86,39.32,94.36
61,87,48.46,116.30
61,88,59.94,143.86
61,89,36.80,88.32
61,90,41.85,100.45
61,91,7.54,18.09
61,92,46.87,112.49
61,93,52.71,126.49
61,94,64.14,153.93
61,95,55.06,132.13
61,96,9.10,21.85
61,97,32.90,78.95
61,98,52.54,126.09
61,99,44.84,107.62
61,100,32.53,78.07
61,101,27.26,65.42
61,102,62.51,150.03
61,103,55.02,132.05
61,104,17.02,40.84
61,105,42.88,102.90
61,106,25.57,61.36
61,107,64.59,155.02
61,108,60.27,144.65
61,109,59.38,142.52
61,110,61.72,148.12
61,111,64.43,154.62
61,112,64.50,154.81
61,113,63.61,152.66
61,114,68.52,164.45
61,115,18.69,44.85
61,116,41.25,98.99
61,117,68.75,165.00
61,118,54.46,130.70
61,119,65.14,156.34
61,120,41.79,100.29
61,121,45.19,108.45
61,122,45.43,109.03
61,123,20.86,50.06
61,124,36.59,87.82
61,125,40.33,96.79
61,126,45.30,108.72
61,127,53.35,128.03
61,128,18.67,44.80
61,129,13.44,32.25
61,130,22.57,54.16
61,131,40.52,97.24
61,132,10.35,24.84
61,133,36.55,87.71
61,134,8.00,19.21
61,135,43.87,105.29
61,136,38.92,93.41
61,137,42.95,103.08
61,138,68.38,164.11
61,139,27.51,66.03
61,140,39.50,94.80
61,141,7.05,16.92
61,142,40.34,96.82
61,143,20.64,49.55
61,144,13.64,32.75
61,145,34.37,82.49
61,146,67.50,162.00
61,147,70.09,168.21
61,148,51.79,124.30
61,149,18.67,44.80
61,150,11.95,28.68
61,151,11.38,27.32
61,152,23.41,56.18
61,158,53.39,128.13
61,160,61.78,148.27
61,162,28.05,67.32
61,164,48.15,115.55
61,166,34.67,83.20
61,170,50.80,121.92
62,1,17.22,41.33
62,2,22.07,52.98
62,3,32.26,77.42
62,4,28.89,69.34
62,5,28.36,68.06
62,6,36.79,88.30
62,7,8.56,20.54
62,8,10.94,26.25
62,9,24.84,59.61
62,10,29.98,71.96
62,11,14.61,35.07
62,12,19.60,47.04
62,13,26.91,64.59
62,14,13.53,32.48
62,15,41.38,99.32
62,16,23.84,57.22
62,17,35.03,84.06
62,18,15.32,36.78
62,19,21.08,50.58
62,20,11.00,26.41
62,21,15.83,37.99
62,22,29.75,71.41
62,23,8.53,20.47
62,24,13.44,32.27
62,25,6.59,15.82
62,26,18.63,44.71
62,27,22.29,53.49
62,28,24.57,58.97
62,29,27.76,66.62
62,30,17.73,42.55
62,31,17.73,42.56
62,32,37.55,90.13
62,33,37.21,89.31
62,34,22.83,54.79
62,35,31.29,75.10
62,36,27.17,65.21
62,37,30.56,73.36
62,38,32.22,77.33
62,39,30.95,74.28
62,40,20.75,49.80
62,41,9.25,22.20
62,42,23.16,55.59
62,43,20.90,50.17
62,44,16.68,40.03
62,45,19.65,47.17
62,46,18.74,44.99
62,47,40.74,97.78
62,48,44.16,105.98
62,49,45.94,110.25
62,50,29.61,71.06
62,51,34.69,83.25
62,52,24.68,59.23
62,53,27.56,66.15
62,54,32.03,76.88
62,55,37.94,91.06
62,56,34.46,82.70
62,57,25.83,61.98
62,58,36.67,88.01
62,59,46.30,111.11
62,60,45.27,108.65
62,61,42.40,101.77
62,63,9.74,23.38
62,64,18.74,44.98
62,65,11.89,28.54
62,66,8.78,21.08
62,67,31.17,74.82
62,68,21.96,52.71
62,69,28.40,68.15
62,70,25.49,61.19
62,71,38.15,91.56
62,72,48.61,116.67
62,73,14.77,35.45
62,74,9.95,23.87
62,75,34.75,83.39
62,76,49.52,118.85
62,77,5.48,13.15
62,78,53.62,128.69
62,79,31.30,75.11
62,80,38.06,91.35
62,81,54.41,130.57
62,82,14.35,34.45
62,83,58.16,139.57
62,84,41.24,98.98
62,85,32.93,79.02
62,86,43.29,103.90
62,87,35.15,84.36
62,88,22.99,55.18
62,89,51.65,123.95
62,90,54.91,131.79
62,91,47.43,113.82
62,92,30.76,73.83
62,93,27.84,66.81
62,94,34.48,82.74
62,95,22.07,52.97
62,96,33.30,79.92
62,97,35.68,85.62
62,98,37.89,90.95
62,99,62.20,149.27
62,100,16.58,39.79
62,101,34.63,83.12
62,102,38.23,91.76
62,103,36.40,87.36
62,104,37.77,90.64
62,105,3.67,8.80
62,106,39.57,94.96
62,107,32.02,76.86
62,108,17.97,43.13
62,109,18.84,45.21
62,110,40.66,97.58
62,111,28.14,67.52
62,112,22.46,53.90
62,113,44.15,105.97
62,114,30.53,73.27
62,115,24.00,57.61
62,116,31.42,75.41
62,117,33.86,81.26
62,118,14.60,35.03
62,119,22.74,54.57
62,120,11.59,27.82
62,121,42.06,100.94
62,122,5.60,13.43
62,123,51.84,124.41
62,124,56.47,135.52
62,125,16.30,39.11
62,126,63.16,151.58
62,127,27.04,64.89
62,128,48.96,117.51
62,129,31.02,74.44
62,130,28.60,68.64
62,131,32.06,76.95
62,132,34.55,82.92
62,133,28.00,67.21
62,134,39.05,93.73
62,135,39.62,95.09
62,136,29.76,71.41
62,137,59.44,142.65
62,138,29.41,70.58
62,139,46.39,111.34
62,140,7.54,18.09
62,141,45.05,108.11
62,142,59.71,143.31
62,143,36.03,86.48
62,144,30.48,73.16
62,145,30.28,72.67
62,146,27.70,66.49
62,147,33.78,81.08
62,148,32.20,77.28
62,149,54.50,130.79
62,150,53.42,128.21
62,151,43.07,103.37
62,152,19.11,45.85
62,158,32.13,77.11
62,160,30.55,73.31
62,162,35.95,86.28
62,164,41.46,99.50
62,166,47.28,113.47
62,170,8.43,20.22
63,1,11.21,26.90
63,2,20.41,48.99
63,3,41.18,98.83
63,4,38.39,92.13
63,5,38.09,91.42
63,6,46.50,111.59
63,7,13.47,32.33
63,8,20.67,49.61
63,9,34.33,82.38
63,10,39.16,93.98
63,11,22.10,53.05
63,12,28.47,68.32
63,13,35.07,84.18
63,14,23.06,55.36
63,15,49.45,118.68
63,16,31.31,75.15
63,17,43.00,103.20
63,18,16.86,40.46
63,19,25.03,60.08
63,20,17.46,41.92
63,21,21.63,51.91
63,22,26.49,63.59
63,23,10.91,26.17
63,24,7.98,19.16
63,25,15.35,36.85
63,26,26.24,62.97
63,27,29.85,71.63
63,28,33.02,79.24
63,29,36.43,87.44
63,30,13.76,33.02
63,31,11.97,28.73
63,32,43.65,104.76
63,33,46.64,111.94
63,34,31.90,76.56
63,35,39.35,94.43
63,36,28.70,68.87
63,37,32.99,79.18
63,38,35.99,86.38
63,39,38.08,91.39
63,40,19.15,45.96
63,41,8.79,21.10
63,42,29.32,70.37
63,43,21.92,52.61
63,44,21.74,52.18
63,45,29.29,70.29
63,46,27.92,67.01
63,47,47.75,114.60
63,48,49.76,119.43
63,49,52.45,125.88
63,50,37.43,89.84
63,51,43.79,105.09
63,52,29.52,70.84
63,53,33.67,80.80
63,54,32.57,78.18
63,55,37.21,89.32
63,56,31.74,76.18
63,57,21.09,50.62
63,58,39.41,94.57
63,59,53.64,128.73
63,60,53.38,128.11
63,61,52.01,124.83
63,62,9.74,23.38
63,64,28.48,68.36
63,65,21.14,50.75
63,66,6.22,14.92
63,67,39.90,95.76
63,68,25.53,61.28
63,69,32.18,77.24
63,70,27.15,65.17
63,71,47.84,114.81
63,72,57.05,136.93
63,73,14.72,35.32
63,74,18.68,44.84
63,75,37.23,89.36
63,76,54.64,131.14
63,77,15.22,36.52
63,78,62.59,150.21
63,79,32.73,78.54
63,80,44.35,106.43
63,81,63.70,152.87
63,82,23.99,57.57
63,83,64.41,154.58
63,84,50.98,122.36
63,85,42.56,102.14
63,86,48.21,115.69
63,87,36.93,88.62
63,88,16.59,39.82
63,89,57.75,138.61
63,90,60.45,145.08
63,91,56.78,136.28
63,92,35.67,85.60
63,93,30.37,72.89
63,94,30.26,72.62
63,95,18.48,44.35
63,96,42.92,103.00
63,97,43.73,104.96
63,98,38.79,93.09
63,99,68.04,163.30
63,100,23.62,56.70
63,101,41.53,99.67
63,102,39.29,94.29
63,103,39.64,95.13
63,104,47.31,113.54
63,105,10.74,25.77
63,106,48.53,116.48
63,107,26.78,64.26
63,108,8.26,19.82
63,109,10.26,24.63
63,110,42.56,102.14
63,111,21.40,51.37
63,112,12.73,30.55
63,113,46.19,110.86
63,114,22.63,54.32
63,115,33.46,80.31
63,116,37.80,90.73
63,117,27.28,65.48
63,118,11.20,26.88
63,119,13.24,31.77
63,120,17.66,42.38
63,121,45.53,109.27
63,122,7.48,17.96
63,123,61.39,147.34
63,124,63.06,151.35
63,125,20.11,48.25
63,126,69.04,165.70
63,127,29.15,69.96
63,128,58.54,140.49
63,129,40.23,96.54
63,130,37.94,91.05
63,131,38.64,92.74
63,132,44.29,106.30
63,133,32.80,78.72
63,134,48.29,115.88
63,135,46.02,110.45
63,136,36.58,87.79
63,137,65.29,156.69
63,138,21.06,50.53
63,139,55.36,132.87
63,140,15.56,37.35
63,141,54.35,130.43
63,142,66.04,158.50
63,143,43.98,105.55
63,144,39.73,95.35
63,145,38.01,91.22
63,146,18.98,45.56
63,147,26.52,63.65
63,148,32.43,77.84
63,149,64.19,154.05
63,150,63.13,151.52
63,151,52.02,124.84
63,152,28.62,68.70
63,158,35.17,84.42
63,160,26.16,62.77
63,162,44.63,107.10
63,164,44.11,105.86
63,166,53.39,128.15
63,170,2.81,6.74
64,1,33.89,81.34
64,2,33.71,80.90
64,3,18.14,43.55
64,4,12.13,29.10
64,5,9.79,23.49
64,6,18.33,44.00
64,7,19.75,47.41
64,8,7.89,18.94
64,9,8.02,19.24
64,10,14.18,34.03
64,11,14.38,34.52
64,12,9.42,22.60
64,13,16.38,39.30
64,14,6.50,15.60
64,15,29.37,70.49
64,16,18.09,43.41
64,17,24.22,58.13
64,18,26.24,62.98
64,19,25.46,61.10
64,20,17.64,42.33
64,21,19.52,46.85
64,22,42.40,101.77
64,23,22.94,55.04
64,24,30.78,73.88
64,25,14.55,34.92
64,26,14.52,34.86
64,27,16.01,38.42
64,28,14.71,35.31
64,29,15.76,37.81
64,30,33.20,79.68
64,31,34.48,82.75
64,32,31.99,76.79
64,33,20.22,48.52
64,34,10.50,25.21
64,35,19.98,47.96
64,36,33.70,80.88
64,37,34.67,83.21
64,38,33.30,79.91
64,39,22.85,54.84
64,40,33.26,79.82
64,41,25.05,60.13
64,42,21.65,51.97
64,43,29.43,70.62
64,44,20.54,49.29
64,45,4.14,9.93
64,46,8.34,20.02
64,47,32.12,77.08
64,48,38.86,93.26
64,49,38.05,91.32
64,50,20.53,49.26
64,51,18.68,44.84
64,52,24.80,59.53
64,53,23.47,56.34
64,54,39.05,93.71
64,55,46.00,110.40
64,56,45.81,109.93
64,57,40.60,97.44
64,58,38.92,93.40
64,59,36.05,86.51
64,60,32.75,78.59
64,61,24.39,58.54
64,62,18.74,44.98
64,63,28.48,68.36
64,65,9.61,23.05
64,66,26.28,63.07
64,67,17.24,41.38
64,68,25.85,62.04
64,69,29.51,70.83
64,70,31.46,75.51
64,71,19.57,46.98
64,72,34.76,83.43
64,73,27.22,65.32
64,74,12.07,28.98
64,75,36.91,88.58
64,76,44.77,107.46
64,77,13.26,31.83
64,78,37.78,90.67
64,79,36.13,86.72
64,80,30.90,74.16
64,81,37.44,89.85
64,82,5.68,13.62
64,83,49.90,119.75
64,84,22.52,54.05
64,85,14.62,35.08
64,86,39.78,95.48
64,87,39.48,94.75
64,88,39.55,94.92
64,89,44.26,106.22
64,90,48.66,116.77
64,91,30.37,72.88
64,92,28.73,68.95
64,93,31.58,75.80
64,94,47.71,114.50
64,95,36.32,87.17
64,96,15.46,37.11
64,97,23.53,56.48
64,98,43.31,103.95
64,99,54.69,131.26
64,100,16.65,39.97
64,101,27.39,65.73
64,102,42.42,101.81
64,103,36.74,88.18
64,104,19.76,47.43
64,105,18.65,44.75
64,106,23.72,56.93
64,107,46.66,111.99
64,108,36.68,88.04
64,109,37.08,89.00
64,110,42.92,103.01
64,111,44.54,106.91
64,112,41.20,98.88
64,113,45.66,109.59
64,114,47.84,114.81
64,115,8.44,20.25
64,116,25.40,60.96
64,117,49.76,119.42
64,118,30.07,72.16
64,119,41.29,99.09
64,120,17.77,42.66
64,121,41.94,100.65
64,122,22.85,54.83
64,123,33.62,80.68
64,124,47.43,113.84
64,125,23.43,56.24
64,126,55.50,133.21
64,127,31.77,76.25
64,128,30.68,73.63
64,129,15.68,37.64
64,130,12.15,29.16
64,131,25.32,60.77
64,132,15.83,38.00
64,133,27.99,67.18
64,134,22.85,54.84
64,135,31.89,76.53
64,136,22.91,54.98
64,137,52.09,125.02
64,138,47.14,113.14
64,139,30.18,72.44
64,140,15.11,36.26
64,141,28.29,67.90
64,142,51.17,122.80
64,143,25.15,60.37
64,144,15.04,36.09
64,145,20.37,48.89
64,146,45.77,109.84
64,147,50.37,120.89
64,148,39.67,95.22
64,149,35.86,86.07
64,150,34.87,83.68
64,151,27.79,66.70
64,152,5.49,13.17
64,158,33.77,81.05
64,160,44.39,106.55
64,162,21.53,51.67
64,164,43.10,103.43
64,166,40.31,96.75
64,170,26.90,64.57
65,1,28.93,69.43
65,2,31.84,76.41
65,3,20.38,48.92
65,4,17.28,41.48
65,5,17.84,42.81
65,6,25.84,62.02
65,7,16.85,40.45
65,8,4.34,10.42
65,9,17.47,41.93
65,10,23.55,56.53
65,11,16.33,39.18
65,12,15.94,38.26
65,13,23.96,57.51
65,14,8.85,21.24
65,15,29.93,71.83
65,16,13.62,32.69
65,17,23.73,56.96
65,18,16.65,39.95
65,19,16.89,40.53
65,20,8.05,19.31
65,21,10.61,25.46
65,22,32.83,78.80
65,23,13.70,32.89
65,24,21.90,52.55
65,25,5.85,14.05
65,26,18.71,44.91
65,27,21.57,51.77
65,28,13.07,31.37
65,29,16.01,38.43
65,30,23.77,57.04
65,31,25.29,60.69
65,32,28.23,67.75
65,33,25.50,61.19
65,34,10.94,26.26
65,35,28.09,67.40
65,36,24.95,59.87
65,37,26.64,63.93
65,38,26.31,63.13
65,39,29.81,71.54
65,40,23.66,56.78
65,41,20.41,48.98
65,42,15.07,36.17
65,43,28.98,69.56
65,44,21.58,51.79
65,45,8.61,20.66
65,46,6.85,16.45
65,47,30.27,72.65
65,48,35.14,84.34
65,49,35.86,86.06
65,50,18.60,44.63
65,51,28.17,67.61
65,52,28.16,67.59
65,53,28.71,68.90
65,54,30.32,72.76
65,55,37.15,89.17
65,56,36.37,87.30
65,57,31.02,74.46
65,58,31.67,76.00
65,59,35.39,84.94
65,60,33.75,81.01
65,61,31.00,74.40
65,62,11.89,28.54
65,63,21.14,50.75
65,64,9.61,23.05
65,66,17.67,42.42
65,67,26.16,62.79
65,68,27.47,65.92
65,69,32.72,78.52
65,70,32.42,77.82
65,71,28.69,68.86
65,72,36.88,88.51
65,73,24.58,58.98
65,74,11.26,27.03
65,75,39.95,95.87
65,76,40.88,98.11
65,77,7.44,17.85
65,78,41.73,100.15
65,79,37.86,90.87
65,80,37.80,90.72
65,81,42.59,102.20
65,82,3.93,9.43
65,83,48.12,115.49
65,84,30.75,73.80
65,85,24.04,57.70
65,86,35.13,84.30
65,87,31.52,75.65
65,88,30.23,72.55
65,89,41.87,100.48
65,90,45.67,109.60
65,91,35.65,85.55
65,92,33.35,80.03
65,93,33.64,80.74
65,94,38.13,91.50
65,95,26.74,64.17
65,96,21.96,52.70
65,97,32.06,76.94
65,98,35.11,84.26
65,99,52.51,126.02
65,100,8.61,20.66
65,101,24.49,58.77
65,102,44.66,107.19
65,103,40.62,97.48
65,104,29.26,70.22
65,105,13.53,32.48
65,106,33.22,79.74
65,107,37.07,88.96
65,108,29.36,70.47
65,109,28.54,68.50
65,110,46.09,110.63
65,111,35.15,84.35
65,112,33.51,80.43
65,113,49.25,118.20
65,114,38.65,92.76
65,115,12.35,29.63
65,116,31.61,75.85
65,117,40.25,96.60
65,118,25.84,62.01
65,119,34.37,82.48
65,120,17.05,40.91
65,121,35.73,85.75
65,122,14.44,34.65
65,123,42.93,103.02
65,124,46.12,110.68
65,125,14.11,33.86
65,126,53.42,128.21
65,127,33.36,80.06
65,128,39.97,95.94
65,129,19.15,45.95
65,130,21.63,51.91
65,131,31.83,76.39
65,132,24.19,58.05
65,133,21.20,50.87
65,134,27.20,65.27
65,135,39.04,93.70
65,136,29.34,70.40
65,137,49.78,119.48
65,138,38.13,91.52
65,139,39.76,95.42
65,140,12.51,30.03
65,141,33.23,79.75
65,142,49.58,119.00
65,143,24.75,59.39
65,144,18.63,44.70
65,145,27.94,67.06
65,146,36.96,88.70
65,147,40.97,98.33
65,148,30.85,74.04
65,149,44.73,107.35
65,150,42.41,101.77
65,151,31.18,74.84
65,152,7.63,18.31
65,158,36.93,88.64
65,160,34.79,83.49
65,162,30.70,73.68
65,164,36.19,86.85
65,166,37.60,90.24
65,170,20.26,48.62
66,1,17.39,41.74
66,2,25.93,62.23
66,3,36.75,88.20
66,4,34.82,83.58
66,5,35.39,84.95
66,6,43.51,104.43
66,7,15.93,38.22
66,8,18.43,44.24
66,9,33.08,79.40
66,10,38.49,92.39
66,11,23.28,55.86
66,12,28.31,67.95
66,13,35.70,85.67
66,14,21.88,52.51
66,15,44.26,106.23
66,16,26.01,62.43
66,17,37.81,90.75
66,18,10.65,25.55
66,19,18.87,45.30
66,20,12.27,29.46
66,21,15.93,38.24
66,22,21.90,52.56
66,23,5.09,12.22
66,24,4.69,11.26
66,25,11.91,28.58
66,26,27.35,65.64
66,27,31.01,74.43
66,28,28.29,67.90
66,29,31.83,76.39
66,30,9.30,22.32
66,31,8.95,21.48
66,32,37.72,90.53
66,33,42.84,102.82
66,34,27.79,66.70
66,35,40.08,96.19
66,36,22.58,54.18
66,37,26.80,64.33
66,38,29.78,71.47
66,39,39.63,95.11
66,40,13.64,32.74
66,41,13.18,31.63
66,42,23.54,56.50
66,43,26.57,63.78
66,44,24.50,58.79
66,45,26.24,62.97
66,46,24.05,57.71
66,47,42.07,100.97
66,48,43.70,104.88
66,49,46.59,111.81
66,50,32.23,77.34
66,51,43.22,103.74
66,52,32.53,78.08
66,53,35.95,86.27
66,54,26.65,63.96
66,55,31.67,76.00
66,56,26.93,64.64
66,57,17.34,41.61
66,58,33.21,79.71
66,59,48.06,115.33
66,60,48.19,115.66
66,61,48.59,116.61
66,62,8.78,21.08
66,63,6.22,14.92
66,64,26.28,63.07
66,65,17.67,42.42
66,67,39.88,95.71
66,68,29.15,69.97
66,69,35.79,85.91
66,70,31.66,75.98
66,71,45.85,110.04
66,72,52.07,124.97
66,73,19.51,46.83
66,74,18.73,44.94
66,75,41.51,99.62
66,76,48.50,116.40
66,77,13.59,32.62
66,78,58.05,139.31
66,79,37.40,89.76
66,80,46.55,111.72
66,81,59.55,142.93
66,82,21.11,50.67
66,83,58.44,140.26
66,84,48.35,116.04
66,85,40.82,97.98
66,86,42.05,100.92
66,87,30.82,73.96
66,88,14.21,34.10
66,89,51.77,124.25
66,90,54.36,130.46
66,91,52.78,126.68
66,92,38.71,92.90
66,93,34.55,82.93
66,94,26.26,63.03
66,95,13.92,33.42
66,96,39.60,95.04
66,97,44.46,106.70
66,98,32.83,78.79
66,99,61.98,148.76
66,100,18.33,44.00
66,101,35.85,86.04
66,102,44.16,105.99
66,103,43.59,104.61
66,104,45.84,110.01
66,105,11.65,27.95
66,106,48.16,115.59
66,107,23.46,56.30
66,108,12.84,30.83
66,109,10.88,26.11
66,110,47.13,113.10
66,111,19.35,46.44
66,112,16.28,39.06
66,113,50.72,121.73
66,114,21.89,52.53
66,115,29.90,71.77
66,116,39.91,95.79
66,117,25.09,60.21
66,118,16.88,40.52
66,119,18.14,43.54
66,120,19.70,47.29
66,121,39.31,94.35
66,122,3.46,8.31
66,123,59.83,143.60
66,124,57.19,137.26
66,125,13.99,33.59
66,126,62.99,151.17
66,127,33.50,80.39
66,128,56.91,136.60
66,129,36.15,86.76
66,130,36.99,88.78
66,131,40.61,97.47
66,132,41.73,100.15
66,133,26.69,64.05
66,134,44.16,105.98
66,135,48.15,115.56
66,136,38.36,92.07
66,137,59.24,142.16
66,138,20.95,50.28
66,139,54.97,131.93
66,140,16.21,38.91
66,141,50.27,120.65
66,142,60.09,144.21
66,143,38.76,93.03
66,144,35.71,85.69
66,145,39.05,93.71
66,146,19.49,46.77
66,147,25.01,60.04
66,148,26.58,63.79
66,149,62.10,149.04
66,150,60.08,144.18
66,151,47.51,114.02
66,152,25.30,60.71
66,158,39.18,94.03
66,160,22.23,53.35
66,162,44.66,107.18
66,164,37.93,91.03
66,166,47.42,113.82
66,170,7.89,18.94
67,1,40.93,98.23
67,2,35.77,85.84
67,3,30.34,72.81
67,4,23.08,55.40
67,5,17.19,41.26
67,6,21.47,51.53
67,7,27.22,65.33
67,8,22.83,54.80
67,9,9.55,22.92
67,10,4.22,10.13
67,11,18.23,43.76
67,12,11.57,27.78
67,13,5.95,14.29
67,14,18.40,44.15
67,15,41.38,99.31
67,16,34.75,83.41
67,17,37.90,90.96
67,18,42.50,102.01
67,19,42.65,102.36
67,20,34.06,81.74
67,21,36.59,87.81
67,22,58.69,140.86
67,23,37.88,90.91
67,24,44.57,106.97
67,25,29.67,71.20
67,26,14.45,34.68
67,27,11.61,27.87
67,28,30.59,73.41
67,29,30.28,72.68
67,30,48.20,115.67
67,31,48.75,117.00
67,32,47.53,114.08
67,33,27.57,66.16
67,34,26.27,63.05
67,35,4.81,11.56
67,36,50.87,122.09
67,37,51.91,124.58
67,38,50.35,120.85
67,39,10.08,24.20
67,40,49.39,118.53
67,41,33.25,79.80
67,42,38.76,93.02
67,43,30.02,72.05
67,44,21.84,52.42
67,45,20.71,49.70
67,46,25.33,60.79
67,47,46.20,110.87
67,48,54.08,129.79
67,49,52.06,124.95
67,50,35.75,85.79
67,51,5.16,12.38
67,52,19.84,47.61
67,53,14.91,35.79
67,54,56.23,134.96
67,55,63.16,151.58
67,56,62.48,149.95
67,57,56.07,134.58
67,58,56.01,134.42
67,59,48.70,116.88
67,60,43.85,105.23
67,61,27.65,66.37
67,62,31.17,74.82
67,63,39.90,95.76
67,64,17.24,41.38
67,65,26.16,62.79
67,66,39.88,95.71
67,68,23.88,57.32
67,69,23.31,55.94
67,70,29.06,69.73
67,71,15.51,37.22
67,72,44.19,106.05
67,73,31.95,76.69
67,74,21.33,51.18
67,75,29.44,70.66
67,76,59.93,143.84
67,77,26.45,63.47
67,78,43.97,105.53
67,79,31.32,75.16
67,80,16.46,39.51
67,81,41.38,99.32
67,82,22.46,53.91
67,83,62.96,151.10
67,84,21.52,51.64
67,85,11.51,27.62
67,86,55.63,133.50
67,87,56.70,136.09
67,88,54.01,129.62
67,89,58.15,139.57
67,90,62.94,151.05
67,91,35.17,84.42
67,92,19.76,47.43
67,93,27.09,65.03
67,94,63.89,153.33
67,95,51.94,124.65
67,96,22.44,53.87
67,97,6.57,15.77
67,98,60.55,145.32
67,99,68.00,163.20
67,100,33.87,81.29
67,101,42.62,102.28
67,102,35.67,85.61
67,103,27.66,66.38
67,104,12.13,29.11
67,105,29.18,70.04
67,106,8.84,21.22
67,107,62.28,149.47
67,108,47.25,113.40
67,109,49.84,119.61
67,110,34.37,82.48
67,111,59.15,141.96
67,112,52.09,125.01
67,113,36.05,86.51
67,114,61.70,148.09
67,115,22.76,54.62
67,116,13.72,32.93
67,117,64.74,155.37
67,118,36.60,87.84
67,119,50.78,121.86
67,120,23.24,55.77
67,121,58.61,140.67
67,122,36.49,87.58
67,123,24.11,57.87
67,124,60.11,144.26
67,125,40.27,96.66
67,126,68.69,164.85
67,127,28.13,67.51
67,128,21.80,52.31
67,129,27.25,65.39
67,130,6.26,15.03
67,131,12.91,30.98
67,132,17.63,42.31
67,133,45.05,108.12
67,134,31.02,74.44
67,135,16.82,40.37
67,136,11.57,27.77
67,137,65.61,157.47
67,138,60.54,145.29
67,139,15.56,37.36
67,140,24.34,58.42
67,141,34.17,82.01
67,142,63.97,153.53
67,143,38.64,92.74
67,144,26.68,64.04
67,145,6.83,16.39
67,146,58.71,140.91
67,147,64.88,155.70
67,148,56.83,136.40
67,149,28.80,69.12
67,150,33.18,79.63
67,151,36.38,87.31
67,152,22.32,53.57
67,158,26.64,63.93
67,160,60.31,144.74
67,162,4.78,11.47
67,164,60.05,144.12
67,166,54.67,131.20
67,170,37.53,90.07
68,1,20.72,49.72
68,2,12.39,29.75
68,3,43.99,105.57
68,4,37.73,90.54
68,5,33.67,80.80
68,6,41.32,99.16
68,7,13.47,32.33
68,8,23.32,55.98
68,9,25.11,60.26
68,10,25.91,62.20
68,11,11.65,27.95
68,12,17.72,42.53
68,13,17.95,43.08
68,14,20.21,48.50
68,15,55.13,132.30
68,16,40.98,98.35
68,17,49.64,119.13
68,18,37.28,89.48
68,19,42.22,101.34
68,20,31.64,75.94
68,21,36.24,86.97
68,22,51.05,122.52
68,23,30.45,73.07
68,24,32.99,79.17
68,25,25.94,62.27
68,26,11.86,28.46
68,27,12.76,30.62
68,28,39.29,94.30
68,29,41.18,98.84
68,30,38.40,92.16
68,31,37.29,89.51
68,32,55.63,133.52
68,33,45.24,108.58
68,34,35.65,85.56
68,35,20.58,49.40
68,36,48.99,117.57
68,37,52.04,124.91
68,38,52.94,127.06
68,39,16.63,39.91
68,40,42.44,101.84
68,41,16.75,40.20
68,42,42.34,101.63
68,43,6.53,15.66
68,44,5.89,14.14
68,45,29.59,71.03
68,46,32.17,77.20
68,47,57.06,136.95
68,48,62.57,150.17
68,49,62.86,150.87
68,50,45.21,108.51
68,51,29.02,69.64
68,52,4.99,11.97
68,53,10.65,25.57
68,54,53.95,129.49
68,55,59.90,143.76
68,56,56.01,134.43
68,57,46.28,111.06
68,58,57.87,138.88
68,59,61.55,147.72
68,60,58.57,140.58
68,61,47.91,114.99
68,62,21.96,52.71
68,63,25.53,61.28
68,64,25.85,62.04
68,65,27.47,65.92
68,66,29.15,69.97
68,67,23.88,57.32
68,69,6.67,16.01
68,70,5.72,13.73
68,71,38.04,91.30
68,72,60.57,145.36
68,73,11.69,28.05
68,74,16.20,38.89
68,75,12.86,30.87
68,76,68.34,164.01
68,77,21.46,51.49
68,78,62.95,151.08
68,79,10.47,25.12
68,80,20.31,48.74
68,81,61.75,148.21
68,82,26.45,63.48
68,83,75.01,180.03
68,84,43.43,104.23
68,85,32.83,78.78
68,86,62.58,150.18
68,87,56.77,136.26
68,88,42.11,101.07
68,89,68.99,165.58
68,90,72.99,175.18
68,91,54.86,131.66
68,92,10.49,25.17
68,93,6.19,14.85
68,94,55.35,132.84
68,95,43.07,103.38
68,96,40.01,96.02
68,97,24.14,57.93
68,98,59.72,143.33
68,99,79.60,191.04
68,100,35.57,85.38
68,101,51.64,123.93
68,102,17.20,41.28
68,103,14.48,34.76
68,104,35.45,85.08
68,105,18.31,43.94
68,106,32.16,77.19
68,107,52.18,125.24
68,108,30.02,72.06
68,109,35.42,85.00
68,110,18.91,45.39
68,111,46.92,112.62
68,112,34.58,82.99
68,113,22.30,53.52
68,114,47.74,114.57
68,115,34.27,82.24
68,116,14.61,35.07
68,117,52.80,126.71
68,118,16.83,40.38
68,119,31.73,76.14
68,120,10.85,26.03
68,121,62.67,150.41
68,122,26.95,64.69
68,123,47.97,115.14
68,124,72.76,174.61
68,125,37.80,90.72
68,126,80.47,193.13
68,127,5.98,14.36
68,128,45.68,109.62
68,129,41.50,99.60
68,130,26.21,62.90
68,131,15.74,37.77
68,132,37.71,90.51
68,133,48.15,115.57
68,134,48.23,115.76
68,135,22.06,52.95
68,136,14.64,35.14
68,137,76.91,184.59
68,138,45.84,110.02
68,139,38.18,91.64
68,140,15.70,37.69
68,141,53.13,127.51
68,142,76.39,183.32
68,143,50.61,121.47
68,144,40.85,98.04
68,145,18.41,44.19
68,146,43.45,104.27
68,147,51.88,124.51
68,148,54.15,129.96
68,149,52.64,126.33
68,150,55.93,134.22
68,151,53.40,128.15
68,152,30.35,72.84
68,158,10.17,24.40
68,160,51.27,123.06
68,162,27.39,65.74
68,164,62.59,150.23
68,166,64.81,155.54
68,170,22.73,54.55
69,1,26.70,64.08
69,2,16.99,40.78
69,3,47.49,113.98
69,4,40.78,97.88
69,5,36.07,86.56
69,6,42.98,103.16
69,7,20.01,48.02
69,8,28.42,68.22
69,9,27.00,64.80
69,10,26.25,63.01
69,11,16.40,39.36
69,12,20.45,49.07
69,13,17.85,42.85
69,14,24.68,59.24
69,15,58.83,141.20
69,16,45.93,110.22
69,17,53.71,128.91
69,18,43.68,104.82
69,19,48.20,115.68
69,20,37.62,90.30
69,21,42.08,100.98
69,22,57.68,138.43
69,23,36.92,88.60
69,24,39.66,95.18
69,25,31.89,76.55
69,26,15.00,35.99
69,27,14.18,34.04
69,28,43.73,104.94
69,29,45.23,108.54
69,30,45.05,108.13
69,31,43.96,105.51
69,32,60.54,145.29
69,33,47.70,114.49
69,34,39.81,95.54
69,35,19.11,45.85
69,36,55.21,132.51
69,37,58.09,139.40
69,38,58.69,140.85
69,39,14.12,33.90
69,40,49.00,117.59
69,41,23.40,56.15
69,42,47.77,114.64
69,43,11.72,28.13
69,44,11.81,28.33
69,45,33.52,80.45
69,46,36.67,88.00
69,47,61.45,147.48
69,48,67.49,161.98
69,49,67.34,161.61
69,50,49.66,119.19
69,51,28.40,68.15
69,52,4.72,11.32
69,53,8.41,20.18
69,54,60.26,144.63
69,55,66.33,159.18
69,56,62.61,150.27
69,57,52.94,127.06
69,58,63.76,153.02
69,59,65.56,157.34
69,60,62.09,149.01
69,61,49.55,118.92
69,62,28.40,68.15
69,63,32.18,77.24
69,64,29.51,70.83
69,65,32.72,78.52
69,66,35.79,85.91
69,67,23.31,55.94
69,68,6.67,16.01
69,70,7.57,18.18
69,71,38.52,92.44
69,72,63.65,152.77
69,73,18.06,43.35
69,74,21.61,51.87
69,75,7.40,17.77
69,76,73.33,176.00
69,77,27.35,65.64
69,78,65.23,156.56
69,79,8.01,19.23
69,80,15.26,36.63
69,81,63.49,152.38
69,82,31.14,74.73
69,83,79.33,190.40
69,84,44.29,106.30
69,85,33.71,80.91
69,86,67.77,162.65
69,87,62.87,150.89
69,88,48.77,117.05
69,89,73.52,176.45
69,90,77.72,186.52
69,91,56.80,136.32
69,92,5.01,12.02
69,93,4.22,10.13
69,94,62.01,148.82
69,95,49.72,119.32
69,96,42.37,101.68
69,97,21.74,52.17
69,98,65.93,158.24
69,99,84.05,201.72
69,100,41.10,98.65
69,101,56.31,135.14
69,102,13.10,31.43
69,103,8.07,19.36
69,104,35.40,84.97
69,105,24.78,59.46
69,106,30.61,73.45
69,107,58.85,141.25
69,108,36.39,87.34
69,109,42.00,100.80
69,110,13.49,32.39
69,111,53.56,128.55
69,112,40.84,98.02
69,113,16.54,39.69
69,114,54.28,130.28
69,115,37.90,90.97
69,116,11.03,26.47
69,117,59.43,142.63
69,118,23.07,55.37
69,119,37.73,90.54
69,120,16.97,40.72
69,121,68.32,163.96
69,122,33.52,80.44
69,123,46.72,112.13
69,124,76.92,184.62
69,125,43.93,105.44
69,126,84.89,203.74
69,127,5.71,13.71
69,128,44.71,107.30
69,129,44.78,107.48
69,130,27.08,65.00
69,131,12.22,29.32
69,132,39.20,94.09
69,133,53.76,129.02
69,134,50.89,122.14
69,135,16.97,40.74
69,136,12.18,29.24
69,137,81.41,195.39
69,138,52.34,125.61
69,139,35.91,86.19
69,140,21.72,52.13
69,141,55.31,132.75
69,142,80.64,193.52
69,143,54.65,131.17
69,144,44.14,105.92
69,145,16.82,40.37
69,146,49.90,119.77
69,147,58.47,140.32
69,148,60.49,145.18
69,149,51.85,124.45
69,150,56.38,135.32
69,151,56.20,134.89
69,152,34.51,82.82
69,158,4.28,10.27
69,160,57.94,139.05
69,162,25.85,62.04
69,164,68.44,164.26
69,166,69.44,166.65
69,170,29.39,70.52
70,1,20.01,48.03
70,2,9.59,23.02
70,3,49.58,118.99
70,4,43.40,104.16
70,5,39.39,94.53
70,6,47.02,112.85
70,7,17.00,40.79
70,8,28.43,68.23
70,9,30.80,73.93
70,10,31.36,75.28
70,11,17.14,41.14
70,12,23.44,56.26
70,13,23.21,55.69
70,14,25.65,61.56
70,15,60.65,145.56
70,16,46.03,110.47
70,17,55.06,132.14
70,18,40.68,97.64
70,19,46.34,111.22
70,20,35.84,86.02
70,21,40.57,97.37
70,22,53.43,128.24
70,23,33.71,80.91
70,24,35.00,84.01
70,25,30.27,72.64
70,26,17.58,42.18
70,27,18.30,43.93
70,28,44.61,107.07
70,29,46.64,111.94
70,30,40.65,97.57
70,31,39.12,93.90
70,32,60.65,145.57
70,33,50.96,122.30
70,34,41.09,98.61
70,35,25.38,60.91
70,36,52.66,126.38
70,37,56.01,134.42
70,38,57.28,137.48
70,39,20.88,50.10
70,40,45.25,108.59
70,41,18.57,44.57
70,42,47.05,112.92
70,43,5.26,12.62
70,44,11.08,26.58
70,45,35.13,84.31
70,46,37.49,89.98
70,47,62.35,149.64
70,48,67.56,162.15
70,49,68.10,163.43
70,50,50.50,121.20
70,51,34.21,82.11
70,52,9.27,22.26
70,53,14.82,35.57
70,54,57.44,137.85
70,55,63.07,151.37
70,56,58.56,140.55
70,57,48.24,115.77
70,58,62.01,148.82
70,59,66.97,160.73
70,60,64.14,153.94
70,61,53.62,128.68
70,62,25.49,61.19
70,63,27.15,65.17
70,64,31.46,75.51
70,65,32.42,77.82
70,66,31.66,75.98
70,67,29.06,69.73
70,68,5.72,13.73
70,69,7.57,18.18
70,71,43.57,104.56
70,72,66.21,158.91
70,73,12.44,29.86
70,74,21.24,50.98
70,75,10.14,24.34
70,76,73.27,175.85
70,77,25.93,62.23
70,78,68.66,164.80
70,79,5.81,13.94
70,80,22.83,54.80
70,81,67.47,161.92
70,82,31.74,76.17
70,83,80.29,192.70
70,84,49.04,117.69
70,85,38.42,92.20
70,86,67.38,161.72
70,87,60.64,145.53
70,88,43.61,104.67
70,89,74.19,178.05
70,90,78.08,187.39
70,91,60.58,145.38
70,92,12.57,30.16
70,93,3.79,9.09
70,94,57.40,137.76
70,95,45.39,108.93
70,96,45.73,109.75
70,97,28.55,68.51
70,98,63.37,152.08
70,99,84.81,203.55
70,100,40.23,96.56
70,101,56.80,136.32
70,102,12.74,30.57
70,103,12.95,31.08
70,104,40.85,98.03
70,105,21.85,52.45
70,106,37.02,88.86
70,107,53.90,129.35
70,108,30.17,72.41
70,109,36.37,87.30
70,110,15.47,37.13
70,111,48.16,115.60
70,112,34.36,82.47
70,113,19.08,45.79
70,114,48.40,116.15
70,115,39.85,95.65
70,116,18.20,43.67
70,117,53.96,129.51
70,118,16.89,40.53
70,119,30.91,74.19
70,120,15.41,36.99
70,121,67.08,161.00
70,122,29.95,71.87
70,123,53.01,127.23
70,124,78.10,187.45
70,125,41.72,100.12
70,126,85.70,205.69
70,127,2.21,5.30
70,128,50.82,121.96
70,129,47.13,113.12
70,130,31.77,76.26
70,131,19.39,46.53
70,132,43.40,104.15
70,133,52.66,126.39
70,134,53.94,129.45
70,135,24.55,58.91
70,136,18.86,45.28
70,137,82.11,197.07
70,138,46.30,111.13
70,139,42.74,102.57
70,140,20.18,48.44
70,141,58.85,141.24
70,142,81.69,196.07
70,143,56.04,134.51
70,144,46.49,111.57
70,145,23.13,55.51
70,146,43.78,105.06
70,147,52.74,126.58
70,148,57.55,138.12
70,149,57.86,138.85
70,150,61.48,147.55
70,151,59.08,141.80
70,152,35.82,85.96
70,158,8.60,20.65
70,160,53.30,127.91
70,162,32.23,77.35
70,164,66.77,160.26
70,166,69.96,167.91
70,170,24.46,58.70
71,1,51.85,124.44
71,2,48.96,117.51
71,3,21.31,51.14
71,4,15.62,37.48
71,5,11.34,27.22
71,6,8.24,19.79
71,7,37.39,89.73
71,8,27.45,65.88
71,9,14.06,33.75
71,10,12.28,29.47
71,11,29.39,70.54
71,12,21.49,51.58
71,13,20.67,49.60
71,14,24.85,59.65
71,15,30.39,72.93
71,16,30.86,74.06
71,17,28.97,69.53
71,18,44.80,107.53
71,19,41.84,100.42
71,20,36.37,87.30
71,21,36.94,88.67
71,22,60.53,145.28
71,23,42.35,101.64
71,24,50.33,120.80
71,25,34.06,81.74
71,26,26.80,64.33
71,27,25.29,60.69
71,28,25.86,62.07
71,29,23.77,57.04
71,30,52.45,125.89
71,31,53.93,129.44
71,32,40.02,96.05
71,33,15.27,36.66
71,34,22.52,54.06
71,35,20.25,48.60
71,36,49.84,119.61
71,37,49.41,118.57
71,38,46.38,111.32
71,39,25.58,61.39
71,40,51.77,124.24
71,41,43.27,103.84
71,42,35.91,86.19
71,43,43.58,104.60
71,44,34.63,83.11
71,45,20.29,48.69
71,46,24.14,57.94
71,47,36.82,88.38
71,48,45.63,109.52
71,49,42.19,101.26
71,50,29.06,69.75
71,51,11.05,26.52
71,52,34.64,83.13
71,53,30.22,72.52
71,54,54.86,131.67
71,55,61.82,148.36
71,56,63.26,151.82
71,57,59.51,142.81
71,58,51.92,124.60
71,59,37.67,90.42
71,60,31.89,76.53
71,61,12.96,31.09
71,62,38.15,91.56
71,63,47.84,114.81
71,64,19.57,46.98
71,65,28.69,68.86
71,66,45.85,110.04
71,67,15.51,37.22
71,68,38.04,91.30
71,69,38.52,92.44
71,70,43.57,104.56
71,72,31.06,74.53
71,73,43.81,105.15
71,74,29.93,71.84
71,75,44.91,107.77
71,76,51.11,122.66
71,77,32.69,78.46
71,78,29.29,70.29
71,79,46.45,111.49
71,80,31.15,74.76
71,81,26.14,62.74
71,82,24.90,59.76
71,83,51.60,123.84
71,84,6.09,14.62
71,85,5.49,13.18
71,86,48.11,115.47
71,87,53.74,128.97
71,88,58.92,141.41
71,89,47.83,114.79
71,90,52.85,126.84
71,91,20.42,49.00
71,92,35.24,84.57
71,93,42.07,100.97
71,94,65.89,158.13
71,95,55.20,132.48
71,96,11.83,28.38
71,97,20.12,48.30
71,98,57.83,138.80
71,99,56.71,136.10
71,100,33.51,80.42
71,101,35.07,84.16
71,102,51.12,122.69
71,103,43.17,103.61
71,104,4.06,9.75
71,105,37.52,90.06
71,106,12.66,30.39
71,107,65.39,156.94
71,108,55.94,134.25
71,109,56.65,135.97
71,110,49.88,119.70
71,111,63.83,153.20
71,112,60.56,145.35
71,113,51.49,123.58
71,114,67.30,161.53
71,115,18.71,44.90
71,116,29.22,70.14
71,117,68.85,165.24
71,118,47.69,114.46
71,119,60.29,144.70
71,120,34.19,82.05
71,121,52.80,126.73
71,122,42.42,101.81
71,123,14.31,34.35
71,124,48.51,116.43
71,125,41.24,98.98
71,126,57.26,137.42
71,127,42.94,103.05
71,128,11.36,27.25
71,129,18.53,44.48
71,130,11.85,28.45
71,131,28.37,68.09
71,132,5.91,14.18
71,133,41.44,99.45
71,134,18.53,44.48
71,135,31.08,74.59
71,136,27.07,64.97
71,137,54.61,131.06
71,138,66.68,160.03
71,139,15.68,37.63
71,140,33.26,79.81
71,141,19.94,47.85
71,142,52.35,125.63
71,143,29.40,70.57
71,144,18.25,43.79
71,145,22.34,53.62
71,146,65.34,156.81
71,147,69.65,167.17
71,148,55.67,133.61
71,149,16.35,39.24
71,150,17.92,43.02
71,151,23.40,56.16
71,152,21.67,52.01
71,158,42.04,100.90
71,160,62.90,150.96
71,162,15.20,36.47
71,164,55.14,132.32
71,166,45.05,108.11
71,170,46.04,110.49
72,1,65.79,157.89
72,2,67.94,163.06
72,3,16.83,40.39
72,4,22.90,54.95
72,5,27.80,66.72
72,6,23.16,55.57
72,7,53.18,127.64
72,8,39.47,94.73
72,9,36.98,88.76
72,10,40.02,96.04
72,11,49.14,117.93
72,12,43.24,103.78
72,13,47.33,113.58
72,14,40.88,98.10
72,15,8.22,19.73
72,16,26.17,62.80
72,17,14.42,34.60
72,18,44.64,107.14
72,19,36.85,88.45
72,20,39.80,95.53
72,21,36.56,87.74
72,22,55.18,132.44
72,23,47.03,112.88
72,24,54.94,131.86
72,25,42.10,101.03
72,26,48.94,117.46
72,27,49.52,118.85
72,28,24.09,57.80
72,29,20.87,50.09
72,30,53.69,128.85
72,31,56.57,135.76
72,32,21.01,50.42
72,33,16.62,39.89
72,34,26.12,62.69
72,35,48.86,117.26
72,36,41.41,99.39
72,37,38.08,91.39
72,38,32.93,79.03
72,39,53.65,128.76
72,40,49.57,118.96
72,41,57.28,137.46
72,42,29.86,71.65
72,43,64.07,153.77
72,44,55.29,132.70
72,45,31.31,75.13
72,46,30.20,72.49
72,47,14.57,34.98
72,48,22.23,53.36
72,49,16.38,39.30
72,50,19.94,47.85
72,51,41.16,98.78
72,52,59.04,141.69
72,53,56.48,135.55
72,54,44.33,106.39
72,55,49.79,119.49
72,56,55.23,132.56
72,57,57.51,138.03
72,58,36.47,87.52
72,59,10.36,24.85
72,60,4.81,11.55
72,61,18.54,44.51
72,62,48.61,116.67
72,63,57.05,136.93
72,64,34.76,83.43
72,65,36.88,88.51
72,66,52.07,124.97
72,67,44.19,106.05
72,68,60.57,145.36
72,69,63.65,152.77
72,70,66.21,158.91
72,71,31.06,74.53
72,73,60.97,146.33
72,74,46.08,110.60
72,75,70.92,170.20
72,76,25.62,61.49
72,77,44.25,106.19
72,78,8.55,20.51
72,79,70.72,169.73
72,80,60.65,145.56
72,81,13.59,32.61
72,82,35.67,85.60
72,83,21.57,51.76
72,84,25.84,62.00
72,85,32.92,79.02
72,86,26.16,62.78
72,87,40.18,96.44
72,88,59.95,143.87
72,89,19.83,47.59
72,90,24.68,59.23
72,91,12.59,30.22
72,92,61.91,148.58
72,93,66.14,158.73
72,94,59.83,143.60
72,95,53.84,129.22
72,96,21.82,52.38
72,97,50.12,120.29
72,98,43.81,105.15
72,99,26.55,63.71
72,100,33.76,81.02
72,101,18.82,45.18
72,102,76.73,184.16
72,103,70.16,168.39
72,104,35.06,84.16
72,105,50.39,120.93
72,106,43.69,104.86
72,107,61.64,147.94
72,108,64.84,155.62
72,109,61.83,148.38
72,110,76.69,184.05
72,111,63.48,152.36
72,112,68.25,163.81
72,113,79.03,189.67
72,114,68.20,163.68
72,115,26.46,63.50
72,116,57.04,136.90
72,117,66.53,159.68
72,118,62.69,150.47
72,119,70.10,168.24
72,120,52.13,125.11
72,121,33.42,80.21
72,122,49.64,119.14
72,123,38.62,92.68
72,124,18.34,44.01
72,125,39.96,95.91
72,126,26.93,64.63
72,127,66.43,159.44
72,128,36.79,88.31
72,129,19.08,45.79
72,130,38.28,91.87
72,131,56.51,135.63
72,132,26.78,64.28
72,133,30.80,73.93
72,134,13.17,31.62
72,135,60.95,146.28
72,136,54.56,130.93
72,137,24.88,59.71
72,138,68.75,165.01
72,139,46.05,110.53
72,140,48.51,116.41
72,141,11.65,27.96
72,142,21.97,52.73
72,143,13.55,32.52
72,144,19.73,47.34
72,145,50.44,121.04
72,146,68.58,164.60
72,147,68.55,164.52
72,148,45.36,108.86
72,149,35.03,84.08
72,150,24.92,59.81
72,151,7.82,18.76
72,152,30.95,74.27
72,158,67.80,162.71
72,160,58.57,140.56
72,162,45.55,109.33
72,164,37.13,89.10
72,166,19.07,45.76
72,170,56.72,136.14
73,1,9.34,22.42
73,2,7.37,17.68
73,3,44.16,105.99
73,4,39.18,94.04
73,5,36.66,87.98
73,6,45.08,108.19
73,7,7.79,18.71
73,8,21.50,51.61
73,9,29.81,71.54
73,10,32.73,78.54
73,11,14.43,34.64
73,12,22.34,53.61
73,13,26.19,62.87
73,14,20.72,49.72
73,15,54.40,130.56
73,16,37.85,90.83
73,17,48.29,115.90
73,18,29.18,70.03
73,19,35.78,85.86
73,20,25.75,61.80
73,21,30.58,73.39
73,22,41.09,98.62
73,23,22.21,53.29
73,24,22.61,54.26
73,25,20.75,49.80
73,26,17.59,42.22
73,27,20.43,49.03
73,28,37.61,90.26
73,29,40.32,96.76
73,30,28.31,67.94
73,31,26.69,64.05
73,32,52.03,124.86
73,33,47.41,113.80
73,34,34.88,83.72
73,35,29.84,71.61
73,36,41.32,99.18
73,37,45.04,108.10
73,38,46.96,112.70
73,39,27.01,64.82
73,40,33.15,79.57
73,41,6.34,15.22
73,42,37.77,90.65
73,43,7.20,17.29
73,44,10.25,24.61
73,45,29.93,71.83
73,46,30.86,74.07
73,47,54.72,131.34
73,48,58.74,140.98
73,49,60.15,144.37
73,50,43.16,103.58
73,51,36.74,88.18
73,52,16.38,39.31
73,53,21.54,51.69
73,54,45.84,110.01
73,55,51.15,122.75
73,56,46.27,111.05
73,57,35.81,85.94
73,58,51.26,123.03
73,59,59.96,143.91
73,60,58.16,139.59
73,61,51.42,123.42
73,62,14.77,35.45
73,63,14.72,35.32
73,64,27.22,65.32
73,65,24.58,58.98
73,66,19.51,46.83
73,67,31.95,76.69
73,68,11.69,28.05
73,69,18.06,43.35
73,70,12.44,29.86
73,71,43.81,105.15
73,72,60.97,146.33
73,74,15.17,36.40
73,75,22.55,54.13
73,76,64.19,154.07
73,77,17.20,41.28
73,78,64.84,155.61
73,79,18.03,43.26
73,80,31.81,76.33
73,81,64.65,155.17
73,82,25.30,60.73
73,83,72.42,173.82
73,84,48.37,116.08
73,85,38.33,91.99
73,86,58.01,139.23
73,87,49.47,118.74
73,88,31.18,74.84
73,89,66.01,158.43
73,90,69.47,166.72
73,91,57.59,138.21
73,92,22.17,53.21
73,93,15.77,37.84
73,94,44.98,107.94
73,95,33.05,79.31
73,96,42.65,102.36
73,97,33.93,81.43
73,98,51.91,124.59
73,99,76.62,183.90
73,100,31.04,74.49
73,101,48.77,117.05
73,102,24.68,59.24
73,103,25.10,60.25
73,104,42.08,100.99
73,105,11.56,27.74
73,106,40.75,97.81
73,107,41.45,99.49
73,108,18.35,44.04
73,109,24.07,57.76
73,110,27.85,66.83
73,111,35.79,85.89
73,112,22.90,54.95
73,113,31.48,75.54
73,114,36.26,87.02
73,115,34.79,83.50
73,116,25.71,61.72
73,117,41.61,99.87
73,118,5.19,12.46
73,119,20.18,48.43
73,120,9.71,23.29
73,121,56.79,136.30
73,122,18.25,43.79
73,123,55.66,133.58
73,124,70.56,169.34
73,125,30.91,74.18
73,126,77.57,186.16
73,127,14.47,34.74
73,128,53.07,127.36
73,129,42.26,101.43
73,130,32.28,77.47
73,131,26.75,64.20
73,132,41.96,100.71
73,133,42.77,102.65
73,134,49.90,119.76
73,135,33.55,80.52
73,136,25.18,60.42
73,137,73.87,177.29
73,138,34.28,82.27
73,139,47.28,113.48
73,140,12.47,29.93
73,141,55.49,133.17
73,142,73.94,177.45
73,143,49.30,118.33
73,144,41.65,99.96
73,145,27.97,67.13
73,146,31.84,76.41
73,147,40.51,97.22
73,148,45.86,110.07
73,149,59.60,143.05
73,150,61.05,146.52
73,151,54.58,130.99
73,152,30.07,72.17
73,158,20.64,49.54
73,160,40.87,98.09
73,162,36.21,86.91
73,164,56.05,134.53
73,166,61.67,148.02
73,170,12.05,28.92
74,1,22.08,53.00
74,2,21.88,52.51
74,3,29.25,70.21
74,4,24.02,57.66
74,5,21.67,52.01
74,6,30.18,72.44
74,7,7.72,18.53
74,8,7.19,17.26
74,9,15.99,38.38
74,10,20.49,49.17
74,11,5.51,13.22
74,12,9.80,23.52
74,13,16.97,40.73
74,14,5.58,13.39
74,15,39.90,95.75
74,16,24.81,59.54
74,17,34.06,81.74
74,18,23.48,56.35
74,19,26.78,64.27
74,20,16.32,39.17
74,21,20.55,49.33
74,22,39.02,93.65
74,23,17.57,42.17
74,24,23.39,56.13
74,25,10.67,25.61
74,26,9.03,21.68
74,27,12.59,30.22
74,28,23.48,56.35
74,29,25.77,61.85
74,30,27.49,65.99
74,31,27.67,66.41
74,32,39.46,94.69
74,33,32.25,77.40
74,34,20.23,48.54
74,35,21.36,51.26
74,36,34.19,82.06
74,37,36.70,88.09
74,38,37.08,89.00
74,39,21.32,51.18
74,40,29.78,71.46
74,41,13.36,32.07
74,42,26.21,62.90
74,43,18.18,43.64
74,44,10.32,24.76
74,45,14.84,35.62
74,46,16.41,39.39
74,47,41.15,98.75
74,48,46.38,111.32
74,49,46.86,112.48
74,50,29.32,70.37
74,51,25.11,60.26
74,52,17.19,41.26
74,53,18.71,44.90
74,54,39.42,94.61
74,55,45.87,110.08
74,56,43.42,104.21
74,57,35.55,85.33
74,58,42.22,101.33
74,59,45.93,110.24
74,60,43.54,104.51
74,61,36.40,87.37
74,62,9.95,23.87
74,63,18.68,44.84
74,64,12.07,28.98
74,65,11.26,27.03
74,66,18.73,44.94
74,67,21.33,51.18
74,68,16.20,38.89
74,69,21.61,51.87
74,70,21.24,50.98
74,71,29.93,71.84
74,72,46.08,110.60
74,73,15.17,36.40
74,75,28.75,69.01
74,76,52.14,125.13
74,77,6.24,14.98
74,78,49.69,119.25
74,79,26.61,63.87
74,80,28.80,69.11
74,81,49.50,118.81
74,82,10.65,25.56
74,83,59.08,141.80
74,84,33.88,81.32
74,85,24.49,58.79
74,86,46.38,111.31
74,87,41.54,99.70
74,88,32.93,79.04
74,89,52.95,127.07
74,90,56.86,136.45
74,91,42.43,101.84
74,92,22.77,54.64
74,93,22.38,53.71
74,94,43.95,105.49
74,95,31.63,75.92
74,96,27.53,66.08
74,97,25.74,61.77
74,98,44.81,107.54
74,99,63.58,152.58
74,100,19.50,46.80
74,101,35.56,85.34
74,102,33.40,80.16
74,103,29.61,71.06
74,104,28.94,69.45
74,105,7.95,19.08
74,106,29.87,71.69
74,107,41.78,100.27
74,108,26.39,63.33
74,109,28.51,68.43
74,110,34.89,83.74
74,111,38.08,91.39
74,112,31.16,74.79
74,113,38.11,91.46
74,114,40.42,97.02
74,115,19.72,47.32
74,116,22.23,53.35
74,117,43.78,105.08
74,118,18.11,43.45
74,119,30.46,73.10
74,120,6.10,14.64
74,121,46.71,112.09
74,122,15.45,37.08
74,123,42.98,103.16
74,124,56.94,136.66
74,125,22.83,54.79
74,126,64.47,154.73
74,127,22.10,53.05
74,128,40.19,96.45
74,129,27.20,65.27
74,130,19.36,46.46
74,131,22.73,54.54
74,132,27.30,65.53
74,133,32.15,77.16
74,134,34.75,83.40
74,135,30.26,72.64
74,136,20.32,48.76
74,137,60.87,146.09
74,138,39.21,94.11
74,139,36.70,88.09
74,140,3.32,7.98
74,141,40.32,96.77
74,142,60.50,145.20
74,143,35.06,84.14
74,144,26.57,63.78
74,145,20.42,49.00
74,146,37.39,89.74
74,147,43.73,104.95
74,148,39.77,95.45
74,149,46.18,110.84
74,150,46.48,111.55
74,151,39.50,94.79
74,152,15.15,36.36
74,158,25.78,61.87
74,160,40.13,96.31
74,162,26.09,62.62
74,164,46.87,112.49
74,166,48.72,116.93
74,170,16.49,39.57
75,1,29.96,71.89
75,2,19.05,45.73
75,3,54.85,131.64
75,4,48.08,115.40
75,5,43.24,103.77
75,6,49.87,119.70
75,7,26.20,62.88
75,8,35.69,85.66
75,9,34.10,81.84
75,10,32.78,78.66
75,11,23.68,56.84
75,12,27.78,66.68
75,13,24.44,58.66
75,14,32.06,76.93
75,15,66.21,158.89
75,16,53.26,127.81
75,17,61.11,146.67
75,18,50.07,120.16
75,19,55.07,132.17
75,20,44.49,106.77
75,21,49.04,117.71
75,22,63.37,152.09
75,23,43.18,103.62
75,24,45.02,108.05
75,25,38.78,93.06
75,26,22.40,53.75
75,27,21.40,51.35
75,28,51.12,122.69
75,29,52.63,126.31
75,30,50.61,121.48
75,31,49.19,118.06
75,32,67.88,162.92
75,33,54.84,131.61
75,34,47.21,113.30
75,35,24.88,59.72
75,36,61.83,148.40
75,37,64.90,155.77
75,38,65.73,157.74
75,39,19.57,46.97
75,40,54.99,131.98
75,41,28.56,68.55
75,42,54.96,131.90
75,43,15.40,36.95
75,44,18.62,44.69
75,45,40.92,98.21
75,46,44.05,105.72
75,47,68.85,165.24
75,48,74.84,179.61
75,49,74.73,179.36
75,50,57.06,136.94
75,51,34.35,82.44
75,52,12.12,29.09
75,53,14.80,35.53
75,54,66.77,160.25
75,55,72.63,174.32
75,56,68.44,164.26
75,57,58.29,139.89
75,58,70.70,169.68
75,59,72.95,175.09
75,60,69.43,166.63
75,61,56.39,135.33
75,62,34.75,83.39
75,63,37.23,89.36
75,64,36.91,88.58
75,65,39.95,95.87
75,66,41.51,99.62
75,67,29.44,70.66
75,68,12.86,30.87
75,69,7.40,17.77
75,70,10.14,24.34
75,71,44.91,107.77
75,72,70.92,170.20
75,73,22.55,54.13
75,74,28.75,69.01
75,76,80.67,193.60
75,77,34.26,82.23
75,78,72.26,173.43
75,79,5.50,13.20
75,80,17.69,42.45
75,81,70.32,168.76
75,82,38.49,92.39
75,83,86.73,208.16
75,84,50.82,121.97
75,85,40.36,96.86
75,86,75.05,180.12
75,87,69.64,167.13
75,88,53.73,128.96
75,89,80.92,194.20
75,90,85.10,204.23
75,91,63.73,152.96
75,92,9.68,23.24
75,93,6.96,16.71
75,94,67.44,161.86
75,95,55.34,132.81
75,96,49.49,118.78
75,97,26.67,64.01
75,98,72.57,174.17
75,99,91.45,219.49
75,100,48.24,115.78
75,101,63.69,152.85
75,102,6.23,14.96
75,103,3.61,8.66
75,104,41.55,99.73
75,105,31.08,74.60
75,106,35.85,86.05
75,107,64.00,153.60
75,108,40.24,96.57
75,109,46.51,111.63
75,110,6.15,14.75
75,111,58.30,139.93
75,112,44.32,106.37
75,113,9.44,22.66
75,114,58.51,140.42
75,115,45.29,108.69
75,116,16.00,38.40
75,117,64.10,153.85
75,118,27.01,64.82
75,119,40.68,97.64
75,120,23.69,56.86
75,121,75.42,181.00
75,122,39.56,94.95
75,123,51.89,124.53
75,124,84.32,202.38
75,125,50.66,121.59
75,126,92.29,221.50
75,127,8.08,19.40
75,128,50.12,120.29
75,129,52.11,125.07
75,130,33.83,81.19
75,131,17.05,40.91
75,132,46.05,110.52
75,133,60.87,146.10
75,134,58.07,139.37
75,135,19.10,45.85
75,136,17.89,42.93
75,137,88.81,213.14
75,138,56.39,135.33
75,139,40.43,97.02
75,140,28.54,68.49
75,141,62.34,149.61
75,142,88.04,211.29
75,143,62.05,148.93
75,144,51.47,123.52
75,145,22.67,54.40
75,146,53.84,129.22
75,147,62.87,150.89
75,148,66.95,160.68
75,149,57.32,137.56
75,150,62.61,150.27
75,151,63.41,152.19
75,152,41.91,100.58
75,158,3.14,7.54
75,160,63.34,152.01
75,162,31.27,75.05
75,164,75.42,181.00
75,166,76.83,184.38
75,170,34.51,82.82
76,1,65.50,157.20
76,2,71.55,171.72
76,3,30.14,72.33
76,4,37.10,89.04
76,5,43.02,103.25
76,6,42.98,103.15
76,7,56.98,136.76
76,8,45.03,108.08
76,9,50.73,121.74
76,10,55.85,134.04
76,11,56.99,136.77
76,12,54.15,129.96
76,13,60.84,146.01
76,14,48.67,116.82
76,15,21.39,51.35
76,16,27.41,65.79
76,17,22.33,53.60
76,18,38.16,91.58
76,19,29.63,71.11
76,20,38.53,92.48
76,21,33.74,80.98
76,22,40.96,98.31
76,23,43.80,105.12
76,24,49.25,118.20
76,25,43.50,104.39
76,26,58.63,140.72
76,27,60.68,145.64
76,28,30.06,72.15
76,29,29.69,71.24
76,30,45.48,109.16
76,31,48.82,117.17
76,32,12.82,30.78
76,33,36.12,86.69
76,34,34.33,82.39
76,35,63.82,153.18
76,36,28.58,68.58
76,37,23.80,57.12
76,38,19.23,46.15
76,39,67.44,161.86
76,40,39.57,94.97
76,41,58.70,140.88
76,42,26.44,63.44
76,43,69.55,166.92
76,44,62.46,149.90
76,45,40.64,97.54
76,46,36.83,88.40
76,47,14.28,34.28
76,48,5.92,14.20
76,49,9.48,22.76
76,50,24.36,58.47
76,51,58.72,140.92
76,52,68.67,164.82
76,53,68.16,163.59
76,54,28.35,68.05
76,55,30.98,74.35
76,56,38.73,92.95
76,57,45.64,109.53
76,58,18.47,44.33
76,59,15.35,36.85
76,60,21.74,52.17
76,61,41.11,98.67
76,62,49.52,118.85
76,63,54.64,131.14
76,64,44.77,107.46
76,65,40.88,98.11
76,66,48.50,116.40
76,67,59.93,143.84
76,68,68.34,164.01
76,69,73.33,176.00
76,70,73.27,175.85
76,71,51.11,122.66
76,72,25.62,61.49
76,73,64.19,154.07
76,74,52.14,125.13
76,75,80.67,193.60
76,77,47.50,114.01
76,78,33.83,81.18
76,79,78.74,188.99
76,80,75.38,180.90
76,81,39.17,94.01
76,82,42.20,101.29
76,83,12.25,29.41
76,84,47.52,114.04
76,85,50.64,121.55
76,86,6.47,15.53
76,87,22.67,54.42
76,88,50.10,120.23
76,89,7.11,17.07
76,90,6.28,15.07
76,91,37.35,89.63
76,92,73.28,175.88
76,93,74.50,178.81
76,94,44.11,105.86
76,95,43.37,104.10
76,96,39.44,94.65
76,97,66.49,159.57
76,98,24.66,59.19
76,99,14.07,33.77
76,100,33.23,79.74
76,101,17.44,41.85
76,102,85.54,205.29
76,103,81.03,194.47
76,104,54.56,130.95
76,105,52.65,126.35
76,106,62.61,150.28
76,107,47.49,113.98
76,108,60.56,145.35
76,109,55.04,132.09
76,110,86.81,208.33
76,111,51.81,124.35
76,112,62.39,149.72
76,113,89.83,215.60
76,114,56.77,136.24
76,115,37.35,89.65
76,116,70.15,168.37
76,117,52.76,126.62
76,118,63.83,153.20
76,119,65.69,157.65
76,120,57.86,138.86
76,121,12.27,29.44
76,122,47.63,114.30
76,123,61.96,148.71
76,124,13.10,31.43
76,125,34.54,82.89
76,126,15.10,36.25
76,127,74.24,178.17
76,128,59.65,143.16
76,129,33.19,79.65
76,130,53.70,128.87
76,131,70.02,168.05
76,132,45.48,109.15
76,133,21.86,52.46
76,134,33.34,80.03
76,135,76.18,182.84
76,136,67.65,162.36
76,137,11.52,27.65
76,138,58.20,139.67
76,139,66.78,160.26
76,140,53.15,127.55
76,141,35.56,85.35
76,142,13.91,33.38
76,143,21.77,52.26
76,144,33.65,80.76
76,145,64.69,155.24
76,146,59.01,141.63
76,147,55.45,133.08
76,148,29.26,70.23
76,149,59.40,142.55
76,150,50.03,120.08
76,151,30.13,72.31
76,152,39.34,94.42
76,158,77.60,186.23
76,160,44.50,106.81
76,162,62.88,150.91
76,164,16.06,38.54
76,166,6.61,15.86
76,170,55.59,133.42
77,1,21.70,52.09
77,2,24.51,58.83
77,3,27.62,66.28
77,4,23.72,56.92
77,5,22.91,54.98
77,6,31.37,75.30
77,7,9.58,22.99
77,8,5.51,13.23
77,9,19.54,46.89
77,10,24.91,59.78
77,11,11.71,28.09
77,12,14.95,35.89
77,13,22.71,54.49
77,14,8.29,19.90
77,15,37.36,89.67
77,16,20.69,49.67
77,17,31.16,74.79
77,18,17.25,41.39
77,19,20.85,50.04
77,20,10.28,24.67
77,21,14.78,35.48
77,22,32.92,79.01
77,23,11.58,27.78
77,24,18.26,43.83
77,25,4.55,10.92
77,26,15.24,36.59
77,27,18.74,44.97
77,28,20.50,49.21
77,29,23.41,56.17
77,30,21.78,52.27
77,31,22.34,53.62
77,32,35.07,84.18
77,33,32.07,76.98
77,34,18.17,43.61
77,35,27.09,65.01
77,36,28.04,67.31
77,37,30.74,73.78
77,38,31.49,75.57
77,39,27.46,65.90
77,40,23.63,56.72
77,41,13.04,31.30
77,42,21.15,50.77
77,43,22.05,52.91
77,44,15.65,37.55
77,45,14.37,34.48
77,46,14.06,33.75
77,47,37.53,90.08
77,48,41.90,100.55
77,49,43.01,103.23
77,50,25.97,62.33
77,51,29.64,71.14
77,52,23.11,55.47
77,53,24.94,59.86
77,54,33.24,79.76
77,55,39.64,95.13
77,56,37.23,89.36
77,57,29.74,71.38
77,58,36.44,87.46
77,59,42.77,102.66
77,60,41.18,98.84
77,61,37.09,89.00
77,62,5.48,13.15
77,63,15.22,36.52
77,64,13.26,31.83
77,65,7.44,17.85
77,66,13.59,32.62
77,67,26.45,63.47
77,68,21.46,51.49
77,69,27.35,65.64
77,70,25.93,62.23
77,71,32.69,78.46
77,72,44.25,106.19
77,73,17.20,41.28
77,74,6.24,14.98
77,75,34.26,82.23
77,76,47.50,114.01
77,78,48.82,117.17
77,79,31.57,75.77
77,80,35.02,84.05
77,81,49.35,118.43
77,82,9.12,21.88
77,83,55.29,132.69
77,84,35.77,85.85
77,85,27.50,66.00
77,86,41.51,99.63
77,87,35.54,85.30
77,88,27.59,66.21
77,89,48.94,117.45
77,90,52.55,126.12
77,91,42.32,101.58
77,92,28.87,69.29
77,93,27.61,66.28
77,94,37.93,91.03
77,95,25.71,61.69
77,96,27.99,67.17
77,97,31.41,75.37
77,98,38.71,92.90
77,99,59.57,142.97
77,100,14.33,34.38
77,101,31.62,75.90
77,102,38.49,92.37
77,103,35.41,84.98
77,104,32.40,77.75
77,105,6.15,14.77
77,106,34.60,83.03
77,107,35.97,86.32
77,108,23.43,56.23
77,109,24.11,57.87
77,110,40.36,96.86
77,111,32.72,78.52
77,112,27.94,67.05
77,113,43.69,104.86
77,114,35.47,85.13
77,115,18.90,45.36
77,116,28.46,68.32
77,117,38.29,91.90
77,118,18.45,44.28
77,119,28.12,67.49
77,120,10.63,25.50
77,121,41.24,98.96
77,122,10.14,24.33
77,123,46.45,111.48
77,124,53.38,128.10
77,125,16.69,40.06
77,126,60.50,145.20
77,127,27.11,65.07
77,128,43.56,104.54
77,129,26.12,62.69
77,130,23.41,56.18
77,131,28.95,69.47
77,132,29.08,69.79
77,133,26.76,64.21
77,134,34.09,81.81
77,135,36.47,87.53
77,136,26.52,63.65
77,137,56.83,136.39
77,138,34.51,82.83
77,139,41.40,99.35
77,140,5.77,13.85
77,141,40.00,96.00
77,142,56.78,136.28
77,143,32.17,77.22
77,144,25.56,61.33
77,145,26.35,63.23
77,146,32.93,79.03
77,147,38.47,92.33
77,148,33.57,80.56
77,149,49.03,117.68
77,150,47.99,115.19
77,151,38.33,92.00
77,152,13.98,33.55
77,158,31.40,75.36
77,160,34.18,82.02
77,162,31.22,74.92
77,164,41.15,98.77
77,166,44.62,107.10
77,170,13.74,32.97
78,1,70.52,169.26
78,2,71.48,171.56
78,3,21.41,51.39
78,4,25.68,61.63
78,5,29.30,70.32
78,6,22.55,54.12
78,7,57.16,137.19
78,8,43.66,104.77
78,9,38.23,91.76
78,10,40.02,96.04
78,11,51.97,124.73
78,12,45.25,108.60
78,13,47.99,115.18
78,14,44.21,106.11
78,15,16.12,38.68
78,16,32.76,78.61
78,17,21.57,51.76
78,18,51.50,123.59
78,19,44.18,106.03
78,20,45.82,109.96
78,21,43.10,103.45
78,22,63.00,151.20
78,23,53.13,127.51
78,24,61.29,147.09
78,25,47.31,113.55
78,26,51.11,122.66
78,27,51.08,122.58
78,28,29.76,71.42
78,29,26.22,62.93
78,30,60.57,145.37
78,31,63.29,151.90
78,32,29.44,70.65
78,33,17.71,42.51
78,34,30.79,73.90
78,35,48.78,117.07
78,36,49.33,118.40
78,37,46.24,110.98
78,38,41.18,98.84
78,39,53.90,129.35
78,40,56.87,136.50
78,41,61.80,148.31
78,42,37.00,88.80
78,43,67.12,161.09
78,44,58.08,139.40
78,45,34.93,83.83
78,46,34.88,83.71
78,47,23.06,55.35
78,48,30.73,73.76
78,49,24.78,59.48
78,50,26.72,64.12
78,51,40.17,96.40
78,52,60.79,145.89
78,53,57.52,138.05
78,54,52.52,126.05
78,55,58.15,139.57
78,56,63.33,152.00
78,57,64.95,155.87
78,58,44.92,107.80
78,59,18.78,45.08
78,60,13.27,31.84
78,61,16.40,39.36
78,62,53.62,128.69
78,63,62.59,150.21
78,64,37.78,90.67
78,65,41.73,100.15
78,66,58.05,139.31
78,67,43.97,105.53
78,68,62.95,151.08
78,69,65.23,156.56
78,70,68.66,164.80
78,71,29.29,70.29
78,72,8.55,20.51
78,73,64.84,155.61
78,74,49.69,119.25
78,75,72.26,173.43
78,76,33.83,81.18
78,77,48.82,117.17
78,79,72.71,174.50
78,80,60.22,144.52
78,81,5.66,13.58
78,82,39.83,95.60
78,83,28.08,67.40
78,84,23.36,56.07
78,85,32.47,77.92
78,86,34.68,83.24
78,87,48.56,116.54
78,88,66.99,160.78
78,89,27.60,66.25
78,90,32.19,77.26
78,91,8.87,21.30
78,92,62.88,150.90
78,93,68.13,163.50
78,94,67.79,162.69
78,95,61.12,146.69
78,96,22.95,55.08
78,97,49.29,118.31
78,98,52.25,125.40
78,99,32.71,78.49
78,100,40.01,96.03
78,101,26.85,64.44
78,102,78.29,187.91
78,103,71.09,170.62
78,104,33.33,79.99
78,105,54.94,131.87
78,106,41.77,100.24
78,107,69.36,166.46
78,108,70.62,169.48
78,109,68.23,163.75
78,110,77.75,186.61
78,111,70.79,169.88
78,112,74.32,178.37
78,113,79.78,191.47
78,114,75.39,180.93
78,115,30.10,72.24
78,116,57.45,137.89
78,117,74.13,177.92
78,118,67.12,161.09
78,119,75.79,181.90
78,120,55.54,133.30
78,121,41.97,100.72
78,122,55.35,132.83
78,123,33.76,81.04
78,124,24.90,59.75
78,125,46.83,112.38
78,126,32.89,78.93
78,127,68.62,164.69
78,128,32.45,77.88
78,129,22.71,54.51
78,130,38.62,92.68
78,131,56.77,136.25
78,132,26.41,63.39
78,133,38.68,92.84
78,134,14.94,35.86
78,135,60.27,144.64
78,136,55.07,132.17
78,137,31.50,75.61
78,138,75.77,181.86
78,139,42.89,102.94
78,140,52.44,125.85
78,141,9.93,23.82
78,142,28.09,67.42
78,143,20.87,50.09
78,144,23.29,55.90
78,145,50.61,121.47
78,146,75.42,181.01
78,147,76.02,182.44
78,148,53.54,128.50
78,149,29.29,70.30
78,150,18.57,44.58
78,151,10.57,25.37
78,152,34.95,83.88
78,158,69.20,166.09
78,160,66.31,159.15
78,162,44.44,106.65
78,164,45.67,109.60
78,166,27.37,65.68
78,170,61.95,148.69
79,1,24.78,59.46
79,2,13.73,32.96
79,3,54.27,130.25
79,4,47.83,114.79
79,5,43.43,104.23
79,6,50.65,121.57
79,7,22.78,54.68
79,8,33.77,81.04
79,9,34.52,82.85
79,10,34.18,82.03
79,11,22.09,53.02
79,12,27.54,66.10
79,13,25.79,61.90
79,14,30.66,73.57
79,15,65.48,157.16
79,16,51.42,123.40
79,17,60.07,144.16
79,18,46.49,111.58
79,19,52.10,125.04
79,20,41.58,99.78
79,21,46.28,111.06
79,22,59.11,141.86
79,23,39.52,94.85
79,24,40.63,97.52
79,25,35.96,86.31
79,26,21.78,52.27
79,27,21.69,52.06
79,28,49.76,119.42
79,29,51.60,123.84
79,30,46.32,111.17
79,31,44.69,107.26
79,32,66.07,158.56
79,33,55.07,132.17
79,34,46.08,110.59
79,35,27.11,65.06
79,36,58.46,140.32
79,37,61.79,148.30
79,38,63.00,151.19
79,39,22.05,52.93
79,40,51.01,122.42
79,41,24.26,58.22
79,42,52.64,126.33
79,43,10.84,26.02
79,44,16.30,39.13
79,45,39.97,95.92
79,46,42.63,102.31
79,47,67.53,162.07
79,48,73.00,175.19
79,49,73.33,175.99
79,50,55.68,133.63
79,51,36.41,87.38
79,52,11.97,28.73
79,53,16.42,39.41
79,54,63.25,151.79
79,55,68.86,165.27
79,56,64.26,154.24
79,57,53.81,129.16
79,58,67.77,162.64
79,59,71.98,172.74
79,60,68.88,165.31
79,61,57.24,137.38
79,62,31.30,75.11
79,63,32.73,78.54
79,64,36.13,86.72
79,65,37.86,90.87
79,66,37.40,89.76
79,67,31.32,75.16
79,68,10.47,25.12
79,69,8.01,19.23
79,70,5.81,13.94
79,71,46.45,111.49
79,72,70.72,169.73
79,73,18.03,43.26
79,74,26.61,63.87
79,75,5.50,13.20
79,76,78.74,188.99
79,77,31.57,75.77
79,78,72.71,174.50
79,80,21.88,52.52
79,81,71.17,170.81
79,82,36.92,88.60
79,83,85.48,205.14
79,84,52.17,125.21
79,85,41.56,99.75
79,86,72.93,175.02
79,87,66.43,159.44
79,88,49.06,117.75
79,89,79.46,190.70
79,90,83.45,200.27
79,91,64.40,154.56
79,92,12.36,29.67
79,93,4.59,11.02
79,94,62.99,151.17
79,95,51.06,122.55
79,96,49.77,119.45
79,97,29.59,71.01
79,98,69.18,166.02
79,99,90.07,216.16
79,100,45.83,109.99
79,101,62.10,149.04
79,102,6.95,16.67
79,103,9.00,21.61
79,104,43.40,104.15
79,105,27.65,66.36
79,106,38.56,92.54
79,107,59.39,142.53
79,108,35.16,84.38
79,109,41.66,99.98
79,110,9.84,23.63
79,111,53.50,128.41
79,112,39.11,93.87
79,113,13.48,32.36
79,114,53.49,128.36
79,115,44.57,106.97
79,116,18.78,45.07
79,117,59.25,142.20
79,118,22.11,53.06
79,119,35.36,84.86
79,120,20.98,50.35
79,121,72.78,174.68
79,122,35.74,85.79
79,123,54.68,131.23
79,124,83.21,199.70
79,125,47.50,114.00
79,126,90.94,218.26
79,127,4.51,10.82
79,128,52.70,126.48
79,129,51.70,124.08
79,130,34.91,83.78
79,131,19.94,47.86
79,132,46.92,112.60
79,133,58.33,139.99
79,134,58.17,139.62
79,135,23.45,56.29
79,136,20.15,48.35
79,137,87.38,209.71
79,138,51.31,123.14
79,139,43.69,104.86
79,140,25.81,61.93
79,141,62.82,150.76
79,142,86.85,208.43
79,143,61.04,146.49
79,144,51.05,122.52
79,145,24.82,59.58
79,146,48.73,116.96
79,147,57.91,138.97
79,148,63.36,152.06
79,149,59.85,143.65
79,150,64.35,154.43
79,151,63.42,152.20
79,152,40.77,97.86
79,158,5.82,13.98
79,160,58.88,141.31
79,162,33.82,81.17
79,164,72.53,174.07
79,166,75.27,180.65
79,170,30.08,72.18
80,1,41.00,98.40
80,2,32.11,77.06
80,3,46.43,111.42
80,4,39.17,94.00
80,5,33.40,80.17
80,6,37.84,90.82
80,7,30.96,74.31
80,8,33.63,80.72
80,9,24.77,59.44
80,10,20.65,49.55
80,11,23.52,56.45
80,12,22.01,52.83
80,13,14.57,34.96
80,14,28.96,69.50
80,15,57.64,138.35
80,16,48.98,117.55
80,17,53.77,129.06
80,18,52.26,125.43
80,19,54.64,131.14
80,20,44.69,107.25
80,21,48.32,115.96
80,22,67.72,162.53
80,23,46.26,111.02
80,24,50.95,122.27
80,25,39.29,94.29
80,26,19.78,47.46
80,27,16.39,39.34
80,28,45.44,109.05
80,29,45.75,109.81
80,30,55.75,133.79
80,31,55.35,132.83
80,32,62.71,150.51
80,33,44.03,105.68
80,34,41.11,98.66
80,35,11.87,28.48
80,36,62.51,150.02
80,37,64.44,154.65
80,38,63.81,153.13
80,39,8.08,19.38
80,40,58.53,140.48
80,41,35.92,86.20
80,42,52.21,125.30
80,43,26.52,63.65
80,44,22.63,54.31
80,45,34.94,83.85
80,46,39.21,94.10
80,47,62.02,148.86
80,48,69.47,166.73
80,49,67.95,163.08
80,50,51.01,122.43
80,51,20.11,48.26
80,52,15.43,37.04
80,53,10.68,25.64
80,54,67.84,162.80
80,55,74.46,178.72
80,56,72.21,173.29
80,57,63.84,153.22
80,58,69.32,166.36
80,59,64.91,155.78
80,60,60.23,144.56
80,61,43.83,105.19
80,62,38.06,91.35
80,63,44.35,106.43
80,64,30.90,74.16
80,65,37.80,90.72
80,66,46.55,111.72
80,67,16.46,39.51
80,68,20.31,48.74
80,69,15.26,36.63
80,70,22.83,54.80
80,71,31.15,74.76
80,72,60.65,145.56
80,73,31.81,76.33
80,74,28.80,69.11
80,75,17.69,42.45
80,76,75.38,180.90
80,77,35.02,84.05
80,78,60.22,144.52
80,79,21.88,52.52
80,81,57.29,137.49
80,82,34.86,83.67
80,83,79.15,189.95
80,84,37.23,89.36
80,85,27.87,66.88
80,86,70.63,169.50
80,87,69.32,166.37
80,88,60.48,145.14
80,89,74.11,177.86
80,90,78.78,189.08
80,91,51.37,123.28
80,92,10.27,24.66
80,93,19.35,46.43
80,94,72.53,174.07
80,95,60.13,144.31
80,96,38.89,93.34
80,97,11.05,26.53
80,98,72.88,174.90
80,99,84.15,201.96
80,100,46.32,111.17
80,101,57.94,139.06
80,102,23.43,56.24
80,103,14.60,35.04
80,104,27.26,65.43
80,105,34.90,83.77
80,106,19.89,47.74
80,107,70.00,168.01
80,108,49.91,119.78
80,109,54.57,130.97
80,110,20.66,49.59
80,111,65.52,157.24
80,112,54.60,131.04
80,113,21.30,51.11
80,114,66.97,160.72
80,115,38.05,91.31
80,116,6.64,15.94
80,117,71.38,171.31
80,118,36.99,88.79
80,119,51.97,124.73
80,120,26.92,64.60
80,121,72.76,174.62
80,122,43.64,104.73
80,123,35.26,84.63
80,124,76.36,183.27
80,125,51.25,122.99
80,126,84.87,203.68
80,127,20.92,50.22
80,128,33.89,81.33
80,129,43.37,104.09
80,130,22.50,54.00
80,131,6.08,14.58
80,132,34.03,81.68
80,133,58.55,140.51
80,134,47.48,113.95
80,135,1.75,4.21
80,136,8.53,20.48
80,137,81.70,196.09
80,138,65.27,156.66
80,139,23.29,55.91
80,140,30.54,73.29
80,141,50.51,121.23
80,142,80.22,192.52
80,143,54.58,130.98
80,144,42.78,102.67
80,145,10.70,25.68
80,146,63.02,151.24
80,147,70.84,170.00
80,148,68.27,163.84
80,149,41.02,98.44
80,150,47.75,114.60
80,151,52.84,126.83
80,152,36.39,87.33
80,158,16.07,38.57
80,160,68.61,164.66
80,162,16.04,38.50
80,164,73.69,176.86
80,166,70.45,169.08
80,170,41.58,99.79
81,1,70.94,170.26
81,2,71.01,170.43
81,3,22.90,54.96
81,4,25.67,61.62
81,5,28.25,67.80
81,6,20.52,49.24
81,7,57.14,137.13
81,8,43.99,105.57
81,9,36.70,88.08
81,10,37.65,90.35
81,11,51.21,122.91
81,12,44.06,105.73
81,13,45.88,110.12
81,14,43.94,105.45
81,15,20.20,48.48
81,16,35.17,84.40
81,17,24.81,59.54
81,18,53.84,129.21
81,19,47.05,112.91
81,20,47.50,114.00
81,21,45.27,108.66
81,22,66.26,159.03
81,23,54.79,131.49
81,24,63.09,151.41
81,25,48.34,116.02
81,26,49.91,119.79
81,27,49.48,118.76
81,28,31.56,75.73
81,29,27.93,67.04
81,30,62.86,150.86
81,31,65.41,156.99
81,32,33.82,81.17
81,33,17.32,41.56
81,34,31.83,76.39
81,35,46.19,110.86
81,36,52.80,126.72
81,37,50.04,120.10
81,38,45.16,108.37
81,39,51.44,123.46
81,40,59.60,143.05
81,41,62.12,149.09
81,42,39.79,95.51
81,43,66.35,159.23
81,44,57.22,137.33
81,45,35.09,84.20
81,46,35.78,85.87
81,47,27.64,66.34
81,48,35.76,85.83
81,49,29.96,71.91
81,50,29.46,70.70
81,51,37.19,89.25
81,52,59.20,142.08
81,53,55.51,133.23
81,54,56.33,135.19
81,55,62.24,149.38
81,56,66.96,160.71
81,57,67.76,162.62
81,58,49.24,118.17
81,59,23.94,57.46
81,60,17.98,43.16
81,61,13.94,33.46
81,62,54.41,130.57
81,63,63.70,152.87
81,64,37.44,89.85
81,65,42.59,102.20
81,66,59.55,142.93
81,67,41.38,99.32
81,68,61.75,148.21
81,69,63.49,152.38
81,70,67.47,161.92
81,71,26.14,62.74
81,72,13.59,32.61
81,73,64.65,155.17
81,74,49.50,118.81
81,75,70.32,168.76
81,76,39.17,94.01
81,77,49.35,118.43
81,78,5.66,13.58
81,79,71.17,170.81
81,80,57.29,137.49
81,82,40.24,96.57
81,83,33.74,80.97
81,84,20.06,48.13
81,85,30.02,72.05
81,86,39.63,95.10
81,87,52.70,126.48
81,88,69.39,166.54
81,89,33.12,79.48
81,90,37.78,90.66
81,91,7.07,16.97
81,92,60.77,145.85
81,93,66.63,159.91
81,94,71.20,170.88
81,95,63.79,153.10
81,96,22.04,52.90
81,97,46.26,111.02
81,98,56.51,135.64
81,99,38.35,92.04
81,100,41.99,100.78
81,101,30.70,73.69
81,102,76.45,183.47
81,103,68.89,165.35
81,104,30.07,72.17
81,105,55.37,132.89
81,106,38.21,91.71
81,107,72.47,173.92
81,108,71.86,172.46
81,109,70.03,168.06
81,110,75.60,181.43
81,111,73.43,176.23
81,112,75.79,181.89
81,113,77.42,185.80
81,114,77.89,186.94
81,115,30.45,73.08
81,116,55.06,132.14
81,117,77.09,185.02
81,118,67.33,161.59
81,119,76.93,184.64
81,120,55.14,132.33
81,121,46.74,112.17
81,122,56.66,135.99
81,123,28.81,69.15
81,124,30.55,73.32
81,125,49.23,118.14
81,126,38.52,92.45
81,127,67.24,161.39
81,128,27.76,66.63
81,129,23.48,56.34
81,130,36.49,87.57
81,131,54.29,130.29
81,132,24.29,58.29
81,133,42.19,101.27
81,134,15.42,37.01
81,135,57.20,137.27
81,136,52.77,126.65
81,137,37.16,89.18
81,138,78.11,187.46
81,139,38.65,92.76
81,140,52.44,125.86
81,141,9.36,22.46
81,142,33.74,80.98
81,143,24.27,58.25
81,144,23.97,57.53
81,145,48.16,115.59
81,146,77.58,186.19
81,147,78.82,189.17
81,148,57.34,137.62
81,149,24.02,57.64
81,150,13.21,31.71
81,151,12.71,30.51
81,152,35.37,84.88
81,158,67.32,161.57
81,160,69.47,166.73
81,162,41.31,99.14
81,164,50.33,120.79
81,166,32.64,78.34
81,170,62.82,150.77
82,1,30.74,73.78
82,2,32.33,77.58
82,3,18.87,45.28
82,4,14.60,35.04
82,5,14.29,34.29
82,6,22.55,54.11
82,7,17.52,42.05
82,8,3.83,9.20
82,9,13.59,32.61
82,10,19.70,47.29
82,11,14.88,35.71
82,12,12.85,30.84
82,13,20.69,49.65
82,14,6.47,15.53
82,15,29.27,70.25
82,16,14.82,35.58
82,17,23.41,56.18
82,18,20.57,49.37
82,19,20.26,48.62
82,20,11.97,28.72
82,21,14.13,33.90
82,22,36.74,88.18
82,23,17.45,41.87
82,24,25.49,61.18
82,25,9.22,22.12
82,26,16.51,39.61
82,27,18.95,45.48
82,28,12.88,30.90
82,29,15.14,36.33
82,30,27.62,66.29
82,31,29.03,69.68
82,32,29.40,70.56
82,33,22.96,55.10
82,34,9.62,23.09
82,35,24.67,59.20
82,36,28.44,68.26
82,37,29.78,71.47
82,38,28.95,69.48
82,39,26.80,64.32
82,40,27.58,66.20
82,41,21.97,52.73
82,42,17.39,41.73
82,43,28.83,69.20
82,44,20.68,49.63
82,45,5.30,12.72
82,46,5.77,13.85
82,47,30.62,73.50
82,48,36.35,87.25
82,49,36.41,87.39
82,50,18.77,45.05
82,51,24.28,58.28
82,52,26.47,63.53
82,53,26.31,63.15
82,54,33.81,81.14
82,55,40.71,97.71
82,56,40.21,96.51
82,57,34.94,83.87
82,58,34.46,82.70
82,59,35.29,84.70
82,60,32.95,79.09
82,61,28.05,67.32
82,62,14.35,34.45
82,63,23.99,57.57
82,64,5.68,13.62
82,65,3.93,9.43
82,66,21.11,50.67
82,67,22.46,53.91
82,68,26.45,63.48
82,69,31.14,74.73
82,70,31.74,76.17
82,71,24.90,59.76
82,72,35.67,85.60
82,73,25.30,60.73
82,74,10.65,25.56
82,75,38.49,92.39
82,76,42.20,101.29
82,77,9.12,21.88
82,78,39.83,95.60
82,79,36.92,88.60
82,80,34.86,83.67
82,81,40.24,96.57
82,83,48.57,116.57
82,84,27.25,65.40
82,85,20.16,48.37
82,86,36.75,88.21
82,87,34.64,83.15
82,88,34.04,81.69
82,89,42.55,102.12
82,90,46.62,111.89
82,91,33.21,79.70
82,92,31.23,74.95
82,93,32.52,78.06
82,94,42.04,100.90
82,95,30.66,73.59
82,96,18.95,45.47
82,97,28.51,68.43
82,98,38.36,92.06
82,99,53.15,127.56
82,100,11.59,27.81
82,101,25.22,60.54
82,102,43.56,104.53
82,103,38.84,93.22
82,104,25.36,60.86
82,105,15.15,36.36
82,106,29.33,70.40
82,107,41.00,98.39
82,108,32.25,77.40
82,109,31.99,76.77
82,110,44.62,107.10
82,111,38.99,93.58
82,112,36.58,87.80
82,113,47.63,114.31
82,114,42.40,101.76
82,115,9.80,23.52
82,116,28.88,69.32
82,117,44.14,105.95
82,118,27.29,65.50
82,119,37.09,89.02
82,120,16.75,40.19
82,121,38.06,91.34
82,122,17.76,42.62
82,123,39.09,93.81
82,124,46.37,111.28
82,125,17.87,42.90
82,126,54.02,129.66
82,127,32.43,77.82
82,128,36.14,86.73
82,129,17.13,41.10
82,130,17.74,42.58
82,131,29.00,69.59
82,132,20.61,49.47
82,133,23.70,56.89
82,134,25.02,60.05
82,135,36.01,86.43
82,136,26.51,63.63
82,137,50.47,121.12
82,138,41.80,100.33
82,139,35.84,86.02
82,140,12.84,30.82
82,141,30.90,74.16
82,142,49.96,119.91
82,143,24.41,58.58
82,144,16.54,39.70
82,145,24.70,59.29
82,146,40.54,97.30
82,147,44.82,107.56
82,148,34.39,82.53
82,149,41.04,98.49
82,150,39.18,94.03
82,151,29.42,70.60
82,152,4.89,11.74
82,158,35.41,84.98
82,160,38.72,92.92
82,162,26.93,64.63
82,164,38.84,93.21
82,166,38.39,92.14
82,170,22.76,54.63
83,1,74.86,179.65
83,2,79.77,191.46
83,3,32.73,78.54
83,4,39.98,95.96
83,5,45.78,109.88
83,6,43.39,104.14
83,7,64.86,155.67
83,8,51.90,124.56
83,9,54.47,130.73
83,10,58.74,140.98
83,11,63.39,152.14
83,12,59.24,142.18
83,13,64.95,155.88
83,14,54.84,131.61
83,15,21.60,51.85
83,16,34.59,83.03
83,17,25.70,61.67
83,18,48.57,116.56
83,19,39.84,95.62
83,20,47.44,113.85
83,21,42.88,102.91
83,22,52.97,127.12
83,23,53.51,128.42
83,24,59.77,143.44
83,25,51.76,124.22
83,26,64.35,154.44
83,27,65.83,158.00
83,28,35.72,85.73
83,29,34.14,81.94
83,30,56.51,135.61
83,31,59.81,143.54
83,32,20.76,49.83
83,33,36.39,87.33
83,34,39.53,94.86
83,35,67.31,161.54
83,36,40.12,96.28
83,37,35.45,85.08
83,38,30.49,73.18
83,39,71.55,171.71
83,40,50.85,122.04
83,41,67.40,161.77
83,42,35.20,84.48
83,43,77.09,185.02
83,44,69.25,166.20
83,45,45.83,109.99
83,46,42.85,102.83
83,47,17.95,43.08
83,48,15.04,36.11
83,49,12.27,29.46
83,50,29.80,71.52
83,51,60.78,145.86
83,52,74.62,179.08
83,53,73.23,175.76
83,54,40.40,96.96
83,55,43.23,103.76
83,56,50.93,122.24
83,57,57.37,137.69
83,58,30.55,73.33
83,59,14.26,34.22
83,60,19.72,47.33
83,61,39.77,95.45
83,62,58.16,139.57
83,63,64.41,154.58
83,64,49.90,119.75
83,65,48.12,115.49
83,66,58.44,140.26
83,67,62.96,151.10
83,68,75.01,180.03
83,69,79.33,190.40
83,70,80.29,192.70
83,71,51.60,123.84
83,72,21.57,51.76
83,73,72.42,173.82
83,74,59.08,141.80
83,75,86.73,208.16
83,76,12.25,29.41
83,77,55.29,132.69
83,78,28.08,67.40
83,79,85.48,205.14
83,80,79.15,189.95
83,81,33.74,80.97
83,82,48.57,116.57
83,84,46.91,112.57
83,85,52.44,125.85
83,86,17.93,43.02
83,87,34.79,83.51
83,88,61.54,147.69
83,89,6.69,16.05
83,90,6.53,15.67
83,91,34.15,81.96
83,92,78.57,188.56
83,93,81.04,194.50
83,94,56.29,135.09
83,95,54.82,131.58
83,96,40.86,98.07
83,97,69.31,166.34
83,98,36.91,88.59
83,99,5.11,12.27
83,100,41.58,99.79
83,101,23.66,56.79
83,102,92.04,220.90
83,103,86.63,207.92
83,104,55.45,133.08
83,105,60.93,146.24
83,106,63.97,153.52
83,107,59.55,142.92
83,108,70.93,170.24
83,109,65.92,158.21
83,110,92.79,222.69
83,111,63.59,152.61
83,112,73.16,175.60
83,113,95.56,229.34
83,114,68.55,164.52
83,115,41.69,100.05
83,116,74.62,179.08
83,117,64.81,155.54
83,118,72.73,174.55
83,119,76.16,182.79
83,120,65.08,156.19
83,121,24.51,58.82
83,122,57.10,137.04
83,123,60.17,144.40
83,124,3.24,7.77
83,125,44.50,106.81
83,126,5.73,13.75
83,127,80.99,194.38
83,128,58.28,139.86
83,129,35.78,85.86
83,130,56.74,136.17
83,131,74.30,178.32
83,132,46.60,111.83
83,133,31.98,76.76
83,134,33.07,79.36
83,135,79.71,191.30
83,136,72.08,172.99
83,137,3.42,8.22
83,138,69.86,167.66
83,139,67.04,160.90
83,140,60.63,145.52
83,141,33.12,79.49
83,142,1.71,4.11
83,143,24.80,59.51
83,144,36.37,87.29
83,145,68.53,164.47
83,146,70.51,169.22
83,147,67.45,161.87
83,148,41.34,99.21
83,149,56.55,135.72
83,150,46.22,110.93
83,151,28.43,68.24
83,152,44.83,107.59
83,158,83.61,200.65
83,160,56.53,135.67
83,162,65.14,156.32
83,164,28.31,67.94
83,166,11.02,26.44
83,170,65.01,156.02
84,1,55.96,134.32
84,2,53.91,129.39
84,3,18.90,45.36
84,4,15.03,36.06
84,5,12.96,31.11
84,6,5.55,13.31
84,7,41.53,99.68
84,8,30.32,72.76
84,9,18.67,44.81
84,10,18.06,43.34
84,11,34.08,81.79
84,12,26.30,63.12
84,13,26.45,63.49
84,14,28.50,68.39
84,15,26.29,63.10
84,16,30.18,72.44
84,17,26.01,62.43
84,18,45.98,110.36
84,19,41.91,100.59
84,20,37.89,90.95
84,21,37.69,90.45
84,22,61.16,146.79
84,23,44.42,106.60
84,24,52.65,126.35
84,25,36.44,87.46
84,26,31.90,76.55
84,27,30.74,73.78
84,28,25.20,60.48
84,29,22.44,53.87
84,30,54.16,130.00
84,31,55.96,134.30
84,32,37.27,89.46
84,33,11.47,27.53
84,34,22.67,54.41
84,35,26.29,63.10
84,36,49.56,118.95
84,37,48.55,116.52
84,38,45.00,107.99
84,39,31.60,75.84
84,40,52.78,126.68
84,41,47.22,113.33
84,42,35.40,84.97
84,43,48.71,116.91
84,44,39.64,95.13
84,45,22.14,53.14
84,46,25.20,60.48
84,47,33.31,79.95
84,48,42.32,101.57
84,49,38.31,91.93
84,50,27.22,65.32
84,51,17.14,41.14
84,52,40.27,96.66
84,53,36.07,86.57
84,54,54.33,130.40
84,55,61.17,146.80
84,56,63.42,152.22
84,57,60.76,145.83
84,58,50.34,120.82
84,59,33.35,80.03
84,60,27.24,65.38
84,61,7.32,17.57
84,62,41.24,98.98
84,63,50.98,122.36
84,64,22.52,54.05
84,65,30.75,73.80
84,66,48.35,116.04
84,67,21.52,51.64
84,68,43.43,104.23
84,69,44.29,106.30
84,70,49.04,117.69
84,71,6.09,14.62
84,72,25.84,62.00
84,73,48.37,116.08
84,74,33.88,81.32
84,75,50.82,121.97
84,76,47.52,114.04
84,77,35.77,85.85
84,78,23.36,56.07
84,79,52.17,125.21
84,80,37.23,89.36
84,81,20.06,48.13
84,82,27.25,65.40
84,83,46.91,112.57
84,85,10.63,25.51
84,86,45.15,108.37
84,87,52.59,126.20
84,88,60.75,145.80
84,89,43.63,104.72
84,90,48.69,116.85
84,91,14.53,34.88
84,92,41.17,98.82
84,93,47.73,114.55
84,94,66.49,159.57
84,95,56.48,135.55
84,96,10.16,24.39
84,97,26.20,62.88
84,98,56.70,136.08
84,99,52.00,124.79
84,100,34.15,81.96
84,101,32.49,77.97
84,102,57.02,136.84
84,103,49.17,118.00
84,104,10.03,24.08
84,105,41.08,98.60
84,106,18.40,44.17
84,107,66.43,159.43
84,108,59.20,142.08
84,109,59.23,142.15
84,110,55.88,134.11
84,111,65.50,157.19
84,112,63.68,152.84
84,113,57.54,138.10
84,114,69.26,166.23
84,115,19.27,46.25
84,116,35.24,84.58
84,117,70.23,168.54
84,118,51.93,124.62
84,119,63.80,153.11
84,120,38.67,92.80
84,121,50.48,121.15
84,122,45.01,108.02
84,123,14.88,35.72
84,124,43.75,105.00
84,125,42.04,100.89
84,126,52.48,125.96
84,127,48.53,116.46
84,128,12.28,29.47
84,129,16.66,39.99
84,130,17.29,41.51
84,131,34.41,82.59
84,132,6.69,16.06
84,133,40.36,96.87
84,134,14.22,34.12
84,135,37.15,89.15
84,136,33.04,79.31
84,137,50.03,120.08
84,138,68.85,165.24
84,139,20.22,48.53
84,140,37.15,89.16
84,141,14.36,34.47
84,142,47.53,114.08
84,143,26.26,63.03
84,144,16.59,39.80
84,145,28.34,68.03
84,146,67.71,162.50
84,147,71.27,171.06
84,148,55.21,132.50
84,149,14.50,34.80
84,150,12.69,30.46
84,151,18.48,44.34
84,152,23.24,55.77
84,158,47.91,114.99
84,160,63.78,153.07
84,162,21.26,51.01
84,164,53.15,127.55
84,166,41.21,98.91
84,170,49.42,118.62
85,1,46.37,111.28
85,2,43.55,104.52
85,3,20.51,49.23
85,4,13.72,32.94
85,5,8.16,19.58
85,6,9.98,23.94
85,7,31.91,76.58
85,8,22.39,53.74
85,9,8.57,20.58
85,10,7.62,18.30
85,11,23.91,57.39
85,12,16.02,38.45
85,13,15.92,38.22
85,14,19.51,46.83
85,15,30.87,74.08
85,16,28.09,67.41
85,17,28.31,67.95
85,18,40.48,97.14
85,19,38.28,91.88
85,20,31.93,76.63
85,21,32.98,79.16
85,22,56.44,135.47
85,23,37.55,90.11
85,24,45.37,108.89
85,25,29.17,70.00
85,26,21.42,51.41
85,27,20.12,48.28
85,28,23.25,55.81
85,29,21.83,52.39
85,30,47.78,114.66
85,31,49.09,117.83
85,32,38.86,93.26
85,33,16.36,39.27
85,34,19.42,46.60
85,35,16.31,39.14
85,36,46.44,111.45
85,37,46.46,111.49
85,38,43.90,105.35
85,39,21.47,51.52
85,40,47.49,113.97
85,41,37.81,90.74
85,42,32.89,78.94
85,43,38.23,91.76
85,44,29.22,70.14
85,45,16.00,38.40
85,46,20.26,48.63
85,47,36.50,87.61
85,48,44.95,107.89
85,49,42.18,101.22
85,50,27.35,65.64
85,51,8.34,20.03
85,52,29.65,71.16
85,53,25.56,61.35
85,54,51.61,123.86
85,55,58.61,140.65
85,56,59.46,142.69
85,57,55.04,132.11
85,58,49.53,118.87
85,59,38.24,91.79
85,60,32.97,79.12
85,61,16.19,38.85
85,62,32.93,79.02
85,63,42.56,102.14
85,64,14.62,35.08
85,65,24.04,57.70
85,66,40.82,97.98
85,67,11.51,27.62
85,68,32.83,78.78
85,69,33.71,80.91
85,70,38.42,92.20
85,71,5.49,13.18
85,72,32.92,79.02
85,73,38.33,91.99
85,74,24.49,58.79
85,75,40.36,96.86
85,76,50.64,121.55
85,77,27.50,66.00
85,78,32.47,77.92
85,79,41.56,99.75
85,80,27.87,66.88
85,81,30.02,72.05
85,82,20.16,48.37
85,83,52.44,125.85
85,84,10.63,25.51
85,86,47.04,112.89
85,87,50.98,122.35
85,88,54.16,129.98
85,89,48.09,115.41
85,90,53.01,127.24
85,91,23.69,56.84
85,92,30.77,73.84
85,93,37.11,89.06
85,94,61.79,148.30
85,95,50.75,121.80
85,96,11.58,27.79
85,97,17.20,41.28
85,98,55.03,132.06
85,99,57.53,138.07
85,100,29.68,71.23
85,101,33.86,81.26
85,102,46.53,111.67
85,103,38.87,93.29
85,104,5.27,12.65
85,105,32.15,77.17
85,106,12.00,28.79
85,107,61.03,146.48
85,108,50.61,121.46
85,109,51.56,123.75
85,110,45.58,109.38
85,111,59.14,141.93
85,112,55.27,132.65
85,113,47.42,113.82
85,114,62.45,149.89
85,115,15.50,37.20
85,116,25.06,60.15
85,117,64.29,154.30
85,118,42.20,101.28
85,119,54.90,131.76
85,120,28.70,68.88
85,121,51.06,122.55
85,122,37.38,89.70
85,123,19.01,45.63
85,124,49.48,118.74
85,125,37.19,89.26
85,126,58.16,139.58
85,127,37.90,90.95
85,128,16.09,38.62
85,129,17.46,41.91
85,130,6.66,15.99
85,131,24.33,58.40
85,132,6.17,14.81
85,133,38.76,93.03
85,134,19.82,47.56
85,135,28.07,67.36
85,136,22.75,54.60
85,137,55.26,132.63
85,138,61.73,148.16
85,139,17.11,41.06
85,140,27.82,66.76
85,141,22.67,54.41
85,142,53.34,128.02
85,143,28.91,69.38
85,144,17.01,40.83
85,145,18.18,43.64
85,146,60.31,144.74
85,147,64.97,155.92
85,148,52.36,125.67
85,149,21.70,52.08
85,150,23.12,55.49
85,151,25.11,60.26
85,152,17.52,42.05
85,158,37.41,89.78
85,160,58.65,140.75
85,162,12.73,30.54
85,164,53.07,127.37
85,166,44.93,107.82
85,170,40.70,97.67
86,1,59.10,141.84
86,2,65.35,156.85
86,3,26.81,64.35
86,4,33.32,79.97
86,5,39.12,93.90
86,6,40.23,96.54
86,7,50.92,122.20
86,8,39.36,94.47
86,9,46.23,110.95
86,10,51.66,123.97
86,11,51.38,123.30
86,12,49.05,117.73
86,13,56.06,134.55
86,14,43.22,103.73
86,15,20.15,48.35
86,16,21.95,52.67
86,17,19.19,46.07
86,18,31.69,76.05
86,19,23.18,55.63
86,20,32.29,77.49
86,21,27.47,65.93
86,22,35.06,84.14
86,23,37.38,89.72
86,24,42.78,102.67
86,25,37.39,89.74
86,26,53.26,127.81
86,27,55.50,133.20
86,28,25.20,60.48
86,29,25.43,61.03
86,30,39.06,93.73
86,31,42.39,101.74
86,32,8.18,19.63
86,33,33.69,80.86
86,34,29.54,70.90
86,35,59.28,142.28
86,36,22.28,53.48
86,37,17.56,42.15
86,38,12.81,30.74
86,39,62.61,150.27
86,40,33.20,79.67
86,41,52.42,125.82
86,42,20.36,48.86
86,43,63.53,152.47
86,44,56.68,136.04
86,45,35.70,85.68
86,46,31.62,75.89
86,47,12.37,29.69
86,48,4.08,9.79
86,49,10.23,24.56
86,50,19.90,47.77
86,51,54.85,131.65
86,52,63.15,151.56
86,53,62.95,151.09
86,54,22.53,54.06
86,55,25.97,62.34
86,56,33.23,79.76
86,57,39.48,94.74
86,58,12.77,30.64
86,59,15.99,38.37
86,60,21.65,51.96
86,61,39.32,94.36
86,62,43.29,103.90
86,63,48.21,115.69
86,64,39.78,95.48
86,65,35.13,84.30
86,66,42.05,100.92
86,67,55.63,133.50
86,68,62.58,150.18
86,69,67.77,162.65
86,70,67.38,161.72
86,71,48.11,115.47
86,72,26.16,62.78
86,73,58.01,139.23
86,74,46.38,111.31
86,75,75.05,180.12
86,76,6.47,15.53
86,77,41.51,99.63
86,78,34.68,83.24
86,79,72.93,175.02
86,80,70.63,169.50
86,81,39.63,95.10
86,82,36.75,88.21
86,83,17.93,43.02
86,84,45.15,108.37
86,85,47.04,112.89
86,87,17.02,40.86
86,88,43.79,105.09
86,89,11.66,27.98
86,90,12.59,30.23
86,91,36.67,88.01
86,92,67.97,163.12
86,93,68.76,165.02
86,94,38.52,92.45
86,95,37.06,88.95
86,96,36.29,87.10
86,97,62.20,149.28
86,98,19.61,47.05
86,99,20.40,48.97
86,100,27.19,65.25
86,101,13.18,31.63
86,102,79.77,191.44
86,103,75.57,181.37
86,104,51.31,123.14
86,105,46.49,111.57
86,106,59.03,141.66
86,107,41.65,99.97
86,108,54.09,129.82
86,109,48.60,116.63
86,110,81.20,194.87
86,111,45.68,109.64
86,112,55.93,134.24
86,113,84.30,202.32
86,114,50.65,121.55
86,115,32.87,78.89
86,116,65.16,156.39
86,117,46.91,112.58
86,118,57.51,138.03
86,119,59.22,142.12
86,120,51.98,124.74
86,121,7.60,18.23
86,122,41.23,98.96
86,123,59.91,143.79
86,124,17.98,43.16
86,125,28.11,67.46
86,126,21.43,51.44
86,127,68.43,164.23
86,128,57.42,137.82
86,129,29.70,71.29
86,130,49.46,118.71
86,131,65.10,156.25
86,132,42.31,101.54
86,133,15.45,37.09
86,134,31.33,75.20
86,135,71.53,171.66
86,136,62.69,150.45
86,137,17.76,42.62
86,138,52.00,124.79
86,139,63.65,152.75
86,140,47.21,113.31
86,141,34.57,82.98
86,142,19.63,47.12
86,143,18.89,45.34
86,144,30.09,72.21
86,145,59.99,143.96
86,146,52.73,126.55
86,147,49.53,118.86
86,148,23.48,56.36
86,149,57.93,139.04
86,150,49.27,118.26
86,151,29.06,69.75
86,152,34.30,82.32
86,158,72.01,172.83
86,160,38.62,92.69
86,162,58.88,141.31
86,164,11.54,27.70
86,166,8.51,20.43
86,170,49.19,118.06
87,1,48.13,115.50
87,2,56.41,135.39
87,3,33.93,81.44
87,4,38.15,91.55
87,5,42.89,102.93
87,6,47.09,113.02
87,7,43.65,104.76
87,8,35.72,85.74
87,9,47.27,113.44
87,10,53.37,128.08
87,11,47.03,112.88
87,12,47.41,113.77
87,13,55.33,132.79
87,14,40.36,96.88
87,15,32.54,78.10
87,16,22.93,55.02
87,17,28.43,68.24
87,18,20.37,48.88
87,19,14.78,35.47
87,20,25.26,60.64
87,21,21.09,50.61
87,22,18.34,44.03
87,23,27.28,65.47
87,24,29.97,71.94
87,25,30.99,74.38
87,26,50.01,120.02
87,27,53.05,127.31
87,28,27.89,66.93
87,29,30.18,72.44
87,30,25.06,60.15
87,31,28.32,67.96
87,32,19.19,46.06
87,33,41.98,100.76
87,34,31.56,75.75
87,35,59.28,142.28
87,36,8.24,19.78
87,37,4.89,11.72
87,38,7.73,18.56
87,39,61.32,147.17
87,40,18.81,45.14
87,41,43.26,103.83
87,42,18.14,43.55
87,43,56.01,134.43
87,44,51.10,122.64
87,45,36.11,86.66
87,46,31.46,75.50
87,47,25.68,61.62
87,48,20.67,49.62
87,49,26.36,63.26
87,50,25.50,61.20
87,51,57.48,137.96
87,52,58.65,140.76
87,53,60.01,144.01
87,54,5.76,13.82
87,55,9.60,23.04
87,56,16.21,38.91
87,57,23.45,56.27
87,58,4.26,10.22
87,59,31.17,74.81
87,60,35.37,84.90
87,61,48.46,116.30
87,62,35.15,84.36
87,63,36.93,88.62
87,64,39.48,94.75
87,65,31.52,75.65
87,66,30.82,73.96
87,67,56.70,136.09
87,68,56.77,136.26
87,69,62.87,150.89
87,70,60.64,145.53
87,71,53.74,128.97
87,72,40.18,96.44
87,73,49.47,118.74
87,74,41.54,99.70
87,75,69.64,167.13
87,76,22.67,54.42
87,77,35.54,85.30
87,78,48.56,116.54
87,79,66.43,159.44
87,80,69.32,166.37
87,81,52.70,126.48
87,82,34.64,83.15
87,83,34.79,83.51
87,84,52.59,126.20
87,85,50.98,122.35
87,86,17.02,40.86
87,88,28.45,68.28
87,89,28.68,68.83
87,90,28.92,69.41
87,91,48.15,115.55
87,92,64.31,154.34
87,93,62.82,150.78
87,94,21.51,51.62
87,95,21.91,52.58
87,96,42.54,102.10
87,97,63.00,151.19
87,98,4.11,9.87
87,99,36.60,87.84
87,100,23.06,55.35
87,101,22.06,52.93
87,102,73.37,176.09
87,103,70.93,170.24
87,104,56.01,134.42
87,105,38.78,93.08
87,106,62.30,149.51
87,107,24.83,59.59
87,108,41.07,98.57
87,109,34.55,82.92
87,110,75.65,181.57
87,111,29.48,70.75
87,112,41.91,100.58
87,113,79.08,189.78
87,114,34.38,82.52
87,115,35.48,85.15
87,116,63.09,151.41
87,117,30.09,72.22
87,118,47.61,114.25
87,119,45.79,109.89
87,120,45.97,110.32
87,121,10.61,25.46
87,122,31.28,75.07
87,123,67.30,161.53
87,124,35.01,84.01
87,125,18.97,45.54
87,126,37.62,90.29
87,127,62.12,149.09
87,128,64.50,154.80
87,129,35.92,86.21
87,130,51.20,122.88
87,131,63.34,152.02
87,132,47.89,114.95
87,133,12.30,29.52
87,134,40.79,97.90
87,135,70.56,169.33
87,136,60.85,146.03
87,137,34.16,81.97
87,138,36.00,86.40
87,139,68.07,163.36
87,140,41.16,98.78
87,141,45.66,109.59
87,142,36.49,87.57
87,143,28.74,68.98
87,144,36.01,86.43
87,145,59.34,142.42
87,146,37.10,89.03
87,147,32.82,78.76
87,148,6.61,15.87
87,149,66.74,160.17
87,150,59.87,143.69
87,151,40.53,97.26
87,152,34.47,82.73
87,158,66.86,160.46
87,160,21.86,52.47
87,162,60.83,145.99
87,164,7.70,18.48
87,166,25.32,60.76
87,170,38.66,92.79
88,1,25.32,60.77
88,2,36.08,86.58
88,3,46.62,111.90
88,4,46.34,111.21
88,5,47.98,115.15
88,6,55.58,133.40
88,7,29.55,70.91
88,8,31.96,76.70
88,9,46.82,112.37
88,10,52.44,125.85
88,11,37.41,89.80
88,12,42.46,101.90
88,13,49.90,119.77
88,14,35.81,85.95
88,15,51.76,124.22
88,16,34.28,82.27
88,17,45.60,109.43
88,18,15.55,37.33
88,19,23.18,55.64
88,20,22.88,54.91
88,21,24.15,57.97
88,22,12.18,29.23
88,23,16.61,39.87
88,24,9.59,23.02
88,25,25.03,60.07
88,26,41.51,99.63
88,27,45.18,108.43
88,28,37.96,91.11
88,29,41.57,99.78
88,30,6.63,15.92
88,31,5.26,12.63
88,32,42.00,100.79
88,33,53.72,128.93
88,34,38.75,93.01
88,35,54.28,130.28
88,36,21.52,51.65
88,37,26.30,63.13
88,38,31.05,74.52
88,39,53.75,128.99
88,40,10.77,25.85
88,41,25.38,60.91
88,42,30.10,72.23
88,43,38.36,92.06
88,44,38.06,91.35
88,45,38.75,93.00
88,46,35.62,85.50
88,47,47.63,114.32
88,48,46.53,111.66
88,49,50.87,122.09
88,50,40.28,96.67
88,51,57.18,137.22
88,52,45.98,110.34
88,53,49.81,119.55
88,54,22.86,54.86
88,55,24.88,59.71
88,56,17.40,41.75
88,57,5.81,13.95
88,58,32.15,77.16
88,59,53.83,129.19
88,60,55.53,133.28
88,61,59.94,143.86
88,62,22.99,55.18
88,63,16.59,39.82
88,64,39.55,94.92
88,65,30.23,72.55
88,66,14.21,34.10
88,67,54.01,129.62
88,68,42.11,101.07
88,69,48.77,117.05
88,70,43.61,104.67
88,71,58.92,141.41
88,72,59.95,143.87
88,73,31.18,74.84
88,74,32.93,79.04
88,75,53.73,128.96
88,76,50.10,120.23
88,77,27.59,66.21
88,78,66.99,160.78
88,79,49.06,117.75
88,80,60.48,145.14
88,81,69.39,166.54
88,82,34.04,81.69
88,83,61.54,147.69
88,84,60.75,145.80
88,85,54.16,129.98
88,86,43.79,105.09
88,87,28.45,68.28
88,89,54.95,131.89
88,90,56.35,135.23
88,91,63.05,151.32
88,92,52.15,125.16
88,93,46.92,112.60
88,94,14.42,34.61
88,95,6.72,16.14
88,96,51.32,123.17
88,97,58.67,140.80
88,98,28.65,68.76
88,99,64.16,153.98
88,100,27.56,66.14
88,101,41.78,100.27
88,102,55.43,133.02
88,103,56.21,134.91
88,104,59.30,142.33
88,105,25.70,61.67
88,106,62.16,149.19
88,107,10.36,24.86
88,108,15.42,37.02
88,109,7.96,19.10
88,110,58.91,141.38
88,111,5.15,12.35
88,112,14.36,34.45
88,113,62.55,150.11
88,114,8.58,20.60
88,115,41.62,99.89
88,116,53.86,129.27
88,117,10.92,26.20
88,118,27.03,64.87
88,119,18.83,45.19
88,120,33.56,80.55
88,121,38.79,93.11
88,122,17.53,42.06
88,123,73.12,175.49
88,124,61.01,146.41
88,125,20.19,48.45
88,126,65.19,156.45
88,127,45.66,109.57
88,128,70.18,168.42
88,129,46.76,112.23
88,130,50.83,122.00
88,131,54.61,131.07
88,132,54.31,130.35
88,133,30.30,72.72
88,134,54.39,130.53
88,135,62.11,149.06
88,136,52.42,125.80
88,137,61.54,147.70
88,138,8.81,21.13
88,139,68.94,165.46
88,140,30.38,72.92
88,141,60.44,145.05
88,142,63.25,151.80
88,143,46.41,111.40
88,144,46.44,111.45
88,145,53.24,127.78
88,146,8.98,21.56
88,147,10.89,26.14
88,148,22.25,53.40
88,149,74.91,179.79
88,150,71.77,172.26
88,151,56.81,136.35
88,152,37.54,90.09
88,158,51.75,124.19
88,160,10.47,25.13
88,162,58.78,141.08
88,164,36.14,86.75
88,166,50.90,122.15
88,170,19.39,46.53
89,1,68.25,163.81
89,2,73.38,176.10
89,3,27.83,66.78
89,4,35.07,84.16
89,5,40.98,98.34
89,6,39.59,95.01
89,7,58.52,140.44
89,8,45.76,109.81
89,9,49.34,118.42
89,10,53.97,129.53
89,11,57.42,137.80
89,12,53.66,128.79
89,13,59.74,143.37
89,14,48.90,117.37
89,15,17.44,41.86
89,16,28.27,67.85
89,17,20.34,48.81
89,18,41.88,100.51
89,19,33.16,79.57
89,20,40.86,98.07
89,21,36.26,87.03
89,22,46.66,111.99
89,23,46.85,112.44
89,24,53.08,127.39
89,25,45.30,108.72
89,26,58.59,140.61
89,27,60.26,144.62
89,28,29.80,71.51
89,29,28.57,68.58
89,30,49.85,119.64
89,31,53.15,127.56
89,32,14.14,33.94
89,33,32.57,78.16
89,34,33.78,81.08
89,35,62.34,149.62
89,36,33.60,80.64
89,37,28.99,69.59
89,38,23.94,57.46
89,39,66.36,159.26
89,40,44.24,106.17
89,41,60.90,146.15
89,42,28.61,68.65
89,43,70.85,170.03
89,44,63.18,151.64
89,45,40.14,96.34
89,46,36.89,88.53
89,47,12.16,29.17
89,48,8.43,20.22
89,49,6.21,14.90
89,50,23.86,57.26
89,51,56.36,135.26
89,52,68.81,165.15
89,53,67.71,162.50
89,54,34.17,82.01
89,55,37.48,89.95
89,56,44.89,107.73
89,57,50.89,122.13
89,58,24.42,58.61
89,59,10.31,24.74
89,60,16.66,40.00
89,61,36.80,88.32
89,62,51.65,123.95
89,63,57.75,138.61
89,64,44.26,106.22
89,65,41.87,100.48
89,66,51.77,124.25
89,67,58.15,139.57
89,68,68.99,165.58
89,69,73.52,176.45
89,70,74.19,178.05
89,71,47.83,114.79
89,72,19.83,47.59
89,73,66.01,158.43
89,74,52.95,127.07
89,75,80.92,194.20
89,76,7.11,17.07
89,77,48.94,117.45
89,78,27.60,66.25
89,79,79.46,190.70
89,80,74.11,177.86
89,81,33.12,79.48
89,82,42.55,102.12
89,83,6.69,16.05
89,84,43.63,104.72
89,85,48.09,115.41
89,86,11.66,27.98
89,87,28.68,68.83
89,88,54.95,131.89
89,90,5.06,12.13
89,91,32.14,77.13
89,92,72.98,175.16
89,93,75.07,180.17
89,94,50.18,120.43
89,95,48.25,115.80
89,96,36.57,87.76
89,97,64.61,155.07
89,98,31.11,74.67
89,99,10.64,25.54
89,100,35.07,84.17
89,101,17.39,41.74
89,102,86.10,206.64
89,103,80.96,194.31
89,104,51.52,123.65
89,105,54.49,130.78
89,106,59.87,143.70
89,107,53.28,127.86
89,108,64.25,154.20
89,109,59.25,142.19
89,110,87.01,208.82
89,111,57.11,137.07
89,112,66.48,159.56
89,113,89.86,215.67
89,114,62.08,148.99
89,115,36.25,87.00
89,116,69.31,166.34
89,117,58.53,140.46
89,118,66.19,158.87
89,119,69.48,166.75
89,120,58.89,141.33
89,121,18.77,45.05
89,122,50.47,121.13
89,123,57.59,138.21
89,124,6.33,15.19
89,125,37.82,90.77
89,126,11.56,27.75
89,127,74.96,179.91
89,128,55.47,133.12
89,129,30.92,74.22
89,130,51.90,124.55
89,131,69.06,165.74
89,132,42.50,101.99
89,133,25.30,60.71
89,134,29.46,70.70
89,135,74.77,179.44
89,136,66.78,160.26
89,137,7.93,19.02
89,138,63.33,151.99
89,139,63.46,152.31
89,140,54.36,130.48
89,141,30.66,73.58
89,142,8.37,20.08
89,143,19.54,46.89
89,144,31.47,75.54
89,145,63.43,152.23
89,146,63.93,153.44
89,147,61.11,146.66
89,148,35.13,84.32
89,149,54.53,130.87
89,150,44.69,107.26
89,151,25.47,61.13
89,152,39.04,93.70
89,158,77.80,186.72
89,160,50.23,120.55
89,162,60.66,145.57
89,164,22.70,54.48
89,166,4.37,10.50
89,170,58.39,140.14
90,1,71.19,170.85
90,2,76.83,184.40
90,3,32.66,78.38
90,4,39.87,95.68
90,5,45.79,109.90
90,6,44.61,107.07
90,7,62.10,149.04
90,8,49.68,119.24
90,9,54.02,129.64
90,10,58.77,141.06
90,11,61.49,147.59
90,12,58.07,139.38
90,13,64.35,154.43
90,14,53.04,127.30
90,15,22.47,53.94
90,16,32.05,76.92
90,17,25.04,60.11
90,18,44.14,105.94
90,19,35.52,85.25
90,20,43.98,105.56
90,21,39.26,94.22
90,22,47.23,113.35
90,23,49.57,118.96
90,24,55.29,132.69
90,25,48.72,116.92
90,26,62.85,150.84
90,27,64.66,155.18
90,28,34.04,81.70
90,29,33.10,79.43
90,30,51.65,123.95
90,31,54.98,131.95
90,32,17.48,41.94
90,33,37.60,90.23
90,34,38.15,91.57
90,35,67.06,160.94
90,36,34.83,83.59
90,37,30.06,72.15
90,38,25.40,60.96
90,39,70.97,170.34
90,40,45.79,109.89
90,41,64.14,153.93
90,42,31.75,76.20
90,43,74.56,178.95
90,44,67.15,161.15
90,45,44.52,106.85
90,46,41.05,98.53
90,47,16.76,40.23
90,48,10.76,25.83
90,49,10.88,26.11
90,50,28.14,67.54
90,51,61.26,147.03
90,52,73.02,175.25
90,53,72.13,173.11
90,54,34.62,83.08
90,55,37.03,88.86
90,56,44.91,107.78
90,57,51.92,124.60
90,58,24.74,59.37
90,59,15.36,36.87
90,60,21.69,52.06
90,61,41.85,100.45
90,62,54.91,131.79
90,63,60.45,145.08
90,64,48.66,116.77
90,65,45.67,109.60
90,66,54.36,130.46
90,67,62.94,151.05
90,68,72.99,175.18
90,69,77.72,186.52
90,70,78.08,187.39
90,71,52.85,126.84
90,72,24.68,59.23
90,73,69.47,166.72
90,74,56.86,136.45
90,75,85.10,204.23
90,76,6.28,15.07
90,77,52.55,126.12
90,78,32.19,77.26
90,79,83.45,200.27
90,80,78.78,189.08
90,81,37.78,90.66
90,82,46.62,111.89
90,83,6.53,15.67
90,84,48.69,116.85
90,85,53.01,127.24
90,86,12.59,30.23
90,87,28.92,69.41
90,88,56.35,135.23
90,89,5.06,12.13
90,91,37.09,89.03
90,92,77.36,185.66
90,93,79.12,189.88
90,94,50.31,120.74
90,95,49.62,119.09
90,96,41.53,99.66
90,97,69.43,166.62
90,98,30.76,73.82
90,99,7.81,18.75
90,100,38.43,92.23
90,101,21.41,51.38
90,102,90.16,216.38
90,103,85.26,204.63
90,104,56.52,135.65
90,105,57.91,138.99
90,106,64.84,155.62
90,107,53.75,128.99
90,108,66.57,159.77
90,109,61.18,146.83
90,110,91.21,218.90
90,111,58.09,139.43
90,112,68.50,164.41
90,113,94.13,225.92
90,114,63.05,151.32
90,115,40.81,97.94
90,116,73.86,177.26
90,117,59.01,141.62
90,118,69.35,166.45
90,119,71.73,172.15
90,120,62.71,150.51
90,121,18.42,44.22
90,122,53.32,127.97
90,123,62.63,150.31
90,124,8.41,20.17
90,125,40.36,96.87
90,126,8.84,21.23
90,127,78.94,189.46
90,128,60.52,145.25
90,129,35.76,85.82
90,130,56.68,136.03
90,131,73.64,176.74
90,132,47.48,113.96
90,133,27.67,66.41
90,134,34.51,82.82
90,135,79.48,190.75
90,136,71.33,171.19
90,137,5.24,12.58
90,138,64.47,154.73
90,139,68.49,164.39
90,140,58.09,139.42
90,141,35.67,85.61
90,142,8.03,19.26
90,143,24.30,58.31
90,144,36.29,87.10
90,145,68.09,163.41
90,146,65.27,156.65
90,147,61.72,148.12
90,148,35.52,85.25
90,149,59.52,142.84
90,150,49.59,119.02
90,151,30.51,73.23
90,152,43.35,104.03
90,158,81.99,196.79
90,160,50.77,121.84
90,162,65.54,157.29
90,164,22.10,53.04
90,166,8.35,20.05
90,170,61.28,147.08
91,1,63.89,153.34
91,2,63.97,153.53
91,3,16.43,39.42
91,4,18.63,44.70
91,5,21.26,51.02
91,6,13.87,33.28
91,7,50.07,120.16
91,8,36.94,88.66
91,9,29.88,71.71
91,10,31.28,75.06
91,11,44.20,106.08
91,12,37.14,89.13
91,13,39.36,94.47
91,14,36.87,88.49
91,15,16.53,39.68
91,16,29.05,69.73
91,17,19.73,47.36
91,18,47.52,114.04
91,19,41.15,98.77
91,20,40.85,98.03
91,21,38.90,93.35
91,22,60.59,145.43
91,23,48.09,115.42
91,24,56.43,135.44
91,25,41.44,99.45
91,26,43.00,103.21
91,27,42.71,102.51
91,28,25.09,60.21
91,29,21.48,51.54
91,30,56.47,135.52
91,31,58.91,141.39
91,32,29.94,71.86
91,33,10.26,24.63
91,34,25.00,60.00
91,35,39.99,95.97
91,36,47.42,113.81
91,37,45.06,108.15
91,38,40.45,97.09
91,39,45.15,108.35
91,40,53.52,128.46
91,41,55.07,132.16
91,42,33.92,81.41
91,43,59.35,142.44
91,44,50.23,120.56
91,45,28.03,67.28
91,46,28.88,69.31
91,47,24.31,58.36
91,48,33.11,79.45
91,49,27.87,66.88
91,50,23.72,56.94
91,51,31.30,75.12
91,52,52.44,125.86
91,53,48.95,117.47
91,54,51.31,123.14
91,55,57.54,138.09
91,56,61.66,147.99
91,57,61.71,148.10
91,58,44.99,107.97
91,59,22.08,52.99
91,60,15.63,37.51
91,61,7.54,18.09
91,62,47.43,113.82
91,63,56.78,136.28
91,64,30.37,72.88
91,65,35.65,85.55
91,66,52.78,126.68
91,67,35.17,84.42
91,68,54.86,131.66
91,69,56.80,136.32
91,70,60.58,145.38
91,71,20.42,49.00
91,72,12.59,30.22
91,73,57.59,138.21
91,74,42.43,101.84
91,75,63.73,152.96
91,76,37.35,89.63
91,77,42.32,101.58
91,78,8.87,21.30
91,79,64.40,154.56
91,80,51.37,123.28
91,81,7.07,16.97
91,82,33.21,79.70
91,83,34.15,81.96
91,84,14.53,34.88
91,85,23.69,56.84
91,86,36.67,88.01
91,87,48.15,115.55
91,88,63.05,151.32
91,89,32.14,77.13
91,90,37.09,89.03
91,92,54.27,130.24
91,93,59.84,143.61
91,94,65.66,157.58
91,95,57.65,138.37
91,96,15.00,36.00
91,97,40.43,97.03
91,98,52.10,125.04
91,99,39.10,93.85
91,100,35.52,85.25
91,101,26.14,62.75
91,102,69.82,167.56
91,103,62.45,149.88
91,104,24.46,58.71
91,105,48.33,115.99
91,106,32.93,79.04
91,107,66.64,159.94
91,108,64.97,155.93
91,109,63.35,152.05
91,110,69.13,165.92
91,111,67.23,161.36
91,112,68.97,165.53
91,113,71.08,170.59
91,114,71.59,171.83
91,115,23.44,56.25
91,116,48.73,116.94
91,117,71.12,170.69
91,118,60.26,144.63
91,119,70.01,168.03
91,120,48.08,115.40
91,121,43.29,103.91
91,122,49.83,119.58
91,123,26.10,62.65
91,124,30.92,74.20
91,125,42.97,103.12
91,126,39.45,94.68
91,127,60.41,144.98
91,128,24.43,58.62
91,129,16.64,39.93
91,130,29.96,71.90
91,131,48.01,115.23
91,132,17.72,42.52
91,133,36.98,88.74
91,134,8.68,20.84
91,135,51.40,123.36
91,136,46.38,111.30
91,137,37.47,89.93
91,138,71.70,172.09
91,139,34.35,82.43
91,140,45.37,108.89
91,141,2.63,6.31
91,142,34.51,82.81
91,143,19.41,46.57
91,144,17.09,41.02
91,145,41.86,100.47
91,146,71.07,170.57
91,147,72.72,174.54
91,148,52.30,125.51
91,149,22.46,53.90
91,150,12.69,30.46
91,151,7.72,18.53
91,152,28.35,68.05
91,158,60.70,145.69
91,160,63.70,152.88
91,162,35.57,85.36
91,164,46.64,111.93
91,166,30.74,73.78
91,170,55.85,134.04
92,1,31.14,74.74
92,2,21.87,52.48
92,3,46.22,110.93
92,4,39.25,94.19
92,5,34.12,81.88
92,6,40.40,96.96
92,7,22.78,54.68
92,8,29.00,69.61
92,9,24.93,59.83
92,10,23.16,55.58
92,11,17.28,41.46
92,12,19.33,46.40
92,13,14.90,35.77
92,14,24.79,59.49
92,15,57.63,138.31
92,16,46.02,110.46
92,17,52.87,126.89
92,18,45.79,109.89
92,19,49.54,118.88
92,20,39.08,93.80
92,21,43.28,103.87
92,22,60.43,145.04
92,23,39.26,94.23
92,24,42.82,102.77
92,25,33.39,80.15
92,26,14.73,35.34
92,27,12.74,30.57
92,28,43.33,104.00
92,29,44.45,106.68
92,30,48.01,115.21
92,31,47.19,113.25
92,32,60.46,145.11
92,33,45.62,109.48
92,34,39.22,94.12
92,35,15.22,36.52
92,36,56.92,136.60
92,37,59.46,142.70
92,38,59.62,143.09
92,39,9.94,23.85
92,40,51.51,123.63
92,41,26.96,64.71
92,42,48.37,116.09
92,43,16.38,39.30
92,44,14.21,34.11
92,45,32.85,78.83
92,46,36.45,87.48
92,47,60.84,146.02
92,48,67.39,161.73
92,49,66.78,160.27
92,50,49.21,118.12
92,51,24.68,59.23
92,52,6.18,14.84
92,53,5.43,13.03
92,54,62.10,149.03
92,55,68.40,164.15
92,56,65.22,156.52
92,57,56.02,134.44
92,58,64.88,155.71
92,59,64.57,154.98
92,60,60.69,145.66
92,61,46.87,112.49
92,62,30.76,73.83
92,63,35.67,85.60
92,64,28.73,68.95
92,65,33.35,80.03
92,66,38.71,92.90
92,67,19.76,47.43
92,68,10.49,25.17
92,69,5.01,12.02
92,70,12.57,30.16
92,71,35.24,84.57
92,72,61.91,148.58
92,73,22.17,53.21
92,74,22.77,54.64
92,75,9.68,23.24
92,76,73.28,175.88
92,77,28.87,69.29
92,78,62.88,150.90
92,79,12.36,29.67
92,80,10.27,24.66
92,81,60.77,145.85
92,82,31.23,74.95
92,83,78.57,188.56
92,84,41.17,98.82
92,85,30.77,73.84
92,86,67.97,163.12
92,87,64.31,154.34
92,88,52.15,125.16
92,89,72.98,175.16
92,90,77.36,185.66
92,91,54.27,130.24
92,93,9.18,22.03
92,94,64.96,155.91
92,95,52.58,126.19
92,96,40.27,96.65
92,97,17.29,41.49
92,98,67.56,162.15
92,99,83.40,200.16
92,100,41.92,100.60
92,101,56.02,134.44
92,102,15.91,38.19
92,103,8.26,19.82
92,104,31.87,76.49
92,105,27.28,65.47
92,106,26.37,63.29
92,107,62.05,148.91
92,108,40.50,97.19
92,109,45.71,109.71
92,110,14.88,35.71
92,111,57.06,136.94
92,112,45.07,108.16
92,113,17.14,41.13
92,114,58.08,139.40
92,115,36.89,88.54
92,116,6.47,15.53
92,117,62.94,151.06
92,118,27.31,65.54
92,119,42.17,101.21
92,120,19.18,46.03
92,121,69.07,165.76
92,122,36.14,86.74
92,123,42.47,101.94
92,124,76.03,182.46
92,125,45.56,109.34
92,126,84.20,202.08
92,127,10.71,25.71
92,128,40.61,97.45
92,129,43.37,104.08
92,130,24.31,58.34
92,131,7.60,18.25
92,132,36.55,87.73
92,133,54.54,130.90
92,134,48.92,117.40
92,135,12.00,28.80
92,136,8.21,19.70
92,137,80.81,193.95
92,138,56.24,134.97
92,139,31.34,75.21
92,140,23.58,56.59
92,141,52.96,127.10
92,142,79.80,191.52
92,143,53.78,129.07
92,144,42.73,102.55
92,145,12.99,31.17
92,146,53.87,129.29
92,147,62.15,149.15
92,148,62.40,149.77
92,149,47.79,114.70
92,150,52.93,127.03
92,151,54.29,130.30
92,152,34.02,81.64
92,158,7.00,16.80
92,160,60.94,146.25
92,162,21.71,52.10
92,164,69.48,166.74
92,166,69.02,165.66
92,170,32.86,78.86
93,1,23.72,56.94
93,2,13.38,32.11
93,3,49.71,119.31
93,4,43.24,103.78
93,5,38.84,93.22
93,6,46.11,110.67
93,7,19.28,46.28
93,8,29.48,70.74
93,9,29.96,71.90
93,10,29.79,71.50
93,11,17.66,42.38
93,12,22.95,55.09
93,13,21.44,51.46
93,14,26.20,62.89
93,15,60.95,146.27
93,16,47.13,113.10
93,17,55.58,133.39
93,18,43.15,103.55
93,19,48.33,116.00
93,20,37.76,90.63
93,21,42.39,101.73
93,22,56.42,135.41
93,23,36.24,86.97
93,24,38.11,91.45
93,25,32.08,77.00
93,26,17.19,41.26
93,27,17.15,41.15
93,28,45.33,108.79
93,29,47.10,113.05
93,30,43.68,104.82
93,31,42.31,101.54
93,32,61.78,148.28
93,33,50.48,121.16
93,34,41.59,99.83
93,35,23.07,55.37
93,36,54.97,131.92
93,37,58.12,139.49
93,38,59.10,141.84
93,39,18.23,43.75
93,40,48.03,115.27
93,41,21.65,51.96
93,42,48.53,116.48
93,43,8.77,21.05
93,44,12.08,28.99
93,45,35.44,85.07
93,46,38.21,91.69
93,47,63.10,151.45
93,48,68.72,164.93
93,49,68.93,165.43
93,50,51.26,123.02
93,51,32.23,77.35
93,52,7.46,17.90
93,53,12.34,29.61
93,54,59.87,143.69
93,55,65.69,157.65
93,56,61.49,147.56
93,57,51.39,123.33
93,58,63.99,153.57
93,59,67.48,161.95
93,60,64.32,154.37
93,61,52.71,126.49
93,62,27.84,66.81
93,63,30.37,72.89
93,64,31.58,75.80
93,65,33.64,80.74
93,66,34.55,82.93
93,67,27.09,65.03
93,68,6.19,14.85
93,69,4.22,10.13
93,70,3.79,9.09
93,71,42.07,100.97
93,72,66.14,158.73
93,73,15.77,37.84
93,74,22.38,53.71
93,75,6.96,16.71
93,76,74.50,178.81
93,77,27.61,66.28
93,78,68.13,163.50
93,79,4.59,11.02
93,80,19.35,46.43
93,81,66.63,159.91
93,82,32.52,78.06
93,83,81.04,194.50
93,84,47.73,114.55
93,85,37.11,89.06
93,86,68.76,165.02
93,87,62.82,150.78
93,88,46.92,112.60
93,89,75.07,180.17
93,90,79.12,189.88
93,91,59.84,143.61
93,92,9.18,22.03
93,94,60.53,145.27
93,95,48.40,116.15
93,96,45.18,108.44
93,97,25.88,62.11
93,98,65.70,157.69
93,99,85.67,205.60
93,100,41.76,100.23
93,101,57.74,138.58
93,102,11.04,26.50
93,103,9.35,22.44
93,104,39.11,93.86
93,105,24.17,58.01
93,106,34.65,83.16
93,107,57.14,137.15
93,108,33.78,81.08
93,109,39.82,95.57
93,110,12.83,30.80
93,111,51.55,123.73
93,112,38.05,91.31
93,113,16.32,39.16
93,114,51.94,124.65
93,115,40.02,96.05
93,116,15.23,36.55
93,117,57.38,137.71
93,118,20.45,49.08
93,119,34.66,83.19
93,120,16.99,40.78
93,121,68.84,165.23
93,122,32.60,78.25
93,123,50.74,121.78
93,124,78.74,188.98
93,125,43.85,105.25
93,126,86.53,207.68
93,127,1.63,3.90
93,128,48.67,116.81
93,129,47.13,113.10
93,130,30.44,73.07
93,131,16.42,39.41
93,132,42.39,101.74
93,133,54.33,130.40
93,134,53.58,128.60
93,135,21.03,50.48
93,136,16.25,39.01
93,137,82.99,199.18
93,138,49.88,119.72
93,139,40.07,96.18
93,140,21.85,52.44
93,141,58.24,139.78
93,142,82.40,197.76
93,143,56.54,135.71
93,144,46.47,111.54
93,145,20.79,49.89
93,146,47.38,113.71
93,147,56.24,134.97
93,148,60.03,144.08
93,149,55.79,133.89
93,150,59.98,143.96
93,151,58.83,141.18
93,152,36.28,87.08
93,158,4.91,11.78
93,160,56.43,135.44
93,162,29.87,71.70
93,164,68.73,164.95
93,166,70.91,170.19
93,170,27.62,66.29
94,1,39.70,95.28
94,2,50.30,120.73
94,3,49.71,119.30
94,4,51.48,123.55
94,5,54.56,130.93
94,6,61.01,146.42
94,7,42.19,101.25
94,8,41.06,98.55
94,9,55.59,133.41
94,10,61.61,147.88
94,11,49.03,117.67
94,12,52.70,126.49
94,13,60.61,145.46
94,14,45.53,109.28
94,15,51.73,124.15
94,16,36.97,88.72
94,17,46.41,111.37
94,18,21.48,51.56
94,19,24.78,59.47
94,20,30.08,72.19
94,21,28.95,69.48
94,22,5.35,12.85
94,23,26.39,63.33
94,24,22.42,53.81
94,25,34.25,82.20
94,26,52.94,127.06
94,27,56.54,135.70
94,28,41.65,99.95
94,29,44.95,107.87
94,30,16.97,40.72
94,31,18.30,43.91
94,32,39.50,94.80
94,33,57.59,138.21
94,34,43.82,105.17
94,35,64.98,155.95
94,36,18.45,44.28
94,37,21.98,52.75
94,38,27.30,65.52
94,39,65.27,156.64
94,40,14.51,34.82
94,41,38.88,93.31
94,42,31.85,76.44
94,43,52.18,125.23
94,44,50.75,121.81
94,45,45.79,109.90
94,46,41.74,100.19
94,47,45.87,110.09
94,48,42.07,100.97
94,49,47.51,114.01
94,50,41.93,100.64
94,51,66.27,159.05
94,52,58.79,141.10
94,53,62.03,148.87
94,54,16.09,38.62
94,55,13.94,33.46
94,56,5.44,13.06
94,57,9.17,22.01
94,58,25.76,61.83
94,59,51.80,124.31
94,60,55.08,132.19
94,61,64.14,153.93
94,62,34.48,82.74
94,63,30.26,72.62
94,64,47.71,114.50
94,65,38.13,91.50
94,66,26.26,63.03
94,67,63.89,153.33
94,68,55.35,132.84
94,69,62.01,148.82
94,70,57.40,137.76
94,71,65.89,158.13
94,72,59.83,143.60
94,73,44.98,107.94
94,74,43.95,105.49
94,75,67.44,161.86
94,76,44.11,105.86
94,77,37.93,91.03
94,78,67.79,162.69
94,79,62.99,151.17
94,80,72.53,174.07
94,81,71.20,170.88
94,82,42.04,100.90
94,83,56.29,135.09
94,84,66.49,159.57
94,85,61.79,148.30
94,86,38.52,92.45
94,87,21.51,51.62
94,88,14.42,34.61
94,89,50.18,120.43
94,90,50.31,120.74
94,91,65.66,157.58
94,92,64.96,155.91
94,93,60.53,145.27
94,95,12.41,29.79
94,96,56.45,135.47
94,97,69.25,166.19
94,98,19.71,47.31
94,99,57.88,138.91
94,100,32.43,77.82
94,101,41.02,98.44
94,102,69.50,166.81
94,103,69.70,167.29
94,104,67.06,160.94
94,105,37.76,90.63
94,106,71.33,171.19
94,107,4.79,11.49
94,108,29.82,71.58
94,109,22.37,53.70
94,110,72.82,174.77
94,111,11.71,28.10
94,112,28.22,67.73
94,113,76.45,183.48
94,114,15.49,37.18
94,115,47.37,113.69
94,116,65.89,158.14
94,117,9.35,22.43
94,118,41.15,98.77
94,119,32.85,78.84
94,120,45.88,110.12
94,121,31.88,76.52
94,122,28.93,69.42
94,123,80.17,192.42
94,124,56.50,135.60
94,125,24.65,59.16
94,126,58.89,141.33
94,127,59.36,142.47
94,128,77.23,185.34
94,129,50.72,121.73
94,130,59.74,143.37
94,131,66.51,159.63
94,132,60.60,145.43
94,133,29.10,69.85
94,134,57.39,137.73
94,135,74.07,177.78
94,136,64.17,154.01
94,137,55.52,133.25
94,138,17.83,42.78
94,139,77.88,186.92
94,140,41.99,100.78
94,141,63.04,151.30
94,142,57.97,139.13
94,143,47.00,112.80
94,144,50.57,121.38
94,145,64.28,154.26
94,146,19.90,47.77
94,147,12.37,29.68
94,148,15.09,36.23
94,149,80.98,194.36
94,150,76.06,182.55
94,151,58.53,140.48
94,152,44.30,106.33
94,158,65.26,156.63
94,160,4.11,9.85
94,162,68.57,164.56
94,164,28.34,68.02
94,166,46.71,112.10
94,170,32.94,79.07
95,1,28.83,69.19
95,2,38.86,93.26
95,3,41.26,99.02
95,4,41.72,100.12
95,5,44.00,105.61
95,6,51.15,122.76
95,7,29.82,71.57
95,8,29.23,70.16
95,9,44.00,105.61
95,10,49.90,119.77
95,11,36.64,87.95
95,12,40.60,97.43
95,13,48.41,116.18
95,14,33.54,80.49
95,15,45.62,109.50
95,16,28.64,68.73
95,17,39.60,95.04
95,18,10.50,25.19
95,19,16.99,40.77
95,20,18.84,45.21
95,21,19.00,45.61
95,22,8.05,19.31
95,23,14.13,33.91
95,24,10.50,25.19
95,25,22.29,53.50
95,26,40.58,97.40
95,27,44.20,106.08
95,28,32.70,78.48
95,29,36.25,87.00
95,30,4.74,11.38
95,31,7.10,17.04
95,32,35.41,85.00
95,33,48.68,116.83
95,34,34.02,81.64
95,35,52.79,126.71
95,36,14.80,35.52
95,37,19.59,47.01
95,38,24.33,58.40
95,39,52.92,127.01
95,40,4.27,10.26
95,41,26.82,64.37
95,42,24.12,57.89
95,43,40.22,96.53
95,44,38.37,92.09
95,45,34.91,83.79
95,46,31.30,75.12
95,47,41.17,98.82
95,48,39.82,95.57
95,49,44.24,106.18
95,50,34.43,82.64
95,51,54.61,131.07
95,52,46.42,111.40
95,53,49.62,119.08
95,54,16.45,39.49
95,55,19.43,46.64
95,56,13.26,31.84
95,57,4.30,10.33
95,58,25.51,61.22
95,59,47.36,113.67
95,60,49.34,118.41
95,61,55.06,132.13
95,62,22.07,52.97
95,63,18.48,44.35
95,64,36.32,87.17
95,65,26.74,64.17
95,66,13.92,33.42
95,67,51.94,124.65
95,68,43.07,103.38
95,69,49.72,119.32
95,70,45.39,108.93
95,71,55.20,132.48
95,72,53.84,129.22
95,73,33.05,79.31
95,74,31.63,75.92
95,75,55.34,132.81
95,76,43.37,104.10
95,77,25.71,61.69
95,78,61.12,146.69
95,79,51.06,122.55
95,80,60.13,144.31
95,81,63.79,153.10
95,82,30.66,73.59
95,83,54.82,131.58
95,84,56.48,135.55
95,85,50.75,121.80
95,86,37.06,88.95
95,87,21.91,52.58
95,88,6.72,16.14
95,89,48.25,115.80
95,90,49.62,119.09
95,91,57.65,138.37
95,92,52.58,126.19
95,93,48.40,116.15
95,94,12.41,29.79
95,96,46.73,112.16
95,97,57.10,137.05
95,98,22.45,53.89
95,99,57.44,137.84
95,100,22.54,54.09
95,101,35.43,85.04
95,102,57.71,138.51
95,103,57.49,137.97
95,104,55.99,134.36
95,105,25.35,60.85
95,106,59.66,143.18
95,107,10.37,24.89
95,108,20.05,48.12
95,109,12.94,31.05
95,110,60.85,146.05
95,111,9.67,23.20
95,112,20.15,48.37
95,113,64.47,154.73
95,114,14.38,34.51
95,115,37.21,89.30
95,116,53.49,128.38
95,117,13.75,33.00
95,118,29.64,71.13
95,119,24.29,58.30
95,120,33.48,80.35
95,121,32.14,77.15
95,122,16.51,39.63
95,123,69.50,166.81
95,124,54.32,130.37
95,125,14.75,35.39
95,126,58.47,140.32
95,127,47.29,113.50
95,128,66.55,159.71
95,129,41.69,100.07
95,130,48.12,115.50
95,131,54.12,129.89
95,132,50.24,120.59
95,133,23.77,57.04
95,134,49.06,117.75
95,135,61.68,148.04
95,136,51.79,124.30
95,137,54.82,131.57
95,138,15.21,36.51
95,139,66.32,159.18
95,140,29.59,71.03
95,141,55.03,132.06
95,142,56.53,135.68
95,143,40.37,96.90
95,144,41.43,99.44
95,145,52.01,124.83
95,146,15.69,37.65
95,147,15.08,36.19
95,148,15.94,38.26
95,149,70.85,170.03
95,150,66.98,160.75
95,151,51.12,122.70
95,152,33.55,80.51
95,158,53.07,127.36
95,160,8.50,20.39
95,162,56.66,135.99
95,164,29.61,71.06
95,166,44.21,106.11
95,170,21.01,50.43
96,1,49.25,118.21
96,2,48.97,117.53
96,3,9.48,22.76
96,4,5.02,12.04
96,5,6.35,15.23
96,6,4.62,11.08
96,7,35.21,84.51
96,8,22.49,53.99
96,9,15.39,36.94
96,10,18.24,43.79
96,11,29.21,70.10
96,12,22.30,53.52
96,13,25.55,61.32
96,14,21.95,52.69
96,15,19.29,46.30
96,16,20.03,48.06
96,17,17.19,41.25
96,18,36.25,86.99
96,19,31.80,76.31
96,20,28.46,68.30
96,21,27.80,66.72
96,22,51.14,122.73
96,23,35.32,84.76
96,24,43.67,104.80
96,25,27.80,66.73
96,26,28.16,67.59
96,27,28.18,67.64
96,28,15.04,36.10
96,29,12.36,29.67
96,30,44.69,107.27
96,31,46.70,112.09
96,32,28.19,67.67
96,33,5.35,12.84
96,34,12.73,30.55
96,35,27.06,64.94
96,36,39.40,94.57
96,37,38.43,92.24
96,38,35.02,84.04
96,39,31.83,76.38
96,40,42.93,103.03
96,41,40.41,96.98
96,42,25.24,60.58
96,43,44.36,106.47
96,44,35.26,84.63
96,45,13.65,32.75
96,46,15.74,37.77
96,47,25.19,60.44
96,48,33.88,81.32
96,49,30.73,73.76
96,50,17.40,41.75
96,51,19.92,47.80
96,52,37.87,90.90
96,53,34.86,83.67
96,54,44.18,106.03
96,55,51.03,122.46
96,56,53.29,127.90
96,57,50.99,122.38
96,58,40.45,97.08
96,59,26.67,64.00
96,60,21.46,51.50
96,61,9.10,21.85
96,62,33.30,79.92
96,63,42.92,103.00
96,64,15.46,37.11
96,65,21.96,52.70
96,66,39.60,95.04
96,67,22.44,53.87
96,68,40.01,96.02
96,69,42.37,101.68
96,70,45.73,109.75
96,71,11.83,28.38
96,72,21.82,52.38
96,73,42.65,102.36
96,74,27.53,66.08
96,75,49.49,118.78
96,76,39.44,94.65
96,77,27.99,67.17
96,78,22.95,55.08
96,79,49.77,119.45
96,80,38.89,93.34
96,81,22.04,52.90
96,82,18.95,45.47
96,83,40.86,98.07
96,84,10.16,24.39
96,85,11.58,27.79
96,86,36.29,87.10
96,87,42.54,102.10
96,88,51.32,123.17
96,89,36.57,87.76
96,90,41.53,99.66
96,91,15.00,36.00
96,92,40.27,96.65
96,93,45.18,108.44
96,94,56.45,135.47
96,95,46.73,112.16
96,97,28.58,68.60
96,98,46.66,111.97
96,99,45.95,110.28
96,100,24.25,58.20
96,101,23.25,55.79
96,102,55.45,133.09
96,103,48.53,116.46
96,104,15.12,36.30
96,105,33.81,81.14
96,106,23.32,55.96
96,107,56.54,135.69
96,108,51.18,122.82
96,109,50.43,121.04
96,110,55.12,132.29
96,111,55.93,134.24
96,112,55.44,133.05
96,113,57.34,137.61
96,114,59.89,143.72
96,115,9.75,23.39
96,116,35.24,84.57
96,117,60.48,145.15
96,118,45.50,109.21
96,119,56.04,134.49
96,120,33.10,79.44
96,121,41.04,98.50
96,122,36.40,87.35
96,123,24.76,59.43
96,124,37.91,90.98
96,125,32.14,77.13
96,126,46.58,111.80
96,127,45.67,109.60
96,128,21.98,52.75
96,129,6.77,16.25
96,130,16.46,39.49
96,131,34.69,83.26
96,132,6.05,14.51
96,133,30.28,72.67
96,134,8.68,20.83
96,135,39.26,94.22
96,136,32.76,78.63
96,137,43.69,104.85
96,138,59.64,143.13
96,139,27.39,65.74
96,140,30.55,73.33
96,141,13.13,31.50
96,142,41.77,100.26
96,143,17.67,42.41
96,144,6.57,15.77
96,145,28.61,68.67
96,146,58.66,140.79
96,147,61.66,147.99
96,148,45.05,108.12
96,149,24.62,59.10
96,150,20.52,49.25
96,151,14.08,33.79
96,152,14.34,34.42
96,158,46.40,111.36
96,160,53.83,129.19
96,162,24.28,58.28
96,164,43.48,104.36
96,166,33.53,80.47
96,170,41.70,100.07
97,1,43.21,103.71
97,2,36.51,87.62
97,3,36.79,88.29
97,4,29.56,70.94
97,5,23.64,56.73
97,6,27.09,65.01
97,7,30.49,73.18
97,8,28.42,68.22
97,9,16.07,38.56
97,10,10.65,25.57
97,11,21.63,51.91
97,12,16.55,39.72
97,13,8.76,21.03
97,14,23.79,57.09
97,15,47.71,114.50
97,16,41.26,99.02
97,17,44.41,106.57
97,18,48.05,115.33
97,19,48.77,117.04
97,20,39.77,95.45
97,21,42.61,102.26
97,22,64.14,153.92
97,23,42.98,103.14
97,24,49.11,117.87
97,25,35.03,84.06
97,26,17.51,42.02
97,27,13.96,33.52
97,28,37.14,89.14
97,29,36.85,88.44
97,30,53.14,127.54
97,31,53.41,128.17
97,32,54.10,129.85
97,33,33.54,80.50
97,34,32.82,78.77
97,35,4.40,10.55
97,36,56.95,136.67
97,37,58.17,139.61
97,38,56.78,136.27
97,39,7.67,18.42
97,40,54.81,131.55
97,41,36.31,87.15
97,42,45.16,108.37
97,43,30.63,73.51
97,44,23.70,56.87
97,45,27.16,65.17
97,46,31.75,76.19
97,47,52.70,126.48
97,48,60.64,145.53
97,49,58.55,140.51
97,50,42.32,101.56
97,51,9.13,21.90
97,52,19.41,46.57
97,53,13.73,32.95
97,54,62.32,149.56
97,55,69.20,166.07
97,56,68.13,163.50
97,57,61.14,146.74
97,58,62.42,149.81
97,59,55.06,132.14
97,60,50.04,120.09
97,61,32.90,78.95
97,62,35.68,85.62
97,63,43.73,104.96
97,64,23.53,56.48
97,65,32.06,76.94
97,66,44.46,106.70
97,67,6.57,15.77
97,68,24.14,57.93
97,69,21.74,52.17
97,70,28.55,68.51
97,71,20.12,48.30
97,72,50.12,120.29
97,73,33.93,81.43
97,74,25.74,61.77
97,75,26.67,64.01
97,76,66.49,159.57
97,77,31.41,75.37
97,78,49.29,118.31
97,79,29.59,71.01
97,80,11.05,26.53
97,81,46.26,111.02
97,82,28.51,68.43
97,83,69.31,166.34
97,84,26.20,62.88
97,85,17.20,41.28
97,86,62.20,149.28
97,87,63.00,151.19
97,88,58.67,140.80
97,89,64.61,155.07
97,90,69.43,166.62
97,91,40.43,97.03
97,92,17.29,41.49
97,93,25.88,62.11
97,94,69.25,166.19
97,95,57.10,137.05
97,96,28.58,68.60
97,98,66.80,160.32
97,99,74.37,178.49
97,100,40.04,96.10
97,101,49.18,118.04
97,102,32.84,78.81
97,103,24.26,58.22
97,104,16.21,38.91
97,105,33.24,79.76
97,106,9.22,22.12
97,107,67.37,161.69
97,108,50.57,121.36
97,109,53.90,129.35
97,110,30.81,73.94
97,111,63.81,153.15
97,112,55.41,132.99
97,113,31.95,76.67
97,114,66.03,158.48
97,115,29.33,70.39
97,116,10.82,25.97
97,117,69.52,166.84
97,118,38.91,93.38
97,119,53.62,128.68
97,120,26.31,63.14
97,121,65.14,156.33
97,122,41.18,98.82
97,123,25.22,60.53
97,124,66.42,159.41
97,125,46.13,110.71
97,126,75.04,180.09
97,127,27.18,65.24
97,128,23.48,56.36
97,129,33.69,80.85
97,130,12.79,30.70
97,131,9.69,23.25
97,132,23.35,56.05
97,133,51.47,123.53
97,134,37.00,88.81
97,135,10.97,26.34
97,136,9.68,23.24
97,137,72.01,172.84
97,138,64.69,155.25
97,139,14.21,34.09
97,140,28.41,68.17
97,141,39.68,95.23
97,142,70.29,168.69
97,143,45.13,108.31
97,144,33.14,79.53
97,145,5.96,14.31
97,146,62.71,150.50
97,147,69.44,166.67
97,148,62.88,150.92
97,149,30.68,73.63
97,150,36.80,88.32
97,151,42.31,101.54
97,152,28.75,69.00
97,158,24.25,58.21
97,160,65.56,157.34
97,162,4.99,11.98
97,164,66.52,159.64
97,166,61.17,146.82
97,170,41.18,98.84
98,1,49.91,119.79
98,2,58.68,140.83
98,3,38.03,91.28
98,4,42.25,101.40
98,5,46.95,112.68
98,6,51.21,122.90
98,7,46.44,111.47
98,8,39.24,94.18
98,9,51.16,122.78
98,10,57.28,137.47
98,11,50.31,120.75
98,12,51.04,122.50
98,13,59.02,141.64
98,14,43.92,105.42
98,15,36.32,87.17
98,16,27.00,64.81
98,17,32.42,77.81
98,18,22.75,54.59
98,19,18.24,43.77
98,20,28.48,68.36
98,21,24.56,58.94
98,22,17.48,41.96
98,23,29.74,71.37
98,24,31.45,75.47
98,25,34.17,82.01
98,26,53.42,128.21
98,27,56.55,135.71
98,28,31.98,76.74
98,29,34.29,82.31
98,30,26.16,62.78
98,31,29.27,70.24
98,32,22.81,54.75
98,33,46.07,110.58
98,34,35.61,85.47
98,35,63.02,151.26
98,36,10.74,25.77
98,37,8.66,20.77
98,38,11.80,28.31
98,39,64.91,155.79
98,40,19.98,47.94
98,41,45.63,109.50
98,42,22.15,53.17
98,43,58.62,140.69
98,44,54.13,129.92
98,45,40.03,96.07
98,46,35.39,84.92
98,47,29.25,70.20
98,48,23.49,56.39
98,49,29.41,70.59
98,50,29.60,71.04
98,51,61.44,147.46
98,52,61.81,148.35
98,53,63.39,152.14
98,54,6.23,14.95
98,55,6.37,15.29
98,56,14.27,34.25
98,57,23.24,55.78
98,58,7.35,17.65
98,59,34.52,82.84
98,60,39.02,93.64
98,61,52.54,126.09
98,62,37.89,90.95
98,63,38.79,93.09
98,64,43.31,103.95
98,65,35.11,84.26
98,66,32.83,78.79
98,67,60.55,145.32
98,68,59.72,143.33
98,69,65.93,158.24
98,70,63.37,152.08
98,71,57.83,138.80
98,72,43.81,105.15
98,73,51.91,124.59
98,74,44.81,107.54
98,75,72.57,174.17
98,76,24.66,59.19
98,77,38.71,92.90
98,78,52.25,125.40
98,79,69.18,166.02
98,80,72.88,174.90
98,81,56.51,135.64
98,82,38.36,92.06
98,83,36.91,88.59
98,84,56.70,136.08
98,85,55.03,132.06
98,86,19.61,47.05
98,87,4.11,9.87
98,88,28.65,68.76
98,89,31.11,74.67
98,90,30.76,73.82
98,91,52.10,125.04
98,92,67.56,162.15
98,93,65.70,157.69
98,94,19.71,47.31
98,95,22.45,53.89
98,96,46.66,111.97
98,97,66.80,160.32
98,99,38.23,91.75
98,100,26.78,64.26
98,101,25.97,62.32
98,102,76.10,182.64
98,103,74.00,177.60
98,104,60.08,144.18
98,105,41.55,99.73
98,106,66.28,159.08
98,107,23.57,56.57
98,108,42.23,101.35
98,109,35.36,84.86
98,110,78.53,188.48
98,111,28.95,69.49
98,112,42.60,102.25
98,113,82.00,196.80
98,114,33.72,80.93
98,115,39.53,94.86
98,116,66.57,159.78
98,117,28.76,69.03
98,118,49.71,119.31
98,119,46.70,112.09
98,120,48.98,117.55
98,121,12.41,29.77
98,122,33.66,80.79
98,123,71.42,171.40
98,124,37.43,89.83
98,125,22.02,52.86
98,126,39.23,94.16
98,127,64.93,155.83
98,128,68.61,164.67
98,129,40.04,96.09
98,130,55.12,132.30
98,131,66.87,160.48
98,132,52.00,124.79
98,133,16.41,39.37
98,134,44.84,107.62
98,135,74.15,177.95
98,136,64.37,154.50
98,137,35.93,86.24
98,138,35.56,85.34
98,139,72.10,173.04
98,140,44.22,106.13
98,141,49.63,119.12
98,142,38.57,92.57
98,143,32.69,78.47
98,144,40.13,96.30
98,145,63.02,151.24
98,146,36.92,88.61
98,147,31.64,75.93
98,148,6.54,15.69
98,149,70.84,170.02
98,150,63.91,153.38
98,151,44.45,106.68
98,152,38.39,92.14
98,158,69.85,167.65
98,160,20.81,49.95
98,162,64.73,155.35
98,164,8.67,20.82
98,166,28.09,67.41
98,170,40.72,97.73
99,1,78.68,188.82
99,2,83.99,201.57
99,3,37.72,90.54
99,4,44.99,107.97
99,5,50.82,121.96
99,6,48.50,116.40
99,7,69.15,165.95
99,8,56.39,135.33
99,9,59.44,142.66
99,10,63.79,153.09
99,11,68.01,163.22
99,12,64.07,153.76
99,13,69.90,167.77
99,14,59.48,142.75
99,15,26.68,64.03
99,16,38.91,93.38
99,17,30.56,73.34
99,18,51.86,124.46
99,19,43.20,103.67
99,20,51.35,123.25
99,21,46.69,112.05
99,22,54.94,131.85
99,23,57.14,137.14
99,24,63.02,151.26
99,25,55.89,134.14
99,26,69.09,165.82
99,27,70.66,169.59
99,28,40.35,96.85
99,29,38.95,93.47
99,30,59.45,142.67
99,31,62.78,150.66
99,32,24.64,59.14
99,33,41.50,99.59
99,34,44.26,106.23
99,35,72.32,173.57
99,36,42.64,102.33
99,37,37.87,90.89
99,38,33.21,79.70
99,39,76.51,183.62
99,40,53.60,128.64
99,41,71.45,171.47
99,42,39.09,93.81
99,43,81.49,195.57
99,44,73.80,177.12
99,45,50.60,121.44
99,46,47.46,113.91
99,47,22.60,54.25
99,48,18.28,43.88
99,49,16.74,40.17
99,50,34.42,82.60
99,51,65.87,158.08
99,52,79.34,190.41
99,53,78.09,187.41
99,54,42.33,101.58
99,55,44.41,106.58
99,56,52.46,125.90
99,57,59.70,143.29
99,58,32.46,77.89
99,59,19.31,46.35
99,60,24.83,59.59
99,61,44.84,107.62
99,62,62.20,149.27
99,63,68.04,163.30
99,64,54.69,131.26
99,65,52.51,126.02
99,66,61.98,148.76
99,67,68.00,163.20
99,68,79.60,191.04
99,69,84.05,201.72
99,70,84.81,203.55
99,71,56.71,136.10
99,72,26.55,63.71
99,73,76.62,183.90
99,74,63.58,152.58
99,75,91.45,219.49
99,76,14.07,33.77
99,77,59.57,142.97
99,78,32.71,78.49
99,79,90.07,216.16
99,80,84.15,201.96
99,81,38.35,92.04
99,82,53.15,127.56
99,83,5.11,12.27
99,84,52.00,124.79
99,85,57.53,138.07
99,86,20.40,48.97
99,87,36.60,87.84
99,88,64.16,153.98
99,89,10.64,25.54
99,90,7.81,18.75
99,91,39.10,93.85
99,92,83.40,200.16
99,93,85.67,205.60
99,94,57.88,138.91
99,95,57.44,137.84
99,96,45.95,110.28
99,97,74.37,178.49
99,98,38.23,91.75
99,100,45.64,109.53
99,101,28.03,67.27
99,102,96.68,232.04
99,103,91.43,219.43
99,104,60.56,145.35
99,105,65.09,156.22
99,106,69.08,165.78
99,107,61.42,147.41
99,108,74.29,178.29
99,109,68.97,165.52
99,110,97.53,234.07
99,111,65.87,158.09
99,112,76.28,183.08
99,113,100.34,240.82
99,114,70.82,169.97
99,115,46.55,111.73
99,116,79.55,190.91
99,117,66.68,160.03
99,118,76.72,184.12
99,119,79.46,190.71
99,120,69.53,166.86
99,121,26.03,62.47
99,122,60.84,146.01
99,123,65.16,156.39
99,124,8.25,19.80
99,125,47.99,115.18
99,126,1.03,2.47
99,127,85.57,205.37
99,128,63.31,151.94
99,129,40.79,97.89
99,130,61.77,148.25
99,131,79.25,190.20
99,132,51.70,124.09
99,133,35.33,84.78
99,134,38.18,91.63
99,135,84.73,203.36
99,136,77.01,184.83
99,137,2.76,6.63
99,138,72.27,173.44
99,139,72.14,173.15
99,140,65.00,156.01
99,141,38.14,91.55
99,142,4.63,11.10
99,143,29.68,71.24
99,144,41.37,99.30
99,145,73.51,176.43
99,146,73.08,175.39
99,147,69.41,166.60
99,148,43.21,103.70
99,149,61.45,147.47
99,150,51.03,122.46
99,151,33.52,80.45
99,152,49.55,118.91
99,158,88.33,211.99
99,160,58.46,140.31
99,162,70.22,168.53
99,164,29.56,70.94
99,166,14.95,35.88
99,170,68.79,165.09
100,1,33.44,80.25
100,2,38.41,92.17
100,3,19.12,45.89
100,4,19.24,46.17
100,5,22.17,53.21
100,6,28.73,68.96
100,7,23.76,57.02
100,8,12.93,31.04
100,9,24.62,59.09
100,10,30.79,73.90
100,11,24.78,59.48
100,12,24.36,58.45
100,13,32.27,77.44
100,14,17.43,41.82
100,15,25.93,62.24
100,16,7.70,18.48
100,17,19.48,46.75
100,18,12.12,29.08
100,19,8.81,21.15
100,20,6.16,14.78
100,21,3.55,8.52
100,22,27.08,64.99
100,23,13.28,31.87
100,24,21.29,51.08
100,25,10.29,24.70
100,26,27.32,65.56
100,27,30.16,72.38
100,28,10.44,25.07
100,29,14.07,33.76
100,30,20.95,50.29
100,31,23.42,56.21
100,32,21.01,50.41
100,33,26.21,62.89
100,34,11.52,27.66
100,35,36.25,87.00
100,36,17.06,40.95
100,37,18.19,43.67
100,38,17.71,42.50
100,39,38.29,91.90
100,40,18.68,44.82
100,41,25.83,61.99
100,42,6.83,16.39
100,43,36.35,87.23
100,44,29.69,71.26
100,45,13.81,33.14
100,46,9.42,22.61
100,47,24.30,58.33
100,48,27.71,66.49
100,49,29.37,70.50
100,50,13.89,33.34
100,51,35.17,84.40
100,52,36.62,87.88
100,53,37.31,89.55
100,54,22.40,53.75
100,55,29.36,70.47
100,56,29.79,71.51
100,57,26.77,64.24
100,58,23.06,55.35
100,59,30.06,72.15
100,60,29.86,71.67
100,61,32.53,78.07
100,62,16.58,39.79
100,63,23.62,56.70
100,64,16.65,39.97
100,65,8.61,20.66
100,66,18.33,44.00
100,67,33.87,81.29
100,68,35.57,85.38
100,69,41.10,98.65
100,70,40.23,96.56
100,71,33.51,80.42
100,72,33.76,81.02
100,73,31.04,74.49
100,74,19.50,46.80
100,75,48.24,115.78
100,76,33.23,79.74
100,77,14.33,34.38
100,78,40.01,96.03
100,79,45.83,109.99
100,80,46.32,111.17
100,81,41.99,100.78
100,82,11.59,27.81
100,83,41.58,99.79
100,84,34.15,81.96
100,85,29.68,71.23
100,86,27.19,65.25
100,87,23.06,55.35
100,88,27.56,66.14
100,89,35.07,84.17
100,90,38.43,92.23
100,91,35.52,85.25
100,92,41.92,100.60
100,93,41.76,100.23
100,94,32.43,77.82
100,95,22.54,54.09
100,96,24.25,58.20
100,97,40.04,96.10
100,98,26.78,64.26
100,99,45.64,109.53
100,101,18.13,43.51
100,102,52.71,126.52
100,103,49.07,117.77
100,104,34.93,83.83
100,105,19.48,46.76
100,106,40.14,96.33
100,107,32.30,77.51
100,108,31.16,74.77
100,109,28.22,67.73
100,110,54.38,130.51
100,111,31.91,76.60
100,112,34.50,82.80
100,113,57.61,138.25
100,114,36.13,86.70
100,115,14.95,35.88
100,116,40.19,96.45
100,117,36.26,87.03
100,118,31.15,74.76
100,119,36.44,87.46
100,120,24.85,59.65
100,121,27.22,65.33
100,122,16.14,38.74
100,123,47.77,114.65
100,124,39.93,95.83
100,125,7.89,18.94
100,126,46.60,111.83
100,127,41.35,99.23
100,128,44.83,107.59
100,129,19.23,46.14
100,130,28.70,68.88
100,131,40.38,96.92
100,132,28.17,67.61
100,133,12.66,30.39
100,134,26.85,64.44
100,135,47.52,114.05
100,136,37.89,90.93
100,137,42.88,102.91
100,138,36.18,86.84
100,139,46.35,111.23
100,140,20.05,48.12
100,141,32.92,79.02
100,142,43.14,103.54
100,143,20.44,49.05
100,144,18.93,45.44
100,145,36.28,87.07
100,146,35.59,85.41
100,147,37.56,90.14
100,148,23.04,55.30
100,149,48.62,116.68
100,150,44.45,106.67
100,151,29.59,71.00
100,152,12.21,29.31
100,158,45.28,108.67
100,160,29.63,71.10
100,162,38.18,91.63
100,164,27.58,66.20
100,166,30.71,73.70
100,170,23.75,57.01
101,1,51.57,123.76
101,2,56.12,134.68
101,3,13.78,33.06
101,4,20.14,48.33
101,5,25.96,62.30
101,6,27.35,65.64
101,7,41.20,98.88
101,8,28.37,68.09
101,9,33.33,79.99
101,10,38.59,92.62
101,11,40.10,96.24
101,12,36.79,88.30
101,13,43.40,104.16
101,14,31.63,75.92
101,15,10.74,25.77
101,16,10.93,26.23
101,17,6.66,16.00
101,18,27.00,64.80
101,19,18.62,44.68
101,20,24.18,58.03
101,21,19.93,47.84
101,22,36.37,87.28
101,23,30.78,73.88
101,24,37.93,91.04
101,25,28.16,67.58
101,26,41.46,99.49
101,27,43.35,104.05
101,28,12.69,30.45
101,29,12.34,29.61
101,30,35.81,85.95
101,31,38.90,93.36
101,32,5.00,12.01
101,33,21.16,50.79
101,34,16.91,40.59
101,35,46.42,111.41
101,36,22.59,54.21
101,37,19.40,46.56
101,38,14.45,34.69
101,39,50.01,120.01
101,40,31.16,74.80
101,41,43.86,105.26
101,42,12.34,29.62
101,43,53.47,128.33
101,44,45.81,109.95
101,45,23.25,55.80
101,46,19.65,47.15
101,47,6.22,14.94
101,48,11.53,27.66
101,49,11.39,27.34
101,50,6.93,16.63
101,51,41.69,100.06
101,52,51.61,123.87
101,53,50.83,122.00
101,54,25.69,61.65
101,55,31.55,75.73
101,56,36.49,87.56
101,57,38.92,93.42
101,58,18.85,45.24
101,59,12.27,29.45
101,60,14.11,33.86
101,61,27.26,65.42
101,62,34.63,83.12
101,63,41.53,99.67
101,64,27.39,65.73
101,65,24.49,58.77
101,66,35.85,86.04
101,67,42.62,102.28
101,68,51.64,123.93
101,69,56.31,135.14
101,70,56.80,136.32
101,71,35.07,84.16
101,72,18.82,45.18
101,73,48.77,117.05
101,74,35.56,85.34
101,75,63.69,152.85
101,76,17.44,41.85
101,77,31.62,75.90
101,78,26.85,64.44
101,79,62.10,149.04
101,80,57.94,139.06
101,81,30.70,73.69
101,82,25.22,60.54
101,83,23.66,56.79
101,84,32.49,77.97
101,85,33.86,81.26
101,86,13.18,31.63
101,87,22.06,52.93
101,88,41.78,100.27
101,89,17.39,41.74
101,90,21.41,51.38
101,91,26.14,62.75
101,92,56.02,134.44
101,93,57.74,138.58
101,94,41.02,98.44
101,95,35.43,85.04
101,96,23.25,55.79
101,97,49.18,118.04
101,98,25.97,62.32
101,99,28.03,67.27
101,100,18.13,43.51
101,102,68.78,165.06
101,103,63.87,153.30
101,104,38.17,91.62
101,105,37.31,89.54
101,106,45.85,110.03
101,107,42.85,102.84
101,108,48.64,116.74
101,109,44.59,107.01
101,110,69.80,167.52
101,111,45.00,108.00
101,112,51.47,123.53
101,113,72.73,174.56
101,114,49.81,119.54
101,115,19.94,47.86
101,116,52.74,126.57
101,117,47.80,114.71
101,118,49.23,118.15
101,119,53.94,129.46
101,120,41.50,99.60
101,121,18.01,43.22
101,122,34.08,81.79
101,123,47.36,113.65
101,124,21.84,52.41
101,125,22.46,53.91
101,126,28.93,69.44
101,127,57.60,138.24
101,128,44.76,107.42
101,129,16.58,39.78
101,130,36.41,87.39
101,131,52.59,126.22
101,132,29.22,70.12
101,133,12.00,28.79
101,134,19.31,46.35
101,135,58.76,141.03
101,136,50.23,120.55
101,137,25.31,60.75
101,138,50.55,121.32
101,139,50.53,121.26
101,140,36.99,88.78
101,141,23.71,56.90
101,142,25.17,60.40
101,143,6.78,16.26
101,144,16.93,40.64
101,145,47.25,113.41
101,146,50.61,121.48
101,147,49.90,119.76
101,148,26.71,64.10
101,149,45.90,110.15
101,150,38.17,91.60
101,151,18.48,44.36
101,152,22.00,52.81
101,158,60.58,145.40
101,160,39.77,95.45
101,162,45.75,109.80
101,164,20.89,50.14
101,166,13.17,31.61
101,170,41.84,100.42
102,1,30.61,73.46
102,2,19.49,46.79
102,3,60.49,145.17
102,4,53.85,129.24
102,5,49.16,117.99
102,6,55.97,134.33
102,7,29.73,71.35
102,8,40.51,97.23
102,9,40.08,96.19
102,10,38.97,93.52
102,11,28.68,68.83
102,12,33.50,80.40
102,13,30.60,73.45
102,14,37.21,89.30
102,15,71.79,172.29
102,16,58.17,139.60
102,17,66.52,159.65
102,18,53.40,128.15
102,19,59.04,141.71
102,20,48.52,116.44
102,21,53.21,127.70
102,22,65.75,157.81
102,23,46.42,111.40
102,24,47.24,113.38
102,25,42.89,102.95
102,26,27.91,67.00
102,27,27.28,65.47
102,28,56.34,135.21
102,29,58.04,139.29
102,30,52.97,127.14
102,31,51.21,122.91
102,32,72.82,174.77
102,33,60.79,145.90
102,34,52.56,126.13
102,35,31.12,74.68
102,36,65.39,156.94
102,37,68.74,164.97
102,38,69.93,167.84
102,39,25.80,61.93
102,40,57.80,138.71
102,41,30.99,74.38
102,42,59.51,142.82
102,43,17.60,42.24
102,44,23.09,55.41
102,45,46.35,111.24
102,46,49.22,118.13
102,47,74.11,177.86
102,48,79.76,191.43
102,49,79.95,191.87
102,50,62.27,149.45
102,51,40.58,97.40
102,52,17.70,42.48
102,53,20.96,50.31
102,54,70.15,168.36
102,55,75.71,181.70
102,56,70.95,170.28
102,57,60.33,144.80
102,58,74.71,179.31
102,59,78.41,188.18
102,60,75.10,180.23
102,61,62.51,150.03
102,62,38.23,91.76
102,63,39.29,94.29
102,64,42.42,101.81
102,65,44.66,107.19
102,66,44.16,105.99
102,67,35.67,85.61
102,68,17.20,41.28
102,69,13.10,31.43
102,70,12.74,30.57
102,71,51.12,122.69
102,72,76.73,184.16
102,73,24.68,59.24
102,74,33.40,80.16
102,75,6.23,14.96
102,76,85.54,205.29
102,77,38.49,92.37
102,78,78.29,187.91
102,79,6.95,16.67
102,80,23.43,56.24
102,81,76.45,183.47
102,82,43.56,104.53
102,83,92.04,220.90
102,84,57.02,136.84
102,85,46.53,111.67
102,86,79.77,191.44
102,87,73.37,176.09
102,88,55.43,133.02
102,89,86.10,206.64
102,90,90.16,216.38
102,91,69.82,167.56
102,92,15.91,38.19
102,93,11.04,26.50
102,94,69.50,166.81
102,95,57.71,138.51
102,96,55.45,133.09
102,97,32.84,78.81
102,98,76.10,182.64
102,99,96.68,232.04
102,100,52.71,126.52
102,101,68.78,165.06
102,103,8.83,21.20
102,104,47.78,114.68
102,105,34.59,83.02
102,106,42.04,100.89
102,107,65.78,157.87
102,108,41.08,98.58
102,109,47.86,114.86
102,110,4.54,10.89
102,111,59.72,143.32
102,112,44.74,107.37
102,113,7.74,18.57
102,114,59.40,142.57
102,115,50.85,122.03
102,116,22.22,53.33
102,117,65.39,156.94
102,118,28.40,68.16
102,119,40.71,97.71
102,120,27.87,66.90
102,121,79.71,191.31
102,122,42.61,102.26
102,123,58.04,139.28
102,124,89.71,215.31
102,125,54.45,130.67
102,126,97.55,234.11
102,127,11.37,27.30
102,128,56.31,135.14
102,129,57.82,138.77
102,130,39.97,95.92
102,131,23.25,55.81
102,132,52.16,125.19
102,133,65.24,156.58
102,134,63.99,153.57
102,135,24.71,59.31
102,136,24.12,57.89
102,137,94.01,225.63
102,138,57.14,137.14
102,139,46.46,111.51
102,140,32.72,78.52
102,141,68.37,164.09
102,142,93.38,224.12
102,143,67.48,161.95
102,144,57.17,137.21
102,145,28.90,69.36
102,146,54.52,130.85
102,147,63.90,153.36
102,148,70.25,168.60
102,149,63.51,152.41
102,150,68.84,165.22
102,151,69.30,166.31
102,152,47.24,113.38
102,158,9.13,21.90
102,160,65.40,156.96
102,162,37.48,89.95
102,164,79.47,190.74
102,166,81.95,196.67
102,170,36.70,88.09
103,1,32.96,79.10
103,2,22.25,53.39
103,3,54.41,130.58
103,4,47.47,113.93
103,5,42.37,101.69
103,6,48.59,116.61
103,7,27.95,67.07
103,8,36.30,87.12
103,9,33.19,79.65
103,10,31.25,75.00
103,11,24.30,58.32
103,12,27.41,65.79
103,13,23.10,55.44
103,14,32.37,77.68
103,15,65.81,157.94
103,16,53.66,128.79
103,17,60.95,146.27
103,18,51.70,124.09
103,19,56.25,135.01
103,20,45.68,109.64
103,21,50.11,120.28
103,22,65.49,157.17
103,23,44.91,107.78
103,24,47.29,113.50
103,25,39.95,95.89
103,26,22.42,53.80
103,27,20.85,50.04
103,28,51.22,122.93
103,29,52.50,125.99
103,30,52.79,126.70
103,31,51.54,123.69
103,32,68.21,163.71
103,33,53.87,129.29
103,34,47.18,113.24
103,35,22.95,55.08
103,36,63.27,151.86
103,37,66.15,158.75
103,38,66.69,160.06
103,39,17.60,42.25
103,40,56.92,136.60
103,41,30.88,74.11
103,42,55.69,133.65
103,43,18.11,43.45
103,44,19.87,47.68
103,45,40.83,97.99
103,46,44.24,106.18
103,47,68.84,165.22
103,48,75.16,180.39
103,49,74.76,179.43
103,50,57.14,137.13
103,51,32.38,77.72
103,52,12.46,29.90
103,53,13.68,32.83
103,54,68.31,163.95
103,55,74.34,178.43
103,56,70.48,169.15
103,57,60.59,145.41
103,58,71.80,172.32
103,59,72.70,174.48
103,60,68.91,165.38
103,61,55.02,132.05
103,62,36.40,87.36
103,63,39.64,95.13
103,64,36.74,88.18
103,65,40.62,97.48
103,66,43.59,104.61
103,67,27.66,66.38
103,68,14.48,34.76
103,69,8.07,19.36
103,70,12.95,31.08
103,71,43.17,103.61
103,72,70.16,168.39
103,73,25.10,60.25
103,74,29.61,71.06
103,75,3.61,8.66
103,76,81.03,194.47
103,77,35.41,84.98
103,78,71.09,170.62
103,79,9.00,21.61
103,80,14.60,35.04
103,81,68.89,165.35
103,82,38.84,93.22
103,83,86.63,207.92
103,84,49.17,118.00
103,85,38.87,93.29
103,86,75.57,181.37
103,87,70.93,170.24
103,88,56.21,134.91
103,89,80.96,194.31
103,90,85.26,204.63
103,91,62.45,149.88
103,92,8.26,19.82
103,93,9.35,22.44
103,94,69.70,167.29
103,95,57.49,137.97
103,96,48.53,116.46
103,97,24.26,58.22
103,98,74.00,177.60
103,99,91.43,219.43
103,100,49.07,117.77
103,101,63.87,153.30
103,102,8.83,21.20
103,104,39.66,95.18
103,105,32.76,78.63
103,106,33.47,80.34
103,107,66.40,159.37
103,108,43.11,103.46
103,109,49.16,117.99
103,110,6.71,16.10
103,111,60.88,146.12
103,112,47.31,113.55
103,113,8.93,21.44
103,114,61.28,147.08
103,115,45.00,108.00
103,116,13.96,33.50
103,117,66.72,160.12
103,118,29.79,71.49
103,119,43.80,105.13
103,120,25.03,60.06
103,121,76.29,183.09
103,122,41.44,99.45
103,123,49.37,118.49
103,124,84.14,201.92
103,125,52.00,124.80
103,126,92.24,221.39
103,127,10.77,25.84
103,128,47.73,114.56
103,129,51.58,123.79
103,130,32.49,77.98
103,131,14.88,35.71
103,132,44.73,107.36
103,133,61.73,148.15
103,134,57.18,137.22
103,135,15.90,38.16
103,136,16.14,38.72
103,137,88.82,213.17
103,138,59.22,142.13
103,139,37.69,90.45
103,140,29.79,71.49
103,141,61.18,146.83
103,142,87.89,210.94
103,143,61.87,148.48
103,144,50.94,122.25
103,145,20.83,49.99
103,146,56.71,136.10
103,147,65.59,157.41
103,148,68.54,164.49
103,149,54.93,131.83
103,150,60.68,145.62
103,151,62.55,150.12
103,152,41.93,100.63
103,158,4.47,10.72
103,160,65.62,157.48
103,162,29.03,69.66
103,164,76.47,183.53
103,166,76.95,184.68
103,170,36.87,88.48
104,1,50.47,121.13
104,2,46.80,112.32
104,3,24.53,58.87
104,4,18.25,43.80
104,5,13.13,31.50
104,6,12.07,28.96
104,7,36.10,86.64
104,8,27.43,65.84
104,9,12.99,31.17
104,10,9.56,22.95
104,11,27.68,66.42
104,12,19.82,47.58
104,13,17.68,42.44
104,14,24.25,58.21
104,15,34.11,81.86
104,16,33.09,79.41
104,17,32.29,77.51
104,18,45.73,109.76
104,19,43.50,104.41
104,20,37.18,89.23
104,21,38.25,91.80
104,22,61.71,148.11
104,23,42.69,102.46
104,24,50.42,121.01
104,25,34.28,82.28
104,26,24.69,59.24
104,27,22.74,54.57
104,28,28.18,67.62
104,29,26.46,63.50
104,30,52.96,127.10
104,31,54.21,130.10
104,32,43.16,103.59
104,33,19.07,45.76
104,34,24.49,58.77
104,35,16.71,40.11
104,36,51.63,123.92
104,37,51.54,123.70
104,38,48.82,117.18
104,39,22.06,52.95
104,40,52.75,126.59
104,41,42.09,101.03
104,42,37.98,91.15
104,43,41.26,99.02
104,44,32.51,78.02
104,45,21.27,51.05
104,46,25.51,61.22
104,47,40.30,96.73
104,48,48.99,117.59
104,49,45.79,109.90
104,50,31.90,76.57
104,51,7.29,17.50
104,52,31.75,76.20
104,53,27.03,64.86
104,54,56.78,136.26
104,55,63.77,153.04
104,56,64.71,155.31
104,57,60.28,144.67
104,58,54.43,130.62
104,59,41.44,99.45
104,60,35.76,85.83
104,61,17.02,40.84
104,62,37.77,90.64
104,63,47.31,113.54
104,64,19.76,47.43
104,65,29.26,70.22
104,66,45.84,110.01
104,67,12.13,29.11
104,68,35.45,85.08
104,69,35.40,84.97
104,70,40.85,98.03
104,71,4.06,9.75
104,72,35.06,84.16
104,73,42.08,100.99
104,74,28.94,69.45
104,75,41.55,99.73
104,76,54.56,130.95
104,77,32.40,77.75
104,78,33.33,79.99
104,79,43.40,104.15
104,80,27.26,65.43
104,81,30.07,72.17
104,82,25.36,60.86
104,83,55.45,133.08
104,84,10.03,24.08
104,85,5.27,12.65
104,86,51.31,123.14
104,87,56.01,134.42
104,88,59.30,142.33
104,89,51.52,123.65
104,90,56.52,135.65
104,91,24.46,58.71
104,92,31.87,76.49
104,93,39.11,93.86
104,94,67.06,160.94
104,95,55.99,134.36
104,96,15.12,36.30
104,97,16.21,38.91
104,98,60.08,144.18
104,99,60.56,145.35
104,100,34.93,83.83
104,101,38.17,91.62
104,102,47.78,114.68
104,103,39.66,95.18
104,105,36.76,88.21
104,106,8.63,20.70
104,107,66.28,159.07
104,108,55.26,132.61
104,109,56.51,135.62
104,110,46.35,111.23
104,111,64.31,154.34
104,112,59.97,143.93
104,113,47.83,114.80
104,114,67.55,162.12
104,115,20.58,49.39
104,116,25.70,61.69
104,117,69.50,166.80
104,118,46.23,110.95
104,119,59.39,142.54
104,120,32.62,78.30
104,121,55.68,133.64
104,122,42.38,101.71
104,123,14.08,33.80
104,124,52.39,125.74
104,125,42.46,101.90
104,126,61.13,146.71
104,127,40.07,96.17
104,128,11.25,27.00
104,129,21.61,51.86
104,130,9.81,23.54
104,131,24.79,59.50
104,132,9.08,21.80
104,133,43.75,105.00
104,134,22.40,53.76
104,135,27.13,65.11
104,136,23.67,56.80
104,137,58.42,140.20
104,138,66.78,160.26
104,139,12.36,29.66
104,140,32.25,77.40
104,141,24.00,57.60
104,142,56.23,134.96
104,143,32.79,78.71
104,144,21.24,50.98
104,145,18.89,45.34
104,146,65.29,156.71
104,147,70.13,168.32
104,148,57.54,138.10
104,149,17.53,42.06
104,150,21.06,50.54
104,151,27.37,65.69
104,152,22.79,54.69
104,158,38.77,93.04
104,160,63.91,153.38
104,162,11.24,26.98
104,164,57.84,138.82
104,166,48.61,116.67
104,170,45.33,108.79
105,1,15.59,37.42
105,2,18.92,45.41
105,3,33.77,81.04
105,4,29.70,71.29
105,5,28.43,68.23
105,6,36.97,88.72
105,7,4.89,11.74
105,8,11.39,27.32
105,9,23.77,57.05
105,10,28.44,68.25
105,11,11.74,28.17
105,12,17.73,42.55
105,13,24.51,58.82
105,14,12.68,30.43
105,15,43.44,104.27
105,16,26.41,63.37
105,17,37.19,89.26
105,18,18.99,45.57
105,19,24.59,59.02
105,20,14.29,34.30
105,21,19.12,45.88
105,22,33.16,79.58
105,23,12.15,29.15
105,24,16.11,38.67
105,25,9.20,22.08
105,26,15.86,38.07
105,27,19.53,46.86
105,28,26.57,63.78
105,29,29.54,70.89
105,30,20.87,50.09
105,31,20.50,49.20
105,32,40.48,97.15
105,33,38.07,91.36
105,34,24.32,58.38
105,35,28.84,69.21
105,36,30.83,73.99
105,37,34.17,82.00
105,38,35.68,85.62
105,39,28.05,67.32
105,40,24.27,58.25
105,41,6.89,16.53
105,42,26.22,62.92
105,43,17.35,41.63
105,44,13.12,31.48
105,45,20.30,48.72
105,46,20.21,48.51
105,47,43.32,103.97
105,48,47.18,113.24
105,49,48.67,116.82
105,50,31.91,76.59
105,51,33.06,79.33
105,52,21.15,50.77
105,53,24.31,58.34
105,54,35.70,85.68
105,55,41.59,99.82
105,56,37.95,91.08
105,57,28.96,69.49
105,58,40.23,96.55
105,59,48.70,116.88
105,60,47.28,113.47
105,61,42.88,102.90
105,62,3.67,8.80
105,63,10.74,25.77
105,64,18.65,44.75
105,65,13.53,32.48
105,66,11.65,27.95
105,67,29.18,70.04
105,68,18.31,43.94
105,69,24.78,59.46
105,70,21.85,52.45
105,71,37.52,90.06
105,72,50.39,120.93
105,73,11.56,27.74
105,74,7.95,19.08
105,75,31.08,74.60
105,76,52.65,126.35
105,77,6.15,14.77
105,78,54.94,131.87
105,79,27.65,66.36
105,80,34.90,83.77
105,81,55.37,132.89
105,82,15.15,36.36
105,83,60.93,146.24
105,84,41.08,98.60
105,85,32.15,77.17
105,86,46.49,111.57
105,87,38.78,93.08
105,88,25.70,61.67
105,89,54.49,130.78
105,90,57.91,138.99
105,91,48.33,115.99
105,92,27.28,65.47
105,93,24.17,58.01
105,94,37.76,90.63
105,95,25.35,60.85
105,96,33.81,81.14
105,97,33.24,79.76
105,98,41.55,99.73
105,99,65.09,156.22
105,100,19.48,46.76
105,101,37.31,89.54
105,102,34.59,83.02
105,103,32.76,78.63
105,104,36.76,88.21
105,106,37.80,90.71
105,107,35.10,84.24
105,108,18.50,44.40
105,109,20.70,49.68
105,110,36.99,88.78
105,111,30.80,73.93
105,112,23.24,55.78
105,113,40.49,97.17
105,114,32.80,78.73
105,115,24.95,59.88
105,116,28.27,67.84
105,117,36.62,87.88
105,118,12.31,29.54
105,119,22.78,54.66
105,120,8.12,19.50
105,121,45.51,109.23
105,122,8.87,21.28
105,123,50.83,121.99
105,124,59.13,141.91
105,125,19.88,47.72
105,126,66.04,158.49
105,127,23.38,56.10
105,128,48.01,115.21
105,129,32.23,77.36
105,130,27.27,65.45
105,131,28.97,69.53
105,132,34.41,82.60
105,133,31.32,75.17
105,134,40.17,96.41
105,135,36.50,87.61
105,136,26.74,64.17
105,137,62.34,149.61
105,138,31.47,75.52
105,139,44.63,107.10
105,140,4.86,11.66
105,141,46.04,110.50
105,142,62.46,149.91
105,143,38.21,91.69
105,144,31.66,75.99
105,145,27.65,66.35
105,146,29.56,70.94
105,147,36.32,87.17
105,148,35.87,86.08
105,149,53.85,129.24
105,150,53.51,128.42
105,151,44.47,106.73
105,152,20.04,48.10
105,158,28.48,68.34
105,160,33.78,81.07
105,162,33.93,81.42
105,164,45.01,108.02
105,166,50.15,120.35
105,170,8.58,20.58
106,1,49.76,119.44
106,2,44.30,106.31
106,3,32.48,77.94
106,4,25.71,61.70
106,5,19.99,47.98
106,6,20.64,49.54
106,7,36.03,86.47
106,8,30.43,73.04
106,9,15.75,37.80
106,10,9.76,23.42
106,11,27.06,64.94
106,12,20.07,48.17
106,13,14.59,35.01
106,14,26.35,63.24
106,15,42.52,102.06
106,16,39.60,95.03
106,17,40.28,96.68
106,18,49.85,119.63
106,19,48.93,117.43
106,20,41.26,99.03
106,21,43.18,103.64
106,22,66.05,158.52
106,23,45.78,109.87
106,24,52.85,126.83
106,25,37.40,89.77
106,26,23.29,55.90
106,27,20.34,48.83
106,28,34.92,83.82
106,29,33.75,81.00
106,30,56.15,134.76
106,31,56.93,136.64
106,32,50.85,122.04
106,33,27.59,66.22
106,34,30.87,74.08
106,35,11.64,27.95
106,36,57.18,137.22
106,37,57.64,138.34
106,38,55.44,133.07
106,39,16.51,39.61
106,40,56.83,136.40
106,41,42.07,100.96
106,42,44.15,105.96
106,43,38.48,92.36
106,44,30.59,73.41
106,45,26.38,63.31
106,46,30.97,74.33
106,47,48.43,116.24
106,48,56.94,136.66
106,49,54.04,129.70
106,50,39.29,94.30
106,51,5.06,12.14
106,52,27.76,66.61
106,53,22.32,53.57
106,54,62.46,149.91
106,55,69.46,166.70
106,56,69.53,166.86
106,57,63.87,153.29
106,58,61.11,146.65
106,59,49.88,119.72
106,60,44.32,106.36
106,61,25.57,61.36
106,62,39.57,94.96
106,63,48.53,116.48
106,64,23.72,56.93
106,65,33.22,79.74
106,66,48.16,115.59
106,67,8.84,21.22
106,68,32.16,77.19
106,69,30.61,73.45
106,70,37.02,88.86
106,71,12.66,30.39
106,72,43.69,104.86
106,73,40.75,97.81
106,74,29.87,71.69
106,75,35.85,86.05
106,76,62.61,150.28
106,77,34.60,83.03
106,78,41.77,100.24
106,79,38.56,92.54
106,80,19.89,47.74
106,81,38.21,91.71
106,82,29.33,70.40
106,83,63.97,153.52
106,84,18.40,44.17
106,85,12.00,28.79
106,86,59.03,141.66
106,87,62.30,149.51
106,88,62.16,149.19
106,89,59.87,143.70
106,90,64.84,155.62
106,91,32.93,79.04
106,92,26.37,63.29
106,93,34.65,83.16
106,94,71.33,171.19
106,95,59.66,143.18
106,96,23.32,55.96
106,97,9.22,22.12
106,98,66.28,159.08
106,99,69.08,165.78
106,100,40.14,96.33
106,101,45.85,110.03
106,102,42.04,100.89
106,103,33.47,80.34
106,104,8.63,20.70
106,105,37.80,90.71
106,107,70.03,168.08
106,108,56.00,134.41
106,109,58.35,140.04
106,110,40.01,96.03
106,111,67.28,161.47
106,112,60.83,146.00
106,113,41.06,98.55
106,114,70.04,168.10
106,115,27.01,64.82
106,116,19.91,47.78
106,117,72.76,174.62
106,118,45.43,109.04
106,119,59.60,143.03
106,120,32.07,76.96
106,121,62.92,151.02
106,122,44.73,107.35
106,123,16.12,38.69
106,124,60.93,146.24
106,125,47.15,113.16
106,126,69.66,167.19
106,127,35.85,86.05
106,128,14.27,34.25
106,129,29.45,70.67
106,130,11.60,27.83
106,131,18.82,45.16
106,132,17.40,41.75
106,133,50.23,120.54
106,134,30.97,74.32
106,135,19.44,46.66
106,136,18.42,44.22
106,137,66.89,160.54
106,138,68.98,165.54
106,139,6.83,16.40
106,140,32.99,79.16
106,141,32.58,78.20
106,142,64.78,155.48
106,143,40.86,98.06
106,144,29.01,69.62
106,145,13.90,33.36
106,146,67.23,161.35
106,147,73.05,175.33
106,148,63.15,151.56
106,149,21.47,51.53
106,150,27.92,67.00
106,151,35.99,86.37
106,152,28.01,67.22
106,158,33.37,80.08
106,160,67.90,162.97
106,162,4.80,11.51
106,164,64.80,155.53
106,166,56.83,136.38
106,170,46.23,110.95
107,1,35.64,85.53
107,2,46.43,111.44
107,3,50.42,121.02
107,4,51.53,123.67
107,5,54.13,129.92
107,6,61.03,146.47
107,7,39.29,94.30
107,8,39.60,95.05
107,9,54.37,130.49
107,10,60.28,144.66
107,11,46.63,111.92
107,12,50.90,122.16
107,13,58.65,140.76
107,14,43.89,105.33
107,15,53.45,128.29
107,16,37.65,90.36
107,17,47.82,114.76
107,18,20.59,49.41
107,19,25.49,61.17
107,20,29.10,69.85
107,21,28.75,69.00
107,22,6.64,15.95
107,23,24.42,58.60
107,24,19.23,46.15
107,25,32.65,78.37
107,26,50.64,121.55
107,27,54.29,130.29
107,28,42.08,100.98
107,29,45.52,109.25
107,30,14.30,34.32
107,31,14.89,35.74
107,32,41.84,100.42
107,33,58.11,139.47
107,34,43.82,105.16
107,35,63.04,151.30
107,36,20.40,48.95
107,37,24.50,58.80
107,38,29.80,71.53
107,39,62.97,151.14
107,40,13.66,32.77
107,41,35.53,85.26
107,42,32.73,78.55
107,43,48.65,116.75
107,44,47.87,114.88
107,45,45.13,108.31
107,46,41.36,99.25
107,47,48.07,115.36
107,48,45.01,108.03
107,49,50.19,120.45
107,50,43.02,103.26
107,51,64.98,155.96
107,52,55.86,134.07
107,53,59.40,142.57
107,54,19.15,45.96
107,55,18.22,43.72
107,56,9.65,23.15
107,57,6.23,14.95
107,58,29.02,69.66
107,59,54.12,129.90
107,60,56.96,136.70
107,61,64.59,155.02
107,62,32.02,76.86
107,63,26.78,64.26
107,64,46.66,111.99
107,65,37.07,88.96
107,66,23.46,56.30
107,67,62.28,149.47
107,68,52.18,125.24
107,69,58.85,141.25
107,70,53.90,129.35
107,71,65.39,156.94
107,72,61.64,147.94
107,73,41.45,99.49
107,74,41.78,100.27
107,75,64.00,153.60
107,76,47.49,113.98
107,77,35.97,86.32
107,78,69.36,166.46
107,79,59.39,142.53
107,80,70.00,168.01
107,81,72.47,173.92
107,82,41.00,98.39
107,83,59.55,142.92
107,84,66.43,159.43
107,85,61.03,146.48
107,86,41.65,99.97
107,87,24.83,59.59
107,88,10.36,24.86
107,89,53.28,127.86
107,90,53.75,128.99
107,91,66.64,159.94
107,92,62.05,148.91
107,93,57.14,137.15
107,94,4.79,11.49
107,95,10.37,24.89
107,96,56.54,135.69
107,97,67.37,161.69
107,98,23.57,56.57
107,99,61.42,147.41
107,100,32.30,77.51
107,101,42.85,102.84
107,102,65.78,157.87
107,103,66.40,159.37
107,104,66.28,159.07
107,105,35.10,84.24
107,106,70.03,168.08
107,108,25.54,61.28
107,109,18.17,43.62
107,110,69.23,166.15
107,111,6.98,16.76
107,112,23.63,56.72
107,113,72.87,174.88
107,114,10.75,25.80
107,115,47.17,113.22
107,116,63.36,152.08
107,117,5.26,12.63
107,118,37.38,89.71
107,119,28.29,67.89
107,120,43.16,103.57
107,121,35.39,84.95
107,122,26.43,63.42
107,123,79.70,191.29
107,124,59.56,142.95
107,125,24.40,58.57
107,126,62.44,149.85
107,127,55.92,134.20
107,128,76.75,184.19
107,129,51.16,122.79
107,130,58.49,140.39
107,131,64.05,153.71
107,132,60.32,144.76
107,133,30.86,74.06
107,134,58.19,139.67
107,135,71.59,171.82
107,136,61.77,148.24
107,137,58.98,141.56
107,138,13.04,31.31
107,139,76.69,184.06
107,140,39.56,94.94
107,141,64.01,153.63
107,142,61.25,147.00
107,143,48.49,116.37
107,144,50.95,122.29
107,145,62.19,149.26
107,146,15.12,36.29
107,147,8.07,19.36
107,148,18.23,43.75
107,149,80.87,194.08
107,150,76.54,183.70
107,151,59.76,143.42
107,152,43.72,104.93
107,158,61.94,148.66
107,160,3.10,7.45
107,162,67.02,160.84
107,164,32.05,76.91
107,166,49.62,119.08
107,170,29.53,70.88
108,1,10.47,25.12
108,2,21.59,51.82
108,3,49.23,118.15
108,4,46.63,111.91
108,5,46.33,111.19
108,6,54.75,131.41
108,7,20.11,48.26
108,8,28.91,69.38
108,9,42.27,101.44
108,10,46.84,112.41
108,11,29.10,69.84
108,12,36.04,86.49
108,13,42.10,101.04
108,14,31.10,74.63
108,15,57.09,137.01
108,16,38.85,93.23
108,17,50.63,121.52
108,18,22.43,53.83
108,19,31.11,74.66
108,20,25.05,60.11
108,21,28.76,69.01
108,22,27.31,65.54
108,23,17.93,43.04
108,24,11.34,27.21
108,25,23.54,56.49
108,26,33.13,79.51
108,27,36.60,87.85
108,28,40.93,98.22
108,29,44.41,106.58
108,30,16.08,38.59
108,31,13.00,31.21
108,32,50.31,120.74
108,33,54.86,131.66
108,34,40.03,96.08
108,35,46.23,110.96
108,36,33.10,79.44
108,37,37.75,90.59
108,38,41.47,99.53
108,39,44.36,106.46
108,40,22.31,53.55
108,41,14.28,34.27
108,42,36.31,87.14
108,43,25.01,60.03
108,44,27.46,65.91
108,45,37.55,90.11
108,46,36.10,86.63
108,47,54.86,131.66
108,48,56.04,134.51
108,49,59.24,142.17
108,50,45.05,108.11
108,51,51.39,123.33
108,52,34.58,82.99
108,53,39.38,94.52
108,54,36.06,86.53
108,55,39.48,94.74
108,56,32.63,78.32
108,57,21.08,50.59
108,58,44.11,105.87
108,59,60.87,146.09
108,60,61.02,146.44
108,61,60.27,144.65
108,62,17.97,43.13
108,63,8.26,19.82
108,64,36.68,88.04
108,65,29.36,70.47
108,66,12.84,30.83
108,67,47.25,113.40
108,68,30.02,72.06
108,69,36.39,87.34
108,70,30.17,72.41
108,71,55.94,134.25
108,72,64.84,155.62
108,73,18.35,44.04
108,74,26.39,63.33
108,75,40.24,96.57
108,76,60.56,145.35
108,77,23.43,56.23
108,78,70.62,169.48
108,79,35.16,84.38
108,80,49.91,119.78
108,81,71.86,172.46
108,82,32.25,77.40
108,83,70.93,170.24
108,84,59.20,142.08
108,85,50.61,121.46
108,86,54.09,129.82
108,87,41.07,98.57
108,88,15.42,37.02
108,89,64.25,154.20
108,90,66.57,159.77
108,91,64.97,155.93
108,92,40.50,97.19
108,93,33.78,81.08
108,94,29.82,71.58
108,95,20.05,48.12
108,96,51.18,122.82
108,97,50.57,121.36
108,98,42.23,101.35
108,99,74.29,178.29
108,100,31.16,74.77
108,101,48.64,116.74
108,102,41.08,98.58
108,103,43.11,103.46
108,104,55.26,132.61
108,105,18.50,44.40
108,106,56.00,134.41
108,107,25.54,61.28
108,109,7.47,17.93
108,110,44.89,107.73
108,111,18.95,45.49
108,112,4.85,11.64
108,113,48.50,116.40
108,114,18.34,44.02
108,115,41.70,100.07
108,116,43.59,104.61
108,117,24.42,58.62
108,118,13.35,32.05
108,119,5.30,12.73
108,120,24.26,58.23
108,121,50.55,121.32
108,122,15.27,36.65
108,123,69.33,166.39
108,124,69.81,167.54
108,125,26.46,63.50
108,126,75.30,180.72
108,127,32.34,77.62
108,128,66.50,159.61
108,129,48.38,116.12
108,130,45.74,109.79
108,131,44.54,106.88
108,132,52.51,126.02
108,133,38.98,93.56
108,134,56.44,135.45
108,135,51.64,123.93
108,136,42.69,102.46
108,137,71.56,171.74
108,138,16.15,38.77
108,139,62.80,150.72
108,140,23.13,55.51
108,141,62.52,150.04
108,142,72.60,174.24
108,143,51.59,123.82
108,144,47.90,114.95
108,145,44.70,107.27
108,146,13.61,32.66
108,147,22.82,54.78
108,148,35.69,85.66
108,149,72.28,173.47
108,150,71.39,171.33
108,151,60.05,144.12
108,152,36.87,88.50
108,158,38.69,92.86
108,160,25.89,62.14
108,162,51.90,124.56
108,164,48.61,116.68
108,166,59.94,143.84
108,170,9.92,23.82
109,1,17.48,41.96
109,2,28.40,68.17
109,3,47.14,113.13
109,4,45.61,109.47
109,5,46.27,111.05
109,6,54.38,130.52
109,7,23.73,56.96
109,8,29.21,70.09
109,9,43.64,104.73
109,10,48.81,117.15
109,11,32.29,77.50
109,12,38.30,91.93
109,13,45.19,108.47
109,14,32.34,77.63
109,15,53.81,129.14
109,16,35.67,85.60
109,17,47.42,113.82
109,18,17.61,42.27
109,19,26.26,63.03
109,20,22.52,54.06
109,21,25.27,60.64
109,22,19.89,47.73
109,23,15.27,36.64
109,24,6.94,16.67
109,25,22.79,54.69
109,26,36.43,87.43
109,27,40.06,96.14
109,28,38.54,92.48
109,29,42.14,101.13
109,30,9.60,23.05
109,31,6.27,15.05
109,32,45.63,109.52
109,33,53.53,128.48
109,34,38.43,92.23
109,35,49.50,118.81
109,36,26.87,64.49
109,37,31.64,75.93
109,38,35.81,85.95
109,39,48.34,116.01
109,40,15.78,37.88
109,41,18.76,45.02
109,42,32.34,77.61
109,43,31.12,74.69
109,44,31.95,76.67
109,45,37.12,89.08
109,46,34.80,83.52
109,47,50.70,121.69
109,48,50.90,122.15
109,49,54.61,131.07
109,50,41.89,100.53
109,51,53.50,128.41
109,52,39.61,95.05
109,53,43.90,105.36
109,54,29.28,70.28
109,55,32.24,77.38
109,56,25.19,60.46
109,57,13.62,32.69
109,58,37.87,90.88
109,59,56.85,136.43
109,60,57.70,138.48
109,61,59.38,142.52
109,62,18.84,45.21
109,63,10.26,24.63
109,64,37.08,89.00
109,65,28.54,68.50
109,66,10.88,26.11
109,67,49.84,119.61
109,68,35.42,85.00
109,69,42.00,100.80
109,70,36.37,87.30
109,71,56.65,135.97
109,72,61.83,148.38
109,73,24.07,57.76
109,74,28.51,68.43
109,75,46.51,111.63
109,76,55.04,132.09
109,77,24.11,57.87
109,78,68.23,163.75
109,79,41.66,99.98
109,80,54.57,130.97
109,81,70.03,168.06
109,82,31.99,76.77
109,83,65.92,158.21
109,84,59.23,142.15
109,85,51.56,123.75
109,86,48.60,116.63
109,87,34.55,82.92
109,88,7.96,19.10
109,89,59.25,142.19
109,90,61.18,146.83
109,91,63.35,152.05
109,92,45.71,109.71
109,93,39.82,95.57
109,94,22.37,53.70
109,95,12.94,31.05
109,96,50.43,121.04
109,97,53.90,129.35
109,98,35.36,84.86
109,99,68.97,165.52
109,100,28.22,67.73
109,101,44.59,107.01
109,102,47.86,114.86
109,103,49.16,117.99
109,104,56.51,135.62
109,105,20.70,49.68
109,106,58.35,140.04
109,107,18.17,43.62
109,108,7.47,17.93
109,110,51.48,123.55
109,111,11.86,28.47
109,112,7.39,17.74
109,113,55.12,132.28
109,114,12.40,29.76
109,115,40.71,97.71
109,116,48.05,115.32
109,117,17.60,42.23
109,118,19.55,46.93
109,119,11.35,27.25
109,120,27.92,67.01
109,121,44.43,106.64
109,122,14.25,34.20
109,123,70.55,169.32
109,124,65.05,156.13
109,125,22.13,53.12
109,126,69.99,167.98
109,127,38.48,92.35
109,128,67.65,162.35
109,129,46.75,112.19
109,130,47.44,113.85
109,131,48.90,117.35
109,132,52.60,126.25
109,133,34.00,81.61
109,134,54.69,131.25
109,135,56.26,135.01
109,136,46.84,112.43
109,137,66.28,159.06
109,138,10.81,25.93
109,139,65.18,156.43
109,140,25.56,61.33
109,141,60.81,145.94
109,142,67.61,162.27
109,143,48.33,115.99
109,144,46.33,111.20
109,145,48.22,115.73
109,146,8.88,21.31
109,147,16.47,39.52
109,148,28.83,69.19
109,149,72.94,175.05
109,150,70.93,170.23
109,151,57.77,138.65
109,152,36.16,86.78
109,158,44.70,107.29
109,160,18.42,44.22
109,162,54.59,131.03
109,164,42.20,101.28
109,166,55.02,132.05
109,170,13.00,31.19
110,1,34.45,82.68
110,2,23.33,55.98
110,3,60.77,145.85
110,4,53.92,129.41
110,5,48.93,117.43
110,6,55.27,132.64
110,7,32.10,77.05
110,8,41.84,100.41
110,9,39.75,95.40
110,10,37.95,91.09
110,11,29.83,71.59
110,12,33.70,80.89
110,13,29.77,71.45
110,14,38.18,91.62
110,15,72.15,173.16
110,16,59.39,142.55
110,17,67.14,161.14
110,18,55.95,134.29
110,19,61.14,146.73
110,20,50.56,121.33
110,21,55.14,132.34
110,22,68.90,165.36
110,23,49.02,117.66
110,24,50.45,121.07
110,25,44.86,107.66
110,26,28.44,68.26
110,27,27.22,65.34
110,28,57.21,137.32
110,29,58.66,140.79
110,30,56.12,134.68
110,31,54.53,130.87
110,32,74.02,177.65
110,33,60.47,145.13
110,34,53.27,127.85
110,35,29.65,71.15
110,36,67.80,162.72
110,37,70.94,170.26
110,38,71.84,172.40
110,39,24.30,58.33
110,40,60.69,145.66
110,41,34.04,81.68
110,42,61.10,146.64
110,43,20.65,49.55
110,44,24.73,59.34
110,45,46.96,112.71
110,46,50.16,120.38
110,47,74.92,179.82
110,48,80.97,194.33
110,49,80.82,193.97
110,50,63.15,151.56
110,51,39.07,93.76
110,52,18.20,43.67
110,53,20.26,48.63
110,54,72.69,174.45
110,55,78.45,188.28
110,56,74.03,177.67
110,57,63.65,152.76
110,58,76.78,184.27
110,59,78.96,189.50
110,60,75.32,180.77
110,61,61.72,148.12
110,62,40.66,97.58
110,63,42.56,102.14
110,64,42.92,103.01
110,65,46.09,110.63
110,66,47.13,113.10
110,67,34.37,82.48
110,68,18.91,45.39
110,69,13.49,32.39
110,70,15.47,37.13
110,71,49.88,119.70
110,72,76.69,184.05
110,73,27.85,66.83
110,74,34.89,83.74
110,75,6.15,14.75
110,76,86.81,208.33
110,77,40.36,96.86
110,78,77.75,186.61
110,79,9.84,23.63
110,80,20.66,49.59
110,81,75.60,181.43
110,82,44.62,107.10
110,83,92.79,222.69
110,84,55.88,134.11
110,85,45.58,109.38
110,86,81.20,194.87
110,87,75.65,181.57
110,88,58.91,141.38
110,89,87.01,208.82
110,90,91.21,218.90
110,91,69.13,165.92
110,92,14.88,35.71
110,93,12.83,30.80
110,94,72.82,174.77
110,95,60.85,146.05
110,96,55.12,132.29
110,97,30.81,73.94
110,98,78.53,188.48
110,99,97.53,234.07
110,100,54.38,130.51
110,101,69.80,167.52
110,102,4.54,10.89
110,103,6.71,16.10
110,104,46.35,111.23
110,105,36.99,88.78
110,106,40.01,96.03
110,107,69.23,166.15
110,108,44.89,107.73
110,109,51.48,123.55
110,111,63.33,151.99
110,112,48.71,116.90
110,113,3.64,8.73
110,114,63.23,151.74
110,115,51.26,123.03
110,116,20.66,49.58
110,117,69.06,165.75
110,118,31.93,76.64
110,119,44.80,107.51
110,120,29.76,71.42
110,121,81.54,195.70
110,122,45.33,108.80
110,123,55.79,133.90
110,124,90.35,216.84
110,125,56.68,136.04
110,126,98.36,236.07
110,127,13.67,32.81
110,128,54.24,130.18
110,129,57.99,139.18
110,130,39.17,94.01
110,131,21.56,51.74
110,132,51.42,123.40
110,133,67.00,160.80
110,134,63.75,153.00
110,135,21.74,52.18
110,136,22.84,54.82
110,137,94.89,227.74
110,138,61.01,146.43
110,139,43.94,105.46
110,140,34.62,83.08
110,141,67.83,162.80
110,142,94.08,225.79
110,143,68.07,163.38
110,144,57.35,137.63
110,145,27.54,66.09
110,146,58.42,140.20
110,147,67.67,162.42
110,148,72.84,174.82
110,149,61.42,147.42
110,150,67.35,161.64
110,151,69.12,165.88
110,152,47.98,115.15
110,158,9.22,22.12
110,160,68.71,164.91
110,162,35.64,85.53
110,164,81.51,195.61
110,166,82.93,199.04
110,170,39.89,95.74
111,1,29.28,70.26
111,2,40.26,96.62
111,3,50.82,121.97
111,4,50.93,122.23
111,5,52.81,126.74
111,6,60.27,144.64
111,7,34.56,82.95
111,8,37.02,88.85
111,9,51.89,124.54
111,10,57.55,138.11
111,11,42.53,102.08
111,12,47.60,114.24
111,13,55.05,132.11
111,14,40.93,98.23
111,15,55.26,132.64
111,16,38.26,91.83
111,17,49.26,118.23
111,18,19.80,47.52
111,19,26.64,63.95
111,20,27.61,66.26
111,21,28.43,68.23
111,22,11.50,27.61
111,23,21.63,51.92
111,24,14.72,35.32
111,25,30.07,72.16
111,26,46.64,111.93
111,27,50.31,120.73
111,28,42.21,101.31
111,29,45.79,109.90
111,30,11.38,27.32
111,31,10.41,24.99
111,32,44.73,107.35
111,33,58.12,139.49
111,34,43.28,103.88
111,35,59.43,142.63
111,36,23.53,56.48
111,37,28.14,67.53
111,38,33.21,79.70
111,39,58.85,141.25
111,40,13.92,33.42
111,41,30.18,72.42
111,42,33.79,81.09
111,43,42.91,102.98
111,44,43.04,103.29
111,45,43.60,104.65
111,46,40.31,96.75
111,47,50.64,121.54
111,48,48.72,116.92
111,49,53.44,128.25
111,50,44.10,105.83
111,51,62.29,149.49
111,52,50.90,122.16
111,53,54.84,131.62
111,54,23.72,56.94
111,55,24.26,58.23
111,56,15.97,38.33
111,57,6.23,14.95
111,58,33.47,80.33
111,59,56.81,136.35
111,60,58.96,141.50
111,61,64.43,154.62
111,62,28.14,67.52
111,63,21.40,51.37
111,64,44.54,106.91
111,65,35.15,84.35
111,66,19.35,46.44
111,67,59.15,141.96
111,68,46.92,112.62
111,69,53.56,128.55
111,70,48.16,115.60
111,71,63.83,153.20
111,72,63.48,152.36
111,73,35.79,85.89
111,74,38.08,91.39
111,75,58.30,139.93
111,76,51.81,124.35
111,77,32.72,78.52
111,78,70.79,169.88
111,79,53.50,128.41
111,80,65.52,157.24
111,81,73.43,176.23
111,82,38.99,93.58
111,83,63.59,152.61
111,84,65.50,157.19
111,85,59.14,141.93
111,86,45.68,109.64
111,87,29.48,70.75
111,88,5.15,12.35
111,89,57.11,137.07
111,90,58.09,139.43
111,91,67.23,161.36
111,92,57.06,136.94
111,93,51.55,123.73
111,94,11.71,28.10
111,95,9.67,23.20
111,96,55.93,134.24
111,97,63.81,153.15
111,98,28.95,69.49
111,99,65.87,158.09
111,100,31.91,76.60
111,101,45.00,108.00
111,102,59.72,143.32
111,103,60.88,146.12
111,104,64.31,154.34
111,105,30.80,73.93
111,106,67.28,161.47
111,107,6.98,16.76
111,108,18.95,45.49
111,109,11.86,28.47
111,110,63.33,151.99
111,112,16.71,40.11
111,113,66.97,160.72
111,114,4.97,11.92
111,115,46.29,111.10
111,116,58.91,141.40
111,117,5.88,14.11
111,118,31.40,75.35
111,119,21.37,51.30
111,120,38.61,92.68
111,121,40.06,96.14
111,122,22.67,54.41
111,123,78.07,187.37
111,124,63.29,151.91
111,125,24.27,58.25
111,126,66.90,160.55
111,127,50.25,120.59
111,128,75.12,180.29
111,129,51.14,122.73
111,130,55.92,134.21
111,131,59.68,143.23
111,132,59.12,141.89
111,133,33.20,79.69
111,134,58.62,140.68
111,135,67.16,161.18
111,136,57.50,138.01
111,137,63.33,151.99
111,138,6.61,15.87
111,139,74.05,177.72
111,140,35.51,85.23
111,141,64.61,155.07
111,142,65.30,156.71
111,143,50.03,120.08
111,144,50.85,122.03
111,145,58.38,140.10
111,146,8.30,19.91
111,147,5.83,13.98
111,148,22.95,55.07
111,149,79.74,191.38
111,150,76.31,183.15
111,151,60.77,145.85
111,152,42.34,101.62
111,158,56.42,135.40
111,160,8.55,20.52
111,162,63.92,153.42
111,164,37.04,88.89
111,166,53.21,127.71
111,170,24.21,58.11
112,1,14.37,34.48
112,2,25.40,60.96
112,3,53.02,127.24
112,4,50.79,121.91
112,5,50.77,121.84
112,6,59.13,141.90
112,7,24.96,59.90
112,8,33.37,80.08
112,9,46.98,112.76
112,10,51.63,123.92
112,11,33.95,81.47
112,12,40.85,98.03
112,13,46.95,112.68
112,14,35.76,85.83
112,15,60.36,144.86
112,16,42.12,101.08
112,17,53.92,129.42
112,18,24.67,59.21
112,19,33.39,80.14
112,20,28.52,68.46
112,21,31.81,76.35
112,22,26.53,63.68
112,23,21.24,50.97
112,24,13.54,32.51
112,25,27.66,66.38
112,26,37.98,91.15
112,27,41.45,99.48
112,28,44.56,106.95
112,29,48.11,115.46
112,30,16.99,40.79
112,31,13.66,32.79
112,32,52.75,126.61
112,33,58.94,141.46
112,34,43.97,105.54
112,35,51.08,122.59
112,36,34.26,82.23
112,37,39.03,93.67
112,38,43.17,103.60
112,39,49.16,117.99
112,40,23.17,55.61
112,41,19.11,45.86
112,42,39.15,93.96
112,43,29.30,70.33
112,44,32.24,77.37
112,45,41.86,100.45
112,46,40.13,96.31
112,47,57.64,138.34
112,48,58.16,139.59
112,49,61.73,148.15
112,50,48.35,116.03
112,51,56.20,134.88
112,52,39.22,94.13
112,53,44.12,105.89
112,54,36.58,87.79
112,55,39.19,94.06
112,56,31.71,76.10
112,57,20.17,48.40
112,58,45.26,108.62
112,59,63.74,152.98
112,60,64.28,154.26
112,61,64.50,154.81
112,62,22.46,53.90
112,63,12.73,30.55
112,64,41.20,98.88
112,65,33.51,80.43
112,66,16.28,39.06
112,67,52.09,125.01
112,68,34.58,82.99
112,69,40.84,98.02
112,70,34.36,82.47
112,71,60.56,145.35
112,72,68.25,163.81
112,73,22.90,54.95
112,74,31.16,74.79
112,75,44.32,106.37
112,76,62.39,149.72
112,77,27.94,67.05
112,78,74.32,178.37
112,79,39.11,93.87
112,80,54.60,131.04
112,81,75.79,181.89
112,82,36.58,87.80
112,83,73.16,175.60
112,84,63.68,152.84
112,85,55.27,132.65
112,86,55.93,134.24
112,87,41.91,100.58
112,88,14.36,34.45
112,89,66.48,159.56
112,90,68.50,164.41
112,91,68.97,165.53
112,92,45.07,108.16
112,93,38.05,91.31
112,94,28.22,67.73
112,95,20.15,48.37
112,96,55.44,133.05
112,97,55.41,132.99
112,98,42.60,102.25
112,99,76.28,183.08
112,100,34.50,82.80
112,101,51.47,123.53
112,102,44.74,107.37
112,103,47.31,113.55
112,104,59.97,143.93
112,105,23.24,55.78
112,106,60.83,146.00
112,107,23.63,56.72
112,108,4.85,11.64
112,109,7.39,17.74
112,110,48.71,116.90
112,111,16.71,40.11
112,113,52.29,125.50
112,114,14.99,35.98
112,115,45.86,110.06
112,116,48.33,115.98
112,117,21.63,51.91
112,118,17.78,42.67
112,119,4.66,11.20
112,120,29.11,69.87
112,121,51.83,124.38
112,122,19.15,45.96
112,123,74.05,177.72
112,124,72.22,173.33
112,125,29.04,69.69
112,126,77.31,185.53
112,127,36.56,87.74
112,128,71.21,170.91
112,129,52.34,125.62
112,130,50.51,121.22
112,131,49.29,118.30
112,132,57.00,136.79
112,133,41.20,98.88
112,134,60.37,144.90
112,135,56.33,135.20
112,136,47.48,113.95
112,137,73.58,176.60
112,138,12.56,30.14
112,139,67.63,162.32
112,140,27.92,67.01
112,141,66.48,159.55
112,142,74.85,179.64
112,143,54.86,131.66
112,144,51.88,124.51
112,145,49.54,118.89
112,146,9.90,23.75
112,147,19.61,47.05
112,148,36.09,86.62
112,149,76.91,184.59
112,150,75.76,181.82
112,151,63.78,153.08
112,152,41.10,98.63
112,158,42.94,103.06
112,160,24.55,58.92
112,162,56.74,136.19
112,164,49.57,118.97
112,166,62.23,149.35
112,170,14.67,35.22
113,1,38.06,91.34
113,2,26.93,64.63
113,3,63.33,152.00
113,4,56.38,135.32
113,5,51.23,122.95
113,6,57.24,137.38
113,7,35.60,85.44
113,8,44.96,107.90
113,9,42.04,100.91
113,10,39.81,95.54
113,11,32.93,79.04
113,12,36.34,87.22
113,13,31.83,76.39
113,14,41.16,98.79
113,15,74.74,179.37
113,16,62.44,149.85
113,17,69.87,167.70
113,18,59.46,142.71
113,19,64.51,154.82
113,20,53.92,129.41
113,21,58.47,140.32
113,22,72.51,174.03
113,23,52.55,126.12
113,24,54.07,129.77
113,25,48.21,115.70
113,26,31.28,75.08
113,27,29.78,71.48
113,28,60.10,144.24
113,29,61.42,147.40
113,30,59.73,143.36
113,31,58.16,139.58
113,32,77.03,184.86
113,33,62.68,150.42
113,34,56.08,134.60
113,35,31.25,75.01
113,36,71.26,171.03
113,37,74.34,178.42
113,38,75.13,180.32
113,39,25.98,62.34
113,40,64.27,154.25
113,41,37.65,90.36
113,42,64.29,154.30
113,43,24.27,58.26
113,44,28.04,67.31
113,45,49.74,119.38
113,46,53.09,127.41
113,47,77.75,186.59
113,48,83.98,201.54
113,49,83.66,200.79
113,50,66.02,158.45
113,51,40.54,97.30
113,52,21.16,50.79
113,53,22.56,54.15
113,54,76.18,182.84
113,55,81.99,196.78
113,56,77.64,186.33
113,57,67.28,161.47
113,58,80.13,192.31
113,59,81.63,195.92
113,60,77.83,186.79
113,61,63.61,152.66
113,62,44.15,105.97
113,63,46.19,110.86
113,64,45.66,109.59
113,65,49.25,118.20
113,66,50.72,121.73
113,67,36.05,86.51
113,68,22.30,53.52
113,69,16.54,39.69
113,70,19.08,45.79
113,71,51.49,123.58
113,72,79.03,189.67
113,73,31.48,75.54
113,74,38.11,91.46
113,75,9.44,22.66
113,76,89.83,215.60
113,77,43.69,104.86
113,78,79.78,191.47
113,79,13.48,32.36
113,80,21.30,51.11
113,81,77.42,185.80
113,82,47.63,114.31
113,83,95.56,229.34
113,84,57.54,138.10
113,85,47.42,113.82
113,86,84.30,202.32
113,87,79.08,189.78
113,88,62.55,150.11
113,89,89.86,215.67
113,90,94.13,225.92
113,91,71.08,170.59
113,92,17.14,41.13
113,93,16.32,39.16
113,94,76.45,183.48
113,95,64.47,154.73
113,96,57.34,137.61
113,97,31.95,76.67
113,98,82.00,196.80
113,99,100.34,240.82
113,100,57.61,138.25
113,101,72.73,174.56
113,102,7.74,18.57
113,103,8.93,21.44
113,104,47.83,114.80
113,105,40.49,97.17
113,106,41.06,98.55
113,107,72.87,174.88
113,108,48.50,116.40
113,109,55.12,132.28
113,110,3.64,8.73
113,111,66.97,160.72
113,112,52.29,125.50
113,114,66.84,160.42
113,115,53.93,129.43
113,116,22.36,53.67
113,117,72.70,174.47
113,118,35.57,85.37
113,119,48.34,116.02
113,120,33.13,79.51
113,121,84.80,203.53
113,122,48.89,117.33
113,123,56.55,135.73
113,124,93.06,223.36
113,125,60.10,144.25
113,126,101.16,242.79
113,127,17.24,41.36
113,128,55.17,132.40
113,129,60.50,145.20
113,130,41.17,98.80
113,131,23.14,55.53
113,132,53.38,128.11
113,133,70.25,168.60
113,134,66.00,158.41
113,135,22.13,53.10
113,136,24.71,59.30
113,137,97.73,234.54
113,138,64.62,155.09
113,139,44.51,106.83
113,140,37.97,91.13
113,141,69.88,167.72
113,142,96.82,232.36
113,143,70.79,169.90
113,144,59.86,143.66
113,145,29.26,70.21
113,146,62.02,148.85
113,147,71.30,171.12
113,148,76.35,183.24
113,149,62.31,149.55
113,150,68.71,164.91
113,151,71.39,171.33
113,152,50.82,121.97
113,158,12.33,29.59
113,160,72.34,173.63
113,162,36.88,88.51
113,164,84.84,203.62
113,166,85.83,205.99
113,170,43.52,104.45
114,1,28.80,69.12
114,2,39.93,95.83
114,3,55.17,132.40
114,4,54.91,131.78
114,5,56.45,135.48
114,6,64.13,153.91
114,7,36.09,86.62
114,8,40.13,96.31
114,9,54.91,131.79
114,10,60.38,144.91
114,11,44.50,106.80
114,12,50.13,120.31
114,13,57.29,137.50
114,14,43.76,105.02
114,15,59.99,143.97
114,16,42.74,102.58
114,17,53.92,129.40
114,18,24.08,57.79
114,19,31.35,75.23
114,20,31.43,75.44
114,21,32.70,78.49
114,22,16.24,38.96
114,23,24.96,59.90
114,24,17.21,41.31
114,25,33.29,79.89
114,26,48.64,116.74
114,27,52.29,125.50
114,28,46.52,111.64
114,29,50.12,120.29
114,30,15.21,36.51
114,31,13.37,32.09
114,32,49.64,119.15
114,33,62.30,149.53
114,34,47.33,113.60
114,35,61.64,147.93
114,36,28.49,68.39
114,37,33.10,79.45
114,38,38.17,91.61
114,39,60.66,145.59
114,40,18.65,44.77
114,41,31.14,74.74
114,42,38.41,92.19
114,43,43.18,103.64
114,44,44.35,106.43
114,45,47.21,113.31
114,46,44.18,106.02
114,47,55.51,133.22
114,48,53.68,128.83
114,49,58.38,140.11
114,50,48.67,116.81
114,51,65.11,156.26
114,52,51.99,124.78
114,53,56.29,135.10
114,54,28.63,68.70
114,55,28.78,69.06
114,56,20.30,48.72
114,57,11.19,26.86
114,58,38.41,92.18
114,59,61.69,148.05
114,60,63.71,152.91
114,61,68.52,164.45
114,62,30.53,73.27
114,63,22.63,54.32
114,64,47.84,114.81
114,65,38.65,92.76
114,66,21.89,52.53
114,67,61.70,148.09
114,68,47.74,114.57
114,69,54.28,130.28
114,70,48.40,116.15
114,71,67.30,161.53
114,72,68.20,163.68
114,73,36.26,87.02
114,74,40.42,97.02
114,75,58.51,140.42
114,76,56.77,136.24
114,77,35.47,85.13
114,78,75.39,180.93
114,79,53.49,128.36
114,80,66.97,160.72
114,81,77.89,186.94
114,82,42.40,101.76
114,83,68.55,164.52
114,84,69.26,166.23
114,85,62.45,149.89
114,86,50.65,121.55
114,87,34.38,82.52
114,88,8.58,20.60
114,89,62.08,148.99
114,90,63.05,151.32
114,91,71.59,171.83
114,92,58.08,139.40
114,93,51.94,124.65
114,94,15.49,37.18
114,95,14.38,34.51
114,96,59.89,143.72
114,97,66.03,158.48
114,98,33.72,80.93
114,99,70.82,169.97
114,100,36.13,86.70
114,101,49.81,119.54
114,102,59.40,142.57
114,103,61.28,147.08
114,104,67.55,162.12
114,105,32.80,78.73
114,106,70.04,168.10
114,107,10.75,25.80
114,108,18.34,44.02
114,109,12.40,29.76
114,110,63.23,151.74
114,111,4.97,11.92
114,112,14.99,35.98
114,113,66.84,160.42
114,115,50.18,120.42
114,116,60.44,145.05
114,117,7.01,16.83
114,118,31.51,75.62
114,119,19.53,46.88
114,120,40.26,96.61
114,121,44.98,107.94
114,122,25.33,60.80
114,123,81.45,195.48
114,124,68.26,163.81
114,125,28.67,68.80
114,126,71.85,172.44
114,127,50.54,121.30
114,128,78.51,188.42
114,129,55.34,132.81
114,130,58.86,141.27
114,131,61.27,147.06
114,132,62.79,150.70
114,133,38.08,91.38
114,134,62.94,151.06
114,135,68.65,164.76
114,136,59.20,142.08
114,137,68.29,163.89
114,138,2.57,6.18
114,139,76.85,184.45
114,140,37.63,90.31
114,141,68.98,165.55
114,142,70.26,168.63
114,143,54.71,131.30
114,144,55.02,132.04
114,145,60.44,145.05
114,146,5.18,12.42
114,147,4.62,11.09
114,148,27.82,66.78
114,149,83.37,200.09
114,150,80.35,192.84
114,151,65.28,156.67
114,152,46.03,110.48
114,158,56.84,136.42
114,160,13.01,31.23
114,162,66.48,159.55
114,164,41.91,100.58
114,166,58.17,139.61
114,170,25.39,60.93
115,1,40.54,97.29
115,2,41.60,99.83
115,3,9.73,23.34
115,4,4.94,11.85
115,5,7.47,17.93
115,6,13.97,33.54
115,7,27.08,64.98
115,8,13.59,32.61
115,9,13.39,32.13
115,10,18.85,45.23
115,11,22.73,54.55
115,12,17.59,42.21
115,13,23.55,56.52
115,14,14.42,34.61
115,15,20.94,50.26
115,16,12.61,30.28
115,17,16.00,38.40
115,18,26.71,64.11
115,19,23.13,55.52
115,20,18.74,44.98
115,21,18.46,44.31
115,22,42.03,100.87
115,23,25.57,61.37
115,24,33.93,81.42
115,25,18.20,43.68
115,26,22.94,55.05
115,27,24.16,57.99
115,28,7.95,19.08
115,29,7.72,18.52
115,30,35.01,84.01
115,31,36.97,88.72
115,32,24.80,59.53
115,33,13.21,31.70
115,34,3.91,9.40
115,35,26.48,63.55
115,36,31.15,74.76
115,37,30.97,74.32
115,38,28.46,68.30
115,39,30.17,72.42
115,40,33.52,80.45
115,41,31.75,76.21
115,42,17.40,41.76
115,43,37.61,90.27
115,44,28.87,69.28
115,45,4.88,11.71
115,46,6.00,14.40
115,47,24.10,57.85
115,48,31.46,75.50
115,49,30.05,72.13
115,50,13.03,31.26
115,51,22.41,53.79
115,52,33.20,79.69
115,53,31.55,75.71
115,54,36.23,86.95
115,55,43.21,103.71
115,56,44.58,106.99
115,57,41.49,99.58
115,58,34.11,81.86
115,59,27.70,66.49
115,60,24.31,58.35
115,61,18.69,44.85
115,62,24.00,57.61
115,63,33.46,80.31
115,64,8.44,20.25
115,65,12.35,29.63
115,66,29.90,71.77
115,67,22.76,54.62
115,68,34.27,82.24
115,69,37.90,90.97
115,70,39.85,95.65
115,71,18.71,44.90
115,72,26.46,63.50
115,73,34.79,83.50
115,74,19.72,47.32
115,75,45.29,108.69
115,76,37.35,89.65
115,77,18.90,45.36
115,78,30.10,72.24
115,79,44.57,106.97
115,80,38.05,91.31
115,81,30.45,73.08
115,82,9.80,23.52
115,83,41.69,100.05
115,84,19.27,46.25
115,85,15.50,37.20
115,86,32.87,78.89
115,87,35.48,85.15
115,88,41.62,99.89
115,89,36.25,87.00
115,90,40.81,97.94
115,91,23.44,56.25
115,92,36.89,88.54
115,93,40.02,96.05
115,94,47.37,113.69
115,95,37.21,89.30
115,96,9.75,23.39
115,97,29.33,70.39
115,98,39.53,94.86
115,99,46.55,111.73
115,100,14.95,35.88
115,101,19.94,47.86
115,102,50.85,122.03
115,103,45.00,108.00
115,104,20.58,49.39
115,105,24.95,59.88
115,106,27.01,64.82
115,107,47.17,113.22
115,108,41.70,100.07
115,109,40.71,97.71
115,110,51.26,123.03
115,111,46.29,111.10
115,112,45.86,110.06
115,113,53.93,129.43
115,114,50.18,120.42
115,116,33.06,79.35
115,117,50.96,122.30
115,118,37.04,88.90
115,119,46.66,111.99
115,120,25.71,61.71
115,121,36.06,86.56
115,122,26.75,64.20
115,123,32.88,78.91
115,124,39.14,93.94
115,125,22.81,54.73
115,126,47.34,113.62
115,127,40.20,96.48
115,128,29.95,71.88
115,129,7.48,17.95
115,130,16.64,39.94
115,131,32.83,78.80
115,132,13.23,31.75
115,133,23.28,55.88
115,134,15.23,36.56
115,135,38.83,93.19
115,136,30.53,73.27
115,137,44.00,105.61
115,138,49.90,119.75
115,139,32.59,78.23
115,140,22.35,53.65
115,141,21.10,50.65
115,142,42.91,102.98
115,143,16.89,40.54
115,144,6.86,16.46
115,145,27.35,65.63
115,146,48.92,117.40
115,147,52.05,124.91
115,148,37.02,88.84
115,149,33.69,80.86
115,150,30.27,72.64
115,151,19.79,47.50
115,152,4.92,11.81
115,158,42.15,101.15
115,160,44.56,106.93
115,162,26.20,62.87
115,164,37.81,90.75
115,166,32.46,77.90
115,170,32.43,77.83
116,1,35.02,84.04
116,2,26.88,64.51
116,3,41.96,100.71
116,4,34.80,83.51
116,5,29.32,70.36
116,6,34.91,83.77
116,7,24.38,58.52
116,8,27.36,65.67
116,9,20.24,48.58
116,10,17.45,41.88
116,11,16.90,40.56
116,12,16.15,38.75
116,13,9.75,23.39
116,14,22.76,54.63
116,15,53.33,128.00
116,16,43.33,103.99
116,17,49.01,117.63
116,18,45.71,109.70
116,19,48.35,116.04
116,20,38.26,91.82
116,21,42.03,100.86
116,22,61.10,146.63
116,23,39.64,95.14
116,24,44.32,106.38
116,25,32.79,78.68
116,26,13.25,31.80
116,27,10.04,24.10
116,28,40.10,96.24
116,29,40.76,97.83
116,30,49.11,117.86
116,31,48.72,116.93
116,32,57.39,137.74
116,33,40.54,97.29
116,34,35.83,85.99
116,35,8.99,21.58
116,36,56.12,134.70
116,37,58.20,139.69
116,38,57.79,138.71
116,39,3.65,8.75
116,40,51.92,124.61
116,41,29.48,70.75
116,42,46.27,111.04
116,43,21.08,50.59
116,44,16.17,38.80
116,45,29.52,70.84
116,46,33.57,80.57
116,47,57.16,137.19
116,48,64.24,154.17
116,49,63.11,151.47
116,50,45.83,110.00
116,51,18.44,44.26
116,52,9.62,23.10
116,53,4.20,10.09
116,54,61.43,147.43
116,55,68.00,163.20
116,56,65.61,157.46
116,57,57.20,137.29
116,58,63.24,151.78
116,59,60.46,145.11
116,60,56.18,134.84
116,61,41.25,98.99
116,62,31.42,75.41
116,63,37.80,90.73
116,64,25.40,60.96
116,65,31.61,75.85
116,66,39.91,95.79
116,67,13.72,32.93
116,68,14.61,35.07
116,69,11.03,26.47
116,70,18.20,43.67
116,71,29.22,70.14
116,72,57.04,136.90
116,73,25.71,61.72
116,74,22.23,53.35
116,75,16.00,38.40
116,76,70.15,168.37
116,77,28.46,68.32
116,78,57.45,137.89
116,79,18.78,45.07
116,80,6.64,15.94
116,81,55.06,132.14
116,82,28.88,69.32
116,83,74.62,179.08
116,84,35.24,84.58
116,85,25.06,60.15
116,86,65.16,156.39
116,87,63.09,151.41
116,88,53.86,129.27
116,89,69.31,166.34
116,90,73.86,177.26
116,91,48.73,116.94
116,92,6.47,15.53
116,93,15.23,36.55
116,94,65.89,158.14
116,95,53.49,128.38
116,96,35.24,84.57
116,97,10.82,25.97
116,98,66.57,159.78
116,99,79.55,190.91
116,100,40.19,96.45
116,101,52.74,126.57
116,102,22.22,53.33
116,103,13.96,33.50
116,104,25.70,61.69
116,105,28.27,67.84
116,106,19.91,47.78
116,107,63.36,152.08
116,108,43.59,104.61
116,109,48.05,115.32
116,110,20.66,49.58
116,111,58.91,141.40
116,112,48.33,115.98
116,113,22.36,53.67
116,114,60.44,145.05
116,115,33.06,79.35
116,117,64.77,155.45
116,118,30.90,74.15
116,119,45.89,110.13
116,120,20.30,48.72
116,121,66.93,160.62
116,122,37.00,88.79
116,123,36.00,86.41
116,124,71.95,172.67
116,125,44.82,107.56
116,126,80.31,192.74
116,127,16.63,39.90
116,128,34.16,81.98
116,129,38.99,93.58
116,130,18.88,45.32
116,131,1.19,2.87
116,132,31.04,74.50
116,133,52.57,126.18
116,134,43.92,105.40
116,135,8.25,19.79
116,136,2.54,6.09
116,137,77.03,184.87
116,138,58.79,141.09
116,139,24.92,59.82
116,140,23.90,57.36
116,141,47.58,114.18
116,142,75.77,181.85
116,143,49.87,119.68
116,144,38.37,92.09
116,145,6.90,16.57
116,146,56.56,135.75
116,147,64.26,154.23
116,148,61.84,148.41
116,149,41.35,99.23
116,150,46.74,112.17
116,151,49.32,118.36
116,152,30.87,74.09
116,158,13.46,32.30
116,160,61.97,148.72
116,162,15.28,36.67
116,164,67.69,162.46
116,166,65.50,157.21
116,170,35.05,84.13
117,1,34.85,83.64
117,2,45.91,110.18
117,3,54.80,131.51
117,4,55.46,133.11
117,5,57.70,138.49
117,6,64.90,155.76
117,7,40.43,97.03
117,8,42.39,101.73
117,9,57.26,137.42
117,10,63.01,151.22
117,11,48.33,115.99
117,12,53.22,127.73
117,13,60.75,145.81
117,14,46.44,111.45
117,15,58.33,139.98
117,16,42.07,100.97
117,17,52.57,126.16
117,18,24.25,58.19
117,19,30.04,72.11
117,20,32.48,77.96
117,21,32.72,78.53
117,22,11.87,28.48
117,23,26.99,64.77
117,24,20.50,49.21
117,25,35.41,84.98
117,26,52.42,125.81
117,27,56.09,134.61
117,28,46.32,111.16
117,29,49.83,119.59
117,30,16.62,39.88
117,31,16.14,38.74
117,32,46.96,112.69
117,33,62.34,149.61
117,34,47.76,114.63
117,35,65.14,156.34
117,36,25.49,61.17
117,37,29.70,71.27
117,38,34.98,83.95
117,39,64.66,155.19
117,40,17.66,42.37
117,41,36.05,86.51
117,42,37.30,89.51
117,43,48.71,116.90
117,44,48.91,117.39
117,45,48.57,116.56
117,46,45.04,108.09
117,47,53.12,127.50
117,48,50.25,120.60
117,49,55.37,132.89
117,50,47.64,114.33
117,51,67.74,162.59
117,52,56.78,136.27
117,53,60.71,145.70
117,54,24.41,58.59
117,55,23.23,55.76
117,56,14.65,35.16
117,57,9.50,22.79
117,58,34.29,82.29
117,59,59.21,142.11
117,60,61.89,148.53
117,61,68.75,165.00
117,62,33.86,81.26
117,63,27.28,65.48
117,64,49.76,119.42
117,65,40.25,96.60
117,66,25.09,60.21
117,67,64.74,155.37
117,68,52.80,126.71
117,69,59.43,142.63
117,70,53.96,129.51
117,71,68.85,165.24
117,72,66.53,159.68
117,73,41.61,99.87
117,74,43.78,105.08
117,75,64.10,153.85
117,76,52.76,126.62
117,77,38.29,91.90
117,78,74.13,177.92
117,79,59.25,142.20
117,80,71.38,171.31
117,81,77.09,185.02
117,82,44.14,105.95
117,83,64.81,155.54
117,84,70.23,168.54
117,85,64.29,154.30
117,86,46.91,112.58
117,87,30.09,72.22
117,88,10.92,26.20
117,89,58.53,140.46
117,90,59.01,141.62
117,91,71.12,170.69
117,92,62.94,151.06
117,93,57.38,137.71
117,94,9.35,22.43
117,95,13.75,33.00
117,96,60.48,145.15
117,97,69.52,166.84
117,98,28.76,69.03
117,99,66.68,160.03
117,100,36.26,87.03
117,101,47.80,114.71
117,102,65.39,156.94
117,103,66.72,160.12
117,104,69.50,166.80
117,105,36.62,87.88
117,106,72.76,174.62
117,107,5.26,12.63
117,108,24.42,58.62
117,109,17.60,42.23
117,110,69.06,165.75
117,111,5.88,14.11
117,112,21.63,51.91
117,113,72.70,174.47
117,114,7.01,16.83
117,115,50.96,122.30
117,116,64.77,155.45
117,118,37.15,89.15
117,119,26.26,63.02
117,120,44.47,106.72
117,121,40.65,97.56
117,122,28.34,68.02
117,123,83.14,199.53
117,124,64.81,155.53
117,125,28.42,68.21
117,126,67.70,162.47
117,127,56.06,134.54
117,128,80.18,192.43
117,129,55.36,132.86
117,130,61.33,147.19
117,131,65.53,157.27
117,132,63.97,153.52
117,133,35.82,85.96
117,134,62.59,150.22
117,135,73.02,175.24
117,136,63.34,152.01
117,137,64.25,154.19
117,138,9.58,22.99
117,139,79.50,190.80
117,140,41.29,99.09
117,141,68.49,164.38
117,142,66.51,159.63
117,143,53.27,127.85
117,144,55.11,132.27
117,145,64.13,153.92
117,146,12.09,29.02
117,147,3.04,7.30
117,148,23.49,56.38
117,149,84.58,202.99
117,150,80.69,193.65
117,151,64.38,154.52
117,152,47.23,113.36
117,158,62.25,149.40
117,160,8.30,19.92
117,162,69.51,166.82
117,164,37.28,89.47
117,166,54.84,131.63
117,170,30.09,72.22
118,1,4.33,10.40
118,2,9.22,22.13
118,3,46.04,110.50
118,4,41.67,100.02
118,5,39.76,95.43
118,6,48.29,115.89
118,7,10.40,24.96
118,8,23.47,56.32
118,9,33.63,80.71
118,10,37.06,88.94
118,11,18.62,44.68
118,12,26.41,63.37
118,13,30.96,74.30
118,14,23.64,56.75
118,15,55.73,133.75
118,16,38.42,92.21
118,17,49.44,118.67
118,18,27.26,65.42
118,19,34.67,83.22
118,20,25.37,60.89
118,21,30.11,72.26
118,22,37.62,90.28
118,23,20.53,49.27
118,24,19.15,45.97
118,25,21.12,50.70
118,26,22.15,53.16
118,27,25.22,60.52
118,28,38.86,93.26
118,29,41.85,100.43
118,30,24.94,59.85
118,31,22.91,54.99
118,32,52.08,124.98
118,33,50.01,120.04
118,34,36.61,87.87
118,35,34.75,83.39
118,36,39.37,94.49
118,37,43.42,104.20
118,38,45.87,110.08
118,39,32.11,77.07
118,40,30.30,72.72
118,41,5.44,13.06
118,42,37.63,90.32
118,43,11.68,28.04
118,44,15.22,36.53
118,45,32.28,77.46
118,46,32.51,78.01
118,47,55.33,132.80
118,48,58.59,140.62
118,49,60.52,145.25
118,50,44.10,105.85
118,51,41.25,99.00
118,52,21.56,51.75
118,53,26.71,64.11
118,54,43.53,104.48
118,55,48.38,116.11
118,56,42.90,102.95
118,57,32.00,76.80
118,58,49.77,119.45
118,59,60.85,146.03
118,60,59.58,142.98
118,61,54.46,130.70
118,62,14.60,35.03
118,63,11.20,26.88
118,64,30.07,72.16
118,65,25.84,62.01
118,66,16.88,40.52
118,67,36.60,87.84
118,68,16.83,40.38
118,69,23.07,55.37
118,70,16.89,40.53
118,71,47.69,114.46
118,72,62.69,150.47
118,73,5.19,12.46
118,74,18.11,43.45
118,75,27.01,64.82
118,76,63.83,153.20
118,77,18.45,44.28
118,78,67.12,161.09
118,79,22.11,53.06
118,80,36.99,88.79
118,81,67.33,161.59
118,82,27.29,65.50
118,83,72.73,174.55
118,84,51.93,124.62
118,85,42.20,101.28
118,86,57.51,138.03
118,87,47.61,114.25
118,88,27.03,64.87
118,89,66.19,158.87
118,90,69.35,166.45
118,91,60.26,144.63
118,92,27.31,65.54
118,93,20.45,49.08
118,94,41.15,98.77
118,95,29.64,71.13
118,96,45.50,109.21
118,97,38.91,93.38
118,98,49.71,119.31
118,99,76.72,184.12
118,100,31.15,74.76
118,101,49.23,118.15
118,102,28.40,68.16
118,103,29.79,71.49
118,104,46.23,110.95
118,105,12.31,29.54
118,106,45.43,109.04
118,107,37.38,89.71
118,108,13.35,32.05
118,109,19.55,46.93
118,110,31.93,76.64
118,111,31.40,75.35
118,112,17.78,42.67
118,113,35.57,85.37
118,114,31.51,75.62
118,115,37.04,88.90
118,116,30.90,74.15
118,117,37.15,89.15
118,119,14.99,35.98
118,120,13.61,32.67
118,121,55.62,133.48
118,122,16.51,39.63
118,123,60.01,144.01
118,124,71.06,170.54
118,125,29.70,71.28
118,126,77.68,186.44
118,127,19.03,45.68
118,128,57.35,137.63
118,129,44.41,106.60
118,130,36.43,87.42
118,131,31.92,76.61
118,132,45.39,108.93
118,133,42.08,101.00
118,134,52.27,125.45
118,135,38.74,92.98
118,136,30.31,72.74
118,137,73.95,177.49
118,138,29.43,70.64
118,139,52.05,124.92
118,140,14.96,35.90
118,141,58.05,139.32
118,142,74.30,178.31
118,143,50.46,121.09
118,144,43.83,105.19
118,145,32.95,79.08
118,146,26.93,64.64
118,147,35.86,86.07
118,148,43.45,104.28
118,149,63.72,152.92
118,150,64.56,154.93
118,151,56.70,136.07
118,152,32.17,77.22
118,158,25.36,60.86
118,160,37.06,88.95
118,162,40.98,98.35
118,164,54.54,130.89
118,166,61.82,148.38
118,170,8.99,21.59
119,1,11.03,26.48
119,2,21.64,51.93
119,3,54.39,130.53
119,4,51.58,123.79
119,5,51.01,122.43
119,6,59.49,142.78
119,7,23.58,56.59
119,8,33.63,80.71
119,9,46.45,111.47
119,10,50.69,121.66
119,11,32.54,78.10
119,12,39.86,95.67
119,13,45.39,108.93
119,14,35.45,85.09
119,15,62.37,149.69
119,16,44.14,105.93
119,17,55.92,134.20
119,18,27.62,66.28
119,19,36.32,87.18
119,20,30.32,72.77
119,21,34.06,81.74
119,22,31.00,74.40
119,23,23.23,55.76
119,24,16.44,39.46
119,25,28.59,68.62
119,26,36.42,87.42
119,27,39.74,95.37
119,28,46.15,110.75
119,29,49.60,119.05
119,30,20.73,49.74
119,31,17.48,41.95
119,32,55.57,133.36
119,33,59.85,143.65
119,34,45.13,108.32
119,35,49.37,118.48
119,36,37.95,91.07
119,37,42.66,102.38
119,38,46.54,111.69
119,39,47.02,112.86
119,40,26.98,64.75
119,41,17.53,42.07
119,42,41.61,99.85
119,43,26.04,62.49
119,44,30.06,72.14
119,45,42.39,101.74
119,46,41.15,98.77
119,47,60.15,144.37
119,48,61.24,146.99
119,49,64.51,154.82
119,50,50.33,120.80
119,51,55.14,132.33
119,52,36.53,87.68
119,53,41.70,100.08
119,54,40.60,97.44
119,55,43.54,104.49
119,56,36.22,86.94
119,57,24.64,59.14
119,58,48.97,117.53
119,59,66.17,158.82
119,60,66.30,159.12
119,61,65.14,156.34
119,62,22.74,54.57
119,63,13.24,31.77
119,64,41.29,99.09
119,65,34.37,82.48
119,66,18.14,43.54
119,67,50.78,121.86
119,68,31.73,76.14
119,69,37.73,90.54
119,70,30.91,74.19
119,71,60.29,144.70
119,72,70.10,168.24
119,73,20.18,48.43
119,74,30.46,73.10
119,75,40.68,97.64
119,76,65.69,157.65
119,77,28.12,67.49
119,78,75.79,181.90
119,79,35.36,84.86
119,80,51.97,124.73
119,81,76.93,184.64
119,82,37.09,89.02
119,83,76.16,182.79
119,84,63.80,153.11
119,85,54.90,131.76
119,86,59.22,142.12
119,87,45.79,109.89
119,88,18.83,45.19
119,89,69.48,166.75
119,90,71.73,172.15
119,91,70.01,168.03
119,92,42.17,101.21
119,93,34.66,83.19
119,94,32.85,78.84
119,95,24.29,58.30
119,96,56.04,134.49
119,97,53.62,128.68
119,98,46.70,112.09
119,99,79.46,190.71
119,100,36.44,87.46
119,101,53.94,129.46
119,102,40.71,97.71
119,103,43.80,105.13
119,104,59.39,142.54
119,105,22.78,54.66
119,106,59.60,143.03
119,107,28.29,67.89
119,108,5.30,12.73
119,109,11.35,27.25
119,110,44.80,107.51
119,111,21.37,51.30
119,112,4.66,11.20
119,113,48.34,116.02
119,114,19.53,46.88
119,115,46.66,111.99
119,116,45.89,110.13
119,117,26.26,63.02
119,118,14.99,35.98
119,120,27.55,66.13
119,121,55.47,133.14
119,122,20.48,49.15
119,123,73.42,176.20
119,124,75.07,180.17
119,125,31.72,76.13
119,126,80.48,193.16
119,127,33.12,79.49
119,128,70.64,169.53
119,129,53.46,128.31
119,130,49.75,119.39
119,131,46.91,112.57
119,132,57.11,137.07
119,133,44.19,106.07
119,134,61.52,147.65
119,135,53.72,128.92
119,136,45.25,108.60
119,137,76.74,184.18
119,138,17.05,40.91
119,139,66.34,159.21
119,140,27.14,65.14
119,141,67.58,162.19
119,142,77.83,186.80
119,143,56.88,136.50
119,144,52.96,127.11
119,145,47.68,114.43
119,146,14.38,34.51
119,147,24.16,57.97
119,148,40.17,96.40
119,149,76.60,183.84
119,150,76.11,182.66
119,151,65.22,156.53
119,152,41.80,100.32
119,158,39.51,94.83
119,160,29.13,69.92
119,162,55.33,132.79
119,164,53.40,128.15
119,166,65.17,156.42
119,170,14.39,34.53
120,1,17.89,42.93
120,2,15.94,38.25
120,3,35.31,84.74
120,4,29.87,71.69
120,5,27.03,64.86
120,6,35.40,84.97
120,7,4.21,10.10
120,8,13.20,31.68
120,9,20.15,48.35
120,10,23.46,56.31
120,11,5.04,12.09
120,12,12.80,30.72
120,13,17.87,42.88
120,14,11.34,27.22
120,15,46.00,110.39
120,16,30.67,73.60
120,17,40.15,96.35
120,18,26.75,64.20
120,19,31.38,75.32
120,20,20.80,49.92
120,21,25.40,60.95
120,22,41.28,99.07
120,23,20.11,48.26
120,24,24.04,57.69
120,25,15.10,36.24
120,26,8.89,21.33
120,27,12.34,29.63
120,28,29.55,70.91
120,29,31.87,76.49
120,30,28.97,69.53
120,31,28.44,68.25
120,32,45.26,108.63
120,33,37.98,91.16
120,34,26.33,63.18
120,35,21.97,52.73
120,36,38.25,91.80
120,37,41.22,98.92
120,38,42.11,101.07
120,39,20.42,49.01
120,40,32.34,77.61
120,41,10.06,24.14
120,42,31.66,75.99
120,43,12.09,29.02
120,44,5.16,12.39
120,45,20.84,50.02
120,46,22.50,54.01
120,47,47.16,113.19
120,48,52.16,125.19
120,49,52.84,126.82
120,50,35.36,84.86
120,51,27.73,66.55
120,52,13.09,31.42
120,53,16.26,39.03
120,54,43.29,103.91
120,55,49.40,118.57
120,56,46.04,110.49
120,57,37.04,88.89
120,58,47.02,112.85
120,59,52.01,124.83
120,60,49.64,119.13
120,61,41.79,100.29
120,62,11.59,27.82
120,63,17.66,42.38
120,64,17.77,42.66
120,65,17.05,40.91
120,66,19.70,47.29
120,67,23.24,55.77
120,68,10.85,26.03
120,69,16.97,40.72
120,70,15.41,36.99
120,71,34.19,82.05
120,72,52.13,125.11
120,73,9.71,23.29
120,74,6.10,14.64
120,75,23.69,56.86
120,76,57.86,138.86
120,77,10.63,25.50
120,78,55.54,133.30
120,79,20.98,50.35
120,80,26.92,64.60
120,81,55.14,132.33
120,82,16.75,40.19
120,83,65.08,156.19
120,84,38.67,92.80
120,85,28.70,68.88
120,86,51.98,124.74
120,87,45.97,110.32
120,88,33.56,80.55
120,89,58.89,141.33
120,90,62.71,150.51
120,91,48.08,115.40
120,92,19.18,46.03
120,93,16.99,40.78
120,94,45.88,110.12
120,95,33.48,80.35
120,96,33.10,79.44
120,97,26.31,63.14
120,98,48.98,117.55
120,99,69.53,166.86
120,100,24.85,59.65
120,101,41.50,99.60
120,102,27.87,66.90
120,103,25.03,60.06
120,104,32.62,78.30
120,105,8.12,19.50
120,106,32.07,76.96
120,107,43.16,103.57
120,108,24.26,58.23
120,109,27.92,67.01
120,110,29.76,71.42
120,111,38.61,92.68
120,112,29.11,69.87
120,113,33.13,79.51
120,114,40.26,96.61
120,115,25.71,61.71
120,116,20.30,48.72
120,117,44.47,106.72
120,118,13.61,32.67
120,119,27.55,66.13
120,121,51.86,124.47
120,122,16.99,40.77
120,123,46.40,111.36
120,124,62.98,151.15
120,125,27.00,64.81
120,126,70.43,169.03
120,127,16.50,39.60
120,128,43.73,104.96
120,129,33.18,79.64
120,130,22.82,54.76
120,131,21.07,50.57
120,132,32.26,77.42
120,133,37.37,89.69
120,134,40.60,97.45
120,135,28.55,68.52
120,136,18.95,45.47
120,137,66.81,160.34
120,138,38.71,92.91
120,139,38.79,93.09
120,140,4.86,11.67
120,141,46.05,110.53
120,142,66.51,159.63
120,143,41.15,98.75
120,144,32.55,78.12
120,145,20.47,49.13
120,146,36.60,87.85
120,147,43.99,105.59
120,148,43.53,104.48
120,149,50.12,120.30
120,150,51.35,123.24
120,151,45.45,109.07
120,152,21.22,50.93
120,158,20.89,50.14
120,160,41.89,100.54
120,162,27.78,66.66
120,164,51.75,124.20
120,166,54.64,131.12
120,170,14.99,35.98
121,1,56.68,136.04
121,2,64.00,153.59
121,3,31.66,75.99
121,4,37.44,89.85
121,5,42.95,103.07
121,6,45.28,108.67
121,7,50.21,120.51
121,8,40.07,96.17
121,9,49.07,117.77
121,10,54.85,131.64
121,11,52.00,124.80
121,12,50.81,121.95
121,13,58.30,139.92
121,14,44.36,106.45
121,15,26.82,64.37
121,16,23.90,57.36
121,17,24.61,59.06
121,18,28.67,68.81
121,19,21.02,50.45
121,20,31.27,75.05
121,21,26.51,63.64
121,22,28.95,69.48
121,23,35.10,84.25
121,24,39.25,94.20
121,25,36.82,88.37
121,26,54.39,130.53
121,27,57.00,136.81
121,28,28.12,67.49
121,29,29.25,70.19
121,30,34.84,83.61
121,31,38.16,91.59
121,32,13.46,32.31
121,33,39.17,94.00
121,34,32.37,77.70
121,35,61.86,148.47
121,36,17.56,42.15
121,37,12.82,30.76
121,38,9.84,23.61
121,39,64.68,155.24
121,40,28.67,68.82
121,41,50.84,122.02
121,42,20.71,49.70
121,43,62.84,150.81
121,44,56.82,136.37
121,45,38.05,91.33
121,46,33.60,80.63
121,47,19.13,45.91
121,48,11.67,28.00
121,49,17.81,42.74
121,50,23.78,57.08
121,51,58.46,140.29
121,52,63.84,153.21
121,53,64.32,154.37
121,54,16.36,39.27
121,55,18.75,45.00
121,56,26.49,63.57
121,57,33.98,81.54
121,58,6.64,15.94
121,59,23.44,56.25
121,60,28.78,69.08
121,61,45.19,108.45
121,62,42.06,100.94
121,63,45.53,109.27
121,64,41.94,100.65
121,65,35.73,85.75
121,66,39.31,94.35
121,67,58.61,140.67
121,68,62.67,150.41
121,69,68.32,163.96
121,70,67.08,161.00
121,71,52.80,126.73
121,72,33.42,80.21
121,73,56.79,136.30
121,74,46.71,112.09
121,75,75.42,181.00
121,76,12.27,29.44
121,77,41.24,98.96
121,78,41.97,100.72
121,79,72.78,174.68
121,80,72.76,174.62
121,81,46.74,112.17
121,82,38.06,91.34
121,83,24.51,58.82
121,84,50.48,121.15
121,85,51.06,122.55
121,86,7.60,18.23
121,87,10.61,25.46
121,88,38.79,93.11
121,89,18.77,45.05
121,90,18.42,44.22
121,91,43.29,103.91
121,92,69.07,165.76
121,93,68.84,165.23
121,94,31.88,76.52
121,95,32.14,77.15
121,96,41.04,98.50
121,97,65.14,156.33
121,98,12.41,29.77
121,99,26.03,62.47
121,100,27.22,65.33
121,101,18.01,43.22
121,102,79.71,191.31
121,103,76.29,183.09
121,104,55.68,133.64
121,105,45.51,109.23
121,106,62.92,151.02
121,107,35.39,84.95
121,108,50.55,121.32
121,109,44.43,106.64
121,110,81.54,195.70
121,111,40.06,96.14
121,112,51.83,124.38
121,113,84.80,203.53
121,114,44.98,107.94
121,115,36.06,86.56
121,116,66.93,160.62
121,117,40.65,97.56
121,118,55.62,133.48
121,119,55.47,133.14
121,120,51.86,124.47
121,122,39.11,93.86
121,123,65.36,156.85
121,124,25.07,60.16
121,125,25.95,62.28
121,126,27.05,64.91
121,127,68.34,164.02
121,128,62.74,150.57
121,129,34.28,82.28
121,130,52.64,126.34
121,131,67.00,160.80
121,132,46.90,112.57
121,133,14.56,34.94
121,134,37.20,89.27
121,135,73.81,177.13
121,136,64.53,154.87
121,137,23.64,56.73
121,138,46.55,111.72
121,139,68.03,163.26
121,140,47.00,112.81
121,141,41.05,98.52
121,142,26.17,62.81
121,143,24.55,58.91
121,144,34.56,82.94
121,145,62.31,149.53
121,146,47.56,114.15
121,147,43.41,104.17
121,148,17.21,41.32
121,149,63.85,153.24
121,150,55.72,133.73
121,151,35.59,85.41
121,152,36.51,87.63
121,158,72.48,173.94
121,160,32.46,77.90
121,162,62.25,149.40
121,164,3.97,9.52
121,166,16.06,38.55
121,170,46.90,112.57
122,1,17.87,42.90
122,2,25.14,60.33
122,3,33.97,81.53
122,4,31.68,76.04
122,5,32.05,76.91
122,6,40.23,96.56
122,7,13.51,32.43
122,8,14.99,35.97
122,9,29.62,71.09
122,10,35.05,84.12
122,11,20.21,48.50
122,12,24.93,59.84
122,13,32.42,77.80
122,14,18.43,44.22
122,15,41.99,100.77
122,16,23.83,57.19
122,17,35.53,85.28
122,18,10.94,26.25
122,19,18.21,43.70
122,20,9.98,23.95
122,21,14.24,34.17
122,22,24.29,58.30
122,23,4.03,9.66
122,24,8.12,19.50
122,25,8.60,20.65
122,26,24.22,58.14
122,27,27.88,66.90
122,28,25.67,61.60
122,29,29.14,69.93
122,30,12.13,29.12
122,31,12.26,29.44
122,32,36.34,87.21
122,33,39.80,95.51
122,34,24.84,59.61
122,35,36.81,88.33
122,36,23.09,55.43
122,37,26.96,64.71
122,38,29.38,70.50
122,39,36.55,87.71
122,40,15.48,37.16
122,41,11.99,28.77
122,42,21.93,52.64
122,43,25.04,60.09
122,44,21.96,52.71
122,45,22.94,55.05
122,46,20.98,50.36
122,47,40.30,96.72
122,48,42.59,102.21
122,49,45.07,108.18
122,50,29.96,71.91
122,51,39.78,95.47
122,52,30.01,72.02
122,53,33.11,79.45
122,54,27.61,66.26
122,55,33.13,79.50
122,56,29.11,69.88
122,57,20.23,48.55
122,58,33.28,79.88
122,59,46.16,110.79
122,60,45.92,110.20
122,61,45.43,109.03
122,62,5.60,13.43
122,63,7.48,17.96
122,64,22.85,54.83
122,65,14.44,34.65
122,66,3.46,8.31
122,67,36.49,87.58
122,68,26.95,64.69
122,69,33.52,80.44
122,70,29.95,71.87
122,71,42.42,101.81
122,72,49.64,119.14
122,73,18.25,43.79
122,74,15.45,37.08
122,75,39.56,94.95
122,76,47.63,114.30
122,77,10.14,24.33
122,78,55.35,132.83
122,79,35.74,85.79
122,80,43.64,104.73
122,81,56.66,135.99
122,82,17.76,42.62
122,83,57.10,137.04
122,84,45.01,108.02
122,85,37.38,89.70
122,86,41.23,98.96
122,87,31.28,75.07
122,88,17.53,42.06
122,89,50.47,121.13
122,90,53.32,127.97
122,91,49.83,119.58
122,92,36.14,86.74
122,93,32.60,78.25
122,94,28.93,69.42
122,95,16.51,39.63
122,96,36.40,87.35
122,97,41.18,98.82
122,98,33.66,80.79
122,99,60.84,146.01
122,100,16.14,38.74
122,101,34.08,81.79
122,102,42.61,102.26
122,103,41.44,99.45
122,104,42.38,101.71
122,105,8.87,21.28
122,106,44.73,107.35
122,107,26.43,63.42
122,108,15.27,36.65
122,109,14.25,34.20
122,110,45.33,108.80
122,111,22.67,54.41
122,112,19.15,45.96
122,113,48.89,117.33
122,114,25.33,60.80
122,115,26.75,64.20
122,116,37.00,88.79
122,117,28.34,68.02
122,118,16.51,39.63
122,119,20.48,49.15
122,120,16.99,40.77
122,121,39.11,93.86
122,123,56.38,135.31
122,124,55.69,133.65
122,125,13.22,31.74
122,126,61.83,148.39
122,127,31.66,75.99
122,128,53.46,128.32
122,129,33.20,79.68
122,130,33.54,80.49
122,131,37.65,90.36
122,132,38.37,92.08
122,133,25.78,61.87
122,134,41.24,98.99
122,135,45.21,108.49
122,136,35.35,84.84
122,137,58.08,139.39
122,138,24.41,58.59
122,139,51.53,123.67
122,140,13.13,31.52
122,141,47.34,113.62
122,142,58.72,140.93
122,143,36.51,87.62
122,144,32.73,78.56
122,145,35.84,86.02
122,146,22.93,55.04
122,147,28.38,68.12
122,148,27.66,66.39
122,149,58.69,140.85
122,150,56.83,136.39
122,151,44.78,107.48
122,152,22.06,52.95
122,158,37.09,89.00
122,160,24.97,59.93
122,162,41.27,99.05
122,164,38.06,91.34
122,166,46.10,110.64
122,170,7.97,19.12
123,1,64.29,154.29
123,2,59.86,143.66
123,3,33.77,81.06
123,4,29.30,70.31
123,5,25.62,61.49
123,6,20.25,48.59
123,7,50.02,120.04
123,8,41.40,99.36
123,9,27.07,64.97
123,10,22.95,55.09
123,11,41.39,99.34
123,12,33.67,80.80
123,13,30.07,72.17
123,14,38.34,92.01
123,15,40.58,97.39
123,16,44.65,107.16
123,17,40.84,98.01
123,18,59.11,141.87
123,19,55.98,134.36
123,20,50.67,121.61
123,21,51.23,122.94
123,22,74.82,179.57
123,23,56.52,135.65
123,24,64.38,154.52
123,25,48.16,115.59
123,26,38.08,91.40
123,27,35.64,85.54
123,28,39.63,95.11
123,29,37.12,89.10
123,30,66.69,160.06
123,31,68.09,163.40
123,32,52.11,125.06
123,33,26.25,62.99
123,34,36.61,87.86
123,35,27.68,66.43
123,36,63.87,153.29
123,37,63.15,151.56
123,38,59.77,143.45
123,39,32.63,78.30
123,40,66.08,158.59
123,41,56.05,134.51
123,42,49.81,119.54
123,43,54.13,129.92
123,44,45.77,109.85
123,45,34.59,83.01
123,46,38.43,92.24
123,47,47.90,114.95
123,48,56.95,136.67
123,49,52.60,126.24
123,50,42.05,100.93
123,51,19.05,45.71
123,52,43.74,104.98
123,53,38.40,92.17
123,54,68.79,165.10
123,55,75.69,181.67
123,56,77.46,185.90
123,57,73.81,177.14
123,58,65.17,156.40
123,59,47.29,113.51
123,60,40.94,98.26
123,61,20.86,50.06
123,62,51.84,124.41
123,63,61.39,147.34
123,64,33.62,80.68
123,65,42.93,103.02
123,66,59.83,143.60
123,67,24.11,57.87
123,68,47.97,115.14
123,69,46.72,112.13
123,70,53.01,127.23
123,71,14.31,34.35
123,72,38.62,92.68
123,73,55.66,133.58
123,74,42.98,103.16
123,75,51.89,124.53
123,76,61.96,148.71
123,77,46.45,111.48
123,78,33.76,81.04
123,79,54.68,131.23
123,80,35.26,84.63
123,81,28.81,69.15
123,82,39.09,93.81
123,83,60.17,144.40
123,84,14.88,35.72
123,85,19.01,45.63
123,86,59.91,143.79
123,87,67.30,161.53
123,88,73.12,175.49
123,89,57.59,138.21
123,90,62.63,150.31
123,91,26.10,62.65
123,92,42.47,101.94
123,93,50.74,121.78
123,94,80.17,192.42
123,95,69.50,166.81
123,96,24.76,59.43
123,97,25.22,60.53
123,98,71.42,171.40
123,99,65.16,156.39
123,100,47.77,114.65
123,101,47.36,113.65
123,102,58.04,139.28
123,103,49.37,118.49
123,104,14.08,33.80
123,105,50.83,121.99
123,106,16.12,38.69
123,107,79.70,191.29
123,108,69.33,166.39
123,109,70.55,169.32
123,110,55.79,133.90
123,111,78.07,187.37
123,112,74.05,177.72
123,113,56.55,135.73
123,114,81.45,195.48
123,115,32.88,78.91
123,116,36.00,86.41
123,117,83.14,199.53
123,118,60.01,144.01
123,119,73.42,176.20
123,120,46.40,111.36
123,121,65.36,156.85
123,122,56.38,135.31
123,124,56.95,136.67
123,125,55.53,133.28
123,126,65.54,157.29
123,127,51.91,124.60
123,128,2.96,7.10
123,129,31.45,75.47
123,130,23.68,56.84
123,131,34.89,83.75
123,132,19.69,47.26
123,133,55.03,132.08
123,134,28.67,68.80
123,135,34.48,82.75
123,136,34.54,82.90
123,137,63.44,152.25
123,138,80.74,193.78
123,139,12.26,29.42
123,140,46.29,111.09
123,141,27.07,64.97
123,142,60.58,145.40
123,143,41.05,98.51
123,144,31.31,75.15
123,145,29.96,71.90
123,146,79.31,190.35
123,147,83.90,201.35
123,148,69.63,167.12
123,149,6.06,14.54
123,150,15.92,38.21
123,151,32.12,77.08
123,152,35.98,86.36
123,158,49.46,118.70
123,160,77.21,185.30
123,162,20.87,50.09
123,164,68.02,163.26
123,166,55.53,133.26
123,170,59.40,142.57
124,1,73.33,175.99
124,2,77.89,186.93
124,3,29.99,71.99
124,4,37.22,89.33
124,5,42.97,103.12
124,6,40.32,96.78
124,7,62.93,151.04
124,8,49.78,119.47
124,9,51.75,124.21
124,10,55.89,134.14
124,11,61.11,146.68
124,12,56.73,136.14
124,13,62.25,149.40
124,14,52.55,126.12
124,15,18.73,44.95
124,16,32.72,78.54
124,17,23.21,55.71
124,18,47.56,114.14
124,19,38.83,93.20
124,20,45.90,110.16
124,21,41.45,99.48
124,22,52.94,127.05
124,23,52.20,125.27
124,24,58.74,140.99
124,25,49.99,119.99
124,26,61.93,148.63
124,27,63.30,151.93
124,28,33.49,80.37
124,29,31.70,76.07
124,30,55.75,133.79
124,31,59.02,141.64
124,32,19.50,46.81
124,33,33.34,80.02
124,34,37.16,89.18
124,35,64.51,154.82
124,36,39.76,95.43
124,37,35.21,84.51
124,38,30.09,72.21
124,39,68.83,165.19
124,40,50.26,120.62
124,41,65.70,157.67
124,42,33.75,81.01
124,43,75.03,180.08
124,44,67.04,160.89
124,45,43.40,104.17
124,46,40.61,97.46
124,47,15.85,38.04
124,48,14.59,35.01
124,49,10.61,25.47
124,50,27.62,66.30
124,51,57.82,138.77
124,52,72.21,173.30
124,53,70.67,169.60
124,54,40.48,97.14
124,55,43.79,105.11
124,56,51.21,122.91
124,57,57.06,136.95
124,58,30.75,73.80
124,59,11.49,27.57
124,60,16.63,39.91
124,61,36.59,87.82
124,62,56.47,135.52
124,63,63.06,151.35
124,64,47.43,113.84
124,65,46.12,110.68
124,66,57.19,137.26
124,67,60.11,144.26
124,68,72.76,174.61
124,69,76.92,184.62
124,70,78.10,187.45
124,71,48.51,116.43
124,72,18.34,44.01
124,73,70.56,169.34
124,74,56.94,136.66
124,75,84.32,202.38
124,76,13.10,31.43
124,77,53.38,128.10
124,78,24.90,59.75
124,79,83.21,199.70
124,80,76.36,183.27
124,81,30.55,73.32
124,82,46.37,111.28
124,83,3.24,7.77
124,84,43.75,105.00
124,85,49.48,118.74
124,86,17.98,43.16
124,87,35.01,84.01
124,88,61.01,146.41
124,89,6.33,15.19
124,90,8.41,20.17
124,91,30.92,74.20
124,92,76.03,182.46
124,93,78.74,188.98
124,94,56.50,135.60
124,95,54.32,130.37
124,96,37.91,90.98
124,97,66.42,159.41
124,98,37.43,89.83
124,99,8.25,19.80
124,100,39.93,95.83
124,101,21.84,52.41
124,102,89.71,215.31
124,103,84.14,201.92
124,104,52.39,125.74
124,105,59.13,141.91
124,106,60.93,146.24
124,107,59.56,142.95
124,108,69.81,167.54
124,109,65.05,156.13
124,110,90.35,216.84
124,111,63.29,151.91
124,112,72.22,173.33
124,113,93.06,223.36
124,114,68.26,163.81
124,115,39.14,93.94
124,116,71.95,172.67
124,117,64.81,155.53
124,118,71.06,170.54
124,119,75.07,180.17
124,120,62.98,151.15
124,121,25.07,60.16
124,122,55.69,133.65
124,123,56.95,136.67
124,125,43.35,104.04
124,126,8.75,20.99
124,127,78.74,188.97
124,128,55.07,132.17
124,129,33.01,79.23
124,130,53.91,129.39
124,131,71.60,171.84
124,132,43.58,104.60
124,133,31.05,74.52
124,134,29.99,71.98
124,135,76.89,184.54
124,136,69.41,166.59
124,137,6.62,15.89
124,138,69.46,166.69
124,139,63.91,153.39
124,140,58.62,140.68
124,141,29.91,71.78
124,142,3.87,9.28
124,143,22.28,53.47
124,144,33.62,80.68
124,145,65.78,157.87
124,146,69.99,167.98
124,147,67.36,161.67
124,148,41.45,99.47
124,149,53.32,127.96
124,150,42.99,103.18
124,151,25.28,60.66
124,152,42.47,101.93
124,158,81.19,194.85
124,160,56.51,135.61
124,162,62.19,149.25
124,164,28.97,69.54
124,166,10.11,24.26
124,170,63.54,152.49
125,1,31.03,74.46
125,2,38.06,91.35
125,3,26.55,63.72
125,4,27.13,65.10
125,5,29.91,71.79
125,6,36.62,87.90
125,7,24.72,59.33
125,8,17.80,42.73
125,9,31.43,75.43
125,10,37.57,90.17
125,11,28.33,68.00
125,12,29.81,71.54
125,13,37.88,90.90
125,14,22.53,54.06
125,15,31.84,76.42
125,16,14.09,33.82
125,17,25.55,61.32
125,18,4.68,11.24
125,19,4.98,11.96
125,20,6.56,15.75
125,21,4.35,10.44
125,22,19.30,46.31
125,23,9.29,22.30
125,24,15.49,37.19
125,25,12.17,29.20
125,26,31.59,75.81
125,27,34.85,83.65
125,28,17.96,43.10
125,29,21.52,51.66
125,30,13.75,33.01
125,31,16.61,39.88
125,32,23.85,57.23
125,33,33.93,81.44
125,34,19.41,46.59
125,35,42.09,101.01
125,36,11.36,27.27
125,37,14.29,34.30
125,38,16.17,38.81
125,39,43.41,104.18
125,40,10.80,25.91
125,41,24.90,59.75
125,42,10.22,24.53
125,43,37.20,89.28
125,44,32.15,77.15
125,45,21.19,50.87
125,46,17.10,41.04
125,47,28.61,68.66
125,48,29.71,71.30
125,49,32.79,78.68
125,50,20.14,48.34
125,51,42.12,101.08
125,52,39.79,95.49
125,53,41.49,99.58
125,54,16.62,39.88
125,55,23.24,55.78
125,56,22.38,53.72
125,57,18.93,45.42
125,58,20.38,48.91
125,59,34.73,83.35
125,60,35.69,85.67
125,61,40.33,96.79
125,62,16.30,39.11
125,63,20.11,48.25
125,64,23.43,56.24
125,65,14.11,33.86
125,66,13.99,33.59
125,67,40.27,96.66
125,68,37.80,90.72
125,69,43.93,105.44
125,70,41.72,100.12
125,71,41.24,98.98
125,72,39.96,95.91
125,73,30.91,74.18
125,74,22.83,54.79
125,75,50.66,121.59
125,76,34.54,82.89
125,77,16.69,40.06
125,78,46.83,112.38
125,79,47.50,114.00
125,80,51.25,122.99
125,81,49.23,118.14
125,82,17.87,42.90
125,83,44.50,106.81
125,84,42.04,100.89
125,85,37.19,89.26
125,86,28.11,67.46
125,87,18.97,45.54
125,88,20.19,48.45
125,89,37.82,90.77
125,90,40.36,96.87
125,91,42.97,103.12
125,92,45.56,109.34
125,93,43.85,105.25
125,94,24.65,59.16
125,95,14.75,35.39
125,96,32.14,77.13
125,97,46.13,110.71
125,98,22.02,52.86
125,99,47.99,115.18
125,100,7.89,18.94
125,101,22.46,53.91
125,102,54.45,130.67
125,103,52.00,124.80
125,104,42.46,101.90
125,105,19.88,47.72
125,106,47.15,113.16
125,107,24.40,58.57
125,108,26.46,63.50
125,109,22.13,53.12
125,110,56.68,136.04
125,111,24.27,58.25
125,112,29.04,69.69
125,113,60.10,144.25
125,114,28.67,68.80
125,115,22.81,54.73
125,116,44.82,107.56
125,117,28.42,68.21
125,118,29.70,71.28
125,119,31.72,76.13
125,120,27.00,64.81
125,121,25.95,62.28
125,122,13.22,31.74
125,123,55.53,133.28
125,124,43.35,104.04
125,126,49.00,117.59
125,127,43.16,103.59
125,128,52.58,126.20
125,129,26.95,64.68
125,130,35.58,85.39
125,131,45.19,108.45
125,132,36.00,86.40
125,133,12.70,30.47
125,134,34.35,82.43
125,135,52.60,126.23
125,136,42.71,102.51
125,137,45.24,108.59
125,138,28.95,69.48
125,139,53.55,128.52
125,140,22.21,53.31
125,141,40.35,96.83
125,142,46.16,110.78
125,143,26.41,63.39
125,144,26.70,64.07
125,145,41.80,100.31
125,146,28.64,68.74
125,147,29.82,71.57
125,148,17.02,40.86
125,149,56.49,135.58
125,150,52.27,125.44
125,151,36.63,87.90
125,152,19.68,47.22
125,158,47.89,114.95
125,160,21.75,52.20
125,162,44.79,107.50
125,164,25.17,60.40
125,166,33.49,80.38
125,170,21.14,50.73
126,1,79.66,191.19
126,2,84.93,203.83
126,3,38.44,92.27
126,4,45.70,109.69
126,5,51.51,123.63
126,6,49.06,117.75
126,7,70.08,168.18
126,8,57.28,137.47
126,9,60.18,144.43
126,10,64.47,154.74
126,11,68.87,165.30
126,12,64.87,155.69
126,13,70.65,169.56
126,14,60.34,144.81
126,15,27.33,65.60
126,16,39.83,95.59
126,17,31.34,75.22
126,18,52.87,126.89
126,19,44.21,106.10
126,20,52.33,125.58
126,21,47.67,114.41
126,22,55.96,134.30
126,23,58.14,139.53
126,24,64.04,153.70
126,25,56.84,136.42
126,26,69.92,167.82
126,27,71.47,171.52
126,28,41.21,98.90
126,29,39.75,95.41
126,30,60.47,145.13
126,31,63.80,153.13
126,32,25.61,61.46
126,33,42.07,100.97
126,34,45.09,108.22
126,35,73.03,175.28
126,36,43.67,104.81
126,37,38.90,93.36
126,38,34.24,82.17
126,39,77.25,185.41
126,40,54.63,131.11
126,41,72.41,173.78
126,42,40.06,96.14
126,43,82.40,197.76
126,44,74.68,179.24
126,45,51.42,123.41
126,46,48.33,115.99
126,47,23.45,56.27
126,48,19.29,46.29
126,49,17.61,42.27
126,50,35.28,84.66
126,51,66.50,159.60
126,52,80.18,192.43
126,53,78.88,189.32
126,54,43.35,104.04
126,55,45.40,108.96
126,56,53.47,128.32
126,57,60.73,145.76
126,58,33.48,80.35
126,59,19.99,47.97
126,60,25.37,60.89
126,61,45.30,108.72
126,62,63.16,151.58
126,63,69.04,165.70
126,64,55.50,133.21
126,65,53.42,128.21
126,66,62.99,151.17
126,67,68.69,164.85
126,68,80.47,193.13
126,69,84.89,203.74
126,70,85.70,205.69
126,71,57.26,137.42
126,72,26.93,64.63
126,73,77.57,186.16
126,74,64.47,154.73
126,75,92.29,221.50
126,76,15.10,36.25
126,77,60.50,145.20
126,78,32.89,78.93
126,79,90.94,218.26
126,80,84.87,203.68
126,81,38.52,92.45
126,82,54.02,129.66
126,83,5.73,13.75
126,84,52.48,125.96
126,85,58.16,139.58
126,86,21.43,51.44
126,87,37.62,90.29
126,88,65.19,156.45
126,89,11.56,27.75
126,90,8.84,21.23
126,91,39.45,94.68
126,92,84.20,202.08
126,93,86.53,207.68
126,94,58.89,141.33
126,95,58.47,140.32
126,96,46.58,111.80
126,97,75.04,180.09
126,98,39.23,94.16
126,99,1.03,2.47
126,100,46.60,111.83
126,101,28.93,69.44
126,102,97.55,234.11
126,103,92.24,221.39
126,104,61.13,146.71
126,105,66.04,158.49
126,106,69.66,167.19
126,107,62.44,149.85
126,108,75.30,180.72
126,109,69.99,167.98
126,110,98.36,236.07
126,111,66.90,160.55
126,112,77.31,185.53
126,113,101.16,242.79
126,114,71.85,172.44
126,115,47.34,113.62
126,116,80.31,192.74
126,117,67.70,162.47
126,118,77.68,186.44
126,119,80.48,193.16
126,120,70.43,169.03
126,121,27.05,64.91
126,122,61.83,148.39
126,123,65.54,157.29
126,124,8.75,20.99
126,125,49.00,117.59
126,127,86.45,207.48
126,128,63.72,152.92
126,129,41.50,99.60
126,130,62.47,149.92
126,131,80.00,192.00
126,132,52.30,125.52
126,133,36.34,87.21
126,134,38.73,92.96
126,135,85.44,205.05
126,136,77.77,186.65
126,137,3.75,9.01
126,138,73.30,175.91
126,139,72.65,174.37
126,140,65.92,158.21
126,141,38.56,92.53
126,142,4.96,11.91
126,143,30.46,73.10
126,144,42.09,101.01
126,145,74.24,178.18
126,146,74.11,177.87
126,147,70.44,169.05
126,148,44.23,106.15
126,149,61.75,148.19
126,150,51.28,123.07
126,151,34.01,81.63
126,152,50.38,120.92
126,158,89.17,214.00
126,160,59.48,142.76
126,162,70.86,170.07
126,164,30.56,73.35
126,166,15.89,38.14
126,170,69.78,167.46
127,1,22.21,53.31
127,2,11.77,28.24
127,3,49.91,119.79
127,4,43.56,104.55
127,5,39.32,94.37
127,6,46.74,112.19
127,7,18.49,44.37
127,8,29.26,70.22
127,9,30.55,73.31
127,10,30.68,73.62
127,11,17.63,42.31
127,12,23.38,56.10
127,13,22.39,53.73
127,14,26.19,62.86
127,15,61.08,146.60
127,16,46.91,112.58
127,17,55.62,133.48
127,18,42.30,101.53
127,19,47.71,114.52
127,20,37.17,89.20
127,21,41.84,100.43
127,22,55.33,132.79
127,23,35.36,84.87
127,24,36.95,88.67
127,25,31.53,75.67
127,26,17.55,42.11
127,27,17.83,42.78
127,28,45.28,108.66
127,29,47.16,113.19
127,30,42.56,102.15
127,31,41.11,98.66
127,32,61.56,147.74
127,33,50.94,122.26
127,34,41.63,99.91
127,35,24.24,58.17
127,36,54.20,130.09
127,37,57.45,137.88
127,38,58.57,140.56
127,39,19.51,46.83
127,40,47.04,112.88
127,41,20.49,49.18
127,42,48.15,115.55
127,43,7.36,17.67
127,44,11.80,28.31
127,45,35.55,85.33
127,46,38.15,91.55
127,47,63.04,151.31
127,48,68.49,164.37
127,49,68.84,165.21
127,50,51.19,122.86
127,51,33.28,79.87
127,52,8.32,19.97
127,53,13.54,32.49
127,54,59.05,141.72
127,55,64.78,155.48
127,56,60.42,145.02
127,57,50.21,120.50
127,58,63.38,152.12
127,59,67.53,162.07
127,60,64.51,154.83
127,61,53.35,128.03
127,62,27.04,64.89
127,63,29.15,69.96
127,64,31.77,76.25
127,65,33.36,80.06
127,66,33.50,80.39
127,67,28.13,67.51
127,68,5.98,14.36
127,69,5.71,13.71
127,70,2.21,5.30
127,71,42.94,103.05
127,72,66.43,159.44
127,73,14.47,34.74
127,74,22.10,53.05
127,75,8.08,19.40
127,76,74.24,178.17
127,77,27.11,65.07
127,78,68.62,164.69
127,79,4.51,10.82
127,80,20.92,50.22
127,81,67.24,161.39
127,82,32.43,77.82
127,83,80.99,194.38
127,84,48.53,116.46
127,85,37.90,90.95
127,86,68.43,164.23
127,87,62.12,149.09
127,88,45.66,109.57
127,89,74.96,179.91
127,90,78.94,189.46
127,91,60.41,144.98
127,92,10.71,25.71
127,93,1.63,3.90
127,94,59.36,142.47
127,95,47.29,113.50
127,96,45.67,109.60
127,97,27.18,65.24
127,98,64.93,155.83
127,99,85.57,205.37
127,100,41.35,99.23
127,101,57.60,138.24
127,102,11.37,27.30
127,103,10.77,25.84
127,104,40.07,96.17
127,105,23.38,56.10
127,106,35.85,86.05
127,107,55.92,134.20
127,108,32.34,77.62
127,109,38.48,92.35
127,110,13.67,32.81
127,111,50.25,120.59
127,112,36.56,87.74
127,113,17.24,41.36
127,114,50.54,121.30
127,115,40.20,96.48
127,116,16.63,39.90
127,117,56.06,134.54
127,118,19.03,45.68
127,119,33.12,79.49
127,120,16.50,39.60
127,121,68.34,164.02
127,122,31.66,75.99
127,123,51.91,124.60
127,124,78.74,188.97
127,125,43.16,103.59
127,126,86.45,207.48
127,128,49.80,119.51
127,129,47.39,113.73
127,130,31.23,74.96
127,131,17.82,42.77
127,132,43.06,103.34
127,133,53.87,129.28
127,134,53.99,129.58
127,135,22.62,54.29
127,136,17.52,42.05
127,137,82.88,198.92
127,138,48.46,116.31
127,139,41.39,99.33
127,140,21.34,51.22
127,141,58.76,141.02
127,142,82.37,197.68
127,143,56.59,135.82
127,144,46.74,112.17
127,145,21.96,52.70
127,146,45.95,110.27
127,147,54.87,131.69
127,148,59.19,142.05
127,149,56.89,136.53
127,150,60.86,146.07
127,151,59.20,142.08
127,152,36.33,87.19
127,158,6.40,15.35
127,160,55.26,132.63
127,162,31.06,74.56
127,164,68.14,163.52
127,166,70.77,169.85
127,170,26.43,63.42
128,1,61.61,147.87
128,2,57.43,137.84
128,3,31.10,74.65
128,4,26.44,63.44
128,5,22.67,54.41
128,6,17.52,42.04
128,7,47.29,113.51
128,8,38.48,92.36
128,9,24.24,58.17
128,10,20.34,48.82
128,11,38.74,92.98
128,12,30.96,74.31
128,13,27.73,66.55
128,14,35.47,85.14
128,15,38.31,91.95
128,16,41.79,100.30
128,17,38.29,91.90
128,18,56.16,134.78
128,19,53.07,127.36
128,20,47.71,114.51
128,21,48.28,115.87
128,22,71.87,172.50
128,23,53.58,128.58
128,24,61.45,147.49
128,25,45.23,108.54
128,26,35.53,85.27
128,27,33.21,79.71
128,28,36.77,88.25
128,29,34.33,82.39
128,30,63.74,152.98
128,31,65.14,156.35
128,32,49.56,118.93
128,33,23.73,56.96
128,34,33.69,80.87
128,35,25.61,61.46
128,36,60.98,146.34
128,37,60.31,144.75
128,38,57.00,136.79
128,39,30.69,73.66
128,40,63.12,151.49
128,41,53.31,127.94
128,42,46.93,112.64
128,43,51.75,124.21
128,44,43.27,103.85
128,45,31.63,75.92
128,46,35.48,85.16
128,47,45.51,109.22
128,48,54.54,130.90
128,49,50.35,120.83
128,50,39.32,94.38
128,51,16.66,39.99
128,52,41.56,99.75
128,53,36.34,87.22
128,54,65.92,158.20
128,55,72.83,174.80
128,56,74.53,178.87
128,57,70.85,170.04
128,58,62.42,149.81
128,59,45.16,108.39
128,60,38.87,93.30
128,61,18.67,44.80
128,62,48.96,117.51
128,63,58.54,140.49
128,64,30.68,73.63
128,65,39.97,95.94
128,66,56.91,136.60
128,67,21.80,52.31
128,68,45.68,109.62
128,69,44.71,107.30
128,70,50.82,121.96
128,71,11.36,27.25
128,72,36.79,88.31
128,73,53.07,127.36
128,74,40.19,96.45
128,75,50.12,120.29
128,76,59.65,143.16
128,77,43.56,104.54
128,78,32.45,77.88
128,79,52.70,126.48
128,80,33.89,81.33
128,81,27.76,66.63
128,82,36.14,86.73
128,83,58.28,139.86
128,84,12.28,29.47
128,85,16.09,38.62
128,86,57.42,137.82
128,87,64.50,154.80
128,88,70.18,168.42
128,89,55.47,133.12
128,90,60.52,145.25
128,91,24.43,58.62
128,92,40.61,97.45
128,93,48.67,116.81
128,94,77.23,185.34
128,95,66.55,159.71
128,96,21.98,52.75
128,97,23.48,56.36
128,98,68.61,164.67
128,99,63.31,151.94
128,100,44.83,107.59
128,101,44.76,107.42
128,102,56.31,135.14
128,103,47.73,114.56
128,104,11.25,27.00
128,105,48.01,115.21
128,106,14.27,34.25
128,107,76.75,184.19
128,108,66.50,159.61
128,109,67.65,162.35
128,110,54.24,130.18
128,111,75.12,180.29
128,112,71.21,170.91
128,113,55.17,132.40
128,114,78.51,188.42
128,115,29.95,71.88
128,116,34.16,81.98
128,117,80.18,192.43
128,118,57.35,137.63
128,119,70.64,169.53
128,120,43.73,104.96
128,121,62.74,150.57
128,122,53.46,128.32
128,123,2.96,7.10
128,124,55.07,132.17
128,125,52.58,126.20
128,126,63.72,152.92
128,127,49.80,119.51
128,129,28.70,68.88
128,130,20.95,50.29
128,131,33.08,79.39
128,132,16.79,40.28
128,133,52.22,125.32
128,134,26.31,63.14
128,135,33.23,79.75
128,136,32.56,78.14
128,137,61.51,147.62
128,138,77.82,186.76
128,139,11.60,27.84
128,140,43.50,104.39
128,141,25.16,60.39
128,142,58.76,141.01
128,143,38.54,92.49
128,144,28.54,68.51
128,145,27.89,66.95
128,146,76.40,183.35
128,147,80.94,194.27
128,148,66.75,160.21
128,149,7.20,17.27
128,150,15.38,36.91
128,151,30.03,72.06
128,152,33.03,79.26
128,158,47.60,114.25
128,160,74.26,178.21
128,162,18.90,45.36
128,164,65.35,156.83
128,166,53.27,127.84
128,170,56.58,135.79
129,1,47.82,114.77
129,2,49.07,117.78
129,3,3.10,7.44
129,4,4.21,10.10
129,5,10.06,24.13
129,6,11.20,26.88
129,7,34.53,82.88
129,8,20.95,50.28
129,9,18.76,45.02
129,10,23.05,55.33
129,11,30.06,72.15
129,12,24.34,58.41
129,13,29.27,70.24
129,14,21.87,52.48
129,15,14.34,34.42
129,16,13.83,33.20
129,17,10.86,26.06
129,18,31.34,75.21
129,19,25.95,62.27
129,20,24.27,58.26
129,21,22.71,54.51
129,22,45.48,109.15
129,23,31.48,75.55
129,24,39.84,95.61
129,25,24.87,59.69
129,26,29.95,71.87
129,27,30.77,73.84
129,28,9.09,21.82
129,29,5.87,14.10
129,30,40.14,96.34
129,31,42.45,101.88
129,32,21.56,51.74
129,33,6.98,16.76
129,34,8.37,20.08
129,35,31.53,75.68
129,36,33.21,79.71
129,37,31.94,76.64
129,38,28.34,68.01
129,39,35.83,85.98
129,40,37.71,90.49
129,41,39.08,93.80
129,42,19.06,45.74
129,43,45.04,108.09
129,44,36.22,86.92
129,45,12.36,29.66
129,46,12.31,29.55
129,47,19.10,45.84
129,48,27.50,65.99
129,49,24.88,59.71
129,50,10.63,25.52
129,51,25.57,61.36
129,52,40.12,96.30
129,53,37.96,91.10
129,54,37.82,90.76
129,55,44.58,107.00
129,56,47.29,113.49
129,57,45.87,110.09
129,58,33.72,80.94
129,59,21.54,51.69
129,60,17.33,41.60
129,61,13.44,32.25
129,62,31.02,74.44
129,63,40.23,96.54
129,64,15.68,37.64
129,65,19.15,45.95
129,66,36.15,86.76
129,67,27.25,65.39
129,68,41.50,99.60
129,69,44.78,107.48
129,70,47.13,113.12
129,71,18.53,44.48
129,72,19.08,45.79
129,73,42.26,101.43
129,74,27.20,65.27
129,75,52.11,125.07
129,76,33.19,79.65
129,77,26.12,62.69
129,78,22.71,54.51
129,79,51.70,124.08
129,80,43.37,104.09
129,81,23.48,56.34
129,82,17.13,41.10
129,83,35.78,85.86
129,84,16.66,39.99
129,85,17.46,41.91
129,86,29.70,71.29
129,87,35.92,86.21
129,88,46.76,112.23
129,89,30.92,74.22
129,90,35.76,85.82
129,91,16.64,39.93
129,92,43.37,104.08
129,93,47.13,113.10
129,94,50.72,121.73
129,95,41.69,100.07
129,96,6.77,16.25
129,97,33.69,80.85
129,98,40.04,96.09
129,99,40.79,97.89
129,100,19.23,46.14
129,101,16.58,39.78
129,102,57.82,138.77
129,103,51.58,123.79
129,104,21.61,51.86
129,105,32.23,77.36
129,106,29.45,70.67
129,107,51.16,122.79
129,108,48.38,116.12
129,109,46.75,112.19
129,110,57.99,139.18
129,111,51.14,122.73
129,112,52.34,125.62
129,113,60.50,145.20
129,114,55.34,132.81
129,115,7.48,17.95
129,116,38.99,93.58
129,117,55.36,132.86
129,118,44.41,106.60
129,119,53.46,128.31
129,120,33.18,79.64
129,121,34.28,82.28
129,122,33.20,79.68
129,123,31.45,75.47
129,124,33.01,79.23
129,125,26.95,64.68
129,126,41.50,99.60
129,127,47.39,113.73
129,128,28.70,68.88
129,130,21.00,50.40
129,131,38.61,92.67
129,132,12.65,30.37
129,133,23.72,56.93
129,134,8.06,19.34
129,135,43.94,105.47
129,136,36.46,87.51
129,137,38.38,92.10
129,138,55.32,132.76
129,139,33.95,81.49
129,140,29.81,71.55
129,141,14.14,33.94
129,142,36.85,88.45
129,143,11.50,27.60
129,144,0.65,1.56
129,145,32.77,78.64
129,146,54.58,130.99
129,147,56.75,136.21
129,148,38.72,92.92
129,149,30.91,74.18
129,150,25.39,60.93
129,151,12.32,29.57
129,152,12.25,29.40
129,158,48.98,117.55
129,160,48.34,116.02
129,162,29.80,71.52
129,164,36.71,88.10
129,166,27.56,66.15
129,170,39.41,94.58
130,1,40.68,97.62
130,2,37.17,89.20
130,3,24.09,57.81
130,4,16.83,40.39
130,5,10.96,26.30
130,6,16.10,38.63
130,7,26.34,63.22
130,8,18.94,45.46
130,9,4.16,9.97
130,10,2.21,5.30
130,11,17.87,42.89
130,12,10.02,24.05
130,13,9.41,22.58
130,14,15.12,36.29
130,15,35.18,84.44
130,16,28.88,69.32
130,17,31.64,75.94
130,18,38.26,91.81
130,19,37.51,90.02
130,20,29.67,71.20
130,21,31.66,75.98
130,22,54.46,130.70
130,23,34.34,82.42
130,24,41.65,99.97
130,25,25.92,62.22
130,26,15.00,36.00
130,27,13.47,32.33
130,28,24.54,58.90
130,29,24.07,57.78
130,30,44.71,107.31
130,31,45.64,109.53
130,32,41.35,99.23
130,33,21.70,52.08
130,34,20.27,48.65
130,35,10.64,25.53
130,36,45.76,109.83
130,37,46.47,111.52
130,38,44.62,107.09
130,39,15.40,36.97
130,40,45.25,108.59
130,41,32.36,77.67
130,42,33.12,79.49
130,43,31.74,76.18
130,44,22.84,54.81
130,45,15.10,36.23
130,46,19.74,47.38
130,47,39.94,95.85
130,48,47.85,114.84
130,49,45.80,109.93
130,50,29.57,70.96
130,51,6.54,15.71
130,52,22.99,55.17
130,53,19.02,45.66
130,54,51.08,122.60
130,55,58.06,139.35
130,56,57.94,139.07
130,57,52.36,125.65
130,58,50.29,120.70
130,59,42.48,101.96
130,60,37.74,90.56
130,61,22.57,54.16
130,62,28.60,68.64
130,63,37.94,91.05
130,64,12.15,29.16
130,65,21.63,51.91
130,66,36.99,88.78
130,67,6.26,15.03
130,68,26.21,62.90
130,69,27.08,65.00
130,70,31.77,76.26
130,71,11.85,28.45
130,72,38.28,91.87
130,73,32.28,77.47
130,74,19.36,46.46
130,75,33.83,81.19
130,76,53.70,128.87
130,77,23.41,56.18
130,78,38.62,92.68
130,79,34.91,83.78
130,80,22.50,54.00
130,81,36.49,87.57
130,82,17.74,42.58
130,83,56.74,136.17
130,84,17.29,41.51
130,85,6.66,15.99
130,86,49.46,118.71
130,87,51.20,122.88
130,88,50.83,122.00
130,89,51.90,124.55
130,90,56.68,136.03
130,91,29.96,71.90
130,92,24.31,58.34
130,93,30.44,73.07
130,94,59.74,143.37
130,95,48.12,115.50
130,96,16.46,39.49
130,97,12.79,30.70
130,98,55.12,132.30
130,99,61.77,148.25
130,100,28.70,68.88
130,101,36.41,87.39
130,102,39.97,95.92
130,103,32.49,77.98
130,104,9.81,23.54
130,105,27.27,65.45
130,106,11.60,27.83
130,107,58.49,140.39
130,108,45.74,109.79
130,109,47.44,113.85
130,110,39.17,94.01
130,111,55.92,134.21
130,112,50.51,121.22
130,113,41.17,98.80
130,114,58.86,141.27
130,115,16.64,39.94
130,116,18.88,45.32
130,117,61.33,147.19
130,118,36.43,87.42
130,119,49.75,119.39
130,120,22.82,54.76
130,121,52.64,126.34
130,122,33.54,80.49
130,123,23.68,56.84
130,124,53.91,129.39
130,125,35.58,85.39
130,126,62.47,149.92
130,127,31.23,74.96
130,128,20.95,50.29
130,129,21.00,50.40
130,131,18.28,43.86
130,132,12.25,29.39
130,133,39.34,94.41
130,134,25.11,60.27
130,135,22.98,55.15
130,136,16.47,39.52
130,137,59.37,142.50
130,138,57.92,139.00
130,139,18.20,43.68
130,140,22.64,54.34
130,141,28.72,68.92
130,142,57.77,138.65
130,143,32.38,77.72
130,144,20.43,49.03
130,145,12.16,29.19
130,146,56.29,135.10
130,147,61.72,148.13
130,148,51.74,124.17
130,149,27.33,65.58
130,150,29.72,71.32
130,151,30.51,73.22
130,152,16.73,40.16
130,158,30.84,74.02
130,160,56.33,135.20
130,162,9.66,23.18
130,164,54.21,130.11
130,166,48.41,116.18
130,170,35.84,86.01
131,1,36.06,86.55
131,2,28.03,67.28
131,3,41.61,99.86
131,4,34.41,82.58
131,5,28.85,69.24
131,6,34.22,82.14
131,7,25.19,60.46
131,8,27.63,66.30
131,9,19.85,47.65
131,10,16.75,40.20
131,11,17.48,41.96
131,12,16.19,38.85
131,13,9.35,22.44
131,14,22.98,55.15
131,15,52.95,127.09
131,16,43.33,103.98
131,17,48.74,116.97
131,18,46.19,110.86
131,19,48.63,116.72
131,20,38.63,92.71
131,21,42.31,101.54
131,22,61.68,148.03
131,23,40.21,96.51
131,24,45.06,108.14
131,25,33.21,79.71
131,26,13.70,32.89
131,27,10.34,24.81
131,28,39.99,95.96
131,29,40.55,97.31
131,30,49.77,119.45
131,31,49.45,118.69
131,32,57.28,137.48
131,33,39.97,95.92
131,34,35.69,85.66
131,35,8.12,19.49
131,36,56.47,135.52
131,37,58.46,140.29
131,38,57.94,139.06
131,39,2.88,6.90
131,40,52.47,125.94
131,41,30.38,72.92
131,42,46.38,111.31
131,43,22.22,53.34
131,44,17.08,41.00
131,45,29.42,70.60
131,46,33.55,80.53
131,47,56.92,136.61
131,48,64.11,153.85
131,49,62.87,150.89
131,50,45.68,109.62
131,51,17.51,42.02
131,52,10.76,25.82
131,53,5.21,12.51
131,54,61.79,148.29
131,55,68.40,164.16
131,56,66.14,158.74
131,57,57.87,138.89
131,58,63.42,152.20
131,59,60.12,144.28
131,60,55.74,133.79
131,61,40.52,97.24
131,62,32.06,76.95
131,63,38.64,92.74
131,64,25.32,60.77
131,65,31.83,76.39
131,66,40.61,97.47
131,67,12.91,30.98
131,68,15.74,37.77
131,69,12.22,29.32
131,70,19.39,46.53
131,71,28.37,68.09
131,72,56.51,135.63
131,73,26.75,64.20
131,74,22.73,54.54
131,75,17.05,40.91
131,76,70.02,168.05
131,77,28.95,69.47
131,78,56.77,136.25
131,79,19.94,47.86
131,80,6.08,14.58
131,81,54.29,130.29
131,82,29.00,69.59
131,83,74.30,178.32
131,84,34.41,82.59
131,85,24.33,58.40
131,86,65.10,156.25
131,87,63.34,152.02
131,88,54.61,131.07
131,89,69.06,165.74
131,90,73.64,176.74
131,91,48.01,115.23
131,92,7.60,18.25
131,93,16.42,39.41
131,94,66.51,159.63
131,95,54.12,129.89
131,96,34.69,83.26
131,97,9.69,23.25
131,98,66.87,160.48
131,99,79.25,190.20
131,100,40.38,96.92
131,101,52.59,126.22
131,102,23.25,55.81
131,103,14.88,35.71
131,104,24.79,59.50
131,105,28.97,69.53
131,106,18.82,45.16
131,107,64.05,153.71
131,108,44.54,106.88
131,109,48.90,117.35
131,110,21.56,51.74
131,111,59.68,143.23
131,112,49.29,118.30
131,113,23.14,55.53
131,114,61.27,147.06
131,115,32.83,78.80
131,116,1.19,2.87
131,117,65.53,157.27
131,118,31.92,76.61
131,119,46.91,112.57
131,120,21.07,50.57
131,121,67.00,160.80
131,122,37.65,90.36
131,123,34.89,83.75
131,124,71.60,171.84
131,125,45.19,108.45
131,126,80.00,192.00
131,127,17.82,42.77
131,128,33.08,79.39
131,129,38.61,92.67
131,130,18.28,43.86
131,132,30.36,72.87
131,133,52.70,126.48
131,134,43.37,104.08
131,135,7.56,18.15
131,136,2.49,5.99
131,137,76.75,184.20
131,138,59.65,143.16
131,139,23.75,57.01
131,140,24.53,58.86
131,141,46.91,112.59
131,142,75.43,181.03
131,143,49.58,118.99
131,144,38.00,91.19
131,145,6.16,14.77
131,146,57.45,137.87
131,147,65.06,156.15
131,148,62.21,149.31
131,149,40.27,96.65
131,150,45.80,109.91
131,151,48.76,117.03
131,152,30.81,73.93
131,158,14.57,34.97
131,160,62.61,150.25
131,162,14.23,34.14
131,164,67.83,162.80
131,166,65.29,156.70
131,170,35.90,86.17
132,1,49.38,118.52
132,2,47.73,114.56
132,3,15.50,37.19
132,4,9.75,23.40
132,5,6.35,15.24
132,6,3.86,9.27
132,7,34.99,83.96
132,8,23.63,56.71
132,9,12.63,30.30
132,10,13.61,32.67
132,11,27.82,66.77
132,12,20.21,48.50
132,13,21.65,51.96
132,14,21.86,52.47
132,15,25.13,60.31
132,16,25.07,60.16
132,17,23.23,55.75
132,18,39.77,95.46
132,19,36.30,87.11
132,20,31.53,75.66
132,21,31.67,76.00
132,22,55.25,132.60
132,23,37.89,90.92
132,24,46.07,110.56
132,25,29.82,71.58
132,26,25.97,62.33
132,27,25.25,60.60
132,28,20.05,48.12
132,29,17.86,42.88
132,30,47.76,114.62
132,31,49.46,118.69
132,32,34.19,82.05
132,33,10.30,24.71
132,34,16.92,40.60
132,35,22.41,53.79
132,36,44.19,106.06
132,37,43.61,104.67
132,38,40.50,97.21
132,39,27.49,65.97
132,40,46.66,111.99
132,41,40.61,97.47
132,42,30.17,72.42
132,43,42.70,102.47
132,44,33.56,80.55
132,45,15.59,37.41
132,46,18.96,45.51
132,47,31.22,74.93
132,48,39.93,95.83
132,49,36.72,88.14
132,50,23.15,55.57
132,51,14.39,34.53
132,52,34.95,83.87
132,53,31.25,75.00
132,54,49.15,117.96
132,55,56.08,134.60
132,56,57.78,138.68
132,57,54.54,130.90
132,58,46.02,110.46
132,59,32.49,77.97
132,60,27.00,64.81
132,61,10.35,24.84
132,62,34.55,82.92
132,63,44.29,106.30
132,64,15.83,38.00
132,65,24.19,58.05
132,66,41.73,100.15
132,67,17.63,42.31
132,68,37.71,90.51
132,69,39.20,94.09
132,70,43.40,104.15
132,71,5.91,14.18
132,72,26.78,64.28
132,73,41.96,100.71
132,74,27.30,65.53
132,75,46.05,110.52
132,76,45.48,109.15
132,77,29.08,69.79
132,78,26.41,63.39
132,79,46.92,112.60
132,80,34.03,81.68
132,81,24.29,58.29
132,82,20.61,49.47
132,83,46.60,111.83
132,84,6.69,16.06
132,85,6.17,14.81
132,86,42.31,101.54
132,87,47.89,114.95
132,88,54.31,130.35
132,89,42.50,101.99
132,90,47.48,113.96
132,91,17.72,42.52
132,92,36.55,87.73
132,93,42.39,101.74
132,94,60.60,145.43
132,95,50.24,120.59
132,96,6.05,14.51
132,97,23.35,56.05
132,98,52.00,124.79
132,99,51.70,124.09
132,100,28.17,67.61
132,101,29.22,70.12
132,102,52.16,125.19
132,103,44.73,107.36
132,104,9.08,21.80
132,105,34.41,82.60
132,106,17.40,41.75
132,107,60.32,144.76
132,108,52.51,126.02
132,109,52.60,126.25
132,110,51.42,123.40
132,111,59.12,141.89
132,112,57.00,136.79
132,113,53.38,128.11
132,114,62.79,150.70
132,115,13.23,31.75
132,116,31.04,74.50
132,117,63.97,153.52
132,118,45.39,108.93
132,119,57.11,137.07
132,120,32.26,77.42
132,121,46.90,112.57
132,122,38.37,92.08
132,123,19.69,47.26
132,124,43.58,104.60
132,125,36.00,86.40
132,126,52.30,125.52
132,127,43.06,103.34
132,128,16.79,40.28
132,129,12.65,30.37
132,130,12.25,29.39
132,131,30.36,72.87
132,133,35.59,85.42
132,134,13.74,32.97
132,135,34.24,82.17
132,136,28.67,68.81
132,137,49.50,118.80
132,138,62.32,149.57
132,139,21.35,51.25
132,140,30.55,73.31
132,141,16.56,39.74
132,142,47.44,113.87
132,143,23.72,56.92
132,144,12.35,29.64
132,145,24.21,58.10
132,146,61.13,146.71
132,147,64.92,155.81
132,148,49.98,119.95
132,149,20.62,49.49
132,150,19.18,46.02
132,151,18.97,45.53
132,152,16.78,40.28
132,158,43.04,103.30
132,160,57.74,138.57
132,162,18.78,45.08
132,164,49.23,118.14
132,166,39.54,94.89
132,170,42.74,102.57
133,1,43.65,104.75
133,2,50.07,120.18
133,3,21.91,52.59
133,4,25.85,62.03
133,5,30.64,73.54
133,6,34.85,83.64
133,7,35.90,86.17
133,8,25.54,61.29
133,9,35.52,85.26
133,10,41.53,99.67
133,11,37.44,89.86
133,12,36.54,87.69
133,13,44.22,106.13
133,14,29.90,71.75
133,15,22.65,54.36
133,16,10.68,25.62
133,17,17.40,41.75
133,18,16.58,39.80
133,19,7.88,18.90
133,20,17.03,40.88
133,21,12.20,29.29
133,22,24.38,58.51
133,23,21.94,52.66
133,24,27.78,66.68
133,25,22.41,53.79
133,26,39.89,95.73
133,27,42.60,102.23
133,28,15.59,37.43
133,29,17.92,43.02
133,30,24.74,59.38
133,31,27.99,67.17
133,32,11.72,28.12
133,33,30.00,72.00
133,34,19.38,46.52
133,35,47.97,115.12
133,36,10.65,25.56
133,37,8.26,19.82
133,38,5.31,12.74
133,39,50.47,121.14
133,40,19.55,46.92
133,41,37.05,88.93
133,42,6.35,15.24
133,43,48.55,116.53
133,44,42.29,101.49
133,45,24.34,58.42
133,46,19.73,47.35
133,47,17.44,41.85
133,48,17.06,40.95
133,49,20.66,49.59
133,50,13.55,32.52
133,51,45.49,109.18
133,52,49.28,118.27
133,53,49.86,119.65
133,54,14.38,34.50
133,55,20.93,50.22
133,56,24.77,59.44
133,57,27.06,64.95
133,58,10.96,26.30
133,59,23.61,56.67
133,60,26.10,62.65
133,61,36.55,87.71
133,62,28.00,67.21
133,63,32.80,78.72
133,64,27.99,67.18
133,65,21.20,50.87
133,66,26.69,64.05
133,67,45.05,108.12
133,68,48.15,115.57
133,69,53.76,129.02
133,70,52.66,126.39
133,71,41.44,99.45
133,72,30.80,73.93
133,73,42.77,102.65
133,74,32.15,77.16
133,75,60.87,146.10
133,76,21.86,52.46
133,77,26.76,64.21
133,78,38.68,92.84
133,79,58.33,139.99
133,80,58.55,140.51
133,81,42.19,101.27
133,82,23.70,56.89
133,83,31.98,76.76
133,84,40.36,96.87
133,85,38.76,93.03
133,86,15.45,37.09
133,87,12.30,29.52
133,88,30.30,72.72
133,89,25.30,60.71
133,90,27.67,66.41
133,91,36.98,88.74
133,92,54.54,130.90
133,93,54.33,130.40
133,94,29.10,69.85
133,95,23.77,57.04
133,96,30.28,72.67
133,97,51.47,123.53
133,98,16.41,39.37
133,99,35.33,84.78
133,100,12.66,30.39
133,101,12.00,28.79
133,102,65.24,156.58
133,103,61.73,148.15
133,104,43.75,105.00
133,105,31.32,75.17
133,106,50.23,120.54
133,107,30.86,74.06
133,108,38.98,93.56
133,109,34.00,81.61
133,110,67.00,160.80
133,111,33.20,79.69
133,112,41.20,98.88
133,113,70.25,168.60
133,114,38.08,91.38
133,115,23.28,55.88
133,116,52.57,126.18
133,117,35.82,85.96
133,118,42.08,101.00
133,119,44.19,106.07
133,120,37.37,89.69
133,121,14.56,34.94
133,122,25.78,61.87
133,123,55.03,132.08
133,124,31.05,74.52
133,125,12.70,30.47
133,126,36.34,87.21
133,127,53.87,129.28
133,128,52.22,125.32
133,129,23.72,56.93
133,130,39.34,94.41
133,131,52.70,126.48
133,132,35.59,85.42
133,134,29.13,69.90
133,135,59.66,143.18
133,136,50.22,120.52
133,137,32.59,78.21
133,138,38.97,93.54
133,139,55.87,134.09
133,140,32.52,78.06
133,141,34.40,82.57
133,142,33.66,80.79
133,143,17.93,43.04
133,144,23.78,57.07
133,145,48.24,115.78
133,146,39.25,94.20
133,147,37.97,91.12
133,148,15.35,36.83
133,149,54.61,131.06
133,150,48.19,115.66
133,151,29.61,71.07
133,152,22.73,54.55
133,158,57.92,139.02
133,160,27.77,66.66
133,162,49.00,117.59
133,164,15.15,36.35
133,166,21.03,50.47
133,170,33.74,80.98
134,1,55.76,133.83
134,2,56.54,135.70
134,3,7.80,18.72
134,4,10.74,25.77
134,5,14.84,35.61
134,6,10.33,24.80
134,7,42.24,101.39
134,8,28.82,69.17
134,9,24.00,57.60
134,10,26.84,64.42
134,11,37.10,89.05
134,12,30.63,73.52
134,13,34.23,82.15
134,14,29.27,70.25
134,15,12.08,28.98
134,16,20.55,49.31
134,17,12.65,30.35
134,18,38.87,93.28
134,19,32.73,78.55
134,20,32.17,77.22
134,21,30.24,72.58
134,22,52.25,125.41
134,23,39.43,94.63
134,24,47.76,114.63
134,25,32.93,79.04
134,26,36.44,87.47
134,27,36.71,88.11
134,28,16.43,39.42
134,29,12.83,30.78
134,30,47.80,114.72
134,31,50.23,120.56
134,32,23.76,57.03
134,33,3.46,8.30
134,34,16.41,39.38
134,35,35.68,85.64
134,36,39.34,94.41
134,37,37.34,89.62
134,38,33.06,79.34
134,39,40.50,97.20
134,40,44.96,107.91
134,41,46.99,112.77
134,42,25.54,61.31
134,43,52.24,125.37
134,44,43.24,103.77
134,45,20.02,48.05
134,46,20.37,48.89
134,47,19.23,46.15
134,48,28.28,67.87
134,49,24.09,57.82
134,50,15.61,37.47
134,51,28.11,67.48
134,52,46.35,111.23
134,53,43.50,104.40
134,54,43.50,104.40
134,55,49.96,119.91
134,56,53.58,128.58
134,57,53.15,127.56
134,58,37.98,91.15
134,59,19.21,46.11
134,60,13.36,32.07
134,61,8.00,19.21
134,62,39.05,93.73
134,63,48.29,115.88
134,64,22.85,54.84
134,65,27.20,65.27
134,66,44.16,105.98
134,67,31.02,74.44
134,68,48.23,115.76
134,69,50.89,122.14
134,70,53.94,129.45
134,71,18.53,44.48
134,72,13.17,31.62
134,73,49.90,119.76
134,74,34.75,83.40
134,75,58.07,139.37
134,76,33.34,80.03
134,77,34.09,81.81
134,78,14.94,35.86
134,79,58.17,139.62
134,80,47.48,113.95
134,81,15.42,37.01
134,82,25.02,60.05
134,83,33.07,79.36
134,84,14.22,34.12
134,85,19.82,47.56
134,86,31.33,75.20
134,87,40.79,97.90
134,88,54.39,130.53
134,89,29.46,70.70
134,90,34.51,82.82
134,91,8.68,20.84
134,92,48.92,117.40
134,93,53.58,128.60
134,94,57.39,137.73
134,95,49.06,117.75
134,96,8.68,20.83
134,97,37.00,88.81
134,98,44.84,107.62
134,99,38.18,91.63
134,100,26.85,64.44
134,101,19.31,46.35
134,102,63.99,153.57
134,103,57.18,137.22
134,104,22.40,53.76
134,105,40.17,96.41
134,106,30.97,74.32
134,107,58.19,139.67
134,108,56.44,135.45
134,109,54.69,131.25
134,110,63.75,153.00
134,111,58.62,140.68
134,112,60.37,144.90
134,113,66.00,158.41
134,114,62.94,151.06
134,115,15.23,36.56
134,116,43.92,105.40
134,117,62.59,150.22
134,118,52.27,125.45
134,119,61.52,147.65
134,120,40.60,97.45
134,121,37.20,89.27
134,122,41.24,98.99
134,123,28.67,68.80
134,124,29.99,71.98
134,125,34.35,82.43
134,126,38.73,92.96
134,127,53.99,129.58
134,128,26.31,63.14
134,129,8.06,19.34
134,130,25.11,60.27
134,131,43.37,104.08
134,132,13.74,32.97
134,133,29.13,69.90
134,135,47.79,114.70
134,136,41.45,99.47
134,137,36.08,86.60
134,138,63.03,151.27
134,139,34.06,81.74
134,140,37.52,90.05
134,141,6.12,14.68
134,142,33.83,81.20
134,143,12.65,30.36
134,144,8.57,20.57
134,145,37.27,89.46
134,146,62.39,149.74
134,147,64.14,153.94
134,148,44.46,106.71
134,149,26.67,64.01
134,150,19.09,45.82
134,151,5.40,12.95
134,152,20.13,48.31
134,158,54.97,131.93
134,160,55.29,132.69
134,162,32.51,78.03
134,164,40.20,96.48
134,166,27.00,64.80
134,170,47.45,113.89
135,1,42.75,102.60
135,2,33.85,81.24
135,3,47.02,112.84
135,4,39.75,95.40
135,5,33.93,81.43
135,6,38.01,91.22
135,7,32.62,78.29
135,8,34.92,83.81
135,9,25.48,61.16
135,10,21.04,50.49
135,11,25.05,60.11
135,12,23.17,55.61
135,13,15.51,37.23
135,14,30.22,72.53
135,15,58.16,139.59
135,16,49.98,119.94
135,17,54.45,130.67
135,18,53.71,128.90
135,19,55.91,134.19
135,20,46.04,110.50
135,21,49.60,119.03
135,22,69.24,166.17
135,23,47.77,114.65
135,24,52.57,126.16
135,25,40.69,97.66
135,26,21.23,50.96
135,27,17.78,42.66
135,28,46.33,111.18
135,29,46.52,111.65
135,30,57.33,137.58
135,31,56.97,136.72
135,32,63.57,152.56
135,33,44.34,106.41
135,34,41.99,100.77
135,35,12.43,29.82
135,36,63.83,153.19
135,37,65.67,157.61
135,38,64.94,155.84
135,39,9.24,22.17
135,40,60.03,144.07
135,41,37.62,90.29
135,42,53.31,127.95
135,43,28.27,67.85
135,44,24.33,58.38
135,45,35.88,86.11
135,46,40.22,96.53
135,47,62.72,150.52
135,48,70.28,168.68
135,49,68.63,164.71
135,50,51.83,124.40
135,51,20.10,48.24
135,52,17.18,41.24
135,53,12.36,29.66
135,54,69.17,166.00
135,55,75.83,181.99
135,56,73.68,176.84
135,57,65.42,157.02
135,58,70.47,169.13
135,59,65.46,157.10
135,60,60.67,145.60
135,61,43.87,105.29
135,62,39.62,95.09
135,63,46.02,110.45
135,64,31.89,76.53
135,65,39.04,93.70
135,66,48.15,115.56
135,67,16.82,40.37
135,68,22.06,52.95
135,69,16.97,40.74
135,70,24.55,58.91
135,71,31.08,74.59
135,72,60.95,146.28
135,73,33.55,80.52
135,74,30.26,72.64
135,75,19.10,45.85
135,76,76.18,182.84
135,77,36.47,87.53
135,78,60.27,144.64
135,79,23.45,56.29
135,80,1.75,4.21
135,81,57.20,137.27
135,82,36.01,86.43
135,83,79.71,191.30
135,84,37.15,89.15
135,85,28.07,67.36
135,86,71.53,171.66
135,87,70.56,169.33
135,88,62.11,149.06
135,89,74.77,179.44
135,90,79.48,190.75
135,91,51.40,123.36
135,92,12.00,28.80
135,93,21.03,50.48
135,94,74.07,177.78
135,95,61.68,148.04
135,96,39.26,94.22
135,97,10.97,26.34
135,98,74.15,177.95
135,99,84.73,203.36
135,100,47.52,114.05
135,101,58.76,141.03
135,102,24.71,59.31
135,103,15.90,38.16
135,104,27.13,65.11
135,105,36.50,87.61
135,106,19.44,46.66
135,107,71.59,171.82
135,108,51.64,123.93
135,109,56.26,135.01
135,110,21.74,52.18
135,111,67.16,161.18
135,112,56.33,135.20
135,113,22.13,53.10
135,114,68.65,164.76
135,115,38.83,93.19
135,116,8.25,19.79
135,117,73.02,175.24
135,118,38.74,92.98
135,119,53.72,128.92
135,120,28.55,68.52
135,121,73.81,177.13
135,122,45.21,108.49
135,123,34.48,82.75
135,124,76.89,184.54
135,125,52.60,126.23
135,126,85.44,205.05
135,127,22.62,54.29
135,128,33.23,79.75
135,129,43.94,105.47
135,130,22.98,55.15
135,131,7.56,18.15
135,132,34.24,82.17
135,133,59.66,143.18
135,134,47.79,114.70
135,136,9.95,23.88
135,137,82.31,197.55
135,138,66.97,160.73
135,139,22.39,53.73
135,140,32.09,77.01
135,141,50.63,121.52
135,142,80.75,193.80
135,143,55.23,132.55
135,144,43.36,104.07
135,145,11.54,27.70
135,146,64.72,155.33
135,147,72.50,174.00
135,148,69.61,167.07
135,149,40.31,96.75
135,150,47.36,113.66
135,151,53.13,127.52
135,152,37.36,89.66
135,158,17.63,42.32
135,160,70.17,168.40
135,162,15.89,38.14
135,164,74.81,179.54
135,166,71.16,170.79
135,170,43.26,103.83
136,1,34.52,82.84
136,2,27.03,64.88
136,3,39.43,94.63
136,4,32.27,77.44
136,5,26.81,64.34
136,6,32.53,78.08
136,7,23.11,55.47
136,8,25.13,60.32
136,9,17.72,42.52
136,10,15.12,36.30
136,11,15.15,36.36
136,12,13.72,32.93
136,13,7.24,17.37
136,14,20.49,49.16
136,15,50.80,121.93
136,16,40.88,98.11
136,17,46.48,111.54
136,18,43.76,105.03
136,19,46.14,110.74
136,20,36.15,86.77
136,21,39.82,95.56
136,22,59.31,142.34
136,23,37.84,90.82
136,24,42.84,102.83
136,25,30.76,73.82
136,26,11.28,27.08
136,27,7.86,18.86
136,28,37.60,90.23
136,29,38.23,91.76
136,30,47.48,113.95
136,31,47.23,113.36
136,32,54.89,131.74
136,33,38.07,91.38
136,34,33.32,79.96
136,35,7.03,16.86
136,36,53.98,129.56
136,37,55.96,134.31
136,38,55.45,133.08
136,39,2.01,4.83
136,40,50.09,120.21
136,41,28.47,68.33
136,42,43.90,105.35
136,43,21.17,50.80
136,44,15.24,36.59
136,45,27.02,64.85
136,46,31.11,74.67
136,47,54.63,131.11
136,48,61.73,148.16
136,49,60.58,145.39
136,50,43.32,103.97
136,51,16.47,39.54
136,52,9.78,23.48
136,53,4.06,9.74
136,54,59.31,142.33
136,55,65.93,158.24
136,56,63.74,152.97
136,57,55.58,133.39
136,58,60.92,146.22
136,59,57.93,139.02
136,60,53.66,128.79
136,61,38.92,93.41
136,62,29.76,71.41
136,63,36.58,87.79
136,64,22.91,54.98
136,65,29.34,70.40
136,66,38.36,92.07
136,67,11.57,27.77
136,68,14.64,35.14
136,69,12.18,29.24
136,70,18.86,45.28
136,71,27.07,64.97
136,72,54.56,130.93
136,73,25.18,60.42
136,74,20.32,48.76
136,75,17.89,42.93
136,76,67.65,162.36
136,77,26.52,63.65
136,78,55.07,132.17
136,79,20.15,48.35
136,80,8.53,20.48
136,81,52.77,126.65
136,82,26.51,63.63
136,83,72.08,172.99
136,84,33.04,79.31
136,85,22.75,54.60
136,86,62.69,150.45
136,87,60.85,146.03
136,88,52.42,125.80
136,89,66.78,160.26
136,90,71.33,171.19
136,91,46.38,111.30
136,92,8.21,19.70
136,93,16.25,39.01
136,94,64.17,154.01
136,95,51.79,124.30
136,96,32.76,78.63
136,97,9.68,23.24
136,98,64.37,154.50
136,99,77.01,184.83
136,100,37.89,90.93
136,101,50.23,120.55
136,102,24.12,57.89
136,103,16.14,38.72
136,104,23.67,56.80
136,105,26.74,64.17
136,106,18.42,44.22
136,107,61.77,148.24
136,108,42.69,102.46
136,109,46.84,112.43
136,110,22.84,54.82
136,111,57.50,138.01
136,112,47.48,113.95
136,113,24.71,59.30
136,114,59.20,142.08
136,115,30.53,73.27
136,116,2.54,6.09
136,117,63.34,152.01
136,118,30.31,72.74
136,119,45.25,108.60
136,120,18.95,45.47
136,121,64.53,154.87
136,122,35.35,84.84
136,123,34.54,82.90
136,124,69.41,166.59
136,125,42.71,102.51
136,126,77.77,186.65
136,127,17.52,42.05
136,128,32.56,78.14
136,129,36.46,87.51
136,130,16.47,39.52
136,131,2.49,5.99
136,132,28.67,68.81
136,133,50.22,120.52
136,134,41.45,99.47
136,135,9.95,23.88
136,137,74.49,178.79
136,138,57.62,138.29
136,139,23.88,57.32
136,140,22.22,53.32
136,141,45.18,108.43
136,142,73.23,175.76
136,143,47.33,113.59
136,144,35.84,86.01
136,145,4.78,11.48
136,146,55.46,133.10
136,147,62.93,151.03
136,148,59.74,143.37
136,149,39.72,95.34
136,150,44.72,107.34
136,151,46.84,112.42
136,152,28.39,68.13
136,158,15.15,36.36
136,160,60.28,144.68
136,162,13.68,32.82
136,164,65.35,156.83
136,166,62.98,151.14
136,170,33.87,81.29
137,1,75.91,182.19
137,2,81.24,194.97
137,3,35.30,84.71
137,4,42.56,102.15
137,5,48.42,116.21
137,6,46.38,111.30
137,7,66.40,159.37
137,8,53.68,128.83
137,9,56.97,136.72
137,10,61.41,147.39
137,11,65.33,156.80
137,12,61.48,147.56
137,13,67.41,161.78
137,14,56.81,136.35
137,15,24.40,58.56
137,16,36.18,86.83
137,17,28.02,67.25
137,18,49.13,117.91
137,19,40.46,97.10
137,20,48.59,116.61
137,21,43.93,105.42
137,22,52.47,125.93
137,23,54.38,130.52
137,24,60.30,144.73
137,25,53.14,127.53
137,26,66.46,159.51
137,27,68.08,163.39
137,28,37.70,90.47
137,29,36.37,87.28
137,30,56.77,136.25
137,31,60.10,144.23
137,32,21.88,52.52
137,33,39.35,94.45
137,34,41.64,99.94
137,35,69.89,167.74
137,36,40.03,96.07
137,37,35.28,84.67
137,38,30.55,73.33
137,39,74.02,177.66
137,40,50.95,122.29
137,41,68.68,164.84
137,42,36.32,87.18
137,43,78.76,189.02
137,44,71.11,170.66
137,45,47.99,115.17
137,46,44.80,107.51
137,47,19.98,47.95
137,48,15.54,37.28
137,49,14.08,33.78
137,50,31.76,76.22
137,51,63.59,152.61
137,52,76.70,184.08
137,53,75.51,181.24
137,54,39.86,95.66
137,55,42.17,101.20
137,56,50.12,120.28
137,57,57.15,137.16
137,58,29.98,71.95
137,59,17.02,40.85
137,60,22.79,54.71
137,61,42.95,103.08
137,62,59.44,142.65
137,63,65.29,156.69
137,64,52.09,125.02
137,65,49.78,119.48
137,66,59.24,142.16
137,67,65.61,157.47
137,68,76.91,184.59
137,69,81.41,195.39
137,70,82.11,197.07
137,71,54.61,131.06
137,72,24.88,59.71
137,73,73.87,177.29
137,74,60.87,146.09
137,75,88.81,213.14
137,76,11.52,27.65
137,77,56.83,136.39
137,78,31.50,75.61
137,79,87.38,209.71
137,80,81.70,196.09
137,81,37.16,89.18
137,82,50.47,121.12
137,83,3.42,8.22
137,84,50.03,120.08
137,85,55.26,132.63
137,86,17.76,42.62
137,87,34.16,81.97
137,88,61.54,147.70
137,89,7.93,19.02
137,90,5.24,12.58
137,91,37.47,89.93
137,92,80.81,193.95
137,93,82.99,199.18
137,94,55.52,133.25
137,95,54.82,131.57
137,96,43.69,104.85
137,97,72.01,172.84
137,98,35.93,86.24
137,99,2.76,6.63
137,100,42.88,102.91
137,101,25.31,60.75
137,102,94.01,225.63
137,103,88.82,213.17
137,104,58.42,140.20
137,105,62.34,149.61
137,106,66.89,160.54
137,107,58.98,141.56
137,108,71.56,171.74
137,109,66.28,159.06
137,110,94.89,227.74
137,111,63.33,151.99
137,112,73.58,176.60
137,113,97.73,234.54
137,114,68.29,163.89
137,115,44.00,105.61
137,116,77.03,184.87
137,117,64.25,154.19
137,118,73.95,177.49
137,119,76.74,184.18
137,120,66.81,160.34
137,121,23.64,56.73
137,122,58.08,139.39
137,123,63.44,152.25
137,124,6.62,15.89
137,125,45.24,108.59
137,126,3.75,9.01
137,127,82.88,198.92
137,128,61.51,147.62
137,129,38.38,92.10
137,130,59.37,142.50
137,131,76.75,184.20
137,132,49.50,118.80
137,133,32.59,78.21
137,134,36.08,86.60
137,135,82.31,197.55
137,136,74.49,178.79
137,138,69.70,167.28
137,139,70.12,168.28
137,140,62.28,149.46
137,141,36.37,87.29
137,142,3.94,9.47
137,143,27.17,65.21
137,144,38.95,93.48
137,145,71.05,170.52
137,146,70.48,169.15
137,147,66.96,160.70
137,148,40.76,97.82
137,149,59.89,143.75
137,150,49.60,119.05
137,151,31.58,75.79
137,152,46.92,112.60
137,158,85.69,205.66
137,160,56.01,134.42
137,162,67.93,163.02
137,164,27.26,65.43
137,166,12.20,29.29
137,170,66.03,158.46
138,1,26.56,63.75
138,2,37.69,90.46
138,3,55.29,132.70
138,4,54.69,131.26
138,5,55.97,134.33
138,6,63.80,153.12
138,7,34.52,82.85
138,8,39.35,94.44
138,9,54.03,129.67
138,10,59.37,142.49
138,11,43.09,103.42
138,12,48.98,117.55
138,13,55.98,134.34
138,14,42.80,102.71
138,15,60.56,145.35
138,16,43.04,103.30
138,17,54.40,130.56
138,18,24.29,58.31
138,19,31.97,76.74
138,20,31.20,74.87
138,21,32.84,78.81
138,22,18.11,43.47
138,23,24.44,58.65
138,24,16.36,39.27
138,25,32.62,78.28
138,26,47.23,113.36
138,27,50.86,122.07
138,28,46.62,111.88
138,29,50.24,120.57
138,30,15.25,36.60
138,31,12.93,31.04
138,32,50.63,121.51
138,33,62.25,149.40
138,34,47.20,113.28
138,35,60.29,144.70
138,36,29.74,71.38
138,37,34.43,82.64
138,38,39.39,94.54
138,39,59.13,141.92
138,40,19.43,46.63
138,41,29.37,70.50
138,42,38.90,93.37
138,43,41.12,98.68
138,44,42.65,102.35
138,45,46.73,112.16
138,46,43.90,105.36
138,47,56.36,135.26
138,48,54.91,131.79
138,49,59.44,142.66
138,50,49.07,117.77
138,51,64.08,153.80
138,52,50.18,120.44
138,53,54.62,131.09
138,54,30.26,72.63
138,55,30.83,74.00
138,56,22.45,53.88
138,57,12.58,30.19
138,58,39.94,95.86
138,59,62.55,150.13
138,60,64.34,154.40
138,61,68.38,164.11
138,62,29.41,70.58
138,63,21.06,50.53
138,64,47.14,113.14
138,65,38.13,91.52
138,66,20.95,50.28
138,67,60.54,145.29
138,68,45.84,110.02
138,69,52.34,125.61
138,70,46.30,111.13
138,71,66.68,160.03
138,72,68.75,165.01
138,73,34.28,82.27
138,74,39.21,94.11
138,75,56.39,135.33
138,76,58.20,139.67
138,77,34.51,82.83
138,78,75.77,181.86
138,79,51.31,123.14
138,80,65.27,156.66
138,81,78.11,187.46
138,82,41.80,100.33
138,83,69.86,167.66
138,84,68.85,165.24
138,85,61.73,148.16
138,86,52.00,124.79
138,87,36.00,86.40
138,88,8.81,21.13
138,89,63.33,151.99
138,90,64.47,154.73
138,91,71.70,172.09
138,92,56.24,134.97
138,93,49.88,119.72
138,94,17.83,42.78
138,95,15.21,36.51
138,96,59.64,143.13
138,97,64.69,155.25
138,98,35.56,85.34
138,99,72.27,173.44
138,100,36.18,86.84
138,101,50.55,121.32
138,102,57.14,137.14
138,103,59.22,142.13
138,104,66.78,160.26
138,105,31.47,75.52
138,106,68.98,165.54
138,107,13.04,31.31
138,108,16.15,38.77
138,109,10.81,25.93
138,110,61.01,146.43
138,111,6.61,15.87
138,112,12.56,30.14
138,113,64.62,155.09
138,114,2.57,6.18
138,115,49.90,119.75
138,116,58.79,141.09
138,117,9.58,22.99
138,118,29.43,70.64
138,119,17.05,40.91
138,120,38.71,92.91
138,121,46.55,111.72
138,122,24.41,58.59
138,123,80.74,193.78
138,124,69.46,166.69
138,125,28.95,69.48
138,126,73.30,175.91
138,127,48.46,116.31
138,128,77.82,186.76
138,129,55.32,132.76
138,130,57.92,139.00
138,131,59.65,143.16
138,132,62.32,149.57
138,133,38.97,93.54
138,134,63.03,151.27
138,135,66.97,160.73
138,136,57.62,138.29
138,137,69.70,167.28
138,139,75.80,181.92
138,140,36.32,87.16
138,141,69.10,165.85
138,142,71.57,171.76
138,143,55.22,132.53
138,144,54.97,131.93
138,145,59.02,141.66
138,146,2.67,6.40
138,147,7.15,17.16
138,148,29.51,70.82
138,149,82.84,198.81
138,150,80.14,192.34
138,151,65.56,157.34
138,152,45.62,109.48
138,158,54.79,131.50
138,160,15.07,36.17
138,162,65.30,156.73
138,164,43.60,104.64
138,166,59.35,142.45
138,170,23.75,57.00
139,1,56.38,135.32
139,2,50.47,121.13
139,3,36.85,88.43
139,4,30.59,73.41
139,5,25.26,60.61
139,6,23.89,57.33
139,7,42.79,102.69
139,8,37.13,89.11
139,9,22.33,53.58
139,10,16.50,39.60
139,11,33.80,81.11
139,12,26.90,64.57
139,13,21.10,50.63
139,14,33.13,79.51
139,15,46.02,110.45
139,16,45.20,108.47
139,17,44.58,106.99
139,18,56.41,135.37
139,19,55.08,132.19
139,20,47.80,114.73
139,21,49.49,118.79
139,22,72.58,174.20
139,23,52.51,126.03
139,24,59.65,143.16
139,25,44.11,105.86
139,26,29.95,71.89
139,27,26.86,64.46
139,28,40.36,96.86
139,29,38.79,93.09
139,30,62.88,150.92
139,31,63.72,152.92
139,32,55.51,133.22
139,33,30.90,74.15
139,34,36.51,87.61
139,35,17.65,42.35
139,36,63.30,151.92
139,37,63.51,152.42
139,38,61.01,146.41
139,39,21.88,52.51
139,40,63.41,152.18
139,41,48.81,117.15
139,42,49.95,119.88
139,43,44.61,107.07
139,44,37.06,88.94
139,45,32.54,78.09
139,46,37.04,88.88
139,47,52.50,125.99
139,48,61.27,147.05
139,49,57.87,138.88
139,50,44.25,106.20
139,51,11.76,28.23
139,52,33.55,80.53
139,53,27.92,67.01
139,54,68.53,164.48
139,55,75.54,181.29
139,56,75.93,182.23
139,57,70.56,169.33
139,58,66.64,159.93
139,59,53.26,127.83
139,60,47.33,113.59
139,61,27.51,66.03
139,62,46.39,111.34
139,63,55.36,132.87
139,64,30.18,72.44
139,65,39.76,95.42
139,66,54.97,131.93
139,67,15.56,37.36
139,68,38.18,91.64
139,69,35.91,86.19
139,70,42.74,102.57
139,71,15.68,37.63
139,72,46.05,110.53
139,73,47.28,113.48
139,74,36.70,88.09
139,75,40.43,97.02
139,76,66.78,160.26
139,77,41.40,99.35
139,78,42.89,102.94
139,79,43.69,104.86
139,80,23.29,55.91
139,81,38.65,92.76
139,82,35.84,86.02
139,83,67.04,160.90
139,84,20.22,48.53
139,85,17.11,41.06
139,86,63.65,152.75
139,87,68.07,163.36
139,88,68.94,165.46
139,89,63.46,152.31
139,90,68.49,164.39
139,91,34.35,82.43
139,92,31.34,75.21
139,93,40.07,96.18
139,94,77.88,186.92
139,95,66.32,159.18
139,96,27.39,65.74
139,97,14.21,34.09
139,98,72.10,173.04
139,99,72.14,173.15
139,100,46.35,111.23
139,101,50.53,121.26
139,102,46.46,111.51
139,103,37.69,90.45
139,104,12.36,29.66
139,105,44.63,107.10
139,106,6.83,16.40
139,107,76.69,184.06
139,108,62.80,150.72
139,109,65.18,156.43
139,110,43.94,105.46
139,111,74.05,177.72
139,112,67.63,162.32
139,113,44.51,106.83
139,114,76.85,184.45
139,115,32.59,78.23
139,116,24.92,59.82
139,117,79.50,190.80
139,118,52.05,124.92
139,119,66.34,159.21
139,120,38.79,93.09
139,121,68.03,163.26
139,122,51.53,123.67
139,123,12.26,29.42
139,124,63.91,153.39
139,125,53.55,128.52
139,126,72.65,174.37
139,127,41.39,99.33
139,128,11.60,27.84
139,129,33.95,81.49
139,130,18.20,43.68
139,131,23.75,57.01
139,132,21.35,51.25
139,133,55.87,134.09
139,134,34.06,81.74
139,135,22.39,53.73
139,136,23.88,57.32
139,137,70.12,168.28
139,138,75.80,181.92
139,140,39.81,95.54
139,141,34.51,82.84
139,142,67.71,162.51
139,143,45.05,108.11
139,144,33.60,80.64
139,145,19.77,47.45
139,146,74.06,177.74
139,147,79.83,191.60
139,148,69.25,166.21
139,149,18.26,43.83
139,150,26.85,64.44
139,151,38.65,92.76
139,152,34.14,81.94
139,158,38.22,91.72
139,160,74.52,178.84
139,162,11.07,26.58
139,164,70.14,168.32
139,166,60.72,145.74
139,170,53.04,127.30
140,1,18.85,45.23
140,2,19.51,46.83
140,3,31.69,76.06
140,4,26.84,64.42
140,5,24.82,59.56
140,6,33.35,80.05
140,7,4.72,11.34
140,8,9.07,21.76
140,9,19.32,46.36
140,10,23.71,56.90
140,11,7.08,16.99
140,12,12.94,31.04
140,13,19.67,47.20
140,14,8.71,20.90
140,15,42.03,100.87
140,16,26.10,62.64
140,17,36.01,86.44
140,18,22.21,53.30
140,19,26.54,63.69
140,20,15.95,38.28
140,21,20.54,49.29
140,22,37.21,89.31
140,23,15.80,37.93
140,24,20.79,49.91
140,25,10.24,24.58
140,26,11.14,26.73
140,27,14.80,35.52
140,28,25.34,60.83
140,29,27.91,66.99
140,30,25.27,60.64
140,31,25.15,60.35
140,32,40.62,97.50
140,33,35.14,84.34
140,34,22.44,53.87
140,35,24.01,57.62
140,36,33.51,80.42
140,37,36.39,87.34
140,38,37.25,89.40
140,39,23.43,56.23
140,40,28.10,67.45
140,41,10.07,24.17
140,42,26.87,64.49
140,43,16.48,39.56
140,44,9.94,23.87
140,45,17.51,42.02
140,46,18.46,44.30
140,47,42.77,102.65
140,48,47.49,113.98
140,49,48.37,116.08
140,50,31.04,74.50
140,51,28.29,67.89
140,52,17.64,42.34
140,53,20.09,48.23
140,54,38.61,92.65
140,55,44.83,107.58
140,56,41.82,100.36
140,57,33.36,80.07
140,58,42.16,101.20
140,59,47.80,114.71
140,60,45.76,109.82
140,61,39.50,94.80
140,62,7.54,18.09
140,63,15.56,37.35
140,64,15.11,36.26
140,65,12.51,30.03
140,66,16.21,38.91
140,67,24.34,58.42
140,68,15.70,37.69
140,69,21.72,52.13
140,70,20.18,48.44
140,71,33.26,79.81
140,72,48.51,116.41
140,73,12.47,29.93
140,74,3.32,7.98
140,75,28.54,68.49
140,76,53.15,127.55
140,77,5.77,13.85
140,78,52.44,125.85
140,79,25.81,61.93
140,80,30.54,73.29
140,81,52.44,125.86
140,82,12.84,30.82
140,83,60.63,145.52
140,84,37.15,89.16
140,85,27.82,66.76
140,86,47.21,113.31
140,87,41.16,98.78
140,88,30.38,72.92
140,89,54.36,130.48
140,90,58.09,139.42
140,91,45.37,108.89
140,92,23.58,56.59
140,93,21.85,52.44
140,94,41.99,100.78
140,95,29.59,71.03
140,96,30.55,73.33
140,97,28.41,68.17
140,98,44.22,106.13
140,99,65.00,156.01
140,100,20.05,48.12
140,101,36.99,88.78
140,102,32.72,78.52
140,103,29.79,71.49
140,104,32.25,77.40
140,105,4.86,11.66
140,106,32.99,79.16
140,107,39.56,94.94
140,108,23.13,55.51
140,109,25.56,61.33
140,110,34.62,83.08
140,111,35.51,85.23
140,112,27.92,67.01
140,113,37.97,91.13
140,114,37.63,90.31
140,115,22.35,53.65
140,116,23.90,57.36
140,117,41.29,99.09
140,118,14.96,35.90
140,119,27.14,65.14
140,120,4.86,11.67
140,121,47.00,112.81
140,122,13.13,31.52
140,123,46.29,111.09
140,124,58.62,140.68
140,125,22.21,53.31
140,126,65.92,158.21
140,127,21.34,51.22
140,128,43.50,104.39
140,129,29.81,71.55
140,130,22.64,54.34
140,131,24.53,58.86
140,132,30.55,73.31
140,133,32.52,78.06
140,134,37.52,90.05
140,135,32.09,77.01
140,136,22.22,53.32
140,137,62.28,149.46
140,138,36.32,87.16
140,139,39.81,95.54
140,141,43.20,103.68
140,142,62.09,149.03
140,143,37.02,88.86
140,144,29.20,70.09
140,145,22.87,54.89
140,146,34.41,82.59
140,147,41.08,98.59
140,148,38.88,93.30
140,149,49.51,118.82
140,150,49.72,119.32
140,151,42.13,101.12
140,152,17.60,42.25
140,158,25.71,61.70
140,160,38.08,91.39
140,162,29.08,69.78
140,164,46.89,112.54
140,166,50.08,120.19
140,170,13.26,31.83
141,1,61.62,147.89
141,2,61.97,148.73
141,3,13.82,33.16
141,4,16.38,39.30
141,5,19.46,46.71
141,6,12.70,30.49
141,7,47.91,114.99
141,8,34.66,83.19
141,9,28.32,67.97
141,10,30.17,72.40
141,11,42.30,101.51
141,12,35.41,84.99
141,13,38.08,91.39
141,14,34.78,83.47
141,15,14.44,34.66
141,16,26.42,63.42
141,17,17.23,41.35
141,18,44.90,107.76
141,19,38.53,92.46
141,20,38.29,91.89
141,21,36.28,87.08
141,22,57.97,139.13
141,23,45.55,109.32
141,24,53.88,129.31
141,25,38.99,93.58
141,26,41.28,99.07
141,27,41.17,98.80
141,28,22.48,53.96
141,29,18.87,45.28
141,30,53.86,129.27
141,31,56.32,135.18
141,32,27.64,66.34
141,33,8.07,19.38
141,34,22.50,54.01
141,35,38.96,93.52
141,36,44.82,107.58
141,37,42.51,102.04
141,38,37.96,91.09
141,39,44.04,105.69
141,40,50.90,122.15
141,41,52.82,126.76
141,42,31.29,75.10
141,43,57.46,137.90
141,44,48.37,116.10
141,45,25.78,61.87
141,46,26.43,63.43
141,47,22.20,53.29
141,48,31.11,74.66
141,49,26.08,62.60
141,50,21.11,50.67
141,51,30.57,73.37
141,52,50.89,122.13
141,53,47.60,114.23
141,54,48.75,117.00
141,55,55.02,132.05
141,56,59.07,141.76
141,57,59.08,141.79
141,58,42.56,102.15
141,59,20.45,49.08
141,60,14.01,33.62
141,61,7.05,16.92
141,62,45.05,108.11
141,63,54.35,130.43
141,64,28.29,67.90
141,65,33.23,79.75
141,66,50.27,120.65
141,67,34.17,82.01
141,68,53.13,127.51
141,69,55.31,132.75
141,70,58.85,141.24
141,71,19.94,47.85
141,72,11.65,27.96
141,73,55.49,133.17
141,74,40.32,96.77
141,75,62.34,149.61
141,76,35.56,85.35
141,77,40.00,96.00
141,78,9.93,23.82
141,79,62.82,150.76
141,80,50.51,121.23
141,81,9.36,22.46
141,82,30.90,74.16
141,83,33.12,79.49
141,84,14.36,34.47
141,85,22.67,54.41
141,86,34.57,82.98
141,87,45.66,109.59
141,88,60.44,145.05
141,89,30.66,73.58
141,90,35.67,85.61
141,91,2.63,6.31
141,92,52.96,127.10
141,93,58.24,139.78
141,94,63.04,151.30
141,95,55.03,132.06
141,96,13.13,31.50
141,97,39.68,95.23
141,98,49.63,119.12
141,99,38.14,91.55
141,100,32.92,79.02
141,101,23.71,56.90
141,102,68.37,164.09
141,103,61.18,146.83
141,104,24.00,57.60
141,105,46.04,110.50
141,106,32.58,78.20
141,107,64.01,153.63
141,108,62.52,150.04
141,109,60.81,145.94
141,110,67.83,162.80
141,111,64.61,155.07
141,112,66.48,159.55
141,113,69.88,167.72
141,114,68.98,165.55
141,115,21.10,50.65
141,116,47.58,114.18
141,117,68.49,164.38
141,118,58.05,139.32
141,119,67.58,162.19
141,120,46.05,110.53
141,121,41.05,98.52
141,122,47.34,113.62
141,123,27.07,64.97
141,124,29.91,71.78
141,125,40.35,96.83
141,126,38.56,92.53
141,127,58.76,141.02
141,128,25.16,60.39
141,129,14.14,33.94
141,130,28.72,68.92
141,131,46.91,112.59
141,132,16.56,39.74
141,133,34.40,82.57
141,134,6.12,14.68
141,135,50.63,121.52
141,136,45.18,108.43
141,137,36.37,87.29
141,138,69.10,165.85
141,139,34.51,82.84
141,140,43.20,103.68
141,142,33.59,80.63
141,143,16.95,40.67
141,144,14.62,35.09
141,145,40.76,97.82
141,146,68.49,164.37
141,147,70.10,168.24
141,148,49.74,119.37
141,149,23.90,57.35
141,150,14.70,35.29
141,151,5.52,13.24
141,152,26.02,62.45
141,158,59.28,142.27
141,160,61.07,146.58
141,162,34.90,83.77
141,164,44.33,106.39
141,166,28.99,69.57
141,170,53.46,128.31
142,1,76.45,183.49
142,2,81.28,195.08
142,3,33.83,81.19
142,4,41.06,98.55
142,5,46.82,112.38
142,6,44.17,106.00
142,7,66.36,159.25
142,8,53.32,127.98
142,9,55.59,133.41
142,10,59.75,143.41
142,11,64.75,155.41
142,12,60.49,145.17
142,13,66.08,158.59
142,14,56.20,134.87
142,15,22.59,54.22
142,16,36.10,86.63
142,17,26.95,64.67
142,18,50.24,120.58
142,19,41.52,99.64
142,20,49.03,117.67
142,21,44.49,106.78
142,22,54.67,131.21
142,23,55.14,132.35
142,24,61.44,147.46
142,25,53.30,127.91
142,26,65.64,157.55
142,27,67.07,160.97
142,28,37.09,89.03
142,29,35.42,85.00
142,30,58.21,139.69
142,31,61.51,147.62
142,32,22.39,53.73
142,33,37.19,89.26
142,34,40.84,98.02
142,35,68.36,164.07
142,36,41.83,100.39
142,37,37.16,89.19
142,38,32.20,77.29
142,39,72.66,174.39
142,40,52.56,126.13
142,41,68.96,165.50
142,42,36.81,88.33
142,43,78.54,188.51
142,44,70.64,169.54
142,45,47.12,113.08
142,46,44.22,106.13
142,47,19.35,46.45
142,48,16.75,40.19
142,49,13.79,33.09
142,50,31.19,74.86
142,51,61.69,148.04
142,52,75.92,182.21
142,53,74.45,178.68
142,54,42.10,101.04
142,55,44.88,107.72
142,56,52.61,126.27
142,57,59.08,141.80
142,58,32.25,77.40
142,59,15.32,36.76
142,60,20.47,49.13
142,61,40.34,96.82
142,62,59.71,143.31
142,63,66.04,158.50
142,64,51.17,122.80
142,65,49.58,119.00
142,66,60.09,144.21
142,67,63.97,153.53
142,68,76.39,183.32
142,69,80.64,193.52
142,70,81.69,196.07
142,71,52.35,125.63
142,72,21.97,52.73
142,73,73.94,177.45
142,74,60.50,145.20
142,75,88.04,211.29
142,76,13.91,33.38
142,77,56.78,136.28
142,78,28.09,67.42
142,79,86.85,208.43
142,80,80.22,192.52
142,81,33.74,80.98
142,82,49.96,119.91
142,83,1.71,4.11
142,84,47.53,114.08
142,85,53.34,128.02
142,86,19.63,47.12
142,87,36.49,87.57
142,88,63.25,151.80
142,89,8.37,20.08
142,90,8.03,19.26
142,91,34.51,82.81
142,92,79.80,191.52
142,93,82.40,197.76
142,94,57.97,139.13
142,95,56.53,135.68
142,96,41.77,100.26
142,97,70.29,168.69
142,98,38.57,92.57
142,99,4.63,11.10
142,100,43.14,103.54
142,101,25.17,60.40
142,102,93.38,224.12
142,103,87.89,210.94
142,104,56.23,134.96
142,105,62.46,149.91
142,106,64.78,155.48
142,107,61.25,147.00
142,108,72.60,174.24
142,109,67.61,162.27
142,110,94.08,225.79
142,111,65.30,156.71
142,112,74.85,179.64
142,113,96.82,232.36
142,114,70.26,168.63
142,115,42.91,102.98
142,116,75.77,181.85
142,117,66.51,159.63
142,118,74.30,178.31
142,119,77.83,186.80
142,120,66.51,159.63
142,121,26.17,62.81
142,122,58.72,140.93
142,123,60.58,145.40
142,124,3.87,9.28
142,125,46.16,110.78
142,126,4.96,11.91
142,127,82.37,197.68
142,128,58.76,141.01
142,129,36.85,88.45
142,130,57.77,138.65
142,131,75.43,181.03
142,132,47.44,113.87
142,133,33.66,80.79
142,134,33.83,81.20
142,135,80.75,193.80
142,136,73.23,175.76
142,137,3.94,9.47
142,138,71.57,171.76
142,139,67.71,162.51
142,140,62.09,149.03
142,141,33.59,80.63
142,143,26.03,62.46
142,144,37.46,89.89
142,145,69.62,167.09
142,146,72.22,173.33
142,147,69.15,165.96
142,148,43.04,103.29
142,149,56.83,136.39
142,150,46.40,111.36
142,151,29.07,69.76
142,152,46.15,110.76
142,158,84.91,203.77
142,160,58.23,139.75
142,162,66.06,158.54
142,164,29.95,71.89
142,166,12.67,30.40
142,170,66.62,159.88
143,1,53.25,127.79
143,2,56.51,135.63
143,3,8.41,20.19
143,4,15.57,37.37
143,5,21.50,51.61
143,6,21.39,51.33
143,7,41.54,99.69
143,8,28.01,67.21
143,9,29.82,71.56
143,10,34.48,82.75
143,11,38.97,93.52
143,12,34.46,82.70
143,13,40.24,96.58
143,14,30.41,72.98
143,15,5.50,13.20
143,16,12.75,30.61
143,17,1.01,2.43
143,18,31.09,74.62
143,19,23.39,56.14
143,20,26.57,63.76
143,21,23.08,55.38
143,22,42.15,101.17
143,23,33.69,80.86
143,24,41.47,99.53
143,25,29.44,70.67
143,26,39.66,95.18
143,27,41.05,98.51
143,28,11.69,28.06
143,29,9.44,22.66
143,30,40.13,96.32
143,31,43.02,103.25
143,32,11.12,26.69
143,33,14.80,35.53
143,34,14.96,35.92
143,35,42.80,102.73
143,36,28.57,68.56
143,37,25.80,61.93
143,38,21.07,50.56
143,39,46.86,112.46
143,40,36.11,86.66
143,41,45.02,108.04
143,42,16.32,39.16
143,43,53.24,127.77
143,44,44.97,107.92
143,45,21.14,50.74
143,46,18.65,44.75
143,47,7.60,18.25
143,48,16.23,38.95
143,49,13.42,32.21
143,50,6.55,15.71
143,51,37.06,88.95
143,52,49.94,119.86
143,53,48.44,116.25
143,54,32.09,77.01
143,55,38.17,91.60
143,56,42.69,102.47
143,57,44.13,105.90
143,58,25.62,61.49
143,59,10.94,26.25
143,60,9.43,22.62
143,61,20.64,49.55
143,62,36.03,86.48
143,63,43.98,105.55
143,64,25.15,60.37
143,65,24.75,59.39
143,66,38.76,93.03
143,67,38.64,92.74
143,68,50.61,121.47
143,69,54.65,131.17
143,70,56.04,134.51
143,71,29.40,70.57
143,72,13.55,32.52
143,73,49.30,118.33
143,74,35.06,84.14
143,75,62.05,148.93
143,76,21.77,52.26
143,77,32.17,77.22
143,78,20.87,50.09
143,79,61.04,146.49
143,80,54.58,130.98
143,81,24.27,58.25
143,82,24.41,58.58
143,83,24.80,59.51
143,84,26.26,63.03
143,85,28.91,69.38
143,86,18.89,45.34
143,87,28.74,68.98
143,88,46.41,111.40
143,89,19.54,46.89
143,90,24.30,58.31
143,91,19.41,46.57
143,92,53.78,129.07
143,93,56.54,135.71
143,94,47.00,112.80
143,95,40.37,96.90
143,96,17.67,42.41
143,97,45.13,108.31
143,98,32.69,78.47
143,99,29.68,71.24
143,100,20.44,49.05
143,101,6.78,16.26
143,102,67.48,161.95
143,103,61.87,148.48
143,104,32.79,78.71
143,105,38.21,91.69
143,106,40.86,98.06
143,107,48.49,116.37
143,108,51.59,123.82
143,109,48.33,115.99
143,110,68.07,163.38
143,111,50.03,120.08
143,112,54.86,131.66
143,113,70.79,169.90
143,114,54.71,131.30
143,115,16.89,40.54
143,116,49.87,119.68
143,117,53.27,127.85
143,118,50.46,121.09
143,119,56.88,136.50
143,120,41.15,98.75
143,121,24.55,58.91
143,122,36.51,87.62
143,123,41.05,98.51
143,124,22.28,53.47
143,125,26.41,63.39
143,126,30.46,73.10
143,127,56.59,135.82
143,128,38.54,92.49
143,129,11.50,27.60
143,130,32.38,77.72
143,131,49.58,118.99
143,132,23.72,56.92
143,133,17.93,43.04
143,134,12.65,30.36
143,135,55.23,132.55
143,136,47.33,113.59
143,137,27.17,65.21
143,138,55.22,132.53
143,139,45.05,108.11
143,140,37.02,88.86
143,141,16.95,40.67
143,142,26.03,62.46
143,144,12.01,28.83
143,145,43.90,105.37
143,146,55.03,132.08
143,147,55.19,132.46
143,148,33.09,79.43
143,149,39.31,94.35
143,150,31.40,75.36
143,151,11.80,28.33
143,152,20.26,48.64
143,158,58.92,141.40
143,160,45.45,109.08
143,162,41.30,99.12
143,164,27.59,66.22
143,166,16.07,38.56
143,170,43.87,105.29
144,1,47.25,113.40
144,2,48.45,116.28
144,3,3.65,8.77
144,4,3.61,8.67
144,5,9.50,22.81
144,6,11.08,26.60
144,7,33.93,81.42
144,8,20.36,48.87
144,9,18.14,43.55
144,10,22.50,53.99
144,11,29.42,70.60
144,12,23.69,56.85
144,13,28.65,68.76
144,14,21.23,50.96
144,15,14.96,35.91
144,16,13.75,33.01
144,17,11.34,27.23
144,18,31.05,74.52
144,19,25.80,61.93
144,20,23.89,57.32
144,21,22.44,53.85
144,22,45.31,108.75
144,23,31.07,74.56
144,24,39.43,94.64
144,25,24.37,58.50
144,26,29.29,70.31
144,27,30.12,72.29
144,28,8.93,21.42
144,29,5.87,14.08
144,30,39.81,95.55
144,31,42.09,101.02
144,32,21.93,52.62
144,33,7.28,17.48
144,34,7.92,19.00
144,35,30.95,74.27
144,36,33.16,79.57
144,37,31.97,76.73
144,38,28.46,68.30
144,39,35.22,84.52
144,40,37.47,89.92
144,41,38.51,92.42
144,42,18.99,45.57
144,43,44.40,106.56
144,44,35.57,85.37
144,45,11.73,28.16
144,46,11.81,28.34
144,47,19.61,47.06
144,48,27.94,67.05
144,49,25.41,60.99
144,50,10.84,26.02
144,51,25.08,60.18
144,52,39.48,94.74
144,53,37.32,89.56
144,54,37.81,90.74
144,55,44.60,107.05
144,56,47.19,113.26
144,57,45.62,109.49
144,58,33.88,81.31
144,59,22.14,53.14
144,60,17.98,43.14
144,61,13.64,32.75
144,62,30.48,73.16
144,63,39.73,95.35
144,64,15.04,36.09
144,65,18.63,44.70
144,66,35.71,85.69
144,67,26.68,64.04
144,68,40.85,98.04
144,69,44.14,105.92
144,70,46.49,111.57
144,71,18.25,43.79
144,72,19.73,47.34
144,73,41.65,99.96
144,74,26.57,63.78
144,75,51.47,123.52
144,76,33.65,80.76
144,77,25.56,61.33
144,78,23.29,55.90
144,79,51.05,122.52
144,80,42.78,102.67
144,81,23.97,57.53
144,82,16.54,39.70
144,83,36.37,87.29
144,84,16.59,39.80
144,85,17.01,40.83
144,86,30.09,72.21
144,87,36.01,86.43
144,88,46.44,111.45
144,89,31.47,75.54
144,90,36.29,87.10
144,91,17.09,41.02
144,92,42.73,102.55
144,93,46.47,111.54
144,94,50.57,121.38
144,95,41.43,99.44
144,96,6.57,15.77
144,97,33.14,79.53
144,98,40.13,96.30
144,99,41.37,99.30
144,100,18.93,45.44
144,101,16.93,40.64
144,102,57.17,137.21
144,103,50.94,122.25
144,104,21.24,50.98
144,105,31.66,75.99
144,106,29.01,69.62
144,107,50.95,122.29
144,108,47.90,114.95
144,109,46.33,111.20
144,110,57.35,137.63
144,111,50.85,122.03
144,112,51.88,124.51
144,113,59.86,143.66
144,114,55.02,132.04
144,115,6.86,16.46
144,116,38.37,92.09
144,117,55.11,132.27
144,118,43.83,105.19
144,119,52.96,127.11
144,120,32.55,78.12
144,121,34.56,82.94
144,122,32.73,78.56
144,123,31.31,75.15
144,124,33.62,80.68
144,125,26.70,64.07
144,126,42.09,101.01
144,127,46.74,112.17
144,128,28.54,68.51
144,129,0.65,1.56
144,130,20.43,49.03
144,131,38.00,91.19
144,132,12.35,29.64
144,133,23.78,57.07
144,134,8.57,20.57
144,135,43.36,104.07
144,136,35.84,86.01
144,137,38.95,93.48
144,138,54.97,131.93
144,139,33.60,80.64
144,140,29.20,70.09
144,141,14.62,35.09
144,142,37.46,89.89
144,143,12.01,28.83
144,145,32.17,77.20
144,146,54.21,130.10
144,147,56.48,135.55
144,148,38.70,92.88
144,149,30.90,74.17
144,150,25.59,61.42
144,151,12.93,31.04
144,152,11.66,27.98
144,158,48.33,115.99
144,160,48.15,115.56
144,162,29.29,70.30
144,164,36.93,88.64
144,166,28.08,67.39
144,170,38.88,93.32
145,1,37.25,89.40
145,2,30.71,73.72
145,3,35.80,85.92
145,4,28.56,68.54
145,5,22.88,54.92
145,6,28.07,67.36
145,7,24.67,59.21
145,8,23.99,57.59
145,9,14.08,33.80
145,10,10.60,25.43
145,11,15.94,38.25
145,12,12.01,28.82
145,13,4.02,9.66
145,14,19.27,46.25
145,15,47.08,113.00
145,16,38.45,92.28
145,17,43.09,103.42
145,18,43.34,104.02
145,19,44.82,107.58
145,20,35.31,84.74
145,21,38.55,92.52
145,22,59.25,142.21
145,23,37.90,90.96
145,24,43.66,104.78
145,25,30.25,72.59
145,26,11.80,28.31
145,27,8.16,19.59
145,28,34.79,83.49
145,29,35.05,84.13
145,30,47.91,114.98
145,31,48.00,115.19
145,32,52.04,124.90
145,33,33.86,81.27
145,34,30.45,73.08
145,35,2.29,5.49
145,36,52.87,126.89
145,37,54.47,130.73
145,38,53.53,128.48
145,39,3.29,7.88
145,40,49.95,119.87
145,41,30.43,73.03
145,42,41.89,100.54
145,43,24.85,59.64
145,44,17.74,42.57
145,45,24.34,58.41
145,46,28.71,68.90
145,47,51.33,123.20
145,48,58.78,141.07
145,49,57.26,137.44
145,50,40.33,96.78
145,51,11.69,28.06
145,52,13.87,33.29
145,53,8.45,20.28
145,54,58.24,139.77
145,55,65.01,156.03
145,56,63.44,152.25
145,57,55.97,134.32
145,58,59.10,141.84
145,59,54.31,130.33
145,60,49.78,119.47
145,61,34.37,82.49
145,62,30.28,72.67
145,63,38.01,91.22
145,64,20.37,48.89
145,65,27.94,67.06
145,66,39.05,93.71
145,67,6.83,16.39
145,68,18.41,44.19
145,69,16.82,40.37
145,70,23.13,55.51
145,71,22.34,53.62
145,72,50.44,121.04
145,73,27.97,67.13
145,74,20.42,49.00
145,75,22.67,54.40
145,76,64.69,155.24
145,77,26.35,63.23
145,78,50.61,121.47
145,79,24.82,59.58
145,80,10.70,25.68
145,81,48.16,115.59
145,82,24.70,59.29
145,83,68.53,164.47
145,84,28.34,68.03
145,85,18.18,43.64
145,86,59.99,143.96
145,87,59.34,142.42
145,88,53.24,127.78
145,89,63.43,152.23
145,90,68.09,163.41
145,91,41.86,100.47
145,92,12.99,31.17
145,93,20.79,49.89
145,94,64.28,154.26
145,95,52.01,124.83
145,96,28.61,68.67
145,97,5.96,14.31
145,98,63.02,151.24
145,99,73.51,176.43
145,100,36.28,87.07
145,101,47.25,113.41
145,102,28.90,69.36
145,103,20.83,49.99
145,104,18.89,45.34
145,105,27.65,66.35
145,106,13.90,33.36
145,107,62.19,149.26
145,108,44.70,107.27
145,109,48.22,115.73
145,110,27.54,66.09
145,111,58.38,140.10
145,112,49.54,118.89
145,113,29.26,70.21
145,114,60.44,145.05
145,115,27.35,65.63
145,116,6.90,16.57
145,117,64.13,153.92
145,118,32.95,79.08
145,119,47.68,114.43
145,120,20.47,49.13
145,121,62.31,149.53
145,122,35.84,86.02
145,123,29.96,71.90
145,124,65.78,157.87
145,125,41.80,100.31
145,126,74.24,178.18
145,127,21.96,52.70
145,128,27.89,66.95
145,129,32.77,78.64
145,130,12.16,29.19
145,131,6.16,14.77
145,132,24.21,58.10
145,133,48.24,115.78
145,134,37.27,89.46
145,135,11.54,27.70
145,136,4.78,11.48
145,137,71.05,170.52
145,138,59.02,141.66
145,139,19.77,47.45
145,140,22.87,54.89
145,141,40.76,97.82
145,142,69.62,167.09
145,143,43.90,105.37
145,144,32.17,77.20
145,146,56.99,136.78
145,147,63.95,153.48
145,148,58.74,140.97
145,149,35.03,84.08
145,150,39.95,95.87
145,151,42.67,102.41
145,152,25.83,61.99
145,158,19.93,47.82
145,160,60.50,145.20
145,162,9.11,21.86
145,164,63.38,152.12
145,166,59.75,143.41
145,170,35.41,85.00
146,1,23.97,57.53
146,2,35.09,84.22
146,3,54.70,131.28
146,4,53.76,129.03
146,5,54.78,131.47
146,6,62.74,150.59
146,7,32.40,77.75
146,8,37.92,91.01
146,9,52.46,125.91
146,10,57.68,138.44
146,11,41.08,98.60
146,12,47.18,113.24
146,13,54.03,129.67
146,14,41.19,98.84
146,15,60.43,145.03
146,16,42.67,102.40
146,17,54.18,130.04
146,18,23.96,57.49
146,19,32.00,76.80
146,20,30.34,72.81
146,21,32.34,77.62
146,22,19.64,47.13
146,23,23.35,56.04
146,24,15.06,36.15
146,25,31.32,75.18
146,26,45.22,108.52
146,27,48.83,117.19
146,28,46.03,110.47
146,29,49.65,119.17
146,30,14.90,35.75
146,31,12.17,29.20
146,32,50.96,122.29
146,33,61.47,147.53
146,34,46.37,111.29
146,35,58.32,139.96
146,36,30.45,73.08
146,37,35.21,84.50
146,38,40.02,96.04
146,39,57.01,136.81
146,40,19.75,47.39
146,41,27.10,65.04
146,42,38.74,92.99
146,43,38.61,92.66
146,44,40.40,96.96
146,45,45.57,109.36
146,46,42.94,103.06
146,47,56.53,135.67
146,48,55.51,133.21
146,49,59.84,143.62
146,50,48.77,117.06
146,51,62.38,149.71
146,52,47.85,114.84
146,53,52.38,125.72
146,54,31.41,75.38
146,55,32.48,77.96
146,56,24.26,58.23
146,57,13.70,32.88
146,58,40.93,98.22
146,59,62.73,150.54
146,60,64.25,154.19
146,61,67.50,162.00
146,62,27.70,66.49
146,63,18.98,45.56
146,64,45.77,109.84
146,65,36.96,88.70
146,66,19.49,46.77
146,67,58.71,140.91
146,68,43.45,104.27
146,69,49.90,119.77
146,70,43.78,105.06
146,71,65.34,156.81
146,72,68.58,164.60
146,73,31.84,76.41
146,74,37.39,89.74
146,75,53.84,129.22
146,76,59.01,141.63
146,77,32.93,79.03
146,78,75.42,181.01
146,79,48.73,116.96
146,80,63.02,151.24
146,81,77.58,186.19
146,82,40.54,97.30
146,83,70.51,169.22
146,84,67.71,162.50
146,85,60.31,144.74
146,86,52.73,126.55
146,87,37.10,89.03
146,88,8.98,21.56
146,89,63.93,153.44
146,90,65.27,156.65
146,91,71.07,170.57
146,92,53.87,129.29
146,93,47.38,113.71
146,94,19.90,47.77
146,95,15.69,37.65
146,96,58.66,140.79
146,97,62.71,150.50
146,98,36.92,88.61
146,99,73.08,175.39
146,100,35.59,85.41
146,101,50.61,121.48
146,102,54.52,130.85
146,103,56.71,136.10
146,104,65.29,156.71
146,105,29.56,70.94
146,106,67.23,161.35
146,107,15.12,36.29
146,108,13.61,32.66
146,109,8.88,21.31
146,110,58.42,140.20
146,111,8.30,19.91
146,112,9.90,23.75
146,113,62.02,148.85
146,114,5.18,12.42
146,115,48.92,117.40
146,116,56.56,135.75
146,117,12.09,29.02
146,118,26.93,64.64
146,119,14.38,34.51
146,120,36.60,87.85
146,121,47.56,114.15
146,122,22.93,55.04
146,123,79.31,190.35
146,124,69.99,167.98
146,125,28.64,68.74
146,126,74.11,177.87
146,127,45.95,110.27
146,128,76.40,183.35
146,129,54.58,130.99
146,130,56.29,135.10
146,131,57.45,137.87
146,132,61.13,146.71
146,133,39.25,94.20
146,134,62.39,149.74
146,135,64.72,155.33
146,136,55.46,133.10
146,137,70.48,169.15
146,138,2.67,6.40
146,139,74.06,177.74
146,140,34.41,82.59
146,141,68.49,164.37
146,142,72.22,173.33
146,143,55.03,132.08
146,144,54.21,130.10
146,145,56.99,136.78
146,147,9.79,23.50
146,148,30.71,73.70
146,149,81.57,195.76
146,150,79.19,190.05
146,151,65.11,156.27
146,152,44.52,106.84
146,158,52.29,125.50
146,160,16.84,40.42
146,162,63.47,152.32
146,164,44.76,107.41
146,166,59.88,143.72
146,170,21.61,51.87
147,1,33.29,79.90
147,2,44.41,106.58
147,3,56.34,135.21
147,4,56.65,135.97
147,5,58.61,140.67
147,6,66.02,158.44
147,7,39.88,95.71
147,8,42.83,102.80
147,9,57.70,138.48
147,10,63.33,152.00
147,11,48.06,115.34
147,12,53.31,127.96
147,13,60.68,145.64
147,14,46.71,112.09
147,15,60.33,144.79
147,16,43.69,104.86
147,17,54.46,130.69
147,18,25.45,61.08
147,19,31.84,76.42
147,20,33.40,80.15
147,21,34.05,81.71
147,22,14.49,34.77
147,23,27.45,65.89
147,24,20.34,48.82
147,25,35.89,86.13
147,26,52.18,125.23
147,27,55.85,134.03
147,28,47.78,114.66
147,29,51.33,123.20
147,30,17.20,41.29
147,31,16.13,38.71
147,32,49.27,118.25
147,33,63.74,152.97
147,34,48.98,117.56
147,35,65.05,156.13
147,36,27.83,66.79
147,37,32.18,77.23
147,38,37.42,89.80
147,39,64.33,154.39
147,40,19.22,46.12
147,41,35.19,84.45
147,42,39.06,93.75
147,43,47.51,114.02
147,44,48.26,115.83
147,45,49.42,118.60
147,46,46.08,110.59
147,47,55.36,132.85
147,48,52.79,126.69
147,49,57.79,138.71
147,50,49.40,118.57
147,51,68.07,163.37
147,52,56.02,134.44
147,53,60.15,144.37
147,54,27.10,65.04
147,55,26.20,62.89
147,56,17.62,42.28
147,57,11.07,26.58
147,58,36.98,88.75
147,59,61.48,147.56
147,60,63.95,153.49
147,61,70.09,168.21
147,62,33.78,81.08
147,63,26.52,63.65
147,64,50.37,120.89
147,65,40.97,98.33
147,66,25.01,60.04
147,67,64.88,155.70
147,68,51.88,124.51
147,69,58.47,140.32
147,70,52.74,126.58
147,71,69.65,167.17
147,72,68.55,164.52
147,73,40.51,97.22
147,74,43.73,104.95
147,75,62.87,150.89
147,76,55.45,133.08
147,77,38.47,92.33
147,78,76.02,182.44
147,79,57.91,138.97
147,80,70.84,170.00
147,81,78.82,189.17
147,82,44.82,107.56
147,83,67.45,161.87
147,84,71.27,171.06
147,85,64.97,155.92
147,86,49.53,118.86
147,87,32.82,78.76
147,88,10.89,26.14
147,89,61.11,146.66
147,90,61.72,148.12
147,91,72.72,174.54
147,92,62.15,149.15
147,93,56.24,134.97
147,94,12.37,29.68
147,95,15.08,36.19
147,96,61.66,147.99
147,97,69.44,166.67
147,98,31.64,75.93
147,99,69.41,166.60
147,100,37.56,90.14
147,101,49.90,119.76
147,102,63.90,153.36
147,103,65.59,157.41
147,104,70.13,168.32
147,105,36.32,87.17
147,106,73.05,175.33
147,107,8.07,19.36
147,108,22.82,54.78
147,109,16.47,39.52
147,110,67.67,162.42
147,111,5.83,13.98
147,112,19.61,47.05
147,113,71.30,171.12
147,114,4.62,11.09
147,115,52.05,124.91
147,116,64.26,154.23
147,117,3.04,7.30
147,118,35.86,86.07
147,119,24.16,57.97
147,120,43.99,105.59
147,121,43.41,104.17
147,122,28.38,68.12
147,123,83.90,201.35
147,124,67.36,161.67
147,125,29.82,71.57
147,126,70.44,169.05
147,127,54.87,131.69
147,128,80.94,194.27
147,129,56.75,136.21
147,130,61.72,148.13
147,131,65.06,156.15
147,132,64.92,155.81
147,133,37.97,91.12
147,134,64.14,153.94
147,135,72.50,174.00
147,136,62.93,151.03
147,137,66.96,160.70
147,138,7.15,17.16
147,139,79.83,191.60
147,140,41.08,98.59
147,141,70.10,168.24
147,142,69.15,165.96
147,143,55.19,132.46
147,144,56.48,135.55
147,145,63.95,153.48
147,146,9.79,23.50
147,148,26.21,62.89
147,149,85.54,205.30
147,150,82.00,196.79
147,151,66.13,158.72
147,152,48.14,115.54
147,158,61.13,146.72
147,160,10.95,26.28
147,162,69.65,167.17
147,164,40.10,96.24
147,166,57.36,137.66
147,170,29.32,70.36
148,1,43.50,104.41
148,2,52.50,125.99
148,3,37.14,89.13
148,4,40.34,96.82
148,5,44.48,106.76
148,6,49.66,119.19
148,7,40.75,97.80
148,8,34.76,83.42
148,9,47.66,114.38
148,10,53.83,129.19
148,11,45.27,108.64
148,12,46.73,112.16
148,13,54.79,131.49
148,14,39.48,94.76
148,15,37.43,89.82
148,16,25.03,60.06
148,17,32.63,78.32
148,18,16.89,40.53
148,19,14.23,34.15
148,20,23.58,56.60
148,21,20.27,48.66
148,22,11.73,28.16
148,23,23.84,57.21
148,24,24.97,59.94
148,25,29.11,69.85
148,26,48.60,116.64
148,27,51.88,124.50
148,28,30.03,72.07
148,29,32.85,78.83
148,30,19.63,47.11
148,31,22.73,54.55
148,32,24.65,59.15
148,33,45.22,108.52
148,34,33.15,79.57
148,35,58.94,141.45
148,36,5.98,14.35
148,37,7.31,17.54
148,38,12.46,29.90
148,39,60.42,145.00
148,40,13.47,32.34
148,41,39.54,94.90
148,42,19.83,47.59
148,43,52.70,126.47
148,44,48.69,116.87
148,45,36.77,88.25
148,46,32.22,77.33
148,47,31.10,74.64
148,48,26.98,64.76
148,49,32.44,77.85
148,50,28.86,69.26
148,51,58.19,139.67
148,52,56.52,135.64
148,53,58.47,140.33
148,54,1.03,2.48
148,55,6.33,15.19
148,56,10.00,24.00
148,57,17.01,40.83
148,58,10.79,25.91
148,59,36.89,88.53
148,60,40.56,97.34
148,61,51.79,124.30
148,62,32.20,77.28
148,63,32.43,77.84
148,64,39.67,95.22
148,65,30.85,74.04
148,66,26.58,63.79
148,67,56.83,136.40
148,68,54.15,129.96
148,69,60.49,145.18
148,70,57.55,138.12
148,71,55.67,133.61
148,72,45.36,108.86
148,73,45.86,110.07
148,74,39.77,95.45
148,75,66.95,160.68
148,76,29.26,70.23
148,77,33.57,80.56
148,78,53.54,128.50
148,79,63.36,152.06
148,80,68.27,163.84
148,81,57.34,137.62
148,82,34.39,82.53
148,83,41.34,99.21
148,84,55.21,132.50
148,85,52.36,125.67
148,86,23.48,56.36
148,87,6.61,15.87
148,88,22.25,53.40
148,89,35.13,84.32
148,90,35.52,85.25
148,91,52.30,125.51
148,92,62.40,149.77
148,93,60.03,144.08
148,94,15.09,36.23
148,95,15.94,38.26
148,96,45.05,108.12
148,97,62.88,150.92
148,98,6.54,15.69
148,99,43.21,103.70
148,100,23.04,55.30
148,101,26.71,64.10
148,102,70.25,168.60
148,103,68.54,164.49
148,104,57.54,138.10
148,105,35.87,86.08
148,106,63.15,151.56
148,107,18.23,43.75
148,108,35.69,85.66
148,109,28.83,69.19
148,110,72.84,174.82
148,111,22.95,55.07
148,112,36.09,86.62
148,113,76.35,183.24
148,114,27.82,66.78
148,115,37.02,88.84
148,116,61.84,148.41
148,117,23.49,56.38
148,118,43.45,104.28
148,119,40.17,96.40
148,120,43.53,104.48
148,121,17.21,41.32
148,122,27.66,66.39
148,123,69.63,167.12
148,124,41.45,99.47
148,125,17.02,40.86
148,126,44.23,106.15
148,127,59.19,142.05
148,128,66.75,160.21
148,129,38.72,92.92
148,130,51.74,124.17
148,131,62.21,149.31
148,132,49.98,119.95
148,133,15.35,36.83
148,134,44.46,106.71
148,135,69.61,167.07
148,136,59.74,143.37
148,137,40.76,97.82
148,138,29.51,70.82
148,139,69.25,166.21
148,140,38.88,93.30
148,141,49.74,119.37
148,142,43.04,103.29
148,143,33.09,79.43
148,144,38.70,92.88
148,145,58.74,140.97
148,146,30.71,73.70
148,147,26.21,62.89
148,149,69.60,167.05
148,150,63.51,152.41
148,151,44.86,107.67
148,152,35.15,84.35
148,158,64.31,154.35
148,160,15.25,36.61
148,162,61.20,146.89
148,164,14.09,33.83
148,166,31.62,75.88
148,170,34.46,82.70
149,1,67.93,163.04
149,2,64.24,154.17
149,3,32.82,78.76
149,4,29.52,70.86
149,5,26.94,64.64
149,6,20.02,48.04
149,7,53.51,128.44
149,8,43.75,105.00
149,9,30.21,72.50
149,10,26.99,64.78
149,11,45.19,108.47
149,12,37.32,89.58
149,13,34.69,83.27
149,14,41.19,98.86
149,15,38.07,91.37
149,16,44.61,107.06
149,17,39.25,94.20
149,18,60.36,144.87
149,19,56.41,135.38
149,20,52.15,125.15
149,21,52.14,125.15
149,22,75.65,181.57
149,23,58.43,140.23
149,24,66.53,159.67
149,25,50.25,120.59
149,26,42.18,101.24
149,27,40.06,96.14
149,28,39.65,95.16
149,29,36.76,88.23
149,30,68.37,164.09
149,31,70.02,168.04
149,32,50.43,121.03
149,33,24.84,59.63
149,34,37.16,89.18
149,35,32.75,78.60
149,36,64.01,153.62
149,37,62.84,150.82
149,38,59.07,141.77
149,39,37.87,90.89
149,40,67.21,161.31
149,41,59.46,142.71
149,42,49.84,119.61
149,43,58.62,140.69
149,44,49.99,119.97
149,45,36.16,86.79
149,46,39.55,94.91
149,47,45.67,109.60
149,48,54.70,131.29
149,49,49.93,119.84
149,50,41.24,98.98
149,51,23.65,56.75
149,52,48.62,116.69
149,53,43.47,104.33
149,54,68.71,164.91
149,55,75.49,181.18
149,56,77.91,186.99
149,57,75.14,180.34
149,58,64.27,154.25
149,59,44.34,106.42
149,60,37.90,90.95
149,61,18.67,44.80
149,62,54.50,130.79
149,63,64.19,154.05
149,64,35.86,86.07
149,65,44.73,107.35
149,66,62.10,149.04
149,67,28.80,69.12
149,68,52.64,126.33
149,69,51.85,124.45
149,70,57.86,138.85
149,71,16.35,39.24
149,72,35.03,84.08
149,73,59.60,143.05
149,74,46.18,110.84
149,75,57.32,137.56
149,76,59.40,142.55
149,77,49.03,117.68
149,78,29.29,70.30
149,79,59.85,143.65
149,80,41.02,98.44
149,81,24.02,57.64
149,82,41.04,98.49
149,83,56.55,135.72
149,84,14.50,34.80
149,85,21.70,52.08
149,86,57.93,139.04
149,87,66.74,160.17
149,88,74.91,179.79
149,89,54.53,130.87
149,90,59.52,142.84
149,91,22.46,53.90
149,92,47.79,114.70
149,93,55.79,133.89
149,94,80.98,194.36
149,95,70.85,170.03
149,96,24.62,59.10
149,97,30.68,73.63
149,98,70.84,170.02
149,99,61.45,147.47
149,100,48.62,116.68
149,101,45.90,110.15
149,102,63.51,152.41
149,103,54.93,131.83
149,104,17.53,42.06
149,105,53.85,129.24
149,106,21.47,51.53
149,107,80.87,194.08
149,108,72.28,173.47
149,109,72.94,175.05
149,110,61.42,147.42
149,111,79.74,191.38
149,112,76.91,184.59
149,113,62.31,149.55
149,114,83.37,200.09
149,115,33.69,80.86
149,116,41.35,99.23
149,117,84.58,202.99
149,118,63.72,152.92
149,119,76.60,183.84
149,120,50.12,120.30
149,121,63.85,153.24
149,122,58.69,140.85
149,123,6.06,14.54
149,124,53.32,127.96
149,125,56.49,135.58
149,126,61.75,148.19
149,127,56.89,136.53
149,128,7.20,17.27
149,129,30.91,74.18
149,130,27.33,65.58
149,131,40.27,96.65
149,132,20.62,49.49
149,133,54.61,131.06
149,134,26.67,64.01
149,135,40.31,96.75
149,136,39.72,95.34
149,137,59.89,143.75
149,138,82.84,198.81
149,139,18.26,43.83
149,140,49.51,118.82
149,141,23.90,57.35
149,142,56.83,136.39
149,143,39.31,94.35
149,144,30.90,74.17
149,145,35.03,84.08
149,146,81.57,195.76
149,147,85.54,205.30
149,148,69.60,167.05
149,150,10.81,25.95
149,151,29.27,70.25
149,152,37.40,89.76
149,158,54.79,131.49
149,160,78.24,187.78
149,162,26.08,62.60
149,164,66.77,160.25
149,166,52.85,126.83
149,170,62.38,149.71
150,1,68.56,164.54
150,2,66.59,159.81
150,3,26.44,63.46
150,4,25.45,61.08
150,5,25.10,60.24
150,6,16.64,39.93
150,7,54.16,129.98
150,8,42.49,101.98
150,9,31.35,75.24
150,10,30.19,72.46
150,11,46.77,112.25
150,12,38.97,93.53
150,13,38.56,92.54
150,14,41.03,98.46
150,15,29.13,69.91
150,16,39.10,93.84
150,17,31.55,75.73
150,18,56.55,135.71
150,19,51.29,123.09
150,20,48.95,117.48
150,21,47.98,115.14
150,22,70.84,170.02
150,23,55.84,134.01
150,24,64.18,154.04
150,25,48.22,115.74
150,26,44.52,106.84
150,27,43.19,103.64
150,28,34.48,82.75
150,29,31.12,74.68
150,30,65.14,156.34
150,31,67.21,161.31
150,32,42.28,101.48
150,33,18.48,44.35
150,34,33.03,79.28
150,35,37.76,90.62
150,36,58.27,139.84
150,37,56.42,135.41
150,38,52.14,125.13
150,39,43.10,103.44
150,40,63.05,151.32
150,41,59.78,143.47
150,42,44.26,106.23
150,43,61.34,147.21
150,44,52.29,125.49
150,45,33.92,81.40
150,46,36.25,87.01
150,47,36.90,88.56
150,48,45.77,109.84
150,49,40.56,97.34
150,50,34.65,83.15
150,51,28.30,67.91
150,52,52.56,126.14
150,53,48.04,115.29
150,54,62.55,150.13
150,55,69.05,165.73
150,56,72.46,173.92
150,57,71.19,170.86
150,58,56.97,136.73
150,59,34.74,83.37
150,60,28.30,67.93
150,61,11.95,28.68
150,62,53.42,128.21
150,63,63.13,151.52
150,64,34.87,83.68
150,65,42.41,101.77
150,66,60.08,144.18
150,67,33.18,79.63
150,68,55.93,134.22
150,69,56.38,135.32
150,70,61.48,147.55
150,71,17.92,43.02
150,72,24.92,59.81
150,73,61.05,146.52
150,74,46.48,111.55
150,75,62.61,150.27
150,76,50.03,120.08
150,77,47.99,115.19
150,78,18.57,44.58
150,79,64.35,154.43
150,80,47.75,114.60
150,81,13.21,31.71
150,82,39.18,94.03
150,83,46.22,110.93
150,84,12.69,30.46
150,85,23.12,55.49
150,86,49.27,118.26
150,87,59.87,143.69
150,88,71.77,172.26
150,89,44.69,107.26
150,90,49.59,119.02
150,91,12.69,30.46
150,92,52.93,127.03
150,93,59.98,143.96
150,94,76.06,182.55
150,95,66.98,160.75
150,96,20.52,49.25
150,97,36.80,88.32
150,98,63.91,153.38
150,99,51.03,122.46
150,100,44.45,106.67
150,101,38.17,91.60
150,102,68.84,165.22
150,103,60.68,145.62
150,104,21.06,50.54
150,105,53.51,128.42
150,106,27.92,67.00
150,107,76.54,183.70
150,108,71.39,171.33
150,109,70.93,170.23
150,110,67.35,161.64
150,111,76.31,183.15
150,112,75.76,181.82
150,113,68.71,164.91
150,114,80.35,192.84
150,115,30.27,72.64
150,116,46.74,112.17
150,117,80.69,193.65
150,118,64.56,154.93
150,119,76.11,182.66
150,120,51.35,123.24
150,121,55.72,133.73
150,122,56.83,136.39
150,123,15.92,38.21
150,124,42.99,103.18
150,125,52.27,125.44
150,126,51.28,123.07
150,127,60.86,146.07
150,128,15.38,36.91
150,129,25.39,60.93
150,130,29.72,71.32
150,131,45.80,109.91
150,132,19.18,46.02
150,133,48.19,115.66
150,134,19.09,45.82
150,135,47.36,113.66
150,136,44.72,107.34
150,137,49.60,119.05
150,138,80.14,192.34
150,139,26.85,64.44
150,140,49.72,119.32
150,141,14.70,35.29
150,142,46.40,111.36
150,143,31.40,75.36
150,144,25.59,61.42
150,145,39.95,95.87
150,146,79.19,190.05
150,147,82.00,196.79
150,148,63.51,152.41
150,149,10.81,25.95
150,151,20.21,48.51
150,152,34.78,83.47
150,158,59.81,143.55
150,160,73.73,176.95
150,162,31.84,76.41
150,164,58.94,141.46
150,166,43.43,104.23
150,170,61.72,148.13
151,1,60.03,144.08
151,2,61.36,147.27
151,3,10.84,26.02
151,4,15.70,37.67
151,5,20.19,48.45
151,6,15.39,36.93
151,7,46.85,112.45
151,8,33.25,79.80
151,9,29.37,70.48
151,10,32.22,77.33
151,11,42.14,101.14
151,12,35.88,86.11
151,13,39.62,95.10
151,14,34.11,81.87
151,15,8.92,21.42
151,16,22.54,54.09
151,17,12.23,29.35
151,18,41.27,99.04
151,19,34.34,82.41
151,20,35.31,84.73
151,21,32.77,78.64
151,22,53.57,128.56
151,23,42.62,102.28
151,24,50.83,121.98
151,25,36.74,88.18
151,26,41.66,99.98
151,27,42.03,100.87
151,28,19.25,46.19
151,29,15.68,37.63
151,30,50.32,120.77
151,31,52.96,127.09
151,32,22.22,53.32
151,33,8.82,21.16
151,34,20.24,48.58
151,35,41.07,98.56
151,36,40.17,96.41
151,37,37.59,90.21
151,38,32.87,78.88
151,39,45.90,110.15
151,40,46.92,112.61
151,41,51.34,123.22
151,42,27.09,65.01
151,43,57.22,137.32
151,44,48.29,115.90
151,45,24.66,59.19
151,46,24.34,58.42
151,47,16.69,40.05
151,48,25.60,61.43
151,49,20.66,49.59
151,50,16.75,40.20
151,51,33.36,80.05
151,52,51.63,123.92
151,53,48.87,117.30
151,54,43.86,105.27
151,55,49.97,119.93
151,56,54.37,130.49
151,57,55.07,132.16
151,58,37.30,89.52
151,59,15.18,36.43
151,60,8.85,21.23
151,61,11.38,27.32
151,62,43.07,103.37
151,63,52.02,124.84
151,64,27.79,66.70
151,65,31.18,74.84
151,66,47.51,114.02
151,67,36.38,87.31
151,68,53.40,128.15
151,69,56.20,134.89
151,70,59.08,141.80
151,71,23.40,56.16
151,72,7.82,18.76
151,73,54.58,130.99
151,74,39.50,94.79
151,75,63.41,152.19
151,76,30.13,72.31
151,77,38.33,92.00
151,78,10.57,25.37
151,79,63.42,152.20
151,80,52.84,126.83
151,81,12.71,30.51
151,82,29.42,70.60
151,83,28.43,68.24
151,84,18.48,44.34
151,85,25.11,60.26
151,86,29.06,69.75
151,87,40.53,97.26
151,88,56.81,136.35
151,89,25.47,61.13
151,90,30.51,73.23
151,91,7.72,18.53
151,92,54.29,130.30
151,93,58.83,141.18
151,94,58.53,140.48
151,95,51.12,122.70
151,96,14.08,33.79
151,97,42.31,101.54
151,98,44.45,106.68
151,99,33.52,80.45
151,100,29.59,71.00
151,101,18.48,44.36
151,102,69.30,166.31
151,103,62.55,150.12
151,104,27.37,65.69
151,105,44.47,106.73
151,106,35.99,86.37
151,107,59.76,143.42
151,108,60.05,144.12
151,109,57.77,138.65
151,110,69.12,165.88
151,111,60.77,145.85
151,112,63.78,153.08
151,113,71.39,171.33
151,114,65.28,156.67
151,115,19.79,47.50
151,116,49.32,118.36
151,117,64.38,154.52
151,118,56.70,136.07
151,119,65.22,156.53
151,120,45.45,109.07
151,121,35.59,85.41
151,122,44.78,107.48
151,123,32.12,77.08
151,124,25.28,60.66
151,125,36.63,87.90
151,126,34.01,81.63
151,127,59.20,142.08
151,128,30.03,72.06
151,129,12.32,29.57
151,130,30.51,73.22
151,131,48.76,117.03
151,132,18.97,45.53
151,133,29.61,71.07
151,134,5.40,12.95
151,135,53.13,127.52
151,136,46.84,112.42
151,137,31.58,75.79
151,138,65.56,157.34
151,139,38.65,92.76
151,140,42.13,101.12
151,141,5.52,13.24
151,142,29.07,69.76
151,143,11.80,28.33
151,144,12.93,31.04
151,145,42.67,102.41
151,146,65.11,156.27
151,147,66.13,158.72
151,148,44.86,107.67
151,149,29.27,70.25
151,150,20.21,48.51
151,152,24.56,58.94
151,158,60.30,144.73
151,160,56.77,136.24
151,162,37.75,90.60
151,164,38.92,93.40
151,166,23.58,56.59
151,170,51.39,123.34
152,153,0.00,0.00
153,1,33.94,81.45
153,2,35.20,84.48
153,3,15.91,38.19
153,4,11.37,27.29
153,5,11.37,27.28
153,6,19.45,46.68
153,7,20.53,49.28
153,8,6.98,16.76
153,9,12.33,29.60
153,10,18.49,44.38
153,11,16.99,40.77
153,12,13.47,32.33
153,13,20.79,49.91
153,14,8.43,20.23
153,15,26.63,63.91
153,16,13.73,32.96
153,17,21.00,50.41
153,18,22.61,54.26
153,19,21.12,50.68
153,20,14.09,33.81
153,21,15.35,36.84
153,22,38.61,92.66
153,23,20.17,48.41
153,24,28.36,68.07
153,25,12.19,29.25
153,26,17.98,43.15
153,27,19.94,47.87
153,28,10.84,26.01
153,29,12.57,30.16
153,30,30.15,72.36
153,31,31.75,76.20
153,32,27.93,67.04
153,33,19.73,47.36
153,34,7.02,16.84
153,35,24.47,58.72
153,36,29.37,70.49
153,37,30.21,72.50
153,38,28.80,69.13
153,39,27.20,65.27
153,40,29.62,71.08
153,41,25.15,60.36
153,42,17.16,41.18
153,43,31.46,75.51
153,44,23.00,55.20
153,45,2.15,5.17
153,46,3.97,9.52
153,47,28.56,68.54
153,48,34.85,83.64
153,49,34.44,82.65
153,50,16.77,40.24
153,51,22.86,54.87
153,52,28.19,67.65
153,53,27.42,65.80
153,54,34.69,83.26
153,55,41.67,100.01
153,56,41.79,100.30
153,57,37.23,89.34
153,58,34.42,82.62
153,59,32.92,79.00
153,60,30.22,72.53
153,61,24.85,59.63
153,62,17.57,42.16
153,63,27.17,65.21
153,64,4.50,10.79
153,65,6.47,15.53
153,66,24.09,57.81
153,67,21.70,52.08
153,68,28.63,68.72
153,69,32.90,78.95
153,70,34.07,81.77
153,71,22.32,53.56
153,72,32.74,78.58
153,73,28.29,67.88
153,74,13.35,32.05
153,75,40.30,96.71
153,76,40.75,97.80
153,77,12.35,29.63
153,78,36.69,88.05
153,79,39.07,93.76
153,80,35.27,84.64
153,81,37.02,88.85
153,82,3.23,7.75
153,83,46.47,111.54
153,84,24.29,58.29
153,85,17.87,42.88
153,86,35.58,85.39
153,87,35.00,84.01
153,88,36.66,87.98
153,89,40.62,97.50
153,90,44.87,107.69
153,91,29.99,71.97
153,92,32.54,78.10
153,93,34.60,83.03
153,94,43.95,105.48
153,95,32.92,79.02
153,96,15.75,37.80
153,97,28.02,67.26
153,98,38.86,93.26
153,99,51.16,122.78
153,100,12.31,29.54
153,101,23.49,56.37
153,102,45.57,109.38
153,103,40.39,96.94
153,104,23.13,55.51
153,105,18.36,44.05
153,106,27.85,66.85
153,107,43.18,103.62
153,108,35.43,85.03
153,109,34.96,83.91
153,110,46.38,111.32
153,111,41.53,99.68
153,112,39.72,95.33
153,113,49.26,118.23
153,114,45.10,108.24
153,115,6.60,15.85
153,116,29.60,71.05
153,117,46.54,111.70
153,118,30.44,73.05
153,119,40.30,96.72
153,120,19.43,46.63
153,121,37.51,90.02
153,122,20.79,49.88
153,123,36.60,87.83
153,124,44.15,105.95
153,125,19.43,46.62
153,126,52.01,124.81
153,127,34.61,83.08
153,128,33.64,80.73
153,129,14.01,33.62
153,130,16.39,39.34
153,131,29.59,71.02
153,132,17.72,42.52
153,133,23.50,56.40
153,134,21.84,52.41
153,135,36.30,87.11
153,136,27.15,65.16
153,137,48.51,116.43
153,138,44.60,107.05
153,139,34.15,81.96
153,140,15.82,37.97
153,141,27.69,66.45
153,142,47.81,114.75
153,143,21.98,52.76
153,144,13.41,32.18
153,145,24.80,59.53
153,146,43.42,104.22
153,147,47.35,113.64
153,148,35.35,84.83
153,149,38.27,91.85
153,150,36.06,86.55
153,151,26.32,63.18
158,159,0.00,0.00
159,1,28.00,67.19
159,2,17.20,41.27
159,3,53.25,127.81
159,4,46.57,111.76
159,5,41.84,100.42
159,6,48.67,116.82
159,7,24.08,57.80
159,8,33.77,81.05
159,9,32.76,78.61
159,10,31.76,76.23
159,11,21.79,52.31
159,12,26.22,62.94
159,13,23.37,56.10
159,14,30.23,72.55
159,15,64.58,155.00
159,16,51.37,123.29
159,17,59.40,142.57
159,18,47.95,115.07
159,19,53.01,127.22
159,20,42.43,101.82
159,21,47.01,112.81
159,22,61.24,146.97
159,23,41.05,98.52
159,24,42.90,102.95
159,25,36.72,88.14
159,26,20.71,49.71
159,27,19.96,47.90
159,28,49.33,118.40
159,29,50.92,122.20
159,30,48.49,116.37
159,31,47.07,112.98
159,32,66.01,158.43
159,33,53.47,128.33
159,34,45.47,109.13
159,35,24.16,57.99
159,36,59.73,143.36
159,37,62.83,150.79
159,38,63.70,152.88
159,39,18.93,45.44
159,40,52.86,126.86
159,41,26.44,63.45
159,42,52.99,127.17
159,43,13.32,31.97
159,44,16.59,39.82
159,45,39.21,94.11
159,46,42.24,101.38
159,47,67.08,161.00
159,48,72.96,175.11
159,49,72.95,175.09
159,50,55.27,132.65
159,51,33.59,80.62
159,52,10.44,25.07
159,53,13.76,33.01
159,54,64.66,155.19
159,55,70.51,169.22
159,56,66.31,159.14
159,57,56.17,134.80
159,58,68.65,164.75
159,59,71.27,171.05
159,60,67.85,162.85
159,61,55.22,132.53
159,62,32.63,78.32
159,63,35.12,84.29
159,64,35.24,84.57
159,65,38.01,91.21
159,66,39.38,94.50
159,67,28.60,68.63
159,68,10.79,25.89
159,69,5.78,13.88
159,70,8.08,19.39
159,71,43.97,105.53
159,72,69.44,166.65
159,73,20.45,49.09
159,74,26.78,64.28
159,75,2.13,5.12
159,76,78.78,189.07
159,77,32.22,77.34
159,78,70.98,170.34
159,79,4.11,9.86
159,80,17.96,43.11
159,81,69.16,165.99
159,82,36.65,87.95
159,83,84.99,203.98
159,84,49.82,119.57
159,85,39.29,94.29
159,86,73.13,175.50
159,87,67.55,162.13
159,88,51.64,123.92
159,89,79.12,189.90
159,90,83.27,199.84
159,91,62.51,150.02
159,92,9.01,21.62
159,93,4.83,11.59
159,94,65.32,156.76
159,95,53.21,127.70
159,96,48.13,115.51
159,97,26.27,63.05
159,98,70.47,169.13
159,99,89.68,215.23
159,100,46.25,111.01
159,101,61.86,148.46
159,102,7.32,17.57
159,103,5.07,12.17
159,104,40.73,97.74
159,105,28.97,69.52
159,106,35.38,84.91
159,107,61.89,148.54
159,108,38.23,91.75
159,109,44.44,106.67
159,110,8.14,19.53
159,111,56.22,134.93
159,112,42.36,101.67
159,113,11.53,27.67
159,114,56.47,135.53
159,115,43.65,104.75
159,116,15.47,37.13
159,117,62.03,148.87
159,118,24.96,59.92
159,119,38.79,93.09
159,120,21.63,51.91
159,121,73.41,176.18
159,122,37.43,89.83
159,123,51.47,123.54
159,124,82.61,198.27
159,125,48.58,116.59
159,126,90.53,217.27
159,127,5.98,14.35
159,128,49.61,119.07
159,129,50.56,121.34
159,130,32.70,78.48
159,131,16.58,39.80
159,132,44.87,107.70
159,133,58.87,141.29
159,134,56.67,136.01
159,135,19.49,46.77
159,136,17.14,41.13
159,137,87.03,208.87
159,138,54.37,130.49
159,139,40.23,96.54
159,140,26.48,63.56
159,141,61.05,146.53
159,142,86.31,207.14
159,143,60.35,144.85
159,144,49.91,119.78
159,145,21.91,52.58
159,146,51.83,124.40
159,147,60.82,145.97
159,148,64.83,155.60
159,149,56.80,136.31
159,150,61.77,148.24
159,151,61.98,148.76
160,161,0.00,0.00
161,1,33.68,80.83
161,2,44.22,106.13
161,3,46.68,112.03
161,4,47.71,114.51
161,5,50.32,120.76
161,6,57.21,137.30
161,7,36.22,86.94
161,8,35.93,86.22
161,9,50.65,121.57
161,10,56.59,135.81
161,11,43.30,103.91
161,12,47.33,113.59
161,13,55.14,132.33
161,14,40.26,96.63
161,15,49.96,119.90
161,16,33.91,81.39
161,17,44.23,106.16
161,18,16.78,40.28
161,19,21.79,52.30
161,20,25.32,60.77
161,21,24.93,59.84
161,22,4.25,10.19
161,23,20.86,50.07
161,24,16.35,39.23
161,25,29.00,69.60
161,26,47.26,113.43
161,27,50.89,122.14
161,28,38.30,91.91
161,29,41.76,100.21
161,30,11.02,26.45
161,31,12.19,29.26
161,32,38.65,92.75
161,33,54.33,130.40
161,34,40.00,96.00
161,35,59.52,142.86
161,36,17.19,41.24
161,37,21.54,51.69
161,38,26.77,64.24
161,39,59.60,143.04
161,40,9.84,23.60
161,41,32.80,78.71
161,42,29.04,69.70
161,43,46.08,110.59
161,44,44.80,107.52
161,45,41.33,99.19
161,46,37.54,90.09
161,47,44.78,107.47
161,48,42.15,101.17
161,49,47.14,113.14
161,50,39.36,94.47
161,51,61.29,147.08
161,52,52.83,126.79
161,53,56.19,134.86
161,54,16.67,40.01
161,55,17.05,40.93
161,56,9.00,21.59
161,57,3.07,7.37
161,58,26.51,63.63
161,59,50.88,122.12
161,60,53.52,128.44
161,61,60.80,145.93
161,62,28.69,68.87
161,63,24.16,57.98
161,64,42.91,102.98
161,65,33.31,79.93
161,66,20.31,48.74
161,67,58.66,140.78
161,68,49.31,118.35
161,69,55.98,134.34
161,70,51.30,123.13
161,71,61.58,147.80
161,72,58.16,139.59
161,73,38.88,93.30
161,74,38.34,92.01
161,75,61.35,147.25
161,76,44.95,107.88
161,77,32.44,77.84
161,78,65.79,157.90
161,79,56.88,136.52
161,80,66.74,160.19
161,81,68.82,165.17
161,82,37.24,89.37
161,83,56.87,136.49
161,84,62.61,150.26
161,85,57.25,137.39
161,86,38.95,93.47
161,87,22.43,53.83
161,88,8.55,20.53
161,89,50.49,121.19
161,90,51.23,122.95
161,91,62.93,151.04
161,92,59.01,141.62
161,93,54.45,130.68
161,94,6.10,14.65
161,95,6.73,16.16
161,96,52.72,126.54
161,97,63.84,153.21
161,98,21.72,52.13
161,99,58.97,141.52
161,100,28.48,68.35
161,101,39.43,94.62
161,102,63.40,152.16
161,103,63.64,152.74
161,104,62.50,149.99
161,105,31.89,76.53
161,106,66.34,159.21
161,107,3.82,9.17
161,108,23.96,57.51
161,109,16.49,39.58
161,110,66.72,160.12
161,111,7.26,17.41
161,112,22.75,54.61
161,113,70.35,168.84
161,114,12.01,28.83
161,115,43.35,104.05
161,116,60.10,144.25
161,117,8.37,20.09
161,118,35.06,84.15
161,119,27.31,65.54
161,120,39.99,95.98
161,121,33.03,79.28
161,122,23.11,55.46
161,123,75.89,182.15
161,124,56.74,136.17
161,125,20.59,49.41
161,126,59.99,143.98
161,127,53.27,127.86
161,128,72.94,175.05
161,129,47.38,113.70
161,130,54.78,131.48
161,131,60.75,145.81
161,132,56.50,135.59
161,133,27.45,65.88
161,134,54.46,130.70
161,135,68.31,163.95
161,136,58.45,140.27
161,137,56.47,135.53
161,138,13.87,33.28
161,139,72.98,175.15
161,140,36.23,86.96
161,141,60.30,144.73
161,142,58.58,140.59
161,143,44.93,107.82
161,144,47.16,113.19
161,145,58.73,140.95
161,146,15.43,37.03
161,147,10.65,25.56
161,148,15.84,38.01
161,149,77.05,184.91
161,150,72.75,174.61
161,151,56.11,134.66
162,163,0.00,0.00
163,1,43.83,105.19
163,2,37.91,90.99
163,3,33.46,80.30
163,4,26.27,63.06
163,5,20.34,48.81
163,6,23.49,56.37
163,7,30.49,73.18
163,8,26.80,64.31
163,9,13.39,32.13
163,10,7.52,18.05
163,11,21.49,51.58
163,12,15.35,36.84
163,13,8.55,20.53
163,14,22.32,53.57
163,15,44.27,106.25
163,16,38.54,92.49
163,17,41.14,98.73
163,18,46.48,111.54
163,19,46.62,111.90
163,20,38.04,91.30
163,21,40.57,97.38
163,22,62.65,150.37
163,23,41.77,100.25
163,24,48.33,115.98
163,25,33.60,80.65
163,26,17.51,42.03
163,27,14.28,34.27
163,28,34.26,82.22
163,29,33.76,81.02
163,30,52.06,124.94
163,31,52.54,126.10
163,32,51.04,122.49
163,33,29.99,71.97
163,34,29.97,71.94
163,35,5.13,12.32
163,36,54.85,131.64
163,37,55.84,134.02
163,38,54.21,130.10
163,39,10.05,24.13
163,40,53.34,128.03
163,41,36.46,87.50
163,42,42.64,102.33
163,43,32.07,76.97
163,44,24.45,58.67
163,45,24.57,58.98
163,46,29.21,70.11
163,47,49.43,118.62
163,48,57.49,137.98
163,49,55.24,132.57
163,50,39.27,94.24
163,51,5.52,13.24
163,52,21.24,50.97
163,53,15.80,37.92
163,54,60.21,144.50
163,55,67.14,161.14
163,56,66.46,159.51
163,57,59.97,143.93
163,58,59.87,143.68
163,59,51.63,123.92
163,60,46.53,111.68
163,61,29.28,70.28
163,62,34.90,83.75
163,63,43.42,104.21
163,64,21.19,50.86
163,65,30.16,72.37
163,66,43.64,104.74
163,67,3.99,9.58
163,68,25.70,61.69
163,69,24.11,57.86
163,70,30.50,73.21
163,71,16.54,39.69
163,72,46.55,111.71
163,73,34.68,83.24
163,74,24.99,59.97
163,75,29.55,70.93
163,76,63.31,151.95
163,77,30.29,72.69
163,78,45.68,109.64
163,79,32.08,76.99
163,80,14.61,35.07
163,81,42.68,102.42
163,82,26.45,63.49
163,83,65.87,158.10
163,84,22.62,54.29
163,85,13.63,32.71
163,86,59.17,142.01
163,87,60.63,145.50
163,88,57.80,138.73
163,89,61.27,147.05
163,90,66.12,158.68
163,91,36.82,88.36
163,92,19.98,47.95
163,93,28.13,67.52
163,94,67.84,162.81
163,95,55.85,134.04
163,96,25.08,60.19
163,97,3.61,8.67
163,98,64.49,154.78
163,99,70.95,170.27
163,100,37.84,90.81
163,101,46.09,110.61
163,102,35.77,85.84
163,103,27.35,65.64
163,104,12.67,30.40
163,105,32.75,78.61
163,106,6.53,15.66
163,107,66.18,158.84
163,108,50.59,121.42
163,109,53.45,128.28
163,110,33.98,81.55
163,111,62.95,151.08
163,112,55.44,133.05
163,113,35.28,84.67
163,114,65.41,156.98
163,115,26.36,63.27
163,116,13.56,32.54
163,117,68.57,164.57
163,118,39.50,94.79
163,119,53.93,129.44
163,120,26.40,63.36
163,121,62.35,149.63
163,122,40.28,96.67
163,123,22.62,54.28
163,124,62.96,151.11
163,125,44.27,106.24
163,126,71.60,171.85
163,127,29.33,70.39
163,128,20.64,49.53
163,129,30.36,72.86
163,130,9.72,23.34
163,131,12.52,30.05
163,132,19.77,47.45
163,133,48.91,117.38
163,134,33.45,80.27
163,135,14.59,35.01
163,136,11.93,28.64
163,137,68.62,164.68
163,138,64.19,154.05
163,139,12.62,30.29
163,140,27.90,66.96
163,141,36.06,86.56
163,142,66.83,160.39
163,143,41.84,100.41
163,144,29.83,71.58
163,145,7.38,17.70
163,146,62.31,149.55
163,147,68.65,164.77
163,148,60.81,145.96
163,149,27.82,66.76
163,150,33.43,80.24
163,151,38.73,92.96
164,165,0.00,0.00
165,1,53.80,129.13
165,2,61.84,148.43
165,3,34.84,83.61
165,4,39.92,95.80
165,5,45.09,108.22
165,6,48.36,116.07
165,7,48.72,116.92
165,8,39.87,95.69
165,9,50.35,120.84
165,10,56.33,135.19
165,11,51.50,123.61
165,12,51.22,122.93
165,13,58.99,141.57
165,14,44.39,106.54
165,15,31.48,75.56
165,16,25.30,60.72
165,17,28.41,68.18
165,18,25.89,62.13
165,19,19.42,46.60
165,20,30.00,72.00
165,21,25.52,61.24
165,22,23.68,56.83
165,23,32.70,78.47
165,24,35.77,85.84
165,25,35.71,85.71
165,26,54.25,130.20
165,27,57.12,137.10
165,28,30.00,71.99
165,29,31.74,76.17
165,30,30.90,74.17
165,31,34.16,81.99
165,32,17.84,42.83
165,33,42.67,102.42
165,34,34.02,81.65
165,35,62.78,150.67
165,36,13.92,33.42
165,37,9.77,23.44
165,38,9.53,22.86
165,39,65.17,156.41
165,40,24.65,59.15
165,41,48.67,116.80
165,42,21.16,50.78
165,43,61.21,146.89
165,44,55.88,134.12
165,45,39.17,94.01
165,46,34.56,82.94
165,47,24.02,57.65
165,48,17.35,41.64
165,49,23.42,56.21
165,50,26.55,63.73
165,51,60.22,144.52
165,52,63.25,151.80
165,53,64.26,154.22
165,54,11.37,27.29
165,55,12.89,30.93
165,56,20.82,49.97
165,57,29.08,69.80
165,58,3.91,9.39
165,59,28.83,69.20
165,60,33.81,81.14
165,61,48.94,117.46
165,62,40.30,96.73
165,63,42.60,102.23
165,64,42.81,102.75
165,65,35.57,85.36
165,66,36.44,87.47
165,67,59.88,143.71
165,68,61.64,147.94
165,69,67.58,162.19
165,70,65.71,157.70
165,71,55.50,133.21
165,72,38.54,92.50
165,73,54.81,131.55
165,74,46.07,110.56
165,75,74.49,178.77
165,76,18.09,43.43
165,77,40.24,96.58
165,78,47.07,112.97
165,79,71.48,171.56
165,80,73.23,175.74
165,81,51.62,123.90
165,82,38.37,92.09
165,83,30.35,72.84
165,84,53.73,128.95
165,85,53.25,127.79
165,86,13.34,32.01
165,87,5.84,14.02
165,88,34.21,82.11
165,89,24.66,59.18
165,90,24.17,58.00
165,91,47.72,114.54
165,92,68.75,165.00
165,93,67.75,162.60
165,94,26.25,63.00
165,95,27.72,66.53
165,96,43.94,105.46
165,97,66.30,159.13
165,98,6.59,15.82
165,99,31.65,75.95
165,100,26.97,64.72
165,101,21.75,52.21
165,102,78.43,188.23
165,103,75.63,181.50
165,104,58.10,139.43
165,105,43.89,105.34
165,106,64.88,155.72
165,107,29.97,71.92
165,108,46.90,112.56
165,109,40.39,96.94
165,110,80.55,193.33
165,111,35.01,84.03
165,112,47.75,114.59
165,113,83.92,201.41
165,114,39.87,95.68
165,115,37.87,90.90
165,116,67.15,161.15
165,117,35.20,84.47
165,118,53.15,127.55
165,119,51.63,123.91
165,120,50.80,121.91
165,121,5.89,14.13
165,122,36.72,88.13
165,123,68.59,164.62
165,124,30.95,74.29
165,125,24.01,57.62
165,126,32.65,78.36
165,127,67.12,161.08
165,128,65.88,158.11
165,129,37.19,89.25
165,130,54.13,129.92
165,131,67.33,161.58
165,132,49.60,119.04
165,133,14.83,35.60
165,134,41.04,98.50
165,135,74.38,178.52
165,136,64.83,155.60
165,137,29.34,70.42
165,138,41.58,99.80
165,139,70.34,168.82
165,140,45.95,110.28
165,141,45.37,108.88
165,142,32.00,76.80
165,143,28.51,68.43
165,144,37.37,89.70
165,145,63.01,151.23
165,146,42.77,102.66
165,147,38.02,91.25
165,148,12.08,28.99
165,149,67.51,162.03
165,150,59.91,143.78
165,151,40.00,96.01
166,167,0.00,0.00
167,1,62.01,148.82
167,2,67.36,161.66
167,3,24.01,57.62
167,4,31.05,74.51
167,5,36.98,88.75
167,6,36.77,88.26
167,7,52.58,126.18
167,8,40.10,96.24
167,9,44.88,107.71
167,10,49.87,119.69
167,11,51.92,124.61
167,12,48.64,116.74
167,13,55.10,132.24
167,14,43.48,104.36
167,15,15.29,36.69
167,16,22.47,53.93
167,17,16.22,38.92
167,18,35.53,85.26
167,19,26.80,64.33
167,20,34.66,83.19
167,21,30.01,72.03
167,22,40.77,97.85
167,23,40.54,97.30
167,24,46.73,112.15
167,25,39.25,94.19
167,26,53.33,127.99
167,27,55.21,132.51
167,28,24.55,58.93
167,29,23.85,57.23
167,30,43.54,104.49
167,31,46.83,112.38
167,32,7.97,19.12
167,33,29.92,71.80
167,34,28.73,68.95
167,35,57.97,139.12
167,36,27.48,65.95
167,37,22.97,55.14
167,38,17.80,42.72
167,39,61.72,148.13
167,40,37.98,91.15
167,41,54.76,131.43
167,42,22.40,53.75
167,43,65.01,156.02
167,44,57.56,138.15
167,45,35.09,84.22
167,46,31.51,75.64
167,47,8.08,19.40
167,48,2.49,5.97
167,49,3.88,9.32
167,50,18.71,44.89
167,51,52.63,126.32
167,52,63.48,152.34
167,53,62.69,150.46
167,54,28.43,68.23
167,55,32.33,77.59
167,56,39.32,94.37
167,57,44.78,107.47
167,58,18.93,45.43
167,59,9.88,23.70
167,60,16.00,38.40
167,61,34.98,83.94
167,62,45.52,109.24
167,63,51.45,123.47
167,64,39.23,94.15
167,65,36.09,86.61
167,66,45.44,109.06
167,67,53.99,129.57
167,68,63.41,152.19
167,69,68.17,163.60
167,70,68.50,164.40
167,71,44.91,107.78
167,72,20.22,48.53
167,73,59.99,143.98
167,74,47.27,113.45
167,75,75.54,181.29
167,76,6.21,14.89
167,77,43.01,103.23
167,78,28.66,68.78
167,79,73.86,177.27
167,80,69.60,167.04
167,81,33.80,81.12
167,82,37.05,88.93
167,83,13.04,31.29
167,84,41.32,99.17
167,85,44.52,106.85
167,86,6.50,15.60
167,87,23.15,55.55
167,88,48.72,116.93
167,89,6.35,15.24
167,90,9.58,23.00
167,91,31.48,75.55
167,92,67.89,162.93
167,93,69.54,166.89
167,94,44.52,106.84
167,95,42.03,100.87
167,96,33.26,79.82
167,97,60.52,145.25
167,98,25.98,62.36
167,99,16.69,40.05
167,100,28.97,69.54
167,101,11.88,28.50
167,102,80.58,193.39
167,103,75.75,181.79
167,104,48.38,116.11
167,105,48.45,116.27
167,106,56.47,135.54
167,107,47.41,113.78
167,108,57.90,138.96
167,109,52.91,126.99
167,110,81.66,195.98
167,111,51.01,122.43
167,112,60.14,144.33
167,113,84.60,203.05
167,114,55.97,134.33
167,115,31.56,75.74
167,116,64.53,154.86
167,117,52.64,126.33
167,118,60.03,144.06
167,119,63.13,151.50
167,120,53.13,127.52
167,121,14.10,33.83
167,122,44.19,106.06
167,123,55.81,133.94
167,124,12.30,29.51
167,125,31.48,75.56
167,126,17.66,42.39
167,127,69.36,166.46
167,128,53.47,128.34
167,129,27.08,64.98
167,130,47.74,114.56
167,131,64.35,154.44
167,132,39.30,94.31
167,133,18.95,45.47
167,134,27.17,65.20
167,135,70.36,168.87
167,136,62.01,148.82
167,137,13.93,33.42
167,138,57.16,137.18
167,139,60.58,145.39
167,140,48.53,116.47
167,141,29.59,71.02
167,142,14.72,35.32
167,143,15.62,37.48
167,144,27.56,66.14
167,145,58.90,141.36
167,146,57.70,138.49
167,147,55.15,132.36
167,148,29.42,70.62
167,149,53.35,128.03
167,150,44.17,106.01
167,151,24.11,57.87
170,171,0.00,0.00
171,1,7.85,18.85
171,2,16.47,39.52
171,3,42.38,101.72
171,4,38.96,93.51
171,5,38.06,91.34
171,6,46.57,111.78
171,7,11.04,26.50
171,8,20.77,49.85
171,9,33.40,80.17
171,10,37.81,90.74
171,11,20.01,48.03
171,12,26.99,64.77
171,13,33.02,79.25
171,14,22.39,53.73
171,15,51.25,123.00
171,16,33.36,80.05
171,17,44.84,107.62
171,18,20.32,48.78
171,19,28.16,67.58
171,20,19.70,47.28
171,21,24.19,58.05
171,22,30.43,73.04
171,23,13.89,33.34
171,24,11.93,28.63
171,25,16.54,39.70
171,26,24.06,57.75
171,27,27.57,66.16
171,28,34.55,82.92
171,29,37.82,90.77
171,30,17.71,42.50
171,31,15.84,38.01
171,32,46.31,111.14
171,33,47.31,113.53
171,34,32.97,79.12
171,35,37.18,89.24
171,36,32.33,77.59
171,37,36.51,87.62
171,38,39.26,94.22
171,39,35.48,85.16
171,40,23.04,55.31
171,41,5.46,13.10
171,42,31.87,76.48
171,43,18.10,43.44
171,44,18.76,45.03
171,45,29.64,71.15
171,46,28.89,69.33
171,47,50.07,120.17
171,48,52.60,126.25
171,49,54.98,131.96
171,50,39.34,94.41
171,51,42.33,101.59
171,52,26.28,63.08
171,53,30.74,73.79
171,54,36.36,87.26
171,55,41.12,98.69
171,56,35.69,85.65
171,57,24.96,59.90
171,58,42.90,102.97
171,59,55.82,133.97
171,60,55.16,132.38
171,61,52.36,125.67
171,62,10.14,24.35
171,63,3.95,9.47
171,64,28.30,67.91
171,65,22.03,52.88
171,66,9.76,23.42
171,67,38.16,91.58
171,68,22.07,52.97
171,69,28.67,68.81
171,70,23.35,56.05
171,71,47.23,113.34
171,72,58.63,140.71
171,73,10.92,26.20
171,74,17.43,41.84
171,75,33.47,80.32
171,76,57.64,138.35
171,77,15.28,36.67
171,78,63.76,153.02
171,79,28.87,69.28
171,80,41.38,99.30
171,81,64.53,154.87
171,82,24.37,58.50
171,83,67.06,160.95
171,84,50.78,121.87
171,85,41.84,100.41
171,86,51.25,122.99
171,87,40.57,97.37
171,88,20.27,48.64
171,89,60.45,145.08
171,90,63.34,152.02
171,91,57.54,138.09
171,92,32.37,77.69
171,93,26.66,63.97
171,94,34.13,81.92
171,95,22.42,53.81
171,96,43.26,103.83
171,97,41.53,99.67
171,98,42.56,102.14
171,99,70.85,170.03
171,100,25.77,61.86
171,101,43.87,105.30
171,102,35.38,84.91
171,103,35.97,86.32
171,104,46.37,111.29
171,105,9.71,23.31
171,106,46.92,112.61
171,107,30.54,73.30
171,108,9.09,21.82
171,109,13.35,32.04
171,110,38.71,92.90
171,111,24.92,59.82
171,112,13.94,33.45
171,113,42.34,101.62
171,114,25.71,61.71
171,115,34.10,81.84
171,116,34.93,83.83
171,117,30.78,73.86
171,118,7.26,17.43
171,119,13.07,31.36
171,120,15.22,36.54
171,121,48.91,117.38
171,122,10.02,24.05
171,123,60.42,145.00
171,124,65.59,157.41
171,125,23.18,55.63
171,126,71.83,172.40
171,127,25.39,60.93
171,128,57.62,138.28
171,129,41.16,98.78
171,130,36.78,88.26
171,131,35.82,85.98
171,132,44.10,105.84
171,133,35.79,85.91
171,134,49.19,118.06
171,135,43.08,103.39
171,136,33.88,81.31
171,137,68.08,163.40
171,138,23.92,57.40
171,139,53.71,128.91
171,140,14.14,33.93
171,141,55.17,132.42
171,142,68.67,164.81
171,143,45.84,110.01
171,144,40.62,97.50
171,145,35.69,85.65
171,146,21.64,51.94
171,147,29.81,71.54
171,148,36.25,87.00
171,149,63.54,152.49
171,150,63.16,151.57
171,151,53.21,127.69
